  0
SECTION
  2
HEADER
  9
$ACADVER
  1
AC1027
  9
$ACADMAINTVER
 70
   125
  9
$DWGCODEPAGE
  3
ANSI_1252
  9
$LASTSAVEDBY
  1
kaley
  9
$REQUIREDVERSIONS
160
                 0
  9
$INSBASE
 10
0.0
 20
0.0
 30
0.0
  9
$EXTMIN
 10
0.0
 20
0.0
 30
0.0
  9
$EXTMAX
 10
420.0
 20
297.0
 30
0.0
  9
$LIMMIN
 10
0.0
 20
0.0
  9
$LIMMAX
 10
420.0
 20
297.0
  9
$ORTHOMODE
 70
     0
  9
$REGENMODE
 70
     1
  9
$FILLMODE
 70
     1
  9
$QTEXTMODE
 70
     0
  9
$MIRRTEXT
 70
     0
  9
$LTSCALE
 40
0.75
  9
$ATTMODE
 70
     1
  9
$TEXTSIZE
 40
3.5
  9
$TRACEWID
 40
1.0
  9
$TEXTSTYLE
  7
Standard
  9
$CLAYER
  8
0
  9
$CELTYPE
  6
ByLayer
  9
$CECOLOR
 62
   256
  9
$CELTSCALE
 40
1.0
  9
$DISPSILH
 70
     0
  9
$DIMSCALE
 40
1.0
  9
$DIMASZ
 40
3.5
  9
$DIMEXO
 40
2.1
  9
$DIMDLI
 40
10.5
  9
$DIMRND
 40
0.0
  9
$DIMDLE
 40
0.0
  9
$DIMEXE
 40
2.1
  9
$DIMTP
 40
0.1
  9
$DIMTM
 40
0.1
  9
$DIMTXT
 40
3.5
  9
$DIMCEN
 40
0.0
  9
$DIMTSZ
 40
0.0
  9
$DIMTOL
 70
     0
  9
$DIMLIM
 70
     0
  9
$DIMTIH
 70
     0
  9
$DIMTOH
 70
     0
  9
$DIMSE1
 70
     0
  9
$DIMSE2
 70
     0
  9
$DIMTAD
 70
     1
  9
$DIMZIN
 70
    12
  9
$DIMBLK
  1

  9
$DIMASO
 70
     1
  9
$DIMSHO
 70
     1
  9
$DIMPOST
  1

  9
$DIMAPOST
  1

  9
$DIMALT
 70
     0
  9
$DIMALTD
 70
     2
  9
$DIMALTF
 40
0.03937
  9
$DIMLFAC
 40
1.0
  9
$DIMTOFL
 70
     1
  9
$DIMTVP
 40
0.0
  9
$DIMTIX
 70
     0
  9
$DIMSOXD
 70
     0
  9
$DIMSAH
 70
     0
  9
$DIMBLK1
  1

  9
$DIMBLK2
  1

  9
$DIMSTYLE
  2
Dim-ISO-25
  9
$DIMCLRD
 70
     0
  9
$DIMCLRE
 70
     0
  9
$DIMCLRT
 70
     0
  9
$DIMTFAC
 40
0.714286
  9
$DIMGAP
 40
1.4
  9
$DIMJUST
 70
     0
  9
$DIMSD1
 70
     0
  9
$DIMSD2
 70
     0
  9
$DIMTOLJ
 70
     0
  9
$DIMTZIN
 70
    12
  9
$DIMALTZ
 70
    12
  9
$DIMALTTZ
 70
    12
  9
$DIMUPT
 70
     0
  9
$DIMDEC
 70
     2
  9
$DIMTDEC
 70
     2
  9
$DIMALTU
 70
     2
  9
$DIMALTTD
 70
     2
  9
$DIMTXSTY
  7
Standard
  9
$DIMAUNIT
 70
     0
  9
$DIMADEC
 70
     2
  9
$DIMALTRND
 40
0.0
  9
$DIMAZIN
 70
     3
  9
$DIMDSEP
 70
    46
  9
$DIMATFIT
 70
     3
  9
$DIMFRAC
 70
     0
  9
$DIMLDRBLK
  1

  9
$DIMLUNIT
 70
     2
  9
$DIMLWD
 70
    -2
  9
$DIMLWE
 70
    -2
  9
$DIMTMOVE
 70
     0
  9
$DIMFXL
 40
1.0
  9
$DIMFXLON
 70
     0
  9
$DIMJOGANG
 40
0.785398
  9
$DIMTFILL
 70
     0
  9
$DIMTFILLCLR
 70
     0
  9
$DIMARCSYM
 70
     0
  9
$DIMLTYPE
  6

  9
$DIMLTEX1
  6

  9
$DIMLTEX2
  6

  9
$DIMTXTDIRECTION
 70
     0
  9
$LUNITS
 70
     2
  9
$LUPREC
 70
     4
  9
$SKETCHINC
 40
1.0
  9
$FILLETRAD
 40
0.0
  9
$AUNITS
 70
     0
  9
$AUPREC
 70
     0
  9
$MENU
  1
.
  9
$ELEVATION
 40
0.0
  9
$PELEVATION
 40
0.0
  9
$THICKNESS
 40
0.0
  9
$LIMCHECK
 70
     0
  9
$CHAMFERA
 40
0.0
  9
$CHAMFERB
 40
0.0
  9
$CHAMFERC
 40
0.0
  9
$CHAMFERD
 40
0.0
  9
$SKPOLY
 70
     0
  9
$TDCREATE
 40
2461158.773750000
  9
$TDUCREATE
 40
2461158.690416667
  9
$TDUPDATE
 40
2461158.773750000
  9
$TDUUPDATE
 40
2461158.690416667
  9
$TDINDWG
 40
0.0000000000
  9
$TDUSRTIMER
 40
0.0000000000
  9
$USRTIMER
 70
     1
  9
$ANGBASE
 50
0.0
  9
$ANGDIR
 70
     0
  9
$PDMODE
 70
     0
  9
$PDSIZE
 40
0.0
  9
$PLINEWID
 40
0.0
  9
$SPLFRAME
 70
     0
  9
$SPLINETYPE
 70
     6
  9
$SPLINESEGS
 70
     8
  9
$HANDSEED
  5
8F2
  9
$SURFTAB1
 70
     6
  9
$SURFTAB2
 70
     6
  9
$SURFTYPE
 70
     6
  9
$SURFU
 70
     6
  9
$SURFV
 70
     6
  9
$UCSBASE
  2

  9
$UCSNAME
  2

  9
$UCSORG
 10
0.0
 20
0.0
 30
0.0
  9
$UCSXDIR
 10
1.0
 20
0.0
 30
0.0
  9
$UCSYDIR
 10
0.0
 20
1.0
 30
0.0
  9
$UCSORTHOREF
  2

  9
$UCSORTHOVIEW
 70
     0
  9
$UCSORGTOP
 10
0.0
 20
0.0
 30
0.0
  9
$UCSORGBOTTOM
 10
0.0
 20
0.0
 30
0.0
  9
$UCSORGLEFT
 10
0.0
 20
0.0
 30
0.0
  9
$UCSORGRIGHT
 10
0.0
 20
0.0
 30
0.0
  9
$UCSORGFRONT
 10
0.0
 20
0.0
 30
0.0
  9
$UCSORGBACK
 10
0.0
 20
0.0
 30
0.0
  9
$PUCSBASE
  2

  9
$PUCSNAME
  2

  9
$PUCSORG
 10
0.0
 20
0.0
 30
0.0
  9
$PUCSXDIR
 10
1.0
 20
0.0
 30
0.0
  9
$PUCSYDIR
 10
0.0
 20
1.0
 30
0.0
  9
$PUCSORTHOREF
  2

  9
$PUCSORTHOVIEW
 70
     0
  9
$PUCSORGTOP
 10
0.0
 20
0.0
 30
0.0
  9
$PUCSORGBOTTOM
 10
0.0
 20
0.0
 30
0.0
  9
$PUCSORGLEFT
 10
0.0
 20
0.0
 30
0.0
  9
$PUCSORGRIGHT
 10
0.0
 20
0.0
 30
0.0
  9
$PUCSORGFRONT
 10
0.0
 20
0.0
 30
0.0
  9
$PUCSORGBACK
 10
0.0
 20
0.0
 30
0.0
  9
$USERI1
 70
     0
  9
$USERI2
 70
     0
  9
$USERI3
 70
     0
  9
$USERI4
 70
     0
  9
$USERI5
 70
     0
  9
$USERR1
 40
0.0
  9
$USERR2
 40
0.0
  9
$USERR3
 40
0.0
  9
$USERR4
 40
0.0
  9
$USERR5
 40
0.0
  9
$WORLDVIEW
 70
     1
  9
$SHADEDGE
 70
     3
  9
$SHADEDIF
 70
    70
  9
$TILEMODE
 70
     1
  9
$MAXACTVP
 70
    64
  9
$PINSBASE
 10
0.0
 20
0.0
 30
0.0
  9
$PLIMCHECK
 70
     0
  9
$PEXTMIN
 10
1.000000E+20
 20
1.000000E+20
 30
1.000000E+20
  9
$PEXTMAX
 10
-1.000000E+20
 20
-1.000000E+20
 30
-1.000000E+20
  9
$PLIMMIN
 10
0.0
 20
0.0
  9
$PLIMMAX
 10
12.0
 20
9.0
  9
$UNITMODE
 70
     0
  9
$VISRETAIN
 70
     1
  9
$PLINEGEN
 70
     0
  9
$PSLTSCALE
 70
     1
  9
$TREEDEPTH
 70
  3020
  9
$CMLSTYLE
  2
Standard
  9
$CMLJUST
 70
     0
  9
$CMLSCALE
 40
20.0
  9
$PROXYGRAPHICS
 70
     1
  9
$MEASUREMENT
 70
     1
  9
$CELWEIGHT
370
    -1
  9
$ENDCAPS
280
     0
  9
$JOINSTYLE
280
     0
  9
$LWDISPLAY
290
     0
  9
$INSUNITS
 70
     4
  9
$HYPERLINKBASE
  1

  9
$STYLESHEET
  1

  9
$XEDIT
290
     1
  9
$CEPSNTYPE
380
     0
  9
$PSTYLEMODE
290
     1
  9
$FINGERPRINTGUID
  2
{51489A4A-A36F-194E-9B28-D4A755995525}
  9
$VERSIONGUID
  2
{F6FD6932-9276-4E49-8C89-BF0AF9495261}
  9
$EXTNAMES
290
     1
  9
$PSVPSCALE
 40
0.0
  9
$OLESTARTUP
290
     0
  9
$SORTENTS
280
   127
  9
$INDEXCTL
280
     0
  9
$HIDETEXT
280
     1
  9
$XCLIPFRAME
280
     0
  9
$HALOGAP
280
     0
  9
$OBSCOLOR
 70
   257
  9
$OBSLTYPE
280
     0
  9
$INTERSECTIONDISPLAY
280
     0
  9
$INTERSECTIONCOLOR
 70
   257
  9
$DIMASSOC
280
     2
  9
$PROJECTNAME
  1

  9
$CAMERADISPLAY
290
     0
  9
$LENSLENGTH
 40
50.0
  9
$CAMERAHEIGHT
 40
0.0
  9
$STEPSPERSEC
 40
2.0
  9
$STEPSIZE
 40
6.0
  9
$3DDWFPREC
 40
2.0
  9
$PSOLWIDTH
 40
5.0
  9
$PSOLHEIGHT
 40
80.0
  9
$LOFTANG1
 40
1.570796
  9
$LOFTANG2
 40
1.570796
  9
$LOFTMAG1
 40
0.0
  9
$LOFTMAG2
 40
0.0
  9
$LOFTPARAM
 70
     7
  9
$LOFTNORMALS
280
     1
  9
$LATITUDE
 40
37.795
  9
$LONGITUDE
 40
-122.394
  9
$NORTHDIRECTION
 40
0.0
  9
$TIMEZONE
 70
 -8000
  9
$LIGHTGLYPHDISPLAY
280
     1
  9
$TILEMODELIGHTSYNCH
280
     1
  9
$CMATERIAL
347
11
  9
$SOLIDHIST
280
     0
  9
$SHOWHIST
280
     1
  9
$DWFFRAME
280
     2
  9
$DGNFRAME
280
     0
  9
$REALWORLDSCALE
290
     1
  9
$INTERFERECOLOR
 62
     1
  9
$INTERFEREOBJVS
345
33
  9
$INTERFEREVPVS
346
30
  9
$CSHADOW
280
     0
  9
$SHADOWPLANELOCATION
 40
0.0
  0
ENDSEC
  0
SECTION
  2
CLASSES
  0
CLASS
  1
ACDBDICTIONARYWDFLT
  2
AcDbDictionaryWithDefault
  3
ObjectDBX Classes
 90
        0
 91
        1
280
     0
281
     0
  0
CLASS
  1
MATERIAL
  2
AcDbMaterial
  3
ObjectDBX Classes
 90
     1153
 91
        3
280
     0
281
     0
  0
CLASS
  1
VISUALSTYLE
  2
AcDbVisualStyle
  3
ObjectDBX Classes
 90
     4095
 91
       24
280
     0
281
     0
  0
CLASS
  1
SCALE
  2
AcDbScale
  3
ObjectDBX Classes
 90
     1153
 91
       17
280
     0
281
     0
  0
CLASS
  1
TABLESTYLE
  2
AcDbTableStyle
  3
ObjectDBX Classes
 90
     4095
 91
        1
280
     0
281
     0
  0
CLASS
  1
MLEADERSTYLE
  2
AcDbMLeaderStyle
  3
ACDB_MLEADERSTYLE_CLASS
 90
     4095
 91
        1
280
     0
281
     0
  0
CLASS
  1
ACDBSECTIONVIEWSTYLE
  2
AcDbSectionViewStyle
  3
ObjectDBX Classes
 90
     1025
 91
        1
280
     0
281
     0
  0
CLASS
  1
ACDBDETAILVIEWSTYLE
  2
AcDbDetailViewStyle
  3
ObjectDBX Classes
 90
     1025
 91
        1
280
     0
281
     0
  0
CLASS
  1
ACMESCOPE
  2
AcMeScope
  3
AcMeServices
 90
     1024
 91
        1
280
     0
281
     0
  0
CLASS
  1
ACMECOMMANDHISTORY
  2
AcMeCommandHistory
  3
AcMeServices
 90
     1024
 91
        1
280
     0
281
     0
  0
CLASS
  1
ACIMSYSVARMAN
  2
AcImSysVarManager
  3
AcMeServices
 90
     1024
 91
        1
280
     0
281
     0
  0
CLASS
  1
ACIMINTSYSVAR
  2
AcImIntSysVar
  3
AcMeServices
 90
     1024
 91
        1
280
     0
281
     0
  0
CLASS
  1
ACMESTATEMGR
  2
AcMeStateMgr
  3
AcMeServices
 90
     1024
 91
        1
280
     0
281
     0
  0
CLASS
  1
ACGREFMASTER
  2
AcGrefMaster
  3
AcAttribServices
 90
     1024
 91
        1
280
     0
281
     0
  0
CLASS
  1
SORTENTSTABLE
  2
AcDbSortentsTable
  3
ObjectDBX Classes
 90
        0
 91
        3
280
     0
281
     0
  0
CLASS
  1
DICTIONARYVAR
  2
AcDbDictionaryVar
  3
ObjectDBX Classes
 90
        0
 91
        6
280
     0
281
     0
  0
CLASS
  1
CELLSTYLEMAP
  2
AcDbCellStyleMap
  3
ObjectDBX Classes
 90
     1152
 91
        1
280
     0
281
     0
  0
ENDSEC
  0
SECTION
  2
TABLES
  0
TABLE
  2
VPORT
  5
8
330
0
100
AcDbSymbolTable
 70
     1
1001
ACAD
1000
DbSaveVer
1071
      428
  0
VPORT
  5
57
330
8
100
AcDbSymbolTableRecord
100
AcDbViewportTableRecord
  2
*Active
 70
     0
 10
0.0
 20
0.0
 11
1.0
 21
1.0
 12
210.0
 22
148.5
 13
0.0
 23
0.0
 14
10.0
 24
10.0
 15
0.0
 25
0.0
 16
0.0
 26
0.0
 36
1.0
 17
0.0
 27
0.0
 37
0.0
 40
297.0
 41
1.751026
 42
50.0
 43
0.0
 44
0.0
 50
0.0
 51
0.0
 71
     0
 72
 20000
 73
     1
 74
     0
 75
     0
 76
     0
 77
     0
 78
     0
281
     0
 65
     1
110
0.0
120
0.0
130
0.0
111
1.0
121
0.0
131
0.0
112
0.0
122
1.0
132
0.0
 79
     0
146
0.0
348
2F
 60
     3
 61
     5
292
     1
282
     1
141
0.0
142
0.0
 63
   250
421
  3355443
  0
ENDTAB
  0
TABLE
  2
LTYPE
  5
5
330
0
100
AcDbSymbolTable
 70
    16
  0
LTYPE
  5
5B
330
5
100
AcDbSymbolTableRecord
100
AcDbLinetypeTableRecord
  2
ByBlock
 70
     0
  3

 72
    65
 73
     0
 40
0.0
  0
LTYPE
  5
5C
330
5
100
AcDbSymbolTableRecord
100
AcDbLinetypeTableRecord
  2
ByLayer
 70
     0
  3

 72
    65
 73
     0
 40
0.0
  0
LTYPE
  5
5D
330
5
100
AcDbSymbolTableRecord
100
AcDbLinetypeTableRecord
  2
Continuous
 70
     0
  3
Solid line
 72
    65
 73
     0
 40
0.0
  0
LTYPE
  5
81
330
5
100
AcDbSymbolTableRecord
100
AcDbLinetypeTableRecord
  2
HIDDEN
 70
     0
  3
Hidden __ __ __ __ __ __ __ __ __ __ __ __ __ _
 72
    65
 73
     2
 40
9.525
 49
6.35
 74
     0
 49
-3.175
 74
     0
  0
LTYPE
  5
82
330
5
100
AcDbSymbolTableRecord
100
AcDbLinetypeTableRecord
  2
PHANTOM2
 70
     0
  3
Phantom (.5x) ___ _ _ ___ _ _ ___ _ _ ___ _ _
 72
    65
 73
     6
 40
31.75
 49
15.875
 74
     0
 49
-3.175
 74
     0
 49
3.175
 74
     0
 49
-3.175
 74
     0
 49
3.175
 74
     0
 49
-3.175
 74
     0
  0
LTYPE
  5
83
330
5
100
AcDbSymbolTableRecord
100
AcDbLinetypeTableRecord
  2
CENTER
 70
     0
  3
Center ____ _ ____ _ ____ _ ____ _ ____ _ ____
 72
    65
 73
     4
 40
50.8
 49
31.75
 74
     0
 49
-6.35
 74
     0
 49
6.35
 74
     0
 49
-6.35
 74
     0
  0
LTYPE
  5
9D
330
5
100
AcDbSymbolTableRecord
100
AcDbLinetypeTableRecord
  2
CENTER2
 70
     0
  3
Center (.5x) ___ _ ___ _ ___ _ ___ _ ___ _ ___
 72
    65
 73
     4
 40
28.575
 49
19.05
 74
     0
 49
-3.175
 74
     0
 49
3.175
 74
     0
 49
-3.175
 74
     0
  0
LTYPE
  5
9E
330
5
100
AcDbSymbolTableRecord
100
AcDbLinetypeTableRecord
  2
HIDDEN2
 70
     0
  3
Hidden (.5x) _ _ _ _ _ _ _ _ _ _ _ _ _ _ _ _ _
 72
    65
 73
     2
 40
4.7625
 49
3.175
 74
     0
 49
-1.5875
 74
     0
  0
LTYPE
  5
9F
330
5
100
AcDbSymbolTableRecord
100
AcDbLinetypeTableRecord
  2
AM_ISO02W050
 70
     0
  3
__ __ __ __ __ __ __ __ __ __ __ __ __ __ __
 72
    65
 73
     2
 40
7.5
 49
6.0
 74
     0
 49
-1.5
 74
     0
  0
LTYPE
  5
A0
330
5
100
AcDbSymbolTableRecord
100
AcDbLinetypeTableRecord
  2
AM_ISO08W050
 70
     0
  3
____ . ____ . ____ . ____ . ____ . ____ . ____
 72
    65
 73
     4
 40
18.0
 49
12.0
 74
     0
 49
-1.5
 74
     0
 49
3.0
 74
     0
 49
-1.5
 74
     0
  0
LTYPE
  5
A1
330
5
100
AcDbSymbolTableRecord
100
AcDbLinetypeTableRecord
  2
AM_ISO09W050
 70
     0
  3
_____ . . _____ . . _____ . . ____ .. ____
 72
    65
 73
     6
 40
22.5
 49
12.0
 74
     0
 49
-1.5
 74
     0
 49
3.0
 74
     0
 49
-1.5
 74
     0
 49
3.0
 74
     0
 49
-1.5
 74
     0
  0
LTYPE
  5
A2
330
5
100
AcDbSymbolTableRecord
100
AcDbLinetypeTableRecord
  2
Amconstr
 70
     0
  3
_______________________
 72
    65
 73
     2
 40
9999.0
 49
9999.0
 74
     0
 49
0.0
 74
     0
  0
LTYPE
  5
A3
330
5
100
AcDbSymbolTableRecord
100
AcDbLinetypeTableRecord
  2
AM_ISO08W050x2
 70
     0
  3
__ . __ . __ . __ . __ . __
 72
    65
 73
     4
 40
9.0
 49
6.0
 74
     0
 49
-0.75
 74
     0
 49
1.5
 74
     0
 49
-0.75
 74
     0
  0
LTYPE
  5
A4
330
5
100
AcDbSymbolTableRecord
100
AcDbLinetypeTableRecord
  2
AM_ISO02W050x2
 70
     0
  3
 _ _ _ _ _ _ _ _ _ _ _ _
 72
    65
 73
     2
 40
3.75
 49
3.0
 74
     0
 49
-0.75
 74
     0
  0
LTYPE
  5
A5
330
5
100
AcDbSymbolTableRecord
100
AcDbLinetypeTableRecord
  2
Amzigzag
 70
     0
  3
/\/-/\/-/\/-/\/-/\/-/\/
 72
    65
 73
     2
 40
11.0001
 49
0.0001
 74
     4
 75
   136
340
9A
 46
0.04
 50
0.0
 44
0.0
 45
0.0
 49
-11.0
 74
     0
  0
LTYPE
  5
A6
330
5
100
AcDbSymbolTableRecord
100
AcDbLinetypeTableRecord
  2
ACISOWELD
 70
     0
  3
_ _ _ _ _
 72
    65
 73
     2
 40
2.0
 49
2.0
 74
     0
 49
-1.0
 74
     0
  0
LTYPE
  5
A7
330
5
100
AcDbSymbolTableRecord
100
AcDbLinetypeTableRecord
  2
ACISOTGL
 70
     0
  3
_ _ _ _ _
 72
    65
 73
     2
 40
3.0
 49
2.0
 74
     0
 49
-1.0
 74
     0
  0
LTYPE
  5
A8
330
5
100
AcDbSymbolTableRecord
100
AcDbLinetypeTableRecord
  2
ACISOTGB
 70
     0
  3
__ . . __ . .
 72
    65
 73
     6
 40
9.0
 49
4.0
 74
     0
 49
-1.0
 74
     0
 49
1.0
 74
     0
 49
-1.0
 74
     0
 49
1.0
 74
     0
 49
-1.0
 74
     0
  0
ENDTAB
  0
TABLE
  2
LAYER
  5
2
330
0
100
AcDbSymbolTable
 70
    11
  0
LAYER
  5
54
330
2
100
AcDbSymbolTableRecord
100
AcDbLayerTableRecord
  2
0
 70
     0
 62
     7
  6
Continuous
370
    -3
390
F
347
21
348
0
1001
AcAecLayerStandard
1000

1000

  0
LAYER
  5
79
330
2
100
AcDbSymbolTableRecord
100
AcDbLayerTableRecord
  2
Defpoints
 70
     0
 62
     7
  6
Continuous
290
     0
370
    -3
390
F
347
21
348
0
1001
AcAecLayerStandard
1000

1000

  0
LAYER
  5
B4
330
2
100
AcDbSymbolTableRecord
100
AcDbLayerTableRecord
  2
Visible
 70
     0
 62
     7
  6
Continuous
370
    50
390
F
347
21
348
0
  0
LAYER
  5
DF
330
2
100
AcDbSymbolTableRecord
100
AcDbLayerTableRecord
  2
Hidden
 70
     0
 62
     7
  6
HIDDEN2
370
    25
390
F
347
21
348
0
  0
LAYER
  5
1EA
330
2
100
AcDbSymbolTableRecord
100
AcDbLayerTableRecord
  2
BORDER
 70
     0
 62
     7
  6
Continuous
370
    25
390
F
347
21
348
0
1001
AcAecLayerStandard
1000

1000

1001
AcCmTransparency
1071
        0
  0
LAYER
  5
230
330
2
100
AcDbSymbolTableRecord
100
AcDbLayerTableRecord
  2
TITLEBLOCK
 70
     0
 62
     7
  6
Continuous
370
    35
390
F
347
21
348
0
1001
AcAecLayerStandard
1000

1000

1001
AcCmTransparency
1071
        0
  0
LAYER
  5
27C
330
2
100
AcDbSymbolTableRecord
100
AcDbLayerTableRecord
  2
Smart Centers
 70
     0
 62
     7
  6
CENTER2
370
    25
390
F
347
21
348
0
  0
LAYER
  5
2CD
330
2
100
AcDbSymbolTableRecord
100
AcDbLayerTableRecord
  2
FD_Dimensions
 70
     0
 62
     7
  6
Continuous
370
    25
390
F
347
21
348
0
  0
ENDTAB
  0
TABLE
  2
STYLE
  5
3
330
0
100
AcDbSymbolTable
 70
     5
  0
STYLE
  5
55
330
3
100
AcDbSymbolTableRecord
100
AcDbTextStyleTableRecord
  2
Standard
 70
     0
 40
0.0
 41
1.0
 50
0.0
 71
     0
 42
3.5
  3
Arial.ttf
  4

1001
ACAD
1000
Arial
1071
       34
  0
STYLE
  5
5A
330
3
100
AcDbSymbolTableRecord
100
AcDbTextStyleTableRecord
  2
Annotative
 70
     0
 40
0.0
 41
1.0
 50
0.0
 71
     0
 42
0.2
  3
txt
  4

1001
AcadAnnotative
1000
AnnotativeData
1002
{
1070
     1
1070
     1
1002
}
  0
STYLE
  5
99
330
3
100
AcDbSymbolTableRecord
100
AcDbTextStyleTableRecord
  2
FusionTitle
 70
     0
 40
0.0
 41
1.0
 50
0.0
 71
     0
 42
2.5
  3
Arial.ttf
  4

1001
ACAD
1000
Arial
1071
       34
  0
STYLE
  5
9A
330
3
100
AcDbSymbolTableRecord
100
AcDbTextStyleTableRecord
  2

 70
     1
 40
0.0
 41
1.0
 50
0.0
 71
     0
 42
10.0
  3
genltshp.shx
  4

  0
STYLE
  5
9B
330
3
100
AcDbSymbolTableRecord
100
AcDbTextStyleTableRecord
  2
ACISOGDT
 70
     0
 40
0.0
 41
1.0
 50
0.0
 71
     0
 42
10.0
  3
amgdt.shx
  4

  0
ENDTAB
  0
TABLE
  2
VIEW
  5
6
330
0
100
AcDbSymbolTable
 70
     0
  0
ENDTAB
  0
TABLE
  2
UCS
  5
7
330
0
100
AcDbSymbolTable
 70
     0
  0
ENDTAB
  0
TABLE
  2
APPID
  5
9
330
0
100
AcDbSymbolTable
 70
    26
  0
APPID
  5
56
330
9
100
AcDbSymbolTableRecord
100
AcDbRegAppTableRecord
  2
ACAD
 70
     0
  0
APPID
  5
5E
330
9
100
AcDbSymbolTableRecord
100
AcDbRegAppTableRecord
  2
AcadAnnotative
 70
     0
  0
APPID
  5
78
330
9
100
AcDbSymbolTableRecord
100
AcDbRegAppTableRecord
  2
ACAD_PSEXT
 70
     0
  0
APPID
  5
7A
330
9
100
AcDbSymbolTableRecord
100
AcDbRegAppTableRecord
  2
MCAD_NO_VIS
 70
     0
  0
APPID
  5
7B
330
9
100
AcDbSymbolTableRecord
100
AcDbRegAppTableRecord
  2
ACAD_TEMP_GRAPHIC
 70
     0
  0
APPID
  5
84
330
9
100
AcDbSymbolTableRecord
100
AcDbRegAppTableRecord
  2
ACAD_DSTYLE_DIMJAG
 70
     0
  0
APPID
  5
85
330
9
100
AcDbSymbolTableRecord
100
AcDbRegAppTableRecord
  2
ACAD_DSTYLE_DIMTALN
 70
     0
  0
APPID
  5
86
330
9
100
AcDbSymbolTableRecord
100
AcDbRegAppTableRecord
  2
ACAD_NAV_VCDISPLAY
 70
     0
  0
APPID
  5
87
330
9
100
AcDbSymbolTableRecord
100
AcDbRegAppTableRecord
  2
AcAecLayerStandard
 70
     0
  0
APPID
  5
88
330
9
100
AcDbSymbolTableRecord
100
AcDbRegAppTableRecord
  2
AcCmTransparency
 70
     0
  0
APPID
  5
89
330
9
100
AcDbSymbolTableRecord
100
AcDbRegAppTableRecord
  2
AcDbDynamicBlockGUID
 70
     0
  0
APPID
  5
8A
330
9
100
AcDbSymbolTableRecord
100
AcDbRegAppTableRecord
  2
ACAD_DSTYLE_DIMBREAK
 70
     0
  0
APPID
  5
8B
330
9
100
AcDbSymbolTableRecord
100
AcDbRegAppTableRecord
  2
ACAD_DSTYLE_DIMRADIAL_EXTENSION
 70
     0
  0
APPID
  5
8C
330
9
100
AcDbSymbolTableRecord
100
AcDbRegAppTableRecord
  2
FUSIONTITLEBLOCK
 70
     0
  0
APPID
  5
8D
330
9
100
AcDbSymbolTableRecord
100
AcDbRegAppTableRecord
  2
FUSIONCURRENTTITLEBLOCK
 70
     0
  0
APPID
  5
8E
330
9
100
AcDbSymbolTableRecord
100
AcDbRegAppTableRecord
  2
AcSynergy
 70
     0
  0
APPID
  5
8F
330
9
100
AcDbSymbolTableRecord
100
AcDbRegAppTableRecord
  2
FUSDOC_AUTODIM_XDATA
 70
     0
  0
APPID
  5
90
330
9
100
AcDbSymbolTableRecord
100
AcDbRegAppTableRecord
  2
ACAD_DSTYLE_DIMJAG_POSITION
 70
     0
  0
APPID
  5
91
330
9
100
AcDbSymbolTableRecord
100
AcDbRegAppTableRecord
  2
ACAD_DIMASSOC_CALC_DIMLFAC
 70
     0
  0
APPID
  5
92
330
9
100
AcDbSymbolTableRecord
100
AcDbRegAppTableRecord
  2
ACAD_DIMASSOC_DIMLFAC
 70
     0
  0
APPID
  5
93
330
9
100
AcDbSymbolTableRecord
100
AcDbRegAppTableRecord
  2
ACAD_DIMASSOC_OVERRIDDEN_DIMLFAC
 70
     0
  0
APPID
  5
94
330
9
100
AcDbSymbolTableRecord
100
AcDbRegAppTableRecord
  2
AUTO_ARRANGE_XDATA
 70
     0
  0
APPID
  5
95
330
9
100
AcDbSymbolTableRecord
100
AcDbRegAppTableRecord
  2
FUSDOC_XDATA_AUTO_CREATED_LAYOUT
 70
     0
  0
APPID
  5
96
330
9
100
AcDbSymbolTableRecord
100
AcDbRegAppTableRecord
  2
FUSDOC_XDATA_AUTO_DIM_CMD_USED_IN_LAYOUT
 70
     0
  0
APPID
  5
97
330
9
100
AcDbSymbolTableRecord
100
AcDbRegAppTableRecord
  2
FUSDOC_XDATA_AUTO_TIDY_UP_CMD_USED_IN_LAYOUT
 70
     0
  0
APPID
  5
98
330
9
100
AcDbSymbolTableRecord
100
AcDbRegAppTableRecord
  2
ACATTRIBSERVICES
 70
     0
  0
ENDTAB
  0
TABLE
  2
DIMSTYLE
  5
A
330
0
100
AcDbSymbolTable
 70
     4
100
AcDbDimStyleTable
 71
     1
340
AC
  0
DIMSTYLE
105
58
330
A
100
AcDbSymbolTableRecord
100
AcDbDimStyleTableRecord
  2
Standard
 70
     0
 41
3.5
 42
2.1
 43
10.5
 44
2.1
 78
    12
 79
     3
140
3.5
143
0.03937
146
0.714286
147
1.4
179
     2
271
     2
272
     2
284
    12
340
55
  0
DIMSTYLE
105
59
330
A
100
AcDbSymbolTableRecord
100
AcDbDimStyleTableRecord
  2
Annotative
 70
     0
 40
0.0
 41
3.5
 42
2.1
 43
10.5
 44
2.1
 73
     0
 74
     0
 77
     1
 78
    12
 79
     3
140
3.5
141
2.5
143
0.03937
146
0.714286
147
1.4
171
     3
172
     1
179
     2
271
     2
272
     2
274
     3
278
    44
283
     0
284
    12
340
55
1001
AcadAnnotative
1000
AnnotativeData
1002
{
1070
     1
1070
     1
1002
}
  0
DIMSTYLE
105
AB
330
A
100
AcDbSymbolTableRecord
100
AcDbDimStyleTableRecord
  2
ISO-25
 70
     0
  4
in
 41
3.5
 42
2.1
 43
10.5
 44
2.1
 47
0.1
 48
0.1
 73
     0
 74
     0
 77
     1
 78
    12
 79
     3
140
3.5
141
0.0
143
0.03937
146
0.714286
147
1.4
171
     4
172
     1
176
   256
177
   256
178
   256
179
     2
271
     2
272
     2
274
     4
283
     0
284
    12
285
     8
340
55
1001
ACAD_DSTYLE_DIMJAG
1070
   388
1040
1.5
1001
ACAD_DSTYLE_DIMTALN
1070
   392
1070
     1
1001
ACAD_DSTYLE_DIMBREAK
1070
   391
1040
3.5
  0
DIMSTYLE
105
AC
102
{ACAD_REACTORS
330
2CC
330
2DA
330
2E6
330
2F2
330
2FE
330
30A
330
317
330
324
330
331
330
340
330
34D
330
35A
330
367
330
374
330
381
330
390
330
39D
330
3AA
102
}
330
A
100
AcDbSymbolTableRecord
100
AcDbDimStyleTableRecord
  2
Dim-ISO-25
 70
     0
 41
3.5
 42
2.1
 43
10.5
 44
2.1
 47
0.1
 48
0.1
 73
     0
 74
     0
 77
     1
 78
    12
 79
     3
140
3.5
141
0.0
143
0.03937
146
0.714286
147
1.4
172
     1
179
     2
271
     2
272
     2
283
     0
284
    12
285
    12
286
    12
340
55
1001
ACAD_DSTYLE_DIMJAG
1070
   388
1040
1.5
1001
ACAD_DSTYLE_DIMTALN
1070
   392
1070
     1
1001
ACAD_DSTYLE_DIMBREAK
1070
   391
1040
3.5
  0
ENDTAB
  0
TABLE
  2
BLOCK_RECORD
  5
1
330
0
100
AcDbSymbolTable
 70
    50
  0
BLOCK_RECORD
  5
70
102
{ACAD_XDICTIONARY
360
AD
102
}
330
1
100
AcDbSymbolTableRecord
100
AcDbBlockTableRecord
  2
*Model_Space
340
73
 70
     0
280
     1
281
     0
  0
BLOCK_RECORD
  5
6C
330
1
100
AcDbSymbolTableRecord
100
AcDbBlockTableRecord
  2
*Paper_Space
340
6F
 70
     0
280
     1
281
     0
  0
BLOCK_RECORD
  5
74
330
1
100
AcDbSymbolTableRecord
100
AcDbBlockTableRecord
  2
*Paper_Space0
340
77
 70
     0
280
     1
281
     0
  0
BLOCK_RECORD
  5
1EB
102
{ACAD_XDICTIONARY
360
1EC
102
}
330
1
100
AcDbSymbolTableRecord
100
AcDbBlockTableRecord
  2
ISO_A3_SHEET
340
0
310
2800000020000000200000000100080000000000000400000000000000000000000000000000000000000000000080000080000000808000800000008000800080800000C0C0C000C0DCC000F0CAA6000020400000206000002080000020A0000020C0000020E00000400000004020000040400000406000004080000040A0
310
000040C0000040E00000600000006020000060400000606000006080000060A0000060C0000060E00000800000008020000080400000806000008080000080A0000080C0000080E00000A0000000A0200000A0400000A0600000A0800000A0A00000A0C00000A0E00000C0000000C0200000C0400000C0600000C0800000C0
310
A00000C0C00000C0E00000E0000000E0200000E0400000E0600000E0800000E0A00000E0C00000E0E00040000000400020004000400040006000400080004000A0004000C0004000E00040200000402020004020400040206000402080004020A0004020C0004020E000404000004040200040404000404060004040800040
310
40A0004040C0004040E00040600000406020004060400040606000406080004060A0004060C0004060E00040800000408020004080400040806000408080004080A0004080C0004080E00040A0000040A0200040A0400040A0600040A0800040A0A00040A0C00040A0E00040C0000040C0200040C0400040C0600040C08000
310
40C0A00040C0C00040C0E00040E0000040E0200040E0400040E0600040E0800040E0A00040E0C00040E0E00080000000800020008000400080006000800080008000A0008000C0008000E00080200000802020008020400080206000802080008020A0008020C0008020E00080400000804020008040400080406000804080
310
008040A0008040C0008040E00080600000806020008060400080606000806080008060A0008060C0008060E00080800000808020008080400080806000808080008080A0008080C0008080E00080A0000080A0200080A0400080A0600080A0800080A0A00080A0C00080A0E00080C0000080C0200080C0400080C0600080C0
310
800080C0A00080C0C00080C0E00080E0000080E0200080E0400080E0600080E0800080E0A00080E0C00080E0E000C0000000C0002000C0004000C0006000C0008000C000A000C000C000C000E000C0200000C0202000C0204000C0206000C0208000C020A000C020C000C020E000C0400000C0402000C0404000C0406000C0
310
408000C040A000C040C000C040E000C0600000C0602000C0604000C0606000C0608000C060A000C060C000C060E000C0800000C0802000C0804000C0806000C0808000C080A000C080C000C080E000C0A00000C0A02000C0A04000C0A06000C0A08000C0A0A000C0A0C000C0A0E000C0C00000C0C02000C0C04000C0C06000
310
C0C08000C0C0A000F0FBFF00A4A0A000808080000000FF0000FF000000FFFF00FF000000FF00FF00FFFF0000FFFFFF0049494949494949494949494949494949494949494949494949494949494949494949494949494949494949494949494949494949494949494949494949494949494949494949494949494949494949
310
494949494949494949494949494949494949494949494949494949494949494949494949494949494949494949494949494949494949494949494949494949494949494949494949494949494949494949494949494949494949494949494949494949494949494949494949494949494949FFFFFFFFFFFFFFFFFFFFFFFFFF
310
FFFFFFFFFFFFFFFFFFFFFFFFFFFFFFFFFF4949FF49FF494949494949494949494949FF494949494949494949494949FFFF49494949FF49494949494949494949494949494949494949494949494949FF49494949FFFF49494949494949494949494949494949494949494949494949FF4949494949FF494949494949494949
310
49494949494949494949494949494949FF4949494949FF49494949494949494949494949494949494949494949494949FF49494949FFFF49494949494949494949494949494949494949494949494949FF4949494949FF49494949494949494949494949494949494949494949494949FF4949494949FF4949494949494949
310
4949494949494949494949494949494949FF4949494949FF49494949494949494949494949494949494949494949494949FF49494949FFFF49494949494949494949494949494949494949494949494949FF4949494949FF49494949494949494949494949494949494949494949494949FF4949494949FF49494949494949
310
494949494949494949494949494949494949FF49494949FFFF49494949494949494949494949494949494949494949494949FF4949494949FF49494949494949494949494949494949494949494949494949FF4949494949FF49494949494949494949494949494949494949494949494949FF49494949FFFF494949494949
310
49494949494949494949494949494949494949FF4949494949FF49494949494949494949494949494949494949494949494949FF494949FF49FF494949494949494949494949FF494949494949494949494949FFFF4949FFFFFFFFFFFFFFFFFFFFFFFFFFFFFFFFFFFFFFFFFFFFFFFFFFFFFFFFFFFF49494949494949494949
310
49494949494949494949494949494949494949494949494949494949494949494949494949494949494949494949494949494949494949494949494949494949494949494949494949494949494949494949494949494949494949494949494949494949494949494949494949494949494949494949494949494949494949
310
4949494949494949494949494949494949494949494949494949494949494949494949494949494949494949494949494949494949494949
102
{BLKREFS
331
1E9
102
}
 70
     4
280
     1
281
     0
1001
AcDbDynamicBlockGUID
1000
{B4874B5E-8040-BF49-A9B6-B81412F7B0AC}
  0
BLOCK_RECORD
  5
231
102
{ACAD_XDICTIONARY
360
232
102
}
330
1
100
AcDbSymbolTableRecord
100
AcDbBlockTableRecord
  2
ISO_TITLEBLOCK
340
0
310
2800000020000000200000000100080000000000000400000000000000000000000000000000000000000000000080000080000000808000800000008000800080800000C0C0C000C0DCC000F0CAA6000020400000206000002080000020A0000020C0000020E00000400000004020000040400000406000004080000040A0
310
000040C0000040E00000600000006020000060400000606000006080000060A0000060C0000060E00000800000008020000080400000806000008080000080A0000080C0000080E00000A0000000A0200000A0400000A0600000A0800000A0A00000A0C00000A0E00000C0000000C0200000C0400000C0600000C0800000C0
310
A00000C0C00000C0E00000E0000000E0200000E0400000E0600000E0800000E0A00000E0C00000E0E00040000000400020004000400040006000400080004000A0004000C0004000E00040200000402020004020400040206000402080004020A0004020C0004020E000404000004040200040404000404060004040800040
310
40A0004040C0004040E00040600000406020004060400040606000406080004060A0004060C0004060E00040800000408020004080400040806000408080004080A0004080C0004080E00040A0000040A0200040A0400040A0600040A0800040A0A00040A0C00040A0E00040C0000040C0200040C0400040C0600040C08000
310
40C0A00040C0C00040C0E00040E0000040E0200040E0400040E0600040E0800040E0A00040E0C00040E0E00080000000800020008000400080006000800080008000A0008000C0008000E00080200000802020008020400080206000802080008020A0008020C0008020E00080400000804020008040400080406000804080
310
008040A0008040C0008040E00080600000806020008060400080606000806080008060A0008060C0008060E00080800000808020008080400080806000808080008080A0008080C0008080E00080A0000080A0200080A0400080A0600080A0800080A0A00080A0C00080A0E00080C0000080C0200080C0400080C0600080C0
310
800080C0A00080C0C00080C0E00080E0000080E0200080E0400080E0600080E0800080E0A00080E0C00080E0E000C0000000C0002000C0004000C0006000C0008000C000A000C000C000C000E000C0200000C0202000C0204000C0206000C0208000C020A000C020C000C020E000C0400000C0402000C0404000C0406000C0
310
408000C040A000C040C000C040E000C0600000C0602000C0604000C0606000C0608000C060A000C060C000C060E000C0800000C0802000C0804000C0806000C0808000C080A000C080C000C080E000C0A00000C0A02000C0A04000C0A06000C0A08000C0A0A000C0A0C000C0A0E000C0C00000C0C02000C0C04000C0C06000
310
C0C08000C0C0A000F0FBFF00A4A0A000808080000000FF0000FF000000FFFF00FF000000FF00FF00FFFF0000FFFFFF0049494949494949494949494949494949494949494949494949494949494949494949494949494949494949494949494949494949494949494949494949494949494949494949494949494949494949
310
49494949494949494949494949494949494949494949494949494949494949494949494949494949494949494949494949494949494949494949494949494949494949494949494949494949494949494949494949494949494949494949494949494949494949494949494949494949494949494949494949494949494949
310
49494949494949494949494949494949494949494949494949494949494949494949494949494949494949494949494949494949494949494949494949494949494949494949494949494949494949494949494949494949494949494949494949494949494949494949494949494949494949494949494949494949494949
310
49494949494949494949494949494949494949494949494949494949494949494949494949494949494949494949494949494949FFFFFFFFFFFFFFFFFFFFFFFFFFFFFFFFFFFFFFFFFFFFFFFFFFFFFF4949494949FF4949494949494949FFFFFFFFFF49494949FFFFFFFFFFFFFFFFFFFF49494949FF4949494949494949FFFF
310
FFFFFF494949FFFFFFFFFFFFFFFFFFFF4949494949FF4949494949494949FFFFFFFFFF494949FFFFFFFFFFFFFFFFFFFF4949494949FF4949494949494949FFFFFFFFFFFFFFFFFFFFFFFFFFFFFFFFFFFF4949494949FFFFFFFFFFFFFFFFFFFFFFFFFFFFFFFFFFFFFFFFFFFFFFFFFFFFFF4949494949FFFFFF49FFFFFFFFFFFF
310
FFFFFFFFFFFFFFFFFFFFFFFFFFFFFFFFFFFFFFFF4949FFFFFFFFFFFFFFFFFFFFFFFFFFFFFFFFFFFFFFFFFFFFFFFFFFFFFF494949494949494949494949494949494949494949494949494949494949494949494949494949494949494949494949494949494949494949494949494949494949494949494949494949494949
310
49494949494949494949494949494949494949494949494949494949494949494949494949494949494949494949494949494949494949494949494949494949494949494949494949494949494949494949494949494949494949494949494949494949494949494949494949494949494949494949494949494949494949
310
49494949494949494949494949494949494949494949494949494949494949494949494949494949494949494949494949494949494949494949494949494949494949494949494949494949494949494949494949494949494949494949494949494949494949494949494949494949494949494949494949494949494949
310
4949494949494949494949494949494949494949494949494949494949494949494949494949494949494949494949494949494949494949
102
{BLKREFS
331
22F
102
}
 70
     4
280
     1
281
     0
1001
AcDbDynamicBlockGUID
1000
{BCD52D05-323A-B54A-8A21-1B84008CF9CB}
1001
FUSIONTITLEBLOCK
1000
TitleBlock
  0
BLOCK_RECORD
  5
27D
330
1
100
AcDbSymbolTableRecord
100
AcDbBlockTableRecord
  2
*U6
340
0
102
{BLKREFS
331
27B
102
}
 70
     0
280
     1
281
     0
  0
BLOCK_RECORD
  5
287
330
1
100
AcDbSymbolTableRecord
100
AcDbBlockTableRecord
  2
*U7
340
0
102
{BLKREFS
331
286
102
}
 70
     0
280
     1
281
     0
  0
BLOCK_RECORD
  5
291
330
1
100
AcDbSymbolTableRecord
100
AcDbBlockTableRecord
  2
*U8
340
0
102
{BLKREFS
331
290
102
}
 70
     0
280
     1
281
     0
  0
BLOCK_RECORD
  5
29B
330
1
100
AcDbSymbolTableRecord
100
AcDbBlockTableRecord
  2
*U9
340
0
102
{BLKREFS
331
29A
102
}
 70
     0
280
     1
281
     0
  0
BLOCK_RECORD
  5
2A5
330
1
100
AcDbSymbolTableRecord
100
AcDbBlockTableRecord
  2
*U10
340
0
102
{BLKREFS
331
2A4
102
}
 70
     0
280
     1
281
     0
  0
BLOCK_RECORD
  5
2AF
330
1
100
AcDbSymbolTableRecord
100
AcDbBlockTableRecord
  2
*U11
340
0
102
{BLKREFS
331
2AE
102
}
 70
     0
280
     1
281
     0
  0
BLOCK_RECORD
  5
2B9
330
1
100
AcDbSymbolTableRecord
100
AcDbBlockTableRecord
  2
*U12
340
0
102
{BLKREFS
331
2B8
102
}
 70
     0
280
     1
281
     0
  0
BLOCK_RECORD
  5
2C3
330
1
100
AcDbSymbolTableRecord
100
AcDbBlockTableRecord
  2
*U13
340
0
102
{BLKREFS
331
2C2
102
}
 70
     0
280
     1
281
     0
  0
BLOCK_RECORD
  5
2CE
330
1
100
AcDbSymbolTableRecord
100
AcDbBlockTableRecord
  2
*D14
340
0
 70
     0
280
     1
281
     0
  0
BLOCK_RECORD
  5
2DB
330
1
100
AcDbSymbolTableRecord
100
AcDbBlockTableRecord
  2
*D15
340
0
 70
     0
280
     1
281
     0
  0
BLOCK_RECORD
  5
2E7
330
1
100
AcDbSymbolTableRecord
100
AcDbBlockTableRecord
  2
*D16
340
0
 70
     0
280
     1
281
     0
  0
BLOCK_RECORD
  5
2F3
330
1
100
AcDbSymbolTableRecord
100
AcDbBlockTableRecord
  2
*D17
340
0
 70
     0
280
     1
281
     0
  0
BLOCK_RECORD
  5
2FF
330
1
100
AcDbSymbolTableRecord
100
AcDbBlockTableRecord
  2
*D18
340
0
 70
     0
280
     1
281
     0
  0
BLOCK_RECORD
  5
30B
330
1
100
AcDbSymbolTableRecord
100
AcDbBlockTableRecord
  2
*D19
340
0
 70
     0
280
     1
281
     0
  0
BLOCK_RECORD
  5
318
330
1
100
AcDbSymbolTableRecord
100
AcDbBlockTableRecord
  2
*D20
340
0
 70
     0
280
     1
281
     0
  0
BLOCK_RECORD
  5
325
330
1
100
AcDbSymbolTableRecord
100
AcDbBlockTableRecord
  2
*D21
340
0
 70
     0
280
     1
281
     0
  0
BLOCK_RECORD
  5
332
330
1
100
AcDbSymbolTableRecord
100
AcDbBlockTableRecord
  2
*D22
340
0
 70
     0
280
     1
281
     0
  0
BLOCK_RECORD
  5
341
330
1
100
AcDbSymbolTableRecord
100
AcDbBlockTableRecord
  2
*D23
340
0
 70
     0
280
     1
281
     0
  0
BLOCK_RECORD
  5
34E
330
1
100
AcDbSymbolTableRecord
100
AcDbBlockTableRecord
  2
*D24
340
0
 70
     0
280
     1
281
     0
  0
BLOCK_RECORD
  5
35B
330
1
100
AcDbSymbolTableRecord
100
AcDbBlockTableRecord
  2
*D25
340
0
 70
     0
280
     1
281
     0
  0
BLOCK_RECORD
  5
368
330
1
100
AcDbSymbolTableRecord
100
AcDbBlockTableRecord
  2
*D26
340
0
 70
     0
280
     1
281
     0
  0
BLOCK_RECORD
  5
375
330
1
100
AcDbSymbolTableRecord
100
AcDbBlockTableRecord
  2
*D27
340
0
 70
     0
280
     1
281
     0
  0
BLOCK_RECORD
  5
382
330
1
100
AcDbSymbolTableRecord
100
AcDbBlockTableRecord
  2
*D28
340
0
 70
     0
280
     1
281
     0
  0
BLOCK_RECORD
  5
391
330
1
100
AcDbSymbolTableRecord
100
AcDbBlockTableRecord
  2
*D29
340
0
 70
     0
280
     1
281
     0
  0
BLOCK_RECORD
  5
39E
330
1
100
AcDbSymbolTableRecord
100
AcDbBlockTableRecord
  2
*D30
340
0
 70
     0
280
     1
281
     0
  0
BLOCK_RECORD
  5
3AB
330
1
100
AcDbSymbolTableRecord
100
AcDbBlockTableRecord
  2
*D31
340
0
 70
     0
280
     1
281
     0
  0
BLOCK_RECORD
  5
3B8
330
1
100
AcDbSymbolTableRecord
100
AcDbBlockTableRecord
  2
*D32
340
0
 70
     0
280
     1
281
     0
  0
BLOCK_RECORD
  5
3C4
330
1
100
AcDbSymbolTableRecord
100
AcDbBlockTableRecord
  2
*D33
340
0
 70
     0
280
     1
281
     0
  0
BLOCK_RECORD
  5
3CF
330
1
100
AcDbSymbolTableRecord
100
AcDbBlockTableRecord
  2
*D34
340
0
 70
     0
280
     1
281
     0
  0
BLOCK_RECORD
  5
3DA
330
1
100
AcDbSymbolTableRecord
100
AcDbBlockTableRecord
  2
*D35
340
0
 70
     0
280
     1
281
     0
  0
BLOCK_RECORD
  5
3E5
330
1
100
AcDbSymbolTableRecord
100
AcDbBlockTableRecord
  2
*D36
340
0
 70
     0
280
     1
281
     0
  0
BLOCK_RECORD
  5
3F0
330
1
100
AcDbSymbolTableRecord
100
AcDbBlockTableRecord
  2
*D37
340
0
 70
     0
280
     1
281
     0
  0
BLOCK_RECORD
  5
3FC
330
1
100
AcDbSymbolTableRecord
100
AcDbBlockTableRecord
  2
*D38
340
0
 70
     0
280
     1
281
     0
  0
BLOCK_RECORD
  5
408
330
1
100
AcDbSymbolTableRecord
100
AcDbBlockTableRecord
  2
*D39
340
0
 70
     0
280
     1
281
     0
  0
BLOCK_RECORD
  5
414
330
1
100
AcDbSymbolTableRecord
100
AcDbBlockTableRecord
  2
*D40
340
0
 70
     0
280
     1
281
     0
  0
BLOCK_RECORD
  5
422
330
1
100
AcDbSymbolTableRecord
100
AcDbBlockTableRecord
  2
*D41
340
0
 70
     0
280
     1
281
     0
  0
BLOCK_RECORD
  5
42E
330
1
100
AcDbSymbolTableRecord
100
AcDbBlockTableRecord
  2
*D42
340
0
 70
     0
280
     1
281
     0
  0
BLOCK_RECORD
  5
43A
330
1
100
AcDbSymbolTableRecord
100
AcDbBlockTableRecord
  2
*D43
340
0
 70
     0
280
     1
281
     0
  0
BLOCK_RECORD
  5
446
330
1
100
AcDbSymbolTableRecord
100
AcDbBlockTableRecord
  2
*D44
340
0
 70
     0
280
     1
281
     0
  0
BLOCK_RECORD
  5
452
330
1
100
AcDbSymbolTableRecord
100
AcDbBlockTableRecord
  2
*D45
340
0
 70
     0
280
     1
281
     0
  0
BLOCK_RECORD
  5
45E
330
1
100
AcDbSymbolTableRecord
100
AcDbBlockTableRecord
  2
*D46
340
0
 70
     0
280
     1
281
     0
  0
BLOCK_RECORD
  5
46C
330
1
100
AcDbSymbolTableRecord
100
AcDbBlockTableRecord
  2
*D47
340
0
 70
     0
280
     1
281
     0
  0
BLOCK_RECORD
  5
478
330
1
100
AcDbSymbolTableRecord
100
AcDbBlockTableRecord
  2
*D48
340
0
 70
     0
280
     1
281
     0
  0
BLOCK_RECORD
  5
484
330
1
100
AcDbSymbolTableRecord
100
AcDbBlockTableRecord
  2
*D49
340
0
 70
     0
280
     1
281
     0
  0
ENDTAB
  0
ENDSEC
  0
SECTION
  2
BLOCKS
  0
BLOCK
  5
71
330
70
100
AcDbEntity
  8
0
100
AcDbBlockBegin
  2
*Model_Space
 70
     0
 10
0.0
 20
0.0
 30
0.0
  3
*Model_Space
  1

  0
ENDBLK
  5
72
330
70
100
AcDbEntity
  8
0
100
AcDbBlockEnd
  0
BLOCK
  5
6D
330
6C
100
AcDbEntity
 67
     1
  8
0
100
AcDbBlockBegin
  2
*Paper_Space
 70
     0
 10
0.0
 20
0.0
 30
0.0
  3
*Paper_Space
  1

  0
ENDBLK
  5
6E
330
6C
100
AcDbEntity
 67
     1
  8
0
100
AcDbBlockEnd
  0
BLOCK
  5
75
330
74
100
AcDbEntity
 67
     1
  8
0
100
AcDbBlockBegin
  2
*Paper_Space0
 70
     0
 10
0.0
 20
0.0
 30
0.0
  3
*Paper_Space0
  1

  0
ENDBLK
  5
76
330
74
100
AcDbEntity
 67
     1
  8
0
100
AcDbBlockEnd
  0
BLOCK
  5
1ED
330
1EB
100
AcDbEntity
  8
0
100
AcDbBlockBegin
  2
ISO_A3_SHEET
 70
     0
 10
0.0
 20
0.0
 30
0.0
  3
ISO_A3_SHEET
  1

  0
LINE
  5
1EE
330
1EB
100
AcDbEntity
  8
Defpoints
100
AcDbLine
 10
0.0
 20
0.0
 30
0.0
 11
15.0
 21
0.0
 31
0.0
  0
LINE
  5
1EF
330
1EB
100
AcDbEntity
  8
Defpoints
100
AcDbLine
 10
405.0
 20
0.0
 30
0.0
 11
420.0
 21
0.0
 31
0.0
  0
LINE
  5
1F0
330
1EB
100
AcDbEntity
  8
BORDER
100
AcDbLine
 10
20.0
 20
10.0
 30
0.0
 11
410.0
 21
10.0
 31
0.0
  0
LINE
  5
1F1
330
1EB
100
AcDbEntity
  8
Defpoints
100
AcDbLine
 10
420.0
 20
0.0
 30
0.0
 11
420.0
 21
15.0
 31
0.0
  0
LINE
  5
1F2
330
1EB
100
AcDbEntity
  8
Defpoints
100
AcDbLine
 10
420.0
 20
282.0
 30
0.0
 11
420.0
 21
297.0
 31
0.0
  0
LINE
  5
1F3
330
1EB
100
AcDbEntity
  8
Defpoints
100
AcDbLine
 10
420.0
 20
297.0
 30
0.0
 11
405.0
 21
297.0
 31
0.0
  0
LINE
  5
1F4
330
1EB
100
AcDbEntity
  8
Defpoints
100
AcDbLine
 10
15.0
 20
297.0
 30
0.0
 11
0.0
 21
297.0
 31
0.0
  0
LINE
  5
1F5
330
1EB
100
AcDbEntity
  8
BORDER
100
AcDbLine
 10
410.0
 20
287.0
 30
0.0
 11
20.0
 21
287.0
 31
0.0
  0
LINE
  5
1F6
330
1EB
100
AcDbEntity
  8
Defpoints
100
AcDbLine
 10
0.0
 20
297.0
 30
0.0
 11
0.0
 21
282.0
 31
0.0
  0
LINE
  5
1F7
330
1EB
100
AcDbEntity
  8
Defpoints
100
AcDbLine
 10
0.0
 20
15.0
 30
0.0
 11
0.0
 21
0.0
 31
0.0
  0
LINE
  5
1F8
330
1EB
100
AcDbEntity
  8
BORDER
100
AcDbLine
 10
20.0
 20
287.0
 30
0.0
 11
20.0
 21
10.0
 31
0.0
  0
LINE
  5
1F9
330
1EB
100
AcDbEntity
  8
BORDER
100
AcDbLine
 10
410.0
 20
287.0
 30
0.0
 11
410.0
 21
10.0
 31
0.0
  0
LINE
  5
1FA
330
1EB
100
AcDbEntity
  8
BORDER
100
AcDbLine
 10
215.0
 20
5.0
 30
0.0
 11
215.0
 21
15.0
 31
0.0
  0
LINE
  5
1FB
330
1EB
100
AcDbEntity
  8
BORDER
100
AcDbLine
 10
215.0
 20
292.0
 30
0.0
 11
215.0
 21
282.0
 31
0.0
  0
LINE
  5
1FC
330
1EB
100
AcDbEntity
  8
BORDER
100
AcDbLine
 10
265.0
 20
292.0
 30
0.0
 11
265.0
 21
287.0
 31
0.0
  0
LINE
  5
1FD
330
1EB
100
AcDbEntity
  8
BORDER
100
AcDbLine
 10
315.0
 20
292.0
 30
0.0
 11
315.0
 21
287.0
 31
0.0
  0
LINE
  5
1FE
330
1EB
100
AcDbEntity
  8
BORDER
100
AcDbLine
 10
365.0
 20
292.0
 30
0.0
 11
365.0
 21
287.0
 31
0.0
  0
LINE
  5
1FF
330
1EB
100
AcDbEntity
  8
BORDER
100
AcDbLine
 10
165.0
 20
292.0
 30
0.0
 11
165.0
 21
287.0
 31
0.0
  0
LINE
  5
200
330
1EB
100
AcDbEntity
  8
BORDER
100
AcDbLine
 10
115.0
 20
292.0
 30
0.0
 11
115.0
 21
287.0
 31
0.0
  0
LINE
  5
201
330
1EB
100
AcDbEntity
  8
BORDER
100
AcDbLine
 10
65.0
 20
292.0
 30
0.0
 11
65.0
 21
287.0
 31
0.0
  0
LINE
  5
202
330
1EB
100
AcDbEntity
  8
BORDER
100
AcDbLine
 10
15.0
 20
148.5
 30
0.0
 11
25.0
 21
148.5
 31
0.0
  0
LINE
  5
203
330
1EB
100
AcDbEntity
  8
BORDER
100
AcDbLine
 10
15.0
 20
100.66667
 30
0.0
 11
20.0
 21
100.66667
 31
0.0
  0
LINE
  5
204
330
1EB
100
AcDbEntity
  8
BORDER
100
AcDbLine
 10
15.0
 20
52.83334
 30
0.0
 11
20.0
 21
52.83334
 31
0.0
  0
LINE
  5
205
330
1EB
100
AcDbEntity
  8
BORDER
100
AcDbLine
 10
15.0
 20
196.33333
 30
0.0
 11
20.0
 21
196.33333
 31
0.0
  0
LINE
  5
206
330
1EB
100
AcDbEntity
  8
BORDER
100
AcDbLine
 10
15.0
 20
244.16666
 30
0.0
 11
20.0
 21
244.16666
 31
0.0
  0
LINE
  5
207
330
1EB
100
AcDbEntity
  8
BORDER
100
AcDbLine
 10
415.0
 20
148.5
 30
0.0
 11
405.0
 21
148.5
 31
0.0
  0
LINE
  5
208
330
1EB
100
AcDbEntity
  8
BORDER
100
AcDbLine
 10
265.0
 20
5.0
 30
0.0
 11
265.0
 21
10.0
 31
0.0
  0
LINE
  5
209
330
1EB
100
AcDbEntity
  8
BORDER
100
AcDbLine
 10
315.0
 20
5.0
 30
0.0
 11
315.0
 21
10.0
 31
0.0
  0
LINE
  5
20A
330
1EB
100
AcDbEntity
  8
BORDER
100
AcDbLine
 10
365.0
 20
5.0
 30
0.0
 11
365.0
 21
10.0
 31
0.0
  0
LINE
  5
20B
330
1EB
100
AcDbEntity
  8
BORDER
100
AcDbLine
 10
165.0
 20
5.0
 30
0.0
 11
165.0
 21
10.0
 31
0.0
  0
LINE
  5
20C
330
1EB
100
AcDbEntity
  8
BORDER
100
AcDbLine
 10
115.0
 20
5.0
 30
0.0
 11
115.0
 21
10.0
 31
0.0
  0
LINE
  5
20D
330
1EB
100
AcDbEntity
  8
BORDER
100
AcDbLine
 10
65.0
 20
5.0
 30
0.0
 11
65.0
 21
10.0
 31
0.0
  0
LINE
  5
20E
330
1EB
100
AcDbEntity
  8
BORDER
100
AcDbLine
 10
415.0
 20
100.66667
 30
0.0
 11
410.0
 21
100.66667
 31
0.0
  0
LINE
  5
20F
330
1EB
100
AcDbEntity
  8
BORDER
100
AcDbLine
 10
415.0
 20
52.83334
 30
0.0
 11
410.0
 21
52.83334
 31
0.0
  0
LINE
  5
210
330
1EB
100
AcDbEntity
  8
BORDER
100
AcDbLine
 10
415.0
 20
196.33333
 30
0.0
 11
410.0
 21
196.33333
 31
0.0
  0
LINE
  5
211
330
1EB
100
AcDbEntity
  8
BORDER
100
AcDbLine
 10
415.0
 20
244.16666
 30
0.0
 11
410.0
 21
244.16666
 31
0.0
  0
TEXT
  5
212
330
1EB
100
AcDbEntity
  8
BORDER
100
AcDbText
 10
39.02882
 20
288.244884
 30
0.0
 40
2.5
  1
1
  7
FusionTitle
 72
     4
 11
40.0
 21
289.5
 31
0.0
100
AcDbText
  0
TEXT
  5
213
330
1EB
100
AcDbEntity
  8
BORDER
100
AcDbText
 10
16.335266
 20
266.83333
 30
0.0
 40
2.5
  1
A
  7
FusionTitle
 72
     4
 11
17.5
 21
268.08333
 31
0.0
100
AcDbText
  0
TEXT
  5
214
330
1EB
100
AcDbEntity
  8
BORDER
100
AcDbText
 10
89.02882
 20
288.244884
 30
0.0
 40
2.5
  1
2
  7
FusionTitle
 72
     4
 11
90.0
 21
289.5
 31
0.0
100
AcDbText
  0
TEXT
  5
215
330
1EB
100
AcDbEntity
  8
BORDER
100
AcDbText
 10
139.02882
 20
288.267053
 30
0.0
 40
2.5
  1
3
  7
FusionTitle
 72
     4
 11
140.0
 21
289.5
 31
0.0
100
AcDbText
  0
TEXT
  5
216
330
1EB
100
AcDbEntity
  8
BORDER
100
AcDbText
 10
189.02882
 20
288.25
 30
0.0
 40
2.5
  1
4
  7
FusionTitle
 72
     4
 11
190.0
 21
289.5
 31
0.0
100
AcDbText
  0
TEXT
  5
217
330
1EB
100
AcDbEntity
  8
BORDER
100
AcDbText
 10
239.02882
 20
288.28837
 30
0.0
 40
2.5
  1
5
  7
FusionTitle
 72
     4
 11
240.0
 21
289.5
 31
0.0
100
AcDbText
  0
TEXT
  5
218
330
1EB
100
AcDbEntity
  8
BORDER
100
AcDbText
 10
289.02882
 20
288.266201
 30
0.0
 40
2.5
  1
6
  7
FusionTitle
 72
     4
 11
290.0
 21
289.5
 31
0.0
100
AcDbText
  0
TEXT
  5
219
330
1EB
100
AcDbEntity
  8
BORDER
100
AcDbText
 10
339.02882
 20
288.266201
 30
0.0
 40
2.5
  1
7
  7
FusionTitle
 72
     4
 11
340.0
 21
289.5
 31
0.0
100
AcDbText
  0
TEXT
  5
21A
330
1EB
100
AcDbEntity
  8
BORDER
100
AcDbText
 10
389.02882
 20
288.266201
 30
0.0
 40
2.5
  1
8
  7
FusionTitle
 72
     4
 11
390.0
 21
289.5
 31
0.0
100
AcDbText
  0
TEXT
  5
21B
330
1EB
100
AcDbEntity
  8
BORDER
100
AcDbText
 10
39.02882
 20
6.244884
 30
0.0
 40
2.5
  1
1
  7
FusionTitle
 72
     4
 11
40.0
 21
7.5
 31
0.0
100
AcDbText
  0
TEXT
  5
21C
330
1EB
100
AcDbEntity
  8
BORDER
100
AcDbText
 10
89.02882
 20
6.244884
 30
0.0
 40
2.5
  1
2
  7
FusionTitle
 72
     4
 11
90.0
 21
7.5
 31
0.0
100
AcDbText
  0
TEXT
  5
21D
330
1EB
100
AcDbEntity
  8
BORDER
100
AcDbText
 10
139.02882
 20
6.267053
 30
0.0
 40
2.5
  1
3
  7
FusionTitle
 72
     4
 11
140.0
 21
7.5
 31
0.0
100
AcDbText
  0
TEXT
  5
21E
330
1EB
100
AcDbEntity
  8
BORDER
100
AcDbText
 10
189.02882
 20
6.25
 30
0.0
 40
2.5
  1
4
  7
FusionTitle
 72
     4
 11
190.0
 21
7.5
 31
0.0
100
AcDbText
  0
TEXT
  5
21F
330
1EB
100
AcDbEntity
  8
BORDER
100
AcDbText
 10
239.02882
 20
6.28837
 30
0.0
 40
2.5
  1
5
  7
FusionTitle
 72
     4
 11
240.0
 21
7.5
 31
0.0
100
AcDbText
  0
TEXT
  5
220
330
1EB
100
AcDbEntity
  8
BORDER
100
AcDbText
 10
289.02882
 20
6.266201
 30
0.0
 40
2.5
  1
6
  7
FusionTitle
 72
     4
 11
290.0
 21
7.5
 31
0.0
100
AcDbText
  0
TEXT
  5
221
330
1EB
100
AcDbEntity
  8
BORDER
100
AcDbText
 10
339.02882
 20
6.266201
 30
0.0
 40
2.5
  1
7
  7
FusionTitle
 72
     4
 11
340.0
 21
7.5
 31
0.0
100
AcDbText
  0
TEXT
  5
222
330
1EB
100
AcDbEntity
  8
BORDER
100
AcDbText
 10
389.02882
 20
6.266201
 30
0.0
 40
2.5
  1
8
  7
FusionTitle
 72
     4
 11
390.0
 21
7.5
 31
0.0
100
AcDbText
  0
TEXT
  5
223
330
1EB
100
AcDbEntity
  8
BORDER
100
AcDbText
 10
16.335266
 20
219.0
 30
0.0
 40
2.5
  1
B
  7
FusionTitle
 72
     4
 11
17.5
 21
220.25
 31
0.0
100
AcDbText
  0
TEXT
  5
224
330
1EB
100
AcDbEntity
  8
BORDER
100
AcDbText
 10
16.238915
 20
171.16667
 30
0.0
 40
2.5
  1
C
  7
FusionTitle
 72
     4
 11
17.5
 21
172.41667
 31
0.0
100
AcDbText
  0
TEXT
  5
225
330
1EB
100
AcDbEntity
  8
BORDER
100
AcDbText
 10
16.238915
 20
123.33334
 30
0.0
 40
2.5
  1
D
  7
FusionTitle
 72
     4
 11
17.5
 21
124.58334
 31
0.0
100
AcDbText
  0
TEXT
  5
226
330
1EB
100
AcDbEntity
  8
BORDER
100
AcDbText
 10
16.335266
 20
75.50001
 30
0.0
 40
2.5
  1
E
  7
FusionTitle
 72
     4
 11
17.5
 21
76.75001
 31
0.0
100
AcDbText
  0
TEXT
  5
227
330
1EB
100
AcDbEntity
  8
BORDER
100
AcDbText
 10
16.433322
 20
27.66668
 30
0.0
 40
2.5
  1
F
  7
FusionTitle
 72
     4
 11
17.5
 21
28.91668
 31
0.0
100
AcDbText
  0
TEXT
  5
228
330
1EB
100
AcDbEntity
  8
BORDER
100
AcDbText
 10
411.335266
 20
266.83333
 30
0.0
 40
2.5
  1
A
  7
FusionTitle
 72
     4
 11
412.5
 21
268.08333
 31
0.0
100
AcDbText
  0
TEXT
  5
229
330
1EB
100
AcDbEntity
  8
BORDER
100
AcDbText
 10
411.335266
 20
219.0
 30
0.0
 40
2.5
  1
B
  7
FusionTitle
 72
     4
 11
412.5
 21
220.25
 31
0.0
100
AcDbText
  0
TEXT
  5
22A
330
1EB
100
AcDbEntity
  8
BORDER
100
AcDbText
 10
411.238915
 20
171.16667
 30
0.0
 40
2.5
  1
C
  7
FusionTitle
 72
     4
 11
412.5
 21
172.41667
 31
0.0
100
AcDbText
  0
TEXT
  5
22B
330
1EB
100
AcDbEntity
  8
BORDER
100
AcDbText
 10
411.238915
 20
123.33334
 30
0.0
 40
2.5
  1
D
  7
FusionTitle
 72
     4
 11
412.5
 21
124.58334
 31
0.0
100
AcDbText
  0
TEXT
  5
22C
330
1EB
100
AcDbEntity
  8
BORDER
100
AcDbText
 10
411.335266
 20
75.50001
 30
0.0
 40
2.5
  1
E
  7
FusionTitle
 72
     4
 11
412.5
 21
76.75001
 31
0.0
100
AcDbText
  0
TEXT
  5
22D
330
1EB
100
AcDbEntity
  8
BORDER
100
AcDbText
 10
411.433322
 20
27.66668
 30
0.0
 40
2.5
  1
F
  7
FusionTitle
 72
     4
 11
412.5
 21
28.91668
 31
0.0
100
AcDbText
  0
ENDBLK
  5
22E
330
1EB
100
AcDbEntity
  8
0
100
AcDbBlockEnd
  0
BLOCK
  5
234
330
231
100
AcDbEntity
  8
0
100
AcDbBlockBegin
  2
ISO_TITLEBLOCK
 70
     2
 10
0.0
 20
0.0
 30
0.0
  3
ISO_TITLEBLOCK
  1

  0
LINE
  5
235
330
231
100
AcDbEntity
  8
TITLEBLOCK
100
AcDbLine
 10
-180.0
 20
0.0
 30
0.0
 11
0.0
 21
0.0
 31
0.0
  0
LINE
  5
236
330
231
100
AcDbEntity
  8
TITLEBLOCK
100
AcDbLine
 10
-61.0
 20
10.0
 30
0.0
 11
0.0
 21
10.0
 31
0.0
  0
LINE
  5
237
330
231
100
AcDbEntity
  8
TITLEBLOCK
100
AcDbLine
 10
-122.0
 20
27.0
 30
0.0
 11
0.0
 21
27.0
 31
0.0
  0
LINE
  5
238
330
231
100
AcDbEntity
  8
TITLEBLOCK
100
AcDbLine
 10
-180.0
 20
37.0
 30
0.0
 11
0.0
 21
37.0
 31
0.0
  0
LINE
  5
239
330
231
100
AcDbEntity
  8
TITLEBLOCK
100
AcDbLine
 10
0.0
 20
0.0
 30
0.0
 11
0.0
 21
47.0
 31
0.0
  0
LINE
  5
23A
330
231
100
AcDbEntity
  8
TITLEBLOCK
100
AcDbLine
 10
-15.0
 20
0.0
 30
0.0
 11
-15.0
 21
10.0
 31
0.0
  0
LINE
  5
23B
330
231
100
AcDbEntity
  8
TITLEBLOCK
100
AcDbLine
 10
-51.0
 20
0.0
 30
0.0
 11
-51.0
 21
10.0
 31
0.0
  0
LINE
  5
23C
330
231
100
AcDbEntity
  8
TITLEBLOCK
100
AcDbLine
 10
-61.0
 20
0.0
 30
0.0
 11
-61.0
 21
47.0
 31
0.0
  0
LINE
  5
23D
330
231
100
AcDbEntity
  8
TITLEBLOCK
100
AcDbLine
 10
-122.0
 20
0.0
 30
0.0
 11
-122.0
 21
47.0
 31
0.0
  0
LINE
  5
23E
330
231
100
AcDbEntity
  8
TITLEBLOCK
100
AcDbLine
 10
-156.0
 20
37.0
 30
0.0
 11
-156.0
 21
47.0
 31
0.0
  0
LINE
  5
23F
330
231
100
AcDbEntity
  8
TITLEBLOCK
100
AcDbLine
 10
0.0
 20
47.0
 30
0.0
 11
-180.0
 21
47.0
 31
0.0
  0
LINE
  5
240
330
231
100
AcDbEntity
  8
TITLEBLOCK
100
AcDbLine
 10
-180.0
 20
47.0
 30
0.0
 11
-180.0
 21
0.0
 31
0.0
  0
TEXT
  5
241
330
231
100
AcDbEntity
  8
TITLEBLOCK
100
AcDbText
 10
-179.0
 20
44.2
 30
0.0
 40
1.8
  1
Dept.
  7
FusionTitle
 11
-179.0
 21
46.0
 31
0.0
100
AcDbText
 73
     3
  0
TEXT
  5
242
330
231
100
AcDbEntity
  8
TITLEBLOCK
100
AcDbText
 10
-155.0
 20
44.2
 30
0.0
 40
1.8
  1
Technical reference
  7
FusionTitle
 11
-155.0
 21
46.0
 31
0.0
100
AcDbText
 73
     3
  0
TEXT
  5
243
330
231
100
AcDbEntity
  8
TITLEBLOCK
100
AcDbText
 10
-121.0
 20
44.2
 30
0.0
 40
1.8
  1
Created by
  7
FusionTitle
 11
-121.0
 21
46.0
 31
0.0
100
AcDbText
 73
     3
  0
TEXT
  5
244
330
231
100
AcDbEntity
  8
TITLEBLOCK
100
AcDbText
 10
-60.0
 20
44.2
 30
0.0
 40
1.8
  1
Approved by
  7
FusionTitle
 11
-60.0
 21
46.0
 31
0.0
100
AcDbText
 73
     3
  0
TEXT
  5
245
330
231
100
AcDbEntity
  8
TITLEBLOCK
100
AcDbText
 10
-121.0
 20
34.2
 30
0.0
 40
1.8
  1
Document type
  7
FusionTitle
 11
-121.0
 21
36.0
 31
0.0
100
AcDbText
 73
     3
  0
TEXT
  5
246
330
231
100
AcDbEntity
  8
TITLEBLOCK
100
AcDbText
 10
-60.0
 20
34.2
 30
0.0
 40
1.8
  1
Document status
  7
FusionTitle
 11
-60.0
 21
36.0
 31
0.0
100
AcDbText
 73
     3
  0
TEXT
  5
247
330
231
100
AcDbEntity
  8
TITLEBLOCK
100
AcDbText
 10
-121.0
 20
24.2
 30
0.0
 40
1.8
  1
Title
  7
FusionTitle
 11
-121.0
 21
26.0
 31
0.0
100
AcDbText
 73
     3
  0
TEXT
  5
248
330
231
100
AcDbEntity
  8
TITLEBLOCK
100
AcDbText
 10
-60.0
 20
24.2
 30
0.0
 40
1.8
  1
DWG No.
  7
FusionTitle
 11
-60.0
 21
26.0
 31
0.0
100
AcDbText
 73
     3
  0
TEXT
  5
249
330
231
100
AcDbEntity
  8
TITLEBLOCK
100
AcDbText
 10
-60.0
 20
7.2
 30
0.0
 40
1.8
  1
Rev.
  7
FusionTitle
 11
-60.0
 21
9.0
 31
0.0
100
AcDbText
 73
     3
  0
TEXT
  5
24A
330
231
100
AcDbEntity
  8
TITLEBLOCK
100
AcDbText
 10
-50.0
 20
7.2
 30
0.0
 40
1.8
  1
Date of issue
  7
FusionTitle
 11
-50.0
 21
9.0
 31
0.0
100
AcDbText
 73
     3
  0
TEXT
  5
24B
330
231
100
AcDbEntity
  8
TITLEBLOCK
100
AcDbText
 10
-14.0
 20
7.2
 30
0.0
 40
1.8
  1
Sheet
  7
FusionTitle
 11
-14.0
 21
9.0
 31
0.0
100
AcDbText
 73
     3
  0
ATTDEF
  5
24C
102
{ACAD_XDICTIONARY
360
24D
102
}
330
231
100
AcDbEntity
  8
TITLEBLOCK
100
AcDbText
 10
-50.0
 20
1.5
 30
0.0
 40
3.5
  1

  7
FusionTitle
 11
-50.0
 21
5.0
 31
0.0
100
AcDbAttributeDefinition
280
     0
  3
Date of issue
  2
DATE_OF_ISSUE
 70
     0
 74
     3
280
     1
  0
ATTDEF
  5
24E
102
{ACAD_XDICTIONARY
360
24F
102
}
330
231
100
AcDbEntity
  8
TITLEBLOCK
100
AcDbText
 10
-61.026774
 20
1.35
 30
0.0
 40
3.5
  1

  7
FusionTitle
 72
     1
 11
-56.0
 21
4.85
 31
0.0
100
AcDbAttributeDefinition
280
     0
  3
Revision
  2
REV
 70
     0
 74
     3
280
     1
  0
ATTDEF
  5
250
102
{ACAD_XDICTIONARY
360
251
102
}
330
231
100
AcDbEntity
  8
TITLEBLOCK
100
AcDbText
 10
-121.0
 20
1.5
 30
0.0
 40
5.0
  1

  7
FusionTitle
 11
-121.0
 21
6.5
 31
0.0
100
AcDbAttributeDefinition
280
     0
  3
3rd Title
  2
TITLE_3
 70
     0
 74
     3
280
     1
  0
ATTDEF
  5
252
102
{ACAD_XDICTIONARY
360
253
102
}
330
231
100
AcDbEntity
  8
TITLEBLOCK
100
AcDbText
 10
-60.0
 20
28.5
 30
0.0
 40
3.5
  1

  7
FusionTitle
 11
-60.0
 21
32.0
 31
0.0
100
AcDbAttributeDefinition
280
     0
  3
Document status
  2
DOCUMENT_STATUS
 70
     0
 74
     3
280
     1
  0
ATTDEF
  5
254
102
{ACAD_XDICTIONARY
360
255
102
}
330
231
100
AcDbEntity
  8
TITLEBLOCK
100
AcDbText
 10
-121.0
 20
28.5
 30
0.0
 40
3.5
  1

  7
FusionTitle
 11
-121.0
 21
32.0
 31
0.0
100
AcDbAttributeDefinition
280
     0
  3
Document type
  2
DOCUMENT_TYPE
 70
     0
 74
     3
280
     1
  0
ATTDEF
  5
256
102
{ACAD_XDICTIONARY
360
257
102
}
330
231
100
AcDbEntity
  8
TITLEBLOCK
100
AcDbText
 10
-43.923943
 20
38.5
 30
0.0
 40
3.5
  1

  7
FusionTitle
 72
     2
 11
-0.992838
 21
42.0
 31
0.0
100
AcDbAttributeDefinition
280
     0
  3
Approved date
  2
APPROVED_DATE
 70
     0
 74
     3
280
     1
  0
ATTDEF
  5
258
102
{ACAD_XDICTIONARY
360
259
102
}
330
231
100
AcDbEntity
  8
TITLEBLOCK
100
AcDbText
 10
-101.123124
 20
38.5
 30
0.0
 40
3.5
  1

  7
FusionTitle
 72
     2
 11
-62.0
 21
42.0
 31
0.0
100
AcDbAttributeDefinition
280
     0
  3
Created date
  2
CREATED_DATE
 70
     0
 74
     3
280
     1
  0
ATTDEF
  5
25A
102
{ACAD_XDICTIONARY
360
25B
102
}
330
231
100
AcDbEntity
  8
TITLEBLOCK
100
AcDbText
 10
-15.65075
 20
1.35
 30
0.0
 40
3.5
  1

  7
FusionTitle
 72
     1
 11
-7.5
 21
4.85
 31
0.0
100
AcDbAttributeDefinition
280
     0
  3
Sheet
  2
SHEET
 70
     0
 74
     3
280
     1
  0
ATTDEF
  5
25C
102
{ACAD_XDICTIONARY
360
25D
102
}
330
231
100
AcDbEntity
  8
TITLEBLOCK
100
AcDbText
 10
-121.0
 20
9.0
 30
0.0
 40
5.0
  1

  7
FusionTitle
 11
-121.0
 21
14.0
 31
0.0
100
AcDbAttributeDefinition
280
     0
  3
2nd Title
  2
TITLE_2
 70
     0
 74
     3
280
     1
  0
ATTDEF
  5
25E
102
{ACAD_XDICTIONARY
360
25F
102
}
330
231
100
AcDbEntity
  8
TITLEBLOCK
100
AcDbText
 10
-64.456344
 20
14.751432
 30
0.0
 40
5.0
  1

  7
FusionTitle
 72
     1
 11
-30.5
 21
19.751432
 31
0.0
100
AcDbAttributeDefinition
280
     0
  3
Drawing number
  2
DRAWING_NUMBER
 70
     0
 74
     3
280
     1
  0
ATTDEF
  5
260
102
{ACAD_XDICTIONARY
360
261
102
}
330
231
100
AcDbEntity
  8
TITLEBLOCK
100
AcDbText
 10
-121.0
 20
16.5
 30
0.0
 40
5.0
  1

  7
FusionTitle
 11
-121.0
 21
21.5
 31
0.0
100
AcDbAttributeDefinition
280
     0
  3
1st Title
  2
TITLE_1
 70
     0
 74
     3
280
     1
  0
ATTDEF
  5
262
102
{ACAD_XDICTIONARY
360
263
102
}
330
231
100
AcDbEntity
  8
TITLEBLOCK
100
AcDbText
 10
-60.0
 20
38.5
 30
0.0
 40
3.5
  1

  7
FusionTitle
 11
-60.0
 21
42.0
 31
0.0
100
AcDbAttributeDefinition
280
     0
  3
Approved by
  2
APPROVED_BY
 70
     0
 74
     3
280
     1
  0
ATTDEF
  5
264
102
{ACAD_XDICTIONARY
360
265
102
}
330
231
100
AcDbEntity
  8
TITLEBLOCK
100
AcDbText
 10
-121.0
 20
38.5
 30
0.0
 40
3.5
  1

  7
FusionTitle
 11
-121.0
 21
42.0
 31
0.0
100
AcDbAttributeDefinition
280
     0
  3
Created by
  2
CREATED_BY
 70
     0
 74
     3
280
     1
  0
ATTDEF
  5
266
102
{ACAD_XDICTIONARY
360
267
102
}
330
231
100
AcDbEntity
  8
TITLEBLOCK
100
AcDbText
 10
-155.0
 20
38.5
 30
0.0
 40
3.5
  1

  7
FusionTitle
 11
-155.0
 21
42.0
 31
0.0
100
AcDbAttributeDefinition
280
     0
  3
Technical reference
  2
TECHNICAL_REFERENCE
 70
     0
 74
     3
280
     1
  0
ATTDEF
  5
268
102
{ACAD_XDICTIONARY
360
269
102
}
330
231
100
AcDbEntity
  8
TITLEBLOCK
100
AcDbText
 10
-179.0
 20
38.5
 30
0.0
 40
3.5
  1

  7
FusionTitle
 11
-179.0
 21
42.0
 31
0.0
100
AcDbAttributeDefinition
280
     0
  3
Department
  2
DEPT
 70
     0
 74
     3
280
     1
  0
ENDBLK
  5
26A
330
231
100
AcDbEntity
  8
0
100
AcDbBlockEnd
  0
BLOCK
  5
27E
330
27D
100
AcDbEntity
  8
0
100
AcDbBlockBegin
  2
*U6
 70
     1
 10
0.0
 20
0.0
 30
0.0
  3
*U6
  1

  0
LINE
  5
27F
330
27D
100
AcDbEntity
  8
Smart Centers
  6
Continuous
 62
     0
440
 16777216
 48
0.75
100
AcDbLine
 10
-0.892969
 20
0.0
 30
0.0
 11
0.892969
 21
0.0
 31
0.0
  0
LINE
  5
280
330
27D
100
AcDbEntity
  8
Smart Centers
  6
Continuous
 62
     0
440
 16777216
 48
0.75
100
AcDbLine
 10
0.0
 20
-0.892969
 30
0.0
 11
0.0
 21
0.892969
 31
0.0
  0
LINE
  5
281
330
27D
100
AcDbEntity
  8
Smart Centers
 62
     0
440
 16777216
 48
0.75
100
AcDbLine
 10
-5.2
 20
0.0
 30
0.0
 11
-2.678906
 21
0.0
 31
0.0
  0
LINE
  5
282
330
27D
100
AcDbEntity
  8
Smart Centers
 62
     0
440
 16777216
 48
0.75
100
AcDbLine
 10
2.678906
 20
0.0
 30
0.0
 11
5.2
 21
0.0
 31
0.0
  0
LINE
  5
283
330
27D
100
AcDbEntity
  8
Smart Centers
 62
     0
440
 16777216
 48
0.75
100
AcDbLine
 10
0.0
 20
-5.2
 30
0.0
 11
0.0
 21
-2.678906
 31
0.0
  0
LINE
  5
284
330
27D
100
AcDbEntity
  8
Smart Centers
 62
     0
440
 16777216
 48
0.75
100
AcDbLine
 10
0.0
 20
2.678906
 30
0.0
 11
0.0
 21
5.2
 31
0.0
  0
ENDBLK
  5
285
330
27D
100
AcDbEntity
  8
0
100
AcDbBlockEnd
  0
BLOCK
  5
288
330
287
100
AcDbEntity
  8
0
100
AcDbBlockBegin
  2
*U7
 70
     1
 10
0.0
 20
0.0
 30
0.0
  3
*U7
  1

  0
LINE
  5
289
330
287
100
AcDbEntity
  8
Smart Centers
  6
Continuous
 62
     0
440
 16777216
 48
0.75
100
AcDbLine
 10
-0.892969
 20
0.0
 30
0.0
 11
0.892969
 21
0.0
 31
0.0
  0
LINE
  5
28A
330
287
100
AcDbEntity
  8
Smart Centers
  6
Continuous
 62
     0
440
 16777216
 48
0.75
100
AcDbLine
 10
0.0
 20
-0.892969
 30
0.0
 11
0.0
 21
0.892969
 31
0.0
  0
LINE
  5
28B
330
287
100
AcDbEntity
  8
Smart Centers
 62
     0
440
 16777216
 48
0.75
100
AcDbLine
 10
-5.2
 20
0.0
 30
0.0
 11
-2.678906
 21
0.0
 31
0.0
  0
LINE
  5
28C
330
287
100
AcDbEntity
  8
Smart Centers
 62
     0
440
 16777216
 48
0.75
100
AcDbLine
 10
2.678906
 20
0.0
 30
0.0
 11
5.2
 21
0.0
 31
0.0
  0
LINE
  5
28D
330
287
100
AcDbEntity
  8
Smart Centers
 62
     0
440
 16777216
 48
0.75
100
AcDbLine
 10
0.0
 20
-5.2
 30
0.0
 11
0.0
 21
-2.678906
 31
0.0
  0
LINE
  5
28E
330
287
100
AcDbEntity
  8
Smart Centers
 62
     0
440
 16777216
 48
0.75
100
AcDbLine
 10
0.0
 20
2.678906
 30
0.0
 11
0.0
 21
5.2
 31
0.0
  0
ENDBLK
  5
28F
330
287
100
AcDbEntity
  8
0
100
AcDbBlockEnd
  0
BLOCK
  5
292
330
291
100
AcDbEntity
  8
0
100
AcDbBlockBegin
  2
*U8
 70
     1
 10
0.0
 20
0.0
 30
0.0
  3
*U8
  1

  0
LINE
  5
293
330
291
100
AcDbEntity
  8
Smart Centers
  6
Continuous
 62
     0
440
 16777216
 48
0.75
100
AcDbLine
 10
-0.892969
 20
0.0
 30
0.0
 11
0.892969
 21
0.0
 31
0.0
  0
LINE
  5
294
330
291
100
AcDbEntity
  8
Smart Centers
  6
Continuous
 62
     0
440
 16777216
 48
0.75
100
AcDbLine
 10
0.0
 20
-0.892969
 30
0.0
 11
0.0
 21
0.892969
 31
0.0
  0
LINE
  5
295
330
291
100
AcDbEntity
  8
Smart Centers
 62
     0
440
 16777216
 48
0.75
100
AcDbLine
 10
-5.2
 20
0.0
 30
0.0
 11
-2.678906
 21
0.0
 31
0.0
  0
LINE
  5
296
330
291
100
AcDbEntity
  8
Smart Centers
 62
     0
440
 16777216
 48
0.75
100
AcDbLine
 10
2.678906
 20
0.0
 30
0.0
 11
5.2
 21
0.0
 31
0.0
  0
LINE
  5
297
330
291
100
AcDbEntity
  8
Smart Centers
 62
     0
440
 16777216
 48
0.75
100
AcDbLine
 10
0.0
 20
-5.2
 30
0.0
 11
0.0
 21
-2.678906
 31
0.0
  0
LINE
  5
298
330
291
100
AcDbEntity
  8
Smart Centers
 62
     0
440
 16777216
 48
0.75
100
AcDbLine
 10
0.0
 20
2.678906
 30
0.0
 11
0.0
 21
5.2
 31
0.0
  0
ENDBLK
  5
299
330
291
100
AcDbEntity
  8
0
100
AcDbBlockEnd
  0
BLOCK
  5
29C
330
29B
100
AcDbEntity
  8
0
100
AcDbBlockBegin
  2
*U9
 70
     1
 10
0.0
 20
0.0
 30
0.0
  3
*U9
  1

  0
LINE
  5
29D
330
29B
100
AcDbEntity
  8
Smart Centers
  6
Continuous
 62
     0
440
 16777216
 48
0.75
100
AcDbLine
 10
-0.892969
 20
0.0
 30
0.0
 11
0.892969
 21
0.0
 31
0.0
  0
LINE
  5
29E
330
29B
100
AcDbEntity
  8
Smart Centers
  6
Continuous
 62
     0
440
 16777216
 48
0.75
100
AcDbLine
 10
0.0
 20
-0.892969
 30
0.0
 11
0.0
 21
0.892969
 31
0.0
  0
LINE
  5
29F
330
29B
100
AcDbEntity
  8
Smart Centers
 62
     0
440
 16777216
 48
0.75
100
AcDbLine
 10
-5.2
 20
0.0
 30
0.0
 11
-2.678906
 21
0.0
 31
0.0
  0
LINE
  5
2A0
330
29B
100
AcDbEntity
  8
Smart Centers
 62
     0
440
 16777216
 48
0.75
100
AcDbLine
 10
2.678906
 20
0.0
 30
0.0
 11
5.2
 21
0.0
 31
0.0
  0
LINE
  5
2A1
330
29B
100
AcDbEntity
  8
Smart Centers
 62
     0
440
 16777216
 48
0.75
100
AcDbLine
 10
0.0
 20
-5.2
 30
0.0
 11
0.0
 21
-2.678906
 31
0.0
  0
LINE
  5
2A2
330
29B
100
AcDbEntity
  8
Smart Centers
 62
     0
440
 16777216
 48
0.75
100
AcDbLine
 10
0.0
 20
2.678906
 30
0.0
 11
0.0
 21
5.2
 31
0.0
  0
ENDBLK
  5
2A3
330
29B
100
AcDbEntity
  8
0
100
AcDbBlockEnd
  0
BLOCK
  5
2A6
330
2A5
100
AcDbEntity
  8
0
100
AcDbBlockBegin
  2
*U10
 70
     1
 10
0.0
 20
0.0
 30
0.0
  3
*U10
  1

  0
LINE
  5
2A7
330
2A5
100
AcDbEntity
  8
Smart Centers
  6
Continuous
 62
     0
440
 16777216
 48
0.75
100
AcDbLine
 10
-0.892969
 20
0.0
 30
0.0
 11
0.892969
 21
0.0
 31
0.0
  0
LINE
  5
2A8
330
2A5
100
AcDbEntity
  8
Smart Centers
  6
Continuous
 62
     0
440
 16777216
 48
0.75
100
AcDbLine
 10
0.0
 20
-0.892969
 30
0.0
 11
0.0
 21
0.892969
 31
0.0
  0
LINE
  5
2A9
330
2A5
100
AcDbEntity
  8
Smart Centers
 62
     0
440
 16777216
 48
0.75
100
AcDbLine
 10
-5.2
 20
0.0
 30
0.0
 11
-2.678906
 21
0.0
 31
0.0
  0
LINE
  5
2AA
330
2A5
100
AcDbEntity
  8
Smart Centers
 62
     0
440
 16777216
 48
0.75
100
AcDbLine
 10
2.678906
 20
0.0
 30
0.0
 11
5.2
 21
0.0
 31
0.0
  0
LINE
  5
2AB
330
2A5
100
AcDbEntity
  8
Smart Centers
 62
     0
440
 16777216
 48
0.75
100
AcDbLine
 10
0.0
 20
-5.2
 30
0.0
 11
0.0
 21
-2.678906
 31
0.0
  0
LINE
  5
2AC
330
2A5
100
AcDbEntity
  8
Smart Centers
 62
     0
440
 16777216
 48
0.75
100
AcDbLine
 10
0.0
 20
2.678906
 30
0.0
 11
0.0
 21
5.2
 31
0.0
  0
ENDBLK
  5
2AD
330
2A5
100
AcDbEntity
  8
0
100
AcDbBlockEnd
  0
BLOCK
  5
2B0
330
2AF
100
AcDbEntity
  8
0
100
AcDbBlockBegin
  2
*U11
 70
     1
 10
0.0
 20
0.0
 30
0.0
  3
*U11
  1

  0
LINE
  5
2B1
330
2AF
100
AcDbEntity
  8
Smart Centers
  6
Continuous
 62
     0
440
 16777216
 48
0.75
100
AcDbLine
 10
-0.892969
 20
0.0
 30
0.0
 11
0.892969
 21
0.0
 31
0.0
  0
LINE
  5
2B2
330
2AF
100
AcDbEntity
  8
Smart Centers
  6
Continuous
 62
     0
440
 16777216
 48
0.75
100
AcDbLine
 10
0.0
 20
-0.892969
 30
0.0
 11
0.0
 21
0.892969
 31
0.0
  0
LINE
  5
2B3
330
2AF
100
AcDbEntity
  8
Smart Centers
 62
     0
440
 16777216
 48
0.75
100
AcDbLine
 10
-5.2
 20
0.0
 30
0.0
 11
-2.678906
 21
0.0
 31
0.0
  0
LINE
  5
2B4
330
2AF
100
AcDbEntity
  8
Smart Centers
 62
     0
440
 16777216
 48
0.75
100
AcDbLine
 10
2.678906
 20
0.0
 30
0.0
 11
5.2
 21
0.0
 31
0.0
  0
LINE
  5
2B5
330
2AF
100
AcDbEntity
  8
Smart Centers
 62
     0
440
 16777216
 48
0.75
100
AcDbLine
 10
0.0
 20
-5.2
 30
0.0
 11
0.0
 21
-2.678906
 31
0.0
  0
LINE
  5
2B6
330
2AF
100
AcDbEntity
  8
Smart Centers
 62
     0
440
 16777216
 48
0.75
100
AcDbLine
 10
0.0
 20
2.678906
 30
0.0
 11
0.0
 21
5.2
 31
0.0
  0
ENDBLK
  5
2B7
330
2AF
100
AcDbEntity
  8
0
100
AcDbBlockEnd
  0
BLOCK
  5
2BA
330
2B9
100
AcDbEntity
  8
0
100
AcDbBlockBegin
  2
*U12
 70
     1
 10
0.0
 20
0.0
 30
0.0
  3
*U12
  1

  0
LINE
  5
2BB
330
2B9
100
AcDbEntity
  8
Smart Centers
  6
Continuous
 62
     0
440
 16777216
 48
0.75
100
AcDbLine
 10
-0.892969
 20
0.0
 30
0.0
 11
0.892969
 21
0.0
 31
0.0
  0
LINE
  5
2BC
330
2B9
100
AcDbEntity
  8
Smart Centers
  6
Continuous
 62
     0
440
 16777216
 48
0.75
100
AcDbLine
 10
0.0
 20
-0.892969
 30
0.0
 11
0.0
 21
0.892969
 31
0.0
  0
LINE
  5
2BD
330
2B9
100
AcDbEntity
  8
Smart Centers
 62
     0
440
 16777216
 48
0.75
100
AcDbLine
 10
-5.2
 20
0.0
 30
0.0
 11
-2.678906
 21
0.0
 31
0.0
  0
LINE
  5
2BE
330
2B9
100
AcDbEntity
  8
Smart Centers
 62
     0
440
 16777216
 48
0.75
100
AcDbLine
 10
2.678906
 20
0.0
 30
0.0
 11
5.2
 21
0.0
 31
0.0
  0
LINE
  5
2BF
330
2B9
100
AcDbEntity
  8
Smart Centers
 62
     0
440
 16777216
 48
0.75
100
AcDbLine
 10
0.0
 20
-5.2
 30
0.0
 11
0.0
 21
-2.678906
 31
0.0
  0
LINE
  5
2C0
330
2B9
100
AcDbEntity
  8
Smart Centers
 62
     0
440
 16777216
 48
0.75
100
AcDbLine
 10
0.0
 20
2.678906
 30
0.0
 11
0.0
 21
5.2
 31
0.0
  0
ENDBLK
  5
2C1
330
2B9
100
AcDbEntity
  8
0
100
AcDbBlockEnd
  0
BLOCK
  5
2C4
330
2C3
100
AcDbEntity
  8
0
100
AcDbBlockBegin
  2
*U13
 70
     1
 10
0.0
 20
0.0
 30
0.0
  3
*U13
  1

  0
LINE
  5
2C5
330
2C3
100
AcDbEntity
  8
Smart Centers
  6
Continuous
 62
     0
440
 16777216
 48
0.75
100
AcDbLine
 10
-0.892969
 20
0.0
 30
0.0
 11
0.892969
 21
0.0
 31
0.0
  0
LINE
  5
2C6
330
2C3
100
AcDbEntity
  8
Smart Centers
  6
Continuous
 62
     0
440
 16777216
 48
0.75
100
AcDbLine
 10
0.0
 20
-0.892969
 30
0.0
 11
0.0
 21
0.892969
 31
0.0
  0
LINE
  5
2C7
330
2C3
100
AcDbEntity
  8
Smart Centers
 62
     0
440
 16777216
 48
0.75
100
AcDbLine
 10
-5.2
 20
0.0
 30
0.0
 11
-2.678906
 21
0.0
 31
0.0
  0
LINE
  5
2C8
330
2C3
100
AcDbEntity
  8
Smart Centers
 62
     0
440
 16777216
 48
0.75
100
AcDbLine
 10
2.678906
 20
0.0
 30
0.0
 11
5.2
 21
0.0
 31
0.0
  0
LINE
  5
2C9
330
2C3
100
AcDbEntity
  8
Smart Centers
 62
     0
440
 16777216
 48
0.75
100
AcDbLine
 10
0.0
 20
-5.2
 30
0.0
 11
0.0
 21
-2.678906
 31
0.0
  0
LINE
  5
2CA
330
2C3
100
AcDbEntity
  8
Smart Centers
 62
     0
440
 16777216
 48
0.75
100
AcDbLine
 10
0.0
 20
2.678906
 30
0.0
 11
0.0
 21
5.2
 31
0.0
  0
ENDBLK
  5
2CB
330
2C3
100
AcDbEntity
  8
0
100
AcDbBlockEnd
  0
BLOCK
  5
2CF
330
2CE
100
AcDbEntity
  8
0
100
AcDbBlockBegin
  2
*D14
 70
     1
 10
0.0
 20
0.0
 30
0.0
  3
*D14
  1

  0
LINE
  5
2D0
330
2CE
100
AcDbEntity
  8
FD_Dimensions
 62
     0
440
 16777216
370
    -2
100
AcDbLine
 10
306.873438
 20
184.882813
 30
0.0
 11
328.201563
 21
184.882813
 31
0.0
  0
LINE
  5
2D1
330
2CE
100
AcDbEntity
  8
FD_Dimensions
 62
     0
440
 16777216
370
    -2
100
AcDbLine
 10
306.873438
 20
216.882813
 30
0.0
 11
328.201563
 21
216.882813
 31
0.0
  0
LINE
  5
2D2
330
2CE
100
AcDbEntity
  8
FD_Dimensions
 62
     0
440
 16777216
370
    -2
100
AcDbLine
 10
326.101563
 20
188.382813
 30
0.0
 11
326.101563
 21
213.382813
 31
0.0
  0
SOLID
  5
2D3
330
2CE
100
AcDbEntity
  8
FD_Dimensions
 62
     0
440
 16777216
100
AcDbTrace
 10
325.518229
 20
188.382813
 30
0.0
 11
326.684896
 21
188.382813
 31
0.0
 12
326.101563
 22
184.882813
 32
0.0
 13
326.101563
 23
184.882813
 33
0.0
  0
SOLID
  5
2D4
330
2CE
100
AcDbEntity
  8
FD_Dimensions
 62
     0
440
 16777216
100
AcDbTrace
 10
325.518229
 20
213.382813
 30
0.0
 11
326.684896
 21
213.382813
 31
0.0
 12
326.101563
 22
216.882813
 32
0.0
 13
326.101563
 23
216.882813
 33
0.0
  0
MTEXT
  5
2D5
330
2CE
100
AcDbEntity
  8
FD_Dimensions
 62
     0
440
 16777216
100
AcDbMText
 10
322.913363
 20
200.882813
 30
0.0
 40
3.5
 41
0.0
 46
0.0
 71
     5
 72
     1
  1
32
 11
0.0
 21
1.0
 31
0.0
 73
     1
 44
1.0
  0
POINT
  5
2D6
330
2CE
100
AcDbEntity
  8
Defpoints
 62
     0
440
 16777216
100
AcDbPoint
 10
304.773438
 20
184.882813
 30
0.0
  0
POINT
  5
2D7
330
2CE
100
AcDbEntity
  8
Defpoints
 62
     0
440
 16777216
100
AcDbPoint
 10
304.773438
 20
216.882813
 30
0.0
  0
POINT
  5
2D8
330
2CE
100
AcDbEntity
  8
Defpoints
 62
     0
440
 16777216
100
AcDbPoint
 10
326.101563
 20
216.882813
 30
0.0
  0
ENDBLK
  5
2D9
330
2CE
100
AcDbEntity
  8
0
100
AcDbBlockEnd
  0
BLOCK
  5
2DC
330
2DB
100
AcDbEntity
  8
0
100
AcDbBlockBegin
  2
*D15
 70
     1
 10
0.0
 20
0.0
 30
0.0
  3
*D15
  1

  0
LINE
  5
2DD
330
2DB
100
AcDbEntity
  8
FD_Dimensions
 62
     0
440
 16777216
370
    -2
100
AcDbLine
 10
262.075454
 20
138.387954
 30
0.0
 11
243.950393
 21
120.262893
 31
0.0
  0
LINE
  5
2DE
330
2DB
100
AcDbEntity
  8
FD_Dimensions
 62
     0
440
 16777216
370
    -2
100
AcDbLine
 10
236.596482
 20
112.908982
 30
0.0
 11
234.121609
 21
110.434109
 31
0.0
  0
MTEXT
  5
2DF
330
2DB
100
AcDbEntity
  8
FD_Dimensions
 62
     0
440
 16777216
100
AcDbMText
 10
255.168598
 20
136.126636
 30
0.0
 40
3.5
 41
0.0
 46
0.0
 71
     5
 72
     1
  1
∅3.4
 11
0.707107
 21
0.707107
 31
0.0
 73
     1
 44
1.0
  0
LINE
  5
2E0
330
2DB
100
AcDbEntity
  8
FD_Dimensions
 62
     0
440
 16777216
370
    -2
100
AcDbLine
 10
239.071356
 20
115.383856
 30
0.0
 11
241.475519
 21
117.788019
 31
0.0
  0
SOLID
  5
2E1
330
2DB
100
AcDbEntity
  8
FD_Dimensions
 62
     0
440
 16777216
100
AcDbTrace
 10
236.184003
 20
113.321461
 30
0.0
 11
237.008961
 21
112.496503
 31
0.0
 12
239.071356
 22
115.383856
 32
0.0
 13
239.071356
 23
115.383856
 33
0.0
  0
SOLID
  5
2E2
330
2DB
100
AcDbEntity
  8
FD_Dimensions
 62
     0
440
 16777216
100
AcDbTrace
 10
243.537914
 20
120.675372
 30
0.0
 11
244.362872
 21
119.850414
 31
0.0
 12
241.475519
 22
117.788019
 32
0.0
 13
241.475519
 23
117.788019
 33
0.0
  0
POINT
  5
2E3
330
2DB
100
AcDbEntity
  8
Defpoints
 62
     0
440
 16777216
100
AcDbPoint
 10
241.475519
 20
117.788019
 30
0.0
  0
POINT
  5
2E4
330
2DB
100
AcDbEntity
  8
Defpoints
 62
     0
440
 16777216
100
AcDbPoint
 10
239.071356
 20
115.383856
 30
0.0
  0
ENDBLK
  5
2E5
330
2DB
100
AcDbEntity
  8
0
100
AcDbBlockEnd
  0
BLOCK
  5
2E8
330
2E7
100
AcDbEntity
  8
0
100
AcDbBlockBegin
  2
*D16
 70
     1
 10
0.0
 20
0.0
 30
0.0
  3
*D16
  1

  0
LINE
  5
2E9
330
2E7
100
AcDbEntity
  8
FD_Dimensions
 62
     0
440
 16777216
370
    -2
100
AcDbLine
 10
225.873333
 20
140.586111
 30
0.0
 11
237.855307
 21
120.616154
 31
0.0
  0
LINE
  5
2EA
330
2E7
100
AcDbEntity
  8
FD_Dimensions
 62
     0
440
 16777216
370
    -2
100
AcDbLine
 10
242.691568
 20
112.555721
 30
0.0
 11
244.492303
 21
109.554496
 31
0.0
  0
MTEXT
  5
2EB
330
2E7
100
AcDbEntity
  8
FD_Dimensions
 62
     0
440
 16777216
100
AcDbMText
 10
232.025518
 20
136.717151
 30
0.0
 40
3.5
 41
0.0
 46
0.0
 71
     5
 72
     1
  1
∅2.4
 11
0.514496
 21
-0.857493
 31
0.0
 73
     1
 44
1.0
  0
LINE
  5
2EC
330
2E7
100
AcDbEntity
  8
FD_Dimensions
 62
     0
440
 16777216
370
    -2
100
AcDbLine
 10
240.890832
 20
115.556946
 30
0.0
 11
239.656043
 21
117.614929
 31
0.0
  0
SOLID
  5
2ED
330
2E7
100
AcDbEntity
  8
FD_Dimensions
 62
     0
440
 16777216
100
AcDbTrace
 10
243.191772
 20
112.855843
 30
0.0
 11
242.191363
 21
112.255598
 31
0.0
 12
240.890832
 22
115.556946
 32
0.0
 13
240.890832
 23
115.556946
 33
0.0
  0
SOLID
  5
2EE
330
2E7
100
AcDbEntity
  8
FD_Dimensions
 62
     0
440
 16777216
100
AcDbTrace
 10
238.355512
 20
120.916277
 30
0.0
 11
237.355103
 21
120.316032
 31
0.0
 12
239.656043
 22
117.614929
 32
0.0
 13
239.656043
 23
117.614929
 33
0.0
  0
POINT
  5
2EF
330
2E7
100
AcDbEntity
  8
Defpoints
 62
     0
440
 16777216
100
AcDbPoint
 10
239.656043
 20
117.614929
 30
0.0
  0
POINT
  5
2F0
330
2E7
100
AcDbEntity
  8
Defpoints
 62
     0
440
 16777216
100
AcDbPoint
 10
240.890832
 20
115.556946
 30
0.0
  0
ENDBLK
  5
2F1
330
2E7
100
AcDbEntity
  8
0
100
AcDbBlockEnd
  0
BLOCK
  5
2F4
330
2F3
100
AcDbEntity
  8
0
100
AcDbBlockBegin
  2
*D17
 70
     1
 10
0.0
 20
0.0
 30
0.0
  3
*D17
  1

  0
LINE
  5
2F5
330
2F3
100
AcDbEntity
  8
FD_Dimensions
 62
     0
440
 16777216
370
    -2
100
AcDbLine
 10
286.513793
 20
231.285234
 30
0.0
 11
297.796765
 21
210.455131
 31
0.0
  0
LINE
  5
2F6
330
2F3
100
AcDbEntity
  8
FD_Dimensions
 62
     0
440
 16777216
370
    -2
100
AcDbLine
 10
302.75011
 20
201.310494
 30
0.0
 11
304.417101
 21
198.232972
 31
0.0
  0
MTEXT
  5
2F7
330
2F3
100
AcDbEntity
  8
FD_Dimensions
 62
     0
440
 16777216
100
AcDbMText
 10
292.489857
 20
227.149429
 30
0.0
 40
3.5
 41
0.0
 46
0.0
 71
     5
 72
     1
  1
∅3.4
 11
0.476283
 21
-0.879292
 31
0.0
 73
     1
 44
1.0
  0
LINE
  5
2F8
330
2F3
100
AcDbEntity
  8
FD_Dimensions
 62
     0
440
 16777216
370
    -2
100
AcDbLine
 10
301.083119
 20
204.388016
 30
0.0
 11
299.463756
 21
207.377609
 31
0.0
  0
SOLID
  5
2F9
330
2F3
100
AcDbEntity
  8
FD_Dimensions
 62
     0
440
 16777216
100
AcDbTrace
 10
303.26303
 20
201.588326
 30
0.0
 11
302.23719
 21
201.032662
 31
0.0
 12
301.083119
 22
204.388016
 32
0.0
 13
301.083119
 23
204.388016
 33
0.0
  0
SOLID
  5
2FA
330
2F3
100
AcDbEntity
  8
FD_Dimensions
 62
     0
440
 16777216
100
AcDbTrace
 10
298.309685
 20
210.732963
 30
0.0
 11
297.283845
 21
210.177299
 31
0.0
 12
299.463756
 22
207.377609
 32
0.0
 13
299.463756
 23
207.377609
 33
0.0
  0
POINT
  5
2FB
330
2F3
100
AcDbEntity
  8
Defpoints
 62
     0
440
 16777216
100
AcDbPoint
 10
299.463756
 20
207.377609
 30
0.0
  0
POINT
  5
2FC
330
2F3
100
AcDbEntity
  8
Defpoints
 62
     0
440
 16777216
100
AcDbPoint
 10
301.083119
 20
204.388016
 30
0.0
  0
ENDBLK
  5
2FD
330
2F3
100
AcDbEntity
  8
0
100
AcDbBlockEnd
  0
BLOCK
  5
300
330
2FF
100
AcDbEntity
  8
0
100
AcDbBlockBegin
  2
*D18
 70
     1
 10
0.0
 20
0.0
 30
0.0
  3
*D18
  1

  0
LINE
  5
301
330
2FF
100
AcDbEntity
  8
FD_Dimensions
 62
     0
440
 16777216
370
    -2
100
AcDbLine
 10
324.386264
 20
219.278827
 30
0.0
 11
304.381977
 21
208.165334
 31
0.0
  0
LINE
  5
302
330
2FF
100
AcDbEntity
  8
FD_Dimensions
 62
     0
440
 16777216
370
    -2
100
AcDbLine
 10
296.164898
 20
203.600291
 30
0.0
 11
293.105348
 21
201.90054
 31
0.0
  0
MTEXT
  5
303
330
2FF
100
AcDbEntity
  8
FD_Dimensions
 62
     0
440
 16777216
100
AcDbMText
 10
317.123925
 20
219.001975
 30
0.0
 40
3.5
 41
0.0
 46
0.0
 71
     5
 72
     1
  1
∅2.4
 11
0.874157
 21
0.485643
 31
0.0
 73
     1
 44
1.0
  0
LINE
  5
304
330
2FF
100
AcDbEntity
  8
FD_Dimensions
 62
     0
440
 16777216
370
    -2
100
AcDbLine
 10
299.224449
 20
205.300041
 30
0.0
 11
301.322426
 21
206.465584
 31
0.0
  0
SOLID
  5
305
330
2FF
100
AcDbEntity
  8
FD_Dimensions
 62
     0
440
 16777216
100
AcDbTrace
 10
295.881607
 20
204.110216
 30
0.0
 11
296.44819
 21
203.090366
 31
0.0
 12
299.224449
 22
205.300041
 32
0.0
 13
299.224449
 23
205.300041
 33
0.0
  0
SOLID
  5
306
330
2FF
100
AcDbEntity
  8
FD_Dimensions
 62
     0
440
 16777216
100
AcDbTrace
 10
304.098685
 20
208.675259
 30
0.0
 11
304.665268
 21
207.655409
 31
0.0
 12
301.322426
 22
206.465584
 32
0.0
 13
301.322426
 23
206.465584
 33
0.0
  0
POINT
  5
307
330
2FF
100
AcDbEntity
  8
Defpoints
 62
     0
440
 16777216
100
AcDbPoint
 10
301.322426
 20
206.465584
 30
0.0
  0
POINT
  5
308
330
2FF
100
AcDbEntity
  8
Defpoints
 62
     0
440
 16777216
100
AcDbPoint
 10
299.224449
 20
205.300041
 30
0.0
  0
ENDBLK
  5
309
330
2FF
100
AcDbEntity
  8
0
100
AcDbBlockEnd
  0
BLOCK
  5
30C
330
30B
100
AcDbEntity
  8
0
100
AcDbBlockBegin
  2
*D19
 70
     1
 10
0.0
 20
0.0
 30
0.0
  3
*D19
  1

  0
LINE
  5
30D
330
30B
100
AcDbEntity
  8
FD_Dimensions
 62
     0
440
 16777216
370
    -2
100
AcDbLine
 10
185.273438
 20
98.985938
 30
0.0
 11
185.273438
 21
73.035938
 31
0.0
  0
LINE
  5
30E
330
30B
100
AcDbEntity
  8
FD_Dimensions
 62
     0
440
 16777216
370
    -2
100
AcDbLine
 10
240.273438
 20
99.285937
 30
0.0
 11
240.273438
 21
73.035938
 31
0.0
  0
LINE
  5
30F
330
30B
100
AcDbEntity
  8
FD_Dimensions
 62
     0
440
 16777216
370
    -2
100
AcDbLine
 10
188.773438
 20
75.135937
 30
0.0
 11
236.773438
 21
75.135937
 31
0.0
  0
SOLID
  5
310
330
30B
100
AcDbEntity
  8
FD_Dimensions
 62
     0
440
 16777216
100
AcDbTrace
 10
188.773438
 20
75.719271
 30
0.0
 11
188.773438
 21
74.552604
 31
0.0
 12
185.273438
 22
75.135937
 32
0.0
 13
185.273438
 23
75.135937
 33
0.0
  0
SOLID
  5
311
330
30B
100
AcDbEntity
  8
FD_Dimensions
 62
     0
440
 16777216
100
AcDbTrace
 10
236.773438
 20
75.719271
 30
0.0
 11
236.773438
 21
74.552604
 31
0.0
 12
240.273438
 22
75.135937
 32
0.0
 13
240.273438
 23
75.135937
 33
0.0
  0
MTEXT
  5
312
330
30B
100
AcDbEntity
  8
FD_Dimensions
 62
     0
440
 16777216
100
AcDbMText
 10
212.773438
 20
78.315781
 30
0.0
 40
3.5
 41
0.0
 46
0.0
 71
     5
 72
     1
  1
55
 73
     1
 44
1.0
  0
POINT
  5
313
330
30B
100
AcDbEntity
  8
Defpoints
 62
     0
440
 16777216
100
AcDbPoint
 10
185.273438
 20
101.085938
 30
0.0
  0
POINT
  5
314
330
30B
100
AcDbEntity
  8
Defpoints
 62
     0
440
 16777216
100
AcDbPoint
 10
240.273438
 20
101.385938
 30
0.0
  0
POINT
  5
315
330
30B
100
AcDbEntity
  8
Defpoints
 62
     0
440
 16777216
100
AcDbPoint
 10
240.273438
 20
75.135937
 30
0.0
  0
ENDBLK
  5
316
330
30B
100
AcDbEntity
  8
0
100
AcDbBlockEnd
  0
BLOCK
  5
319
330
318
100
AcDbEntity
  8
0
100
AcDbBlockBegin
  2
*D20
 70
     1
 10
0.0
 20
0.0
 30
0.0
  3
*D20
  1

  0
LINE
  5
31A
330
318
100
AcDbEntity
  8
FD_Dimensions
 62
     0
440
 16777216
370
    -2
100
AcDbLine
 10
188.673438
 20
95.585938
 30
0.0
 11
158.1
 21
95.585938
 31
0.0
  0
LINE
  5
31B
330
318
100
AcDbEntity
  8
FD_Dimensions
 62
     0
440
 16777216
370
    -2
100
AcDbLine
 10
193.373438
 20
116.585938
 30
0.0
 11
158.1
 21
116.585938
 31
0.0
  0
LINE
  5
31C
330
318
100
AcDbEntity
  8
FD_Dimensions
 62
     0
440
 16777216
370
    -2
100
AcDbLine
 10
160.2
 20
99.085938
 30
0.0
 11
160.2
 21
113.085938
 31
0.0
  0
SOLID
  5
31D
330
318
100
AcDbEntity
  8
FD_Dimensions
 62
     0
440
 16777216
100
AcDbTrace
 10
159.616667
 20
99.085938
 30
0.0
 11
160.783333
 21
99.085938
 31
0.0
 12
160.2
 22
95.585938
 32
0.0
 13
160.2
 23
95.585938
 33
0.0
  0
SOLID
  5
31E
330
318
100
AcDbEntity
  8
FD_Dimensions
 62
     0
440
 16777216
100
AcDbTrace
 10
159.616667
 20
113.085938
 30
0.0
 11
160.783333
 21
113.085938
 31
0.0
 12
160.2
 22
116.585938
 32
0.0
 13
160.2
 23
116.585938
 33
0.0
  0
MTEXT
  5
31F
330
318
100
AcDbEntity
  8
FD_Dimensions
 62
     0
440
 16777216
100
AcDbMText
 10
157.042838
 20
106.085938
 30
0.0
 40
3.5
 41
0.0
 46
0.0
 71
     5
 72
     1
  1
21
 11
0.0
 21
1.0
 31
0.0
 73
     1
 44
1.0
  0
POINT
  5
320
330
318
100
AcDbEntity
  8
Defpoints
 62
     0
440
 16777216
100
AcDbPoint
 10
190.773438
 20
95.585938
 30
0.0
  0
POINT
  5
321
330
318
100
AcDbEntity
  8
Defpoints
 62
     0
440
 16777216
100
AcDbPoint
 10
195.473438
 20
116.585938
 30
0.0
  0
POINT
  5
322
330
318
100
AcDbEntity
  8
Defpoints
 62
     0
440
 16777216
100
AcDbPoint
 10
160.2
 20
116.585938
 30
0.0
  0
ENDBLK
  5
323
330
318
100
AcDbEntity
  8
0
100
AcDbBlockEnd
  0
BLOCK
  5
326
330
325
100
AcDbEntity
  8
0
100
AcDbBlockBegin
  2
*D21
 70
     1
 10
0.0
 20
0.0
 30
0.0
  3
*D21
  1

  0
LINE
  5
327
330
325
100
AcDbEntity
  8
FD_Dimensions
 62
     0
440
 16777216
370
    -2
100
AcDbLine
 10
188.673438
 20
95.585938
 30
0.0
 11
172.865625
 21
95.585938
 31
0.0
  0
LINE
  5
328
330
325
100
AcDbEntity
  8
FD_Dimensions
 62
     0
440
 16777216
370
    -2
100
AcDbLine
 10
193.373438
 20
106.585938
 30
0.0
 11
172.865625
 21
106.585938
 31
0.0
  0
LINE
  5
329
330
325
100
AcDbEntity
  8
FD_Dimensions
 62
     0
440
 16777216
370
    -2
100
AcDbLine
 10
174.965625
 20
99.085938
 30
0.0
 11
174.965625
 21
103.085938
 31
0.0
  0
SOLID
  5
32A
330
325
100
AcDbEntity
  8
FD_Dimensions
 62
     0
440
 16777216
100
AcDbTrace
 10
174.382292
 20
99.085938
 30
0.0
 11
175.548958
 21
99.085938
 31
0.0
 12
174.965625
 22
95.585938
 32
0.0
 13
174.965625
 23
95.585938
 33
0.0
  0
SOLID
  5
32B
330
325
100
AcDbEntity
  8
FD_Dimensions
 62
     0
440
 16777216
100
AcDbTrace
 10
174.382292
 20
103.085938
 30
0.0
 11
175.548958
 21
103.085938
 31
0.0
 12
174.965625
 22
106.585938
 32
0.0
 13
174.965625
 23
106.585938
 33
0.0
  0
MTEXT
  5
32C
330
325
100
AcDbEntity
  8
FD_Dimensions
 62
     0
440
 16777216
100
AcDbMText
 10
171.808463
 20
101.085938
 30
0.0
 40
3.5
 41
0.0
 46
0.0
 71
     5
 72
     1
  1
11
 11
0.0
 21
1.0
 31
0.0
 73
     1
 44
1.0
  0
POINT
  5
32D
330
325
100
AcDbEntity
  8
Defpoints
 62
     0
440
 16777216
100
AcDbPoint
 10
190.773438
 20
95.585938
 30
0.0
  0
POINT
  5
32E
330
325
100
AcDbEntity
  8
Defpoints
 62
     0
440
 16777216
100
AcDbPoint
 10
195.473438
 20
106.585938
 30
0.0
  0
POINT
  5
32F
330
325
100
AcDbEntity
  8
Defpoints
 62
     0
440
 16777216
100
AcDbPoint
 10
174.965625
 20
106.585938
 30
0.0
  0
ENDBLK
  5
330
330
325
100
AcDbEntity
  8
0
100
AcDbBlockEnd
  0
BLOCK
  5
333
330
332
100
AcDbEntity
  8
0
100
AcDbBlockBegin
  2
*D22
 70
     1
 10
0.0
 20
0.0
 30
0.0
  3
*D22
  1

  0
LINE
  5
334
330
332
100
AcDbEntity
  8
FD_Dimensions
 62
     0
440
 16777216
370
    -2
100
AcDbLine
 10
185.273438
 20
124.185938
 30
0.0
 11
185.273438
 21
139.451563
 31
0.0
  0
LINE
  5
335
330
332
100
AcDbEntity
  8
FD_Dimensions
 62
     0
440
 16777216
370
    -2
100
AcDbLine
 10
193.773438
 20
124.685938
 30
0.0
 11
193.773438
 21
139.451563
 31
0.0
  0
LINE
  5
336
330
332
100
AcDbEntity
  8
FD_Dimensions
 62
     0
440
 16777216
370
    -2
100
AcDbLine
 10
181.773438
 20
137.351563
 30
0.0
 11
178.273438
 21
137.351563
 31
0.0
  0
LINE
  5
337
330
332
100
AcDbEntity
  8
FD_Dimensions
 62
     0
440
 16777216
370
    -2
100
AcDbLine
 10
197.273438
 20
137.351563
 30
0.0
 11
209.976575
 21
137.351563
 31
0.0
  0
LINE
  5
338
330
332
100
AcDbEntity
  8
FD_Dimensions
 62
     0
440
 16777216
370
    -2
100
AcDbLine
 10
185.273438
 20
137.351563
 30
0.0
 11
193.773438
 21
137.351563
 31
0.0
  0
SOLID
  5
339
330
332
100
AcDbEntity
  8
FD_Dimensions
 62
     0
440
 16777216
100
AcDbTrace
 10
181.773438
 20
137.934896
 30
0.0
 11
181.773438
 21
136.768229
 31
0.0
 12
185.273438
 22
137.351563
 32
0.0
 13
185.273438
 23
137.351563
 33
0.0
  0
SOLID
  5
33A
330
332
100
AcDbEntity
  8
FD_Dimensions
 62
     0
440
 16777216
100
AcDbTrace
 10
197.273438
 20
137.934896
 30
0.0
 11
197.273438
 21
136.768229
 31
0.0
 12
193.773438
 22
137.351563
 32
0.0
 13
193.773438
 23
137.351563
 33
0.0
  0
MTEXT
  5
33B
330
332
100
AcDbEntity
  8
FD_Dimensions
 62
     0
440
 16777216
100
AcDbMText
 10
205.375006
 20
140.538568
 30
0.0
 40
3.5
 41
0.0
 46
0.0
 71
     5
 72
     1
  1
8.5
 73
     1
 44
1.0
  0
POINT
  5
33C
330
332
100
AcDbEntity
  8
Defpoints
 62
     0
440
 16777216
100
AcDbPoint
 10
185.273438
 20
122.085938
 30
0.0
  0
POINT
  5
33D
330
332
100
AcDbEntity
  8
Defpoints
 62
     0
440
 16777216
100
AcDbPoint
 10
193.773438
 20
122.585938
 30
0.0
  0
POINT
  5
33E
330
332
100
AcDbEntity
  8
Defpoints
 62
     0
440
 16777216
100
AcDbPoint
 10
193.773438
 20
137.351563
 30
0.0
  0
ENDBLK
  5
33F
330
332
100
AcDbEntity
  8
0
100
AcDbBlockEnd
  0
BLOCK
  5
342
330
341
100
AcDbEntity
  8
0
100
AcDbBlockBegin
  2
*D23
 70
     1
 10
0.0
 20
0.0
 30
0.0
  3
*D23
  1

  0
LINE
  5
343
330
341
100
AcDbEntity
  8
FD_Dimensions
 62
     0
440
 16777216
370
    -2
100
AcDbLine
 10
185.273438
 20
183.282813
 30
0.0
 11
185.273438
 21
153.309375
 31
0.0
  0
LINE
  5
344
330
341
100
AcDbEntity
  8
FD_Dimensions
 62
     0
440
 16777216
370
    -2
100
AcDbLine
 10
300.273438
 20
188.582813
 30
0.0
 11
300.273438
 21
153.309375
 31
0.0
  0
LINE
  5
345
330
341
100
AcDbEntity
  8
FD_Dimensions
 62
     0
440
 16777216
370
    -2
100
AcDbLine
 10
188.773438
 20
155.409375
 30
0.0
 11
296.773438
 21
155.409375
 31
0.0
  0
SOLID
  5
346
330
341
100
AcDbEntity
  8
FD_Dimensions
 62
     0
440
 16777216
100
AcDbTrace
 10
188.773438
 20
155.992708
 30
0.0
 11
188.773438
 21
154.826042
 31
0.0
 12
185.273438
 22
155.409375
 32
0.0
 13
185.273438
 23
155.409375
 33
0.0
  0
SOLID
  5
347
330
341
100
AcDbEntity
  8
FD_Dimensions
 62
     0
440
 16777216
100
AcDbTrace
 10
296.773438
 20
155.992708
 30
0.0
 11
296.773438
 21
154.826042
 31
0.0
 12
300.273438
 22
155.409375
 32
0.0
 13
300.273438
 23
155.409375
 33
0.0
  0
MTEXT
  5
348
330
341
100
AcDbEntity
  8
FD_Dimensions
 62
     0
440
 16777216
100
AcDbMText
 10
242.773438
 20
158.59638
 30
0.0
 40
3.5
 41
0.0
 46
0.0
 71
     5
 72
     1
  1
115
 73
     1
 44
1.0
  0
POINT
  5
349
330
341
100
AcDbEntity
  8
Defpoints
 62
     0
440
 16777216
100
AcDbPoint
 10
185.273438
 20
185.382813
 30
0.0
  0
POINT
  5
34A
330
341
100
AcDbEntity
  8
Defpoints
 62
     0
440
 16777216
100
AcDbPoint
 10
300.273438
 20
190.682813
 30
0.0
  0
POINT
  5
34B
330
341
100
AcDbEntity
  8
Defpoints
 62
     0
440
 16777216
100
AcDbPoint
 10
300.273438
 20
155.409375
 30
0.0
  0
ENDBLK
  5
34C
330
341
100
AcDbEntity
  8
0
100
AcDbBlockEnd
  0
BLOCK
  5
34F
330
34E
100
AcDbEntity
  8
0
100
AcDbBlockBegin
  2
*D24
 70
     1
 10
0.0
 20
0.0
 30
0.0
  3
*D24
  1

  0
LINE
  5
350
330
34E
100
AcDbEntity
  8
FD_Dimensions
 62
     0
440
 16777216
370
    -2
100
AcDbLine
 10
185.273438
 20
183.282813
 30
0.0
 11
185.273438
 21
162.532813
 31
0.0
  0
LINE
  5
351
330
34E
100
AcDbEntity
  8
FD_Dimensions
 62
     0
440
 16777216
370
    -2
100
AcDbLine
 10
253.773438
 20
188.782813
 30
0.0
 11
253.773438
 21
162.532813
 31
0.0
  0
LINE
  5
352
330
34E
100
AcDbEntity
  8
FD_Dimensions
 62
     0
440
 16777216
370
    -2
100
AcDbLine
 10
188.773438
 20
164.632813
 30
0.0
 11
250.273438
 21
164.632813
 31
0.0
  0
SOLID
  5
353
330
34E
100
AcDbEntity
  8
FD_Dimensions
 62
     0
440
 16777216
100
AcDbTrace
 10
188.773438
 20
165.216146
 30
0.0
 11
188.773438
 21
164.049479
 31
0.0
 12
185.273438
 22
164.632813
 32
0.0
 13
185.273438
 23
164.632813
 33
0.0
  0
SOLID
  5
354
330
34E
100
AcDbEntity
  8
FD_Dimensions
 62
     0
440
 16777216
100
AcDbTrace
 10
250.273438
 20
165.216146
 30
0.0
 11
250.273438
 21
164.049479
 31
0.0
 12
253.773438
 22
164.632813
 32
0.0
 13
253.773438
 23
164.632813
 33
0.0
  0
MTEXT
  5
355
330
34E
100
AcDbEntity
  8
FD_Dimensions
 62
     0
440
 16777216
100
AcDbMText
 10
219.523438
 20
167.819818
 30
0.0
 40
3.5
 41
0.0
 46
0.0
 71
     5
 72
     1
  1
68.5
 73
     1
 44
1.0
  0
POINT
  5
356
330
34E
100
AcDbEntity
  8
Defpoints
 62
     0
440
 16777216
100
AcDbPoint
 10
185.273438
 20
185.382813
 30
0.0
  0
POINT
  5
357
330
34E
100
AcDbEntity
  8
Defpoints
 62
     0
440
 16777216
100
AcDbPoint
 10
253.773438
 20
190.882813
 30
0.0
  0
POINT
  5
358
330
34E
100
AcDbEntity
  8
Defpoints
 62
     0
440
 16777216
100
AcDbPoint
 10
253.773438
 20
164.632813
 30
0.0
  0
ENDBLK
  5
359
330
34E
100
AcDbEntity
  8
0
100
AcDbBlockEnd
  0
BLOCK
  5
35C
330
35B
100
AcDbEntity
  8
0
100
AcDbBlockBegin
  2
*D25
 70
     1
 10
0.0
 20
0.0
 30
0.0
  3
*D25
  1

  0
LINE
  5
35D
330
35B
100
AcDbEntity
  8
FD_Dimensions
 62
     0
440
 16777216
370
    -2
100
AcDbLine
 10
185.273438
 20
183.282813
 30
0.0
 11
185.273438
 21
172.996875
 31
0.0
  0
LINE
  5
35E
330
35B
100
AcDbEntity
  8
FD_Dimensions
 62
     0
440
 16777216
370
    -2
100
AcDbLine
 10
250.273438
 20
188.582813
 30
0.0
 11
250.273438
 21
172.996875
 31
0.0
  0
LINE
  5
35F
330
35B
100
AcDbEntity
  8
FD_Dimensions
 62
     0
440
 16777216
370
    -2
100
AcDbLine
 10
188.773438
 20
175.096875
 30
0.0
 11
246.773438
 21
175.096875
 31
0.0
  0
SOLID
  5
360
330
35B
100
AcDbEntity
  8
FD_Dimensions
 62
     0
440
 16777216
100
AcDbTrace
 10
188.773438
 20
175.680208
 30
0.0
 11
188.773438
 21
174.513542
 31
0.0
 12
185.273438
 22
175.096875
 32
0.0
 13
185.273438
 23
175.096875
 33
0.0
  0
SOLID
  5
361
330
35B
100
AcDbEntity
  8
FD_Dimensions
 62
     0
440
 16777216
100
AcDbTrace
 10
246.773438
 20
175.680208
 30
0.0
 11
246.773438
 21
174.513542
 31
0.0
 12
250.273438
 22
175.096875
 32
0.0
 13
250.273438
 23
175.096875
 33
0.0
  0
MTEXT
  5
362
330
35B
100
AcDbEntity
  8
FD_Dimensions
 62
     0
440
 16777216
100
AcDbMText
 10
217.773438
 20
178.28388
 30
0.0
 40
3.5
 41
0.0
 46
0.0
 71
     5
 72
     1
  1
65
 73
     1
 44
1.0
  0
POINT
  5
363
330
35B
100
AcDbEntity
  8
Defpoints
 62
     0
440
 16777216
100
AcDbPoint
 10
185.273438
 20
185.382813
 30
0.0
  0
POINT
  5
364
330
35B
100
AcDbEntity
  8
Defpoints
 62
     0
440
 16777216
100
AcDbPoint
 10
250.273438
 20
190.682813
 30
0.0
  0
POINT
  5
365
330
35B
100
AcDbEntity
  8
Defpoints
 62
     0
440
 16777216
100
AcDbPoint
 10
250.273438
 20
175.096875
 30
0.0
  0
ENDBLK
  5
366
330
35B
100
AcDbEntity
  8
0
100
AcDbBlockEnd
  0
BLOCK
  5
369
330
368
100
AcDbEntity
  8
0
100
AcDbBlockBegin
  2
*D26
 70
     1
 10
0.0
 20
0.0
 30
0.0
  3
*D26
  1

  0
LINE
  5
36A
330
368
100
AcDbEntity
  8
FD_Dimensions
 62
     0
440
 16777216
370
    -2
100
AcDbLine
 10
187.873438
 20
184.882813
 30
0.0
 11
317.720313
 21
184.882813
 31
0.0
  0
LINE
  5
36B
330
368
100
AcDbEntity
  8
FD_Dimensions
 62
     0
440
 16777216
370
    -2
100
AcDbLine
 10
247.173438
 20
205.882813
 30
0.0
 11
317.720313
 21
205.882813
 31
0.0
  0
LINE
  5
36C
330
368
100
AcDbEntity
  8
FD_Dimensions
 62
     0
440
 16777216
370
    -2
100
AcDbLine
 10
315.620313
 20
188.382813
 30
0.0
 11
315.620313
 21
202.382813
 31
0.0
  0
SOLID
  5
36D
330
368
100
AcDbEntity
  8
FD_Dimensions
 62
     0
440
 16777216
100
AcDbTrace
 10
315.036979
 20
188.382813
 30
0.0
 11
316.203646
 21
188.382813
 31
0.0
 12
315.620313
 22
184.882813
 32
0.0
 13
315.620313
 23
184.882813
 33
0.0
  0
SOLID
  5
36E
330
368
100
AcDbEntity
  8
FD_Dimensions
 62
     0
440
 16777216
100
AcDbTrace
 10
315.036979
 20
202.382813
 30
0.0
 11
316.203646
 21
202.382813
 31
0.0
 12
315.620313
 22
205.882813
 32
0.0
 13
315.620313
 23
205.882813
 33
0.0
  0
MTEXT
  5
36F
330
368
100
AcDbEntity
  8
FD_Dimensions
 62
     0
440
 16777216
100
AcDbMText
 10
312.46315
 20
195.382813
 30
0.0
 40
3.5
 41
0.0
 46
0.0
 71
     5
 72
     1
  1
21
 11
0.0
 21
1.0
 31
0.0
 73
     1
 44
1.0
  0
POINT
  5
370
330
368
100
AcDbEntity
  8
Defpoints
 62
     0
440
 16777216
100
AcDbPoint
 10
185.773438
 20
184.882813
 30
0.0
  0
POINT
  5
371
330
368
100
AcDbEntity
  8
Defpoints
 62
     0
440
 16777216
100
AcDbPoint
 10
245.073438
 20
205.882813
 30
0.0
  0
POINT
  5
372
330
368
100
AcDbEntity
  8
Defpoints
 62
     0
440
 16777216
100
AcDbPoint
 10
315.620313
 20
205.882813
 30
0.0
  0
ENDBLK
  5
373
330
368
100
AcDbEntity
  8
0
100
AcDbBlockEnd
  0
BLOCK
  5
376
330
375
100
AcDbEntity
  8
0
100
AcDbBlockBegin
  2
*D27
 70
     1
 10
0.0
 20
0.0
 30
0.0
  3
*D27
  1

  0
LINE
  5
377
330
375
100
AcDbEntity
  8
FD_Dimensions
 62
     0
440
 16777216
370
    -2
100
AcDbLine
 10
183.673438
 20
184.882813
 30
0.0
 11
173.246875
 21
184.882813
 31
0.0
  0
LINE
  5
378
330
375
100
AcDbEntity
  8
FD_Dimensions
 62
     0
440
 16777216
370
    -2
100
AcDbLine
 10
242.973438
 20
195.882813
 30
0.0
 11
173.246875
 21
195.882813
 31
0.0
  0
LINE
  5
379
330
375
100
AcDbEntity
  8
FD_Dimensions
 62
     0
440
 16777216
370
    -2
100
AcDbLine
 10
175.346875
 20
188.382813
 30
0.0
 11
175.346875
 21
192.382813
 31
0.0
  0
SOLID
  5
37A
330
375
100
AcDbEntity
  8
FD_Dimensions
 62
     0
440
 16777216
100
AcDbTrace
 10
174.763542
 20
188.382813
 30
0.0
 11
175.930208
 21
188.382813
 31
0.0
 12
175.346875
 22
184.882813
 32
0.0
 13
175.346875
 23
184.882813
 33
0.0
  0
SOLID
  5
37B
330
375
100
AcDbEntity
  8
FD_Dimensions
 62
     0
440
 16777216
100
AcDbTrace
 10
174.763542
 20
192.382813
 30
0.0
 11
175.930208
 21
192.382813
 31
0.0
 12
175.346875
 22
195.882813
 32
0.0
 13
175.346875
 23
195.882813
 33
0.0
  0
MTEXT
  5
37C
330
375
100
AcDbEntity
  8
FD_Dimensions
 62
     0
440
 16777216
100
AcDbMText
 10
172.189713
 20
190.382813
 30
0.0
 40
3.5
 41
0.0
 46
0.0
 71
     5
 72
     1
  1
11
 11
0.0
 21
1.0
 31
0.0
 73
     1
 44
1.0
  0
POINT
  5
37D
330
375
100
AcDbEntity
  8
Defpoints
 62
     0
440
 16777216
100
AcDbPoint
 10
185.773438
 20
184.882813
 30
0.0
  0
POINT
  5
37E
330
375
100
AcDbEntity
  8
Defpoints
 62
     0
440
 16777216
100
AcDbPoint
 10
245.073438
 20
195.882813
 30
0.0
  0
POINT
  5
37F
330
375
100
AcDbEntity
  8
Defpoints
 62
     0
440
 16777216
100
AcDbPoint
 10
175.346875
 20
195.882813
 30
0.0
  0
ENDBLK
  5
380
330
375
100
AcDbEntity
  8
0
100
AcDbBlockEnd
  0
BLOCK
  5
383
330
382
100
AcDbEntity
  8
0
100
AcDbBlockBegin
  2
*D28
 70
     1
 10
0.0
 20
0.0
 30
0.0
  3
*D28
  1

  0
ARC
  5
384
330
382
100
AcDbEntity
  8
FD_Dimensions
 62
     0
440
 16777216
370
    -2
100
AcDbCircle
 10
190.273438
 20
127.085938
 30
0.0
 40
5.091168824543141
100
AcDbArc
 50
184.79112
 51
225.0
  0
LINE
  5
385
330
382
100
AcDbEntity
  8
FD_Dimensions
 62
     0
440
 16777216
370
    -2
100
AcDbLine
 10
185.200058
 20
126.660706
 30
0.0
 11
184.193088
 21
138.674719
 31
0.0
  0
ARC
  5
386
330
382
100
AcDbEntity
  8
FD_Dimensions
 62
     0
440
 16777216
370
    -2
100
AcDbCircle
 10
190.273438
 20
127.085938
 30
0.0
 40
5.091168824543141
100
AcDbArc
 50
265.20888
 51
319.79112
  0
SOLID
  5
387
330
382
100
AcDbEntity
  8
FD_Dimensions
 62
     0
440
 16777216
100
AcDbTrace
 10
189.602643
 20
121.48343
 30
0.0
 11
190.093769
 21
122.541686
 31
0.0
 12
186.673438
 22
123.485938
 32
0.0
 13
186.673438
 23
123.485938
 33
0.0
  0
SOLID
  5
388
330
382
100
AcDbEntity
  8
FD_Dimensions
 62
     0
440
 16777216
100
AcDbTrace
 10
193.613753
 20
123.999711
 30
0.0
 11
194.709332
 21
123.59869
 31
0.0
 12
195.364606
 22
127.085938
 32
0.0
 13
195.364606
 23
127.085938
 33
0.0
  0
MTEXT
  5
389
330
382
100
AcDbEntity
  8
FD_Dimensions
 62
     0
440
 16777216
100
AcDbMText
 10
187.873632
 20
132.934001
 30
0.0
 40
3.5
 41
0.0
 46
0.0
 71
     5
 72
     1
  1
135\U+00B0
 11
0.083523
 21
-0.996506
 31
0.0
 73
     1
 44
1.0
  0
POINT
  5
38A
330
382
100
AcDbEntity
  8
Defpoints
 62
     0
440
 16777216
100
AcDbPoint
 10
190.273438
 20
121.994769
 30
0.0
  0
POINT
  5
38B
330
382
100
AcDbEntity
  8
Defpoints
 62
     0
440
 16777216
100
AcDbPoint
 10
244.773438
 20
127.085938
 30
0.0
  0
POINT
  5
38C
330
382
100
AcDbEntity
  8
Defpoints
 62
     0
440
 16777216
100
AcDbPoint
 10
185.773438
 20
122.585938
 30
0.0
  0
POINT
  5
38D
330
382
100
AcDbEntity
  8
Defpoints
 62
     0
440
 16777216
100
AcDbPoint
 10
190.273438
 20
127.085938
 30
0.0
  0
POINT
  5
38E
330
382
100
AcDbEntity
  8
Defpoints
 62
     0
440
 16777216
100
AcDbPoint
 10
190.273438
 20
127.085938
 30
0.0
  0
ENDBLK
  5
38F
330
382
100
AcDbEntity
  8
0
100
AcDbBlockEnd
  0
BLOCK
  5
392
330
391
100
AcDbEntity
  8
0
100
AcDbBlockBegin
  2
*D29
 70
     1
 10
0.0
 20
0.0
 30
0.0
  3
*D29
  1

  0
LINE
  5
393
330
391
100
AcDbEntity
  8
FD_Dimensions
 62
     0
440
 16777216
370
    -2
100
AcDbLine
 10
185.273438
 20
98.985938
 30
0.0
 11
185.273438
 21
63.134375
 31
0.0
  0
LINE
  5
394
330
391
100
AcDbEntity
  8
FD_Dimensions
 62
     0
440
 16777216
370
    -2
100
AcDbLine
 10
304.773438
 20
93.485938
 30
0.0
 11
304.773438
 21
63.134375
 31
0.0
  0
LINE
  5
395
330
391
100
AcDbEntity
  8
FD_Dimensions
 62
     0
440
 16777216
370
    -2
100
AcDbLine
 10
188.773438
 20
65.234375
 30
0.0
 11
301.273438
 21
65.234375
 31
0.0
  0
SOLID
  5
396
330
391
100
AcDbEntity
  8
FD_Dimensions
 62
     0
440
 16777216
100
AcDbTrace
 10
188.773438
 20
65.817708
 30
0.0
 11
188.773438
 21
64.651042
 31
0.0
 12
185.273438
 22
65.234375
 32
0.0
 13
185.273438
 23
65.234375
 33
0.0
  0
SOLID
  5
397
330
391
100
AcDbEntity
  8
FD_Dimensions
 62
     0
440
 16777216
100
AcDbTrace
 10
301.273438
 20
65.817708
 30
0.0
 11
301.273438
 21
64.651042
 31
0.0
 12
304.773438
 22
65.234375
 32
0.0
 13
304.773438
 23
65.234375
 33
0.0
  0
MTEXT
  5
398
330
391
100
AcDbEntity
  8
FD_Dimensions
 62
     0
440
 16777216
100
AcDbMText
 10
245.023438
 20
68.42138
 30
0.0
 40
3.5
 41
0.0
 46
0.0
 71
     5
 72
     1
  1
119.5
 73
     1
 44
1.0
  0
POINT
  5
399
330
391
100
AcDbEntity
  8
Defpoints
 62
     0
440
 16777216
100
AcDbPoint
 10
185.273438
 20
101.085938
 30
0.0
  0
POINT
  5
39A
330
391
100
AcDbEntity
  8
Defpoints
 62
     0
440
 16777216
100
AcDbPoint
 10
304.773438
 20
95.585938
 30
0.0
  0
POINT
  5
39B
330
391
100
AcDbEntity
  8
Defpoints
 62
     0
440
 16777216
100
AcDbPoint
 10
304.773438
 20
65.234375
 30
0.0
  0
ENDBLK
  5
39C
330
391
100
AcDbEntity
  8
0
100
AcDbBlockEnd
  0
BLOCK
  5
39F
330
39E
100
AcDbEntity
  8
0
100
AcDbBlockBegin
  2
*D30
 70
     1
 10
0.0
 20
0.0
 30
0.0
  3
*D30
  1

  0
LINE
  5
3A0
330
39E
100
AcDbEntity
  8
FD_Dimensions
 62
     0
440
 16777216
370
    -2
100
AcDbLine
 10
193.773438
 20
99.485938
 30
0.0
 11
193.773438
 21
83.079687
 31
0.0
  0
LINE
  5
3A1
330
39E
100
AcDbEntity
  8
FD_Dimensions
 62
     0
440
 16777216
370
    -2
100
AcDbLine
 10
236.773438
 20
99.485938
 30
0.0
 11
236.773438
 21
83.079687
 31
0.0
  0
LINE
  5
3A2
330
39E
100
AcDbEntity
  8
FD_Dimensions
 62
     0
440
 16777216
370
    -2
100
AcDbLine
 10
197.273438
 20
85.179688
 30
0.0
 11
233.273438
 21
85.179688
 31
0.0
  0
SOLID
  5
3A3
330
39E
100
AcDbEntity
  8
FD_Dimensions
 62
     0
440
 16777216
100
AcDbTrace
 10
197.273438
 20
85.763021
 30
0.0
 11
197.273438
 21
84.596354
 31
0.0
 12
193.773438
 22
85.179688
 32
0.0
 13
193.773438
 23
85.179688
 33
0.0
  0
SOLID
  5
3A4
330
39E
100
AcDbEntity
  8
FD_Dimensions
 62
     0
440
 16777216
100
AcDbTrace
 10
233.273438
 20
85.763021
 30
0.0
 11
233.273438
 21
84.596354
 31
0.0
 12
236.773438
 22
85.179688
 32
0.0
 13
236.773438
 23
85.179688
 33
0.0
  0
MTEXT
  5
3A5
330
39E
100
AcDbEntity
  8
FD_Dimensions
 62
     0
440
 16777216
100
AcDbMText
 10
215.273438
 20
88.367887
 30
0.0
 40
3.5
 41
0.0
 46
0.0
 71
     5
 72
     1
  1
43
 73
     1
 44
1.0
  0
POINT
  5
3A6
330
39E
100
AcDbEntity
  8
Defpoints
 62
     0
440
 16777216
100
AcDbPoint
 10
193.773438
 20
101.585938
 30
0.0
  0
POINT
  5
3A7
330
39E
100
AcDbEntity
  8
Defpoints
 62
     0
440
 16777216
100
AcDbPoint
 10
236.773438
 20
101.585938
 30
0.0
  0
POINT
  5
3A8
330
39E
100
AcDbEntity
  8
Defpoints
 62
     0
440
 16777216
100
AcDbPoint
 10
236.773438
 20
85.179688
 30
0.0
  0
ENDBLK
  5
3A9
330
39E
100
AcDbEntity
  8
0
100
AcDbBlockEnd
  0
BLOCK
  5
3AC
330
3AB
100
AcDbEntity
  8
0
100
AcDbBlockBegin
  2
*D31
 70
     1
 10
0.0
 20
0.0
 30
0.0
  3
*D31
  1

  0
LINE
  5
3AD
330
3AB
100
AcDbEntity
  8
FD_Dimensions
 62
     0
440
 16777216
370
    -2
100
AcDbLine
 10
192.673438
 20
100.585938
 30
0.0
 11
144.095313
 21
100.585938
 31
0.0
  0
LINE
  5
3AE
330
3AB
100
AcDbEntity
  8
FD_Dimensions
 62
     0
440
 16777216
370
    -2
100
AcDbLine
 10
191.673438
 20
122.585938
 30
0.0
 11
144.095313
 21
122.585938
 31
0.0
  0
LINE
  5
3AF
330
3AB
100
AcDbEntity
  8
FD_Dimensions
 62
     0
440
 16777216
370
    -2
100
AcDbLine
 10
146.195313
 20
104.085938
 30
0.0
 11
146.195313
 21
119.085938
 31
0.0
  0
SOLID
  5
3B0
330
3AB
100
AcDbEntity
  8
FD_Dimensions
 62
     0
440
 16777216
100
AcDbTrace
 10
145.611979
 20
104.085938
 30
0.0
 11
146.778646
 21
104.085938
 31
0.0
 12
146.195313
 22
100.585938
 32
0.0
 13
146.195313
 23
100.585938
 33
0.0
  0
SOLID
  5
3B1
330
3AB
100
AcDbEntity
  8
FD_Dimensions
 62
     0
440
 16777216
100
AcDbTrace
 10
145.611979
 20
119.085938
 30
0.0
 11
146.778646
 21
119.085938
 31
0.0
 12
146.195313
 22
122.585938
 32
0.0
 13
146.195313
 23
122.585938
 33
0.0
  0
MTEXT
  5
3B2
330
3AB
100
AcDbEntity
  8
FD_Dimensions
 62
     0
440
 16777216
100
AcDbMText
 10
143.03815
 20
111.585938
 30
0.0
 40
3.5
 41
0.0
 46
0.0
 71
     5
 72
     1
  1
22
 11
0.0
 21
1.0
 31
0.0
 73
     1
 44
1.0
  0
POINT
  5
3B3
330
3AB
100
AcDbEntity
  8
Defpoints
 62
     0
440
 16777216
100
AcDbPoint
 10
194.773438
 20
100.585938
 30
0.0
  0
POINT
  5
3B4
330
3AB
100
AcDbEntity
  8
Defpoints
 62
     0
440
 16777216
100
AcDbPoint
 10
193.773438
 20
122.585938
 30
0.0
  0
POINT
  5
3B5
330
3AB
100
AcDbEntity
  8
Defpoints
 62
     0
440
 16777216
100
AcDbPoint
 10
146.195313
 20
122.585938
 30
0.0
  0
ENDBLK
  5
3B6
330
3AB
100
AcDbEntity
  8
0
100
AcDbBlockEnd
  0
BLOCK
  5
3B9
330
3B8
100
AcDbEntity
  8
0
100
AcDbBlockBegin
  2
*D32
 70
     1
 10
0.0
 20
0.0
 30
0.0
  3
*D32
  1

  0
LINE
  5
842
330
3B8
100
AcDbEntity
  8
FD_Dimensions
 62
     0
440
 16777216
370
    -2
100
AcDbLine
 10
306.873438
 20
184.882813
 30
0.0
 11
328.201563
 21
184.882813
 31
0.0
  0
LINE
  5
843
330
3B8
100
AcDbEntity
  8
FD_Dimensions
 62
     0
440
 16777216
370
    -2
100
AcDbLine
 10
306.873438
 20
216.882813
 30
0.0
 11
328.201563
 21
216.882813
 31
0.0
  0
LINE
  5
844
330
3B8
100
AcDbEntity
  8
FD_Dimensions
 62
     0
440
 16777216
370
    -2
100
AcDbLine
 10
326.101563
 20
188.382813
 30
0.0
 11
326.101563
 21
213.382813
 31
0.0
  0
SOLID
  5
845
330
3B8
100
AcDbEntity
  8
FD_Dimensions
 62
     0
440
 16777216
100
AcDbTrace
 10
325.518229
 20
188.382813
 30
0.0
 11
326.684896
 21
188.382813
 31
0.0
 12
326.101563
 22
184.882813
 32
0.0
 13
326.101563
 23
184.882813
 33
0.0
  0
SOLID
  5
846
330
3B8
100
AcDbEntity
  8
FD_Dimensions
 62
     0
440
 16777216
100
AcDbTrace
 10
325.518229
 20
213.382813
 30
0.0
 11
326.684896
 21
213.382813
 31
0.0
 12
326.101563
 22
216.882813
 32
0.0
 13
326.101563
 23
216.882813
 33
0.0
  0
MTEXT
  5
847
330
3B8
100
AcDbEntity
  8
FD_Dimensions
 62
     0
440
 16777216
100
AcDbMText
 10
322.913363
 20
200.882813
 30
0.0
 40
3.5
 41
0.0
 46
0.0
 71
     5
 72
     1
  1
32
 11
0.0
 21
1.0
 31
0.0
 73
     1
 44
1.0
  0
POINT
  5
848
330
3B8
100
AcDbEntity
  8
Defpoints
 62
     0
440
 16777216
100
AcDbPoint
 10
304.773438
 20
184.882813
 30
0.0
  0
POINT
  5
849
330
3B8
100
AcDbEntity
  8
Defpoints
 62
     0
440
 16777216
100
AcDbPoint
 10
304.773438
 20
216.882813
 30
0.0
  0
POINT
  5
84A
330
3B8
100
AcDbEntity
  8
Defpoints
 62
     0
440
 16777216
100
AcDbPoint
 10
326.101563
 20
216.882813
 30
0.0
  0
ENDBLK
  5
3BA
330
3B8
100
AcDbEntity
  8
0
100
AcDbBlockEnd
  0
BLOCK
  5
3C5
330
3C4
100
AcDbEntity
  8
0
100
AcDbBlockBegin
  2
*D33
 70
     1
 10
0.0
 20
0.0
 30
0.0
  3
*D33
  1

  0
LINE
  5
84B
330
3C4
100
AcDbEntity
  8
FD_Dimensions
 62
     0
440
 16777216
370
    -2
100
AcDbLine
 10
262.075454
 20
138.387954
 30
0.0
 11
243.950393
 21
120.262893
 31
0.0
  0
LINE
  5
84C
330
3C4
100
AcDbEntity
  8
FD_Dimensions
 62
     0
440
 16777216
370
    -2
100
AcDbLine
 10
236.596482
 20
112.908982
 30
0.0
 11
234.121609
 21
110.434109
 31
0.0
  0
MTEXT
  5
84D
330
3C4
100
AcDbEntity
  8
FD_Dimensions
 62
     0
440
 16777216
100
AcDbMText
 10
255.168598
 20
136.126636
 30
0.0
 40
3.5
 41
0.0
 46
0.0
 71
     5
 72
     1
  1
∅3.4
 11
0.707107
 21
0.707107
 31
0.0
 73
     1
 44
1.0
  0
LINE
  5
84E
330
3C4
100
AcDbEntity
  8
FD_Dimensions
 62
     0
440
 16777216
370
    -2
100
AcDbLine
 10
239.071356
 20
115.383856
 30
0.0
 11
241.475519
 21
117.788019
 31
0.0
  0
SOLID
  5
84F
330
3C4
100
AcDbEntity
  8
FD_Dimensions
 62
     0
440
 16777216
100
AcDbTrace
 10
236.184003
 20
113.321461
 30
0.0
 11
237.008961
 21
112.496503
 31
0.0
 12
239.071356
 22
115.383856
 32
0.0
 13
239.071356
 23
115.383856
 33
0.0
  0
SOLID
  5
850
330
3C4
100
AcDbEntity
  8
FD_Dimensions
 62
     0
440
 16777216
100
AcDbTrace
 10
243.537914
 20
120.675372
 30
0.0
 11
244.362872
 21
119.850414
 31
0.0
 12
241.475519
 22
117.788019
 32
0.0
 13
241.475519
 23
117.788019
 33
0.0
  0
POINT
  5
851
330
3C4
100
AcDbEntity
  8
Defpoints
 62
     0
440
 16777216
100
AcDbPoint
 10
241.475519
 20
117.788019
 30
0.0
  0
POINT
  5
852
330
3C4
100
AcDbEntity
  8
Defpoints
 62
     0
440
 16777216
100
AcDbPoint
 10
239.071356
 20
115.383856
 30
0.0
  0
ENDBLK
  5
3C6
330
3C4
100
AcDbEntity
  8
0
100
AcDbBlockEnd
  0
BLOCK
  5
3D0
330
3CF
100
AcDbEntity
  8
0
100
AcDbBlockBegin
  2
*D34
 70
     1
 10
0.0
 20
0.0
 30
0.0
  3
*D34
  1

  0
LINE
  5
853
330
3CF
100
AcDbEntity
  8
FD_Dimensions
 62
     0
440
 16777216
370
    -2
100
AcDbLine
 10
225.873333
 20
140.586111
 30
0.0
 11
237.855307
 21
120.616154
 31
0.0
  0
LINE
  5
854
330
3CF
100
AcDbEntity
  8
FD_Dimensions
 62
     0
440
 16777216
370
    -2
100
AcDbLine
 10
242.691568
 20
112.555721
 30
0.0
 11
244.492303
 21
109.554496
 31
0.0
  0
MTEXT
  5
855
330
3CF
100
AcDbEntity
  8
FD_Dimensions
 62
     0
440
 16777216
100
AcDbMText
 10
232.025518
 20
136.717151
 30
0.0
 40
3.5
 41
0.0
 46
0.0
 71
     5
 72
     1
  1
∅2.4
 11
0.514496
 21
-0.857493
 31
0.0
 73
     1
 44
1.0
  0
LINE
  5
856
330
3CF
100
AcDbEntity
  8
FD_Dimensions
 62
     0
440
 16777216
370
    -2
100
AcDbLine
 10
240.890832
 20
115.556946
 30
0.0
 11
239.656043
 21
117.614929
 31
0.0
  0
SOLID
  5
857
330
3CF
100
AcDbEntity
  8
FD_Dimensions
 62
     0
440
 16777216
100
AcDbTrace
 10
243.191772
 20
112.855843
 30
0.0
 11
242.191363
 21
112.255598
 31
0.0
 12
240.890832
 22
115.556946
 32
0.0
 13
240.890832
 23
115.556946
 33
0.0
  0
SOLID
  5
858
330
3CF
100
AcDbEntity
  8
FD_Dimensions
 62
     0
440
 16777216
100
AcDbTrace
 10
238.355512
 20
120.916277
 30
0.0
 11
237.355103
 21
120.316032
 31
0.0
 12
239.656043
 22
117.614929
 32
0.0
 13
239.656043
 23
117.614929
 33
0.0
  0
POINT
  5
859
330
3CF
100
AcDbEntity
  8
Defpoints
 62
     0
440
 16777216
100
AcDbPoint
 10
239.656043
 20
117.614929
 30
0.0
  0
POINT
  5
85A
330
3CF
100
AcDbEntity
  8
Defpoints
 62
     0
440
 16777216
100
AcDbPoint
 10
240.890832
 20
115.556946
 30
0.0
  0
ENDBLK
  5
3D1
330
3CF
100
AcDbEntity
  8
0
100
AcDbBlockEnd
  0
BLOCK
  5
3DB
330
3DA
100
AcDbEntity
  8
0
100
AcDbBlockBegin
  2
*D35
 70
     1
 10
0.0
 20
0.0
 30
0.0
  3
*D35
  1

  0
LINE
  5
85B
330
3DA
100
AcDbEntity
  8
FD_Dimensions
 62
     0
440
 16777216
370
    -2
100
AcDbLine
 10
286.513793
 20
231.285234
 30
0.0
 11
297.796765
 21
210.455131
 31
0.0
  0
LINE
  5
85C
330
3DA
100
AcDbEntity
  8
FD_Dimensions
 62
     0
440
 16777216
370
    -2
100
AcDbLine
 10
302.75011
 20
201.310494
 30
0.0
 11
304.417101
 21
198.232972
 31
0.0
  0
MTEXT
  5
85D
330
3DA
100
AcDbEntity
  8
FD_Dimensions
 62
     0
440
 16777216
100
AcDbMText
 10
292.489857
 20
227.149429
 30
0.0
 40
3.5
 41
0.0
 46
0.0
 71
     5
 72
     1
  1
∅3.4
 11
0.476283
 21
-0.879292
 31
0.0
 73
     1
 44
1.0
  0
LINE
  5
85E
330
3DA
100
AcDbEntity
  8
FD_Dimensions
 62
     0
440
 16777216
370
    -2
100
AcDbLine
 10
301.083119
 20
204.388016
 30
0.0
 11
299.463756
 21
207.377609
 31
0.0
  0
SOLID
  5
85F
330
3DA
100
AcDbEntity
  8
FD_Dimensions
 62
     0
440
 16777216
100
AcDbTrace
 10
303.26303
 20
201.588326
 30
0.0
 11
302.23719
 21
201.032662
 31
0.0
 12
301.083119
 22
204.388016
 32
0.0
 13
301.083119
 23
204.388016
 33
0.0
  0
SOLID
  5
860
330
3DA
100
AcDbEntity
  8
FD_Dimensions
 62
     0
440
 16777216
100
AcDbTrace
 10
298.309685
 20
210.732963
 30
0.0
 11
297.283845
 21
210.177299
 31
0.0
 12
299.463756
 22
207.377609
 32
0.0
 13
299.463756
 23
207.377609
 33
0.0
  0
POINT
  5
861
330
3DA
100
AcDbEntity
  8
Defpoints
 62
     0
440
 16777216
100
AcDbPoint
 10
299.463756
 20
207.377609
 30
0.0
  0
POINT
  5
862
330
3DA
100
AcDbEntity
  8
Defpoints
 62
     0
440
 16777216
100
AcDbPoint
 10
301.083119
 20
204.388016
 30
0.0
  0
ENDBLK
  5
3DC
330
3DA
100
AcDbEntity
  8
0
100
AcDbBlockEnd
  0
BLOCK
  5
3E6
330
3E5
100
AcDbEntity
  8
0
100
AcDbBlockBegin
  2
*D36
 70
     1
 10
0.0
 20
0.0
 30
0.0
  3
*D36
  1

  0
LINE
  5
863
330
3E5
100
AcDbEntity
  8
FD_Dimensions
 62
     0
440
 16777216
370
    -2
100
AcDbLine
 10
324.386264
 20
219.278827
 30
0.0
 11
304.381977
 21
208.165334
 31
0.0
  0
LINE
  5
864
330
3E5
100
AcDbEntity
  8
FD_Dimensions
 62
     0
440
 16777216
370
    -2
100
AcDbLine
 10
296.164898
 20
203.600291
 30
0.0
 11
293.105348
 21
201.90054
 31
0.0
  0
MTEXT
  5
865
330
3E5
100
AcDbEntity
  8
FD_Dimensions
 62
     0
440
 16777216
100
AcDbMText
 10
317.123925
 20
219.001975
 30
0.0
 40
3.5
 41
0.0
 46
0.0
 71
     5
 72
     1
  1
∅2.4
 11
0.874157
 21
0.485643
 31
0.0
 73
     1
 44
1.0
  0
LINE
  5
866
330
3E5
100
AcDbEntity
  8
FD_Dimensions
 62
     0
440
 16777216
370
    -2
100
AcDbLine
 10
299.224449
 20
205.300041
 30
0.0
 11
301.322426
 21
206.465584
 31
0.0
  0
SOLID
  5
867
330
3E5
100
AcDbEntity
  8
FD_Dimensions
 62
     0
440
 16777216
100
AcDbTrace
 10
295.881607
 20
204.110216
 30
0.0
 11
296.44819
 21
203.090366
 31
0.0
 12
299.224449
 22
205.300041
 32
0.0
 13
299.224449
 23
205.300041
 33
0.0
  0
SOLID
  5
868
330
3E5
100
AcDbEntity
  8
FD_Dimensions
 62
     0
440
 16777216
100
AcDbTrace
 10
304.098685
 20
208.675259
 30
0.0
 11
304.665268
 21
207.655409
 31
0.0
 12
301.322426
 22
206.465584
 32
0.0
 13
301.322426
 23
206.465584
 33
0.0
  0
POINT
  5
869
330
3E5
100
AcDbEntity
  8
Defpoints
 62
     0
440
 16777216
100
AcDbPoint
 10
301.322426
 20
206.465584
 30
0.0
  0
POINT
  5
86A
330
3E5
100
AcDbEntity
  8
Defpoints
 62
     0
440
 16777216
100
AcDbPoint
 10
299.224449
 20
205.300041
 30
0.0
  0
ENDBLK
  5
3E7
330
3E5
100
AcDbEntity
  8
0
100
AcDbBlockEnd
  0
BLOCK
  5
3F1
330
3F0
100
AcDbEntity
  8
0
100
AcDbBlockBegin
  2
*D37
 70
     1
 10
0.0
 20
0.0
 30
0.0
  3
*D37
  1

  0
LINE
  5
86B
330
3F0
100
AcDbEntity
  8
FD_Dimensions
 62
     0
440
 16777216
370
    -2
100
AcDbLine
 10
185.273438
 20
98.985938
 30
0.0
 11
185.273438
 21
73.035938
 31
0.0
  0
LINE
  5
86C
330
3F0
100
AcDbEntity
  8
FD_Dimensions
 62
     0
440
 16777216
370
    -2
100
AcDbLine
 10
240.273438
 20
99.285937
 30
0.0
 11
240.273438
 21
73.035938
 31
0.0
  0
LINE
  5
86D
330
3F0
100
AcDbEntity
  8
FD_Dimensions
 62
     0
440
 16777216
370
    -2
100
AcDbLine
 10
188.773438
 20
75.135937
 30
0.0
 11
236.773438
 21
75.135937
 31
0.0
  0
SOLID
  5
86E
330
3F0
100
AcDbEntity
  8
FD_Dimensions
 62
     0
440
 16777216
100
AcDbTrace
 10
188.773438
 20
75.719271
 30
0.0
 11
188.773438
 21
74.552604
 31
0.0
 12
185.273438
 22
75.135937
 32
0.0
 13
185.273438
 23
75.135937
 33
0.0
  0
SOLID
  5
86F
330
3F0
100
AcDbEntity
  8
FD_Dimensions
 62
     0
440
 16777216
100
AcDbTrace
 10
236.773438
 20
75.719271
 30
0.0
 11
236.773438
 21
74.552604
 31
0.0
 12
240.273438
 22
75.135937
 32
0.0
 13
240.273438
 23
75.135937
 33
0.0
  0
MTEXT
  5
870
330
3F0
100
AcDbEntity
  8
FD_Dimensions
 62
     0
440
 16777216
100
AcDbMText
 10
212.773438
 20
78.315781
 30
0.0
 40
3.5
 41
0.0
 46
0.0
 71
     5
 72
     1
  1
55
 73
     1
 44
1.0
  0
POINT
  5
871
330
3F0
100
AcDbEntity
  8
Defpoints
 62
     0
440
 16777216
100
AcDbPoint
 10
185.273438
 20
101.085938
 30
0.0
  0
POINT
  5
872
330
3F0
100
AcDbEntity
  8
Defpoints
 62
     0
440
 16777216
100
AcDbPoint
 10
240.273438
 20
101.385938
 30
0.0
  0
POINT
  5
873
330
3F0
100
AcDbEntity
  8
Defpoints
 62
     0
440
 16777216
100
AcDbPoint
 10
240.273438
 20
75.135937
 30
0.0
  0
ENDBLK
  5
3F2
330
3F0
100
AcDbEntity
  8
0
100
AcDbBlockEnd
  0
BLOCK
  5
3FD
330
3FC
100
AcDbEntity
  8
0
100
AcDbBlockBegin
  2
*D38
 70
     1
 10
0.0
 20
0.0
 30
0.0
  3
*D38
  1

  0
LINE
  5
874
330
3FC
100
AcDbEntity
  8
FD_Dimensions
 62
     0
440
 16777216
370
    -2
100
AcDbLine
 10
188.673438
 20
95.585938
 30
0.0
 11
158.1
 21
95.585938
 31
0.0
  0
LINE
  5
875
330
3FC
100
AcDbEntity
  8
FD_Dimensions
 62
     0
440
 16777216
370
    -2
100
AcDbLine
 10
193.373438
 20
116.585938
 30
0.0
 11
158.1
 21
116.585938
 31
0.0
  0
LINE
  5
876
330
3FC
100
AcDbEntity
  8
FD_Dimensions
 62
     0
440
 16777216
370
    -2
100
AcDbLine
 10
160.2
 20
99.085938
 30
0.0
 11
160.2
 21
113.085938
 31
0.0
  0
SOLID
  5
877
330
3FC
100
AcDbEntity
  8
FD_Dimensions
 62
     0
440
 16777216
100
AcDbTrace
 10
159.616667
 20
99.085938
 30
0.0
 11
160.783333
 21
99.085938
 31
0.0
 12
160.2
 22
95.585938
 32
0.0
 13
160.2
 23
95.585938
 33
0.0
  0
SOLID
  5
878
330
3FC
100
AcDbEntity
  8
FD_Dimensions
 62
     0
440
 16777216
100
AcDbTrace
 10
159.616667
 20
113.085938
 30
0.0
 11
160.783333
 21
113.085938
 31
0.0
 12
160.2
 22
116.585938
 32
0.0
 13
160.2
 23
116.585938
 33
0.0
  0
MTEXT
  5
879
330
3FC
100
AcDbEntity
  8
FD_Dimensions
 62
     0
440
 16777216
100
AcDbMText
 10
157.042838
 20
106.085938
 30
0.0
 40
3.5
 41
0.0
 46
0.0
 71
     5
 72
     1
  1
21
 11
0.0
 21
1.0
 31
0.0
 73
     1
 44
1.0
  0
POINT
  5
87A
330
3FC
100
AcDbEntity
  8
Defpoints
 62
     0
440
 16777216
100
AcDbPoint
 10
190.773438
 20
95.585938
 30
0.0
  0
POINT
  5
87B
330
3FC
100
AcDbEntity
  8
Defpoints
 62
     0
440
 16777216
100
AcDbPoint
 10
195.473438
 20
116.585938
 30
0.0
  0
POINT
  5
87C
330
3FC
100
AcDbEntity
  8
Defpoints
 62
     0
440
 16777216
100
AcDbPoint
 10
160.2
 20
116.585938
 30
0.0
  0
ENDBLK
  5
3FE
330
3FC
100
AcDbEntity
  8
0
100
AcDbBlockEnd
  0
BLOCK
  5
409
330
408
100
AcDbEntity
  8
0
100
AcDbBlockBegin
  2
*D39
 70
     1
 10
0.0
 20
0.0
 30
0.0
  3
*D39
  1

  0
LINE
  5
87D
330
408
100
AcDbEntity
  8
FD_Dimensions
 62
     0
440
 16777216
370
    -2
100
AcDbLine
 10
188.673438
 20
95.585938
 30
0.0
 11
172.865625
 21
95.585938
 31
0.0
  0
LINE
  5
87E
330
408
100
AcDbEntity
  8
FD_Dimensions
 62
     0
440
 16777216
370
    -2
100
AcDbLine
 10
193.373438
 20
106.585938
 30
0.0
 11
172.865625
 21
106.585938
 31
0.0
  0
LINE
  5
87F
330
408
100
AcDbEntity
  8
FD_Dimensions
 62
     0
440
 16777216
370
    -2
100
AcDbLine
 10
174.965625
 20
99.085938
 30
0.0
 11
174.965625
 21
103.085938
 31
0.0
  0
SOLID
  5
880
330
408
100
AcDbEntity
  8
FD_Dimensions
 62
     0
440
 16777216
100
AcDbTrace
 10
174.382292
 20
99.085938
 30
0.0
 11
175.548958
 21
99.085938
 31
0.0
 12
174.965625
 22
95.585938
 32
0.0
 13
174.965625
 23
95.585938
 33
0.0
  0
SOLID
  5
881
330
408
100
AcDbEntity
  8
FD_Dimensions
 62
     0
440
 16777216
100
AcDbTrace
 10
174.382292
 20
103.085938
 30
0.0
 11
175.548958
 21
103.085938
 31
0.0
 12
174.965625
 22
106.585938
 32
0.0
 13
174.965625
 23
106.585938
 33
0.0
  0
MTEXT
  5
882
330
408
100
AcDbEntity
  8
FD_Dimensions
 62
     0
440
 16777216
100
AcDbMText
 10
171.808463
 20
101.085938
 30
0.0
 40
3.5
 41
0.0
 46
0.0
 71
     5
 72
     1
  1
11
 11
0.0
 21
1.0
 31
0.0
 73
     1
 44
1.0
  0
POINT
  5
883
330
408
100
AcDbEntity
  8
Defpoints
 62
     0
440
 16777216
100
AcDbPoint
 10
190.773438
 20
95.585938
 30
0.0
  0
POINT
  5
884
330
408
100
AcDbEntity
  8
Defpoints
 62
     0
440
 16777216
100
AcDbPoint
 10
195.473438
 20
106.585938
 30
0.0
  0
POINT
  5
885
330
408
100
AcDbEntity
  8
Defpoints
 62
     0
440
 16777216
100
AcDbPoint
 10
174.965625
 20
106.585938
 30
0.0
  0
ENDBLK
  5
40A
330
408
100
AcDbEntity
  8
0
100
AcDbBlockEnd
  0
BLOCK
  5
415
330
414
100
AcDbEntity
  8
0
100
AcDbBlockBegin
  2
*D40
 70
     1
 10
0.0
 20
0.0
 30
0.0
  3
*D40
  1

  0
LINE
  5
886
330
414
100
AcDbEntity
  8
FD_Dimensions
 62
     0
440
 16777216
370
    -2
100
AcDbLine
 10
185.273438
 20
124.185938
 30
0.0
 11
185.273438
 21
139.451563
 31
0.0
  0
LINE
  5
887
330
414
100
AcDbEntity
  8
FD_Dimensions
 62
     0
440
 16777216
370
    -2
100
AcDbLine
 10
193.773438
 20
124.685938
 30
0.0
 11
193.773438
 21
139.451563
 31
0.0
  0
LINE
  5
888
330
414
100
AcDbEntity
  8
FD_Dimensions
 62
     0
440
 16777216
370
    -2
100
AcDbLine
 10
181.773438
 20
137.351563
 30
0.0
 11
178.273438
 21
137.351563
 31
0.0
  0
LINE
  5
889
330
414
100
AcDbEntity
  8
FD_Dimensions
 62
     0
440
 16777216
370
    -2
100
AcDbLine
 10
197.273438
 20
137.351563
 30
0.0
 11
209.976575
 21
137.351563
 31
0.0
  0
LINE
  5
88A
330
414
100
AcDbEntity
  8
FD_Dimensions
 62
     0
440
 16777216
370
    -2
100
AcDbLine
 10
185.273438
 20
137.351563
 30
0.0
 11
193.773438
 21
137.351563
 31
0.0
  0
SOLID
  5
88B
330
414
100
AcDbEntity
  8
FD_Dimensions
 62
     0
440
 16777216
100
AcDbTrace
 10
181.773438
 20
137.934896
 30
0.0
 11
181.773438
 21
136.768229
 31
0.0
 12
185.273438
 22
137.351563
 32
0.0
 13
185.273438
 23
137.351563
 33
0.0
  0
SOLID
  5
88C
330
414
100
AcDbEntity
  8
FD_Dimensions
 62
     0
440
 16777216
100
AcDbTrace
 10
197.273438
 20
137.934896
 30
0.0
 11
197.273438
 21
136.768229
 31
0.0
 12
193.773438
 22
137.351563
 32
0.0
 13
193.773438
 23
137.351563
 33
0.0
  0
MTEXT
  5
88D
330
414
100
AcDbEntity
  8
FD_Dimensions
 62
     0
440
 16777216
100
AcDbMText
 10
205.375006
 20
140.538568
 30
0.0
 40
3.5
 41
0.0
 46
0.0
 71
     5
 72
     1
  1
8.5
 73
     1
 44
1.0
  0
POINT
  5
88E
330
414
100
AcDbEntity
  8
Defpoints
 62
     0
440
 16777216
100
AcDbPoint
 10
185.273438
 20
122.085938
 30
0.0
  0
POINT
  5
88F
330
414
100
AcDbEntity
  8
Defpoints
 62
     0
440
 16777216
100
AcDbPoint
 10
193.773438
 20
122.585938
 30
0.0
  0
POINT
  5
890
330
414
100
AcDbEntity
  8
Defpoints
 62
     0
440
 16777216
100
AcDbPoint
 10
193.773438
 20
137.351563
 30
0.0
  0
ENDBLK
  5
416
330
414
100
AcDbEntity
  8
0
100
AcDbBlockEnd
  0
BLOCK
  5
423
330
422
100
AcDbEntity
  8
0
100
AcDbBlockBegin
  2
*D41
 70
     1
 10
0.0
 20
0.0
 30
0.0
  3
*D41
  1

  0
LINE
  5
891
330
422
100
AcDbEntity
  8
FD_Dimensions
 62
     0
440
 16777216
370
    -2
100
AcDbLine
 10
185.273438
 20
183.282813
 30
0.0
 11
185.273438
 21
153.309375
 31
0.0
  0
LINE
  5
892
330
422
100
AcDbEntity
  8
FD_Dimensions
 62
     0
440
 16777216
370
    -2
100
AcDbLine
 10
300.273438
 20
188.582813
 30
0.0
 11
300.273438
 21
153.309375
 31
0.0
  0
LINE
  5
893
330
422
100
AcDbEntity
  8
FD_Dimensions
 62
     0
440
 16777216
370
    -2
100
AcDbLine
 10
188.773438
 20
155.409375
 30
0.0
 11
296.773438
 21
155.409375
 31
0.0
  0
SOLID
  5
894
330
422
100
AcDbEntity
  8
FD_Dimensions
 62
     0
440
 16777216
100
AcDbTrace
 10
188.773438
 20
155.992708
 30
0.0
 11
188.773438
 21
154.826042
 31
0.0
 12
185.273438
 22
155.409375
 32
0.0
 13
185.273438
 23
155.409375
 33
0.0
  0
SOLID
  5
895
330
422
100
AcDbEntity
  8
FD_Dimensions
 62
     0
440
 16777216
100
AcDbTrace
 10
296.773438
 20
155.992708
 30
0.0
 11
296.773438
 21
154.826042
 31
0.0
 12
300.273438
 22
155.409375
 32
0.0
 13
300.273438
 23
155.409375
 33
0.0
  0
MTEXT
  5
896
330
422
100
AcDbEntity
  8
FD_Dimensions
 62
     0
440
 16777216
100
AcDbMText
 10
242.773438
 20
158.59638
 30
0.0
 40
3.5
 41
0.0
 46
0.0
 71
     5
 72
     1
  1
115
 73
     1
 44
1.0
  0
POINT
  5
897
330
422
100
AcDbEntity
  8
Defpoints
 62
     0
440
 16777216
100
AcDbPoint
 10
185.273438
 20
185.382813
 30
0.0
  0
POINT
  5
898
330
422
100
AcDbEntity
  8
Defpoints
 62
     0
440
 16777216
100
AcDbPoint
 10
300.273438
 20
190.682813
 30
0.0
  0
POINT
  5
899
330
422
100
AcDbEntity
  8
Defpoints
 62
     0
440
 16777216
100
AcDbPoint
 10
300.273438
 20
155.409375
 30
0.0
  0
ENDBLK
  5
424
330
422
100
AcDbEntity
  8
0
100
AcDbBlockEnd
  0
BLOCK
  5
42F
330
42E
100
AcDbEntity
  8
0
100
AcDbBlockBegin
  2
*D42
 70
     1
 10
0.0
 20
0.0
 30
0.0
  3
*D42
  1

  0
LINE
  5
89A
330
42E
100
AcDbEntity
  8
FD_Dimensions
 62
     0
440
 16777216
370
    -2
100
AcDbLine
 10
185.273438
 20
183.282813
 30
0.0
 11
185.273438
 21
162.532813
 31
0.0
  0
LINE
  5
89B
330
42E
100
AcDbEntity
  8
FD_Dimensions
 62
     0
440
 16777216
370
    -2
100
AcDbLine
 10
253.773438
 20
188.782813
 30
0.0
 11
253.773438
 21
162.532813
 31
0.0
  0
LINE
  5
89C
330
42E
100
AcDbEntity
  8
FD_Dimensions
 62
     0
440
 16777216
370
    -2
100
AcDbLine
 10
188.773438
 20
164.632813
 30
0.0
 11
250.273438
 21
164.632813
 31
0.0
  0
SOLID
  5
89D
330
42E
100
AcDbEntity
  8
FD_Dimensions
 62
     0
440
 16777216
100
AcDbTrace
 10
188.773438
 20
165.216146
 30
0.0
 11
188.773438
 21
164.049479
 31
0.0
 12
185.273438
 22
164.632813
 32
0.0
 13
185.273438
 23
164.632813
 33
0.0
  0
SOLID
  5
89E
330
42E
100
AcDbEntity
  8
FD_Dimensions
 62
     0
440
 16777216
100
AcDbTrace
 10
250.273438
 20
165.216146
 30
0.0
 11
250.273438
 21
164.049479
 31
0.0
 12
253.773438
 22
164.632813
 32
0.0
 13
253.773438
 23
164.632813
 33
0.0
  0
MTEXT
  5
89F
330
42E
100
AcDbEntity
  8
FD_Dimensions
 62
     0
440
 16777216
100
AcDbMText
 10
219.523438
 20
167.819818
 30
0.0
 40
3.5
 41
0.0
 46
0.0
 71
     5
 72
     1
  1
68.5
 73
     1
 44
1.0
  0
POINT
  5
8A0
330
42E
100
AcDbEntity
  8
Defpoints
 62
     0
440
 16777216
100
AcDbPoint
 10
185.273438
 20
185.382813
 30
0.0
  0
POINT
  5
8A1
330
42E
100
AcDbEntity
  8
Defpoints
 62
     0
440
 16777216
100
AcDbPoint
 10
253.773438
 20
190.882813
 30
0.0
  0
POINT
  5
8A2
330
42E
100
AcDbEntity
  8
Defpoints
 62
     0
440
 16777216
100
AcDbPoint
 10
253.773438
 20
164.632813
 30
0.0
  0
ENDBLK
  5
430
330
42E
100
AcDbEntity
  8
0
100
AcDbBlockEnd
  0
BLOCK
  5
43B
330
43A
100
AcDbEntity
  8
0
100
AcDbBlockBegin
  2
*D43
 70
     1
 10
0.0
 20
0.0
 30
0.0
  3
*D43
  1

  0
LINE
  5
8A3
330
43A
100
AcDbEntity
  8
FD_Dimensions
 62
     0
440
 16777216
370
    -2
100
AcDbLine
 10
185.273438
 20
183.282813
 30
0.0
 11
185.273438
 21
172.996875
 31
0.0
  0
LINE
  5
8A4
330
43A
100
AcDbEntity
  8
FD_Dimensions
 62
     0
440
 16777216
370
    -2
100
AcDbLine
 10
250.273438
 20
188.582813
 30
0.0
 11
250.273438
 21
172.996875
 31
0.0
  0
LINE
  5
8A5
330
43A
100
AcDbEntity
  8
FD_Dimensions
 62
     0
440
 16777216
370
    -2
100
AcDbLine
 10
188.773438
 20
175.096875
 30
0.0
 11
246.773438
 21
175.096875
 31
0.0
  0
SOLID
  5
8A6
330
43A
100
AcDbEntity
  8
FD_Dimensions
 62
     0
440
 16777216
100
AcDbTrace
 10
188.773438
 20
175.680208
 30
0.0
 11
188.773438
 21
174.513542
 31
0.0
 12
185.273438
 22
175.096875
 32
0.0
 13
185.273438
 23
175.096875
 33
0.0
  0
SOLID
  5
8A7
330
43A
100
AcDbEntity
  8
FD_Dimensions
 62
     0
440
 16777216
100
AcDbTrace
 10
246.773438
 20
175.680208
 30
0.0
 11
246.773438
 21
174.513542
 31
0.0
 12
250.273438
 22
175.096875
 32
0.0
 13
250.273438
 23
175.096875
 33
0.0
  0
MTEXT
  5
8A8
330
43A
100
AcDbEntity
  8
FD_Dimensions
 62
     0
440
 16777216
100
AcDbMText
 10
217.773438
 20
178.28388
 30
0.0
 40
3.5
 41
0.0
 46
0.0
 71
     5
 72
     1
  1
65
 73
     1
 44
1.0
  0
POINT
  5
8A9
330
43A
100
AcDbEntity
  8
Defpoints
 62
     0
440
 16777216
100
AcDbPoint
 10
185.273438
 20
185.382813
 30
0.0
  0
POINT
  5
8AA
330
43A
100
AcDbEntity
  8
Defpoints
 62
     0
440
 16777216
100
AcDbPoint
 10
250.273438
 20
190.682813
 30
0.0
  0
POINT
  5
8AB
330
43A
100
AcDbEntity
  8
Defpoints
 62
     0
440
 16777216
100
AcDbPoint
 10
250.273438
 20
175.096875
 30
0.0
  0
ENDBLK
  5
43C
330
43A
100
AcDbEntity
  8
0
100
AcDbBlockEnd
  0
BLOCK
  5
447
330
446
100
AcDbEntity
  8
0
100
AcDbBlockBegin
  2
*D44
 70
     1
 10
0.0
 20
0.0
 30
0.0
  3
*D44
  1

  0
LINE
  5
8AC
330
446
100
AcDbEntity
  8
FD_Dimensions
 62
     0
440
 16777216
370
    -2
100
AcDbLine
 10
187.873438
 20
184.882813
 30
0.0
 11
317.720313
 21
184.882813
 31
0.0
  0
LINE
  5
8AD
330
446
100
AcDbEntity
  8
FD_Dimensions
 62
     0
440
 16777216
370
    -2
100
AcDbLine
 10
247.173438
 20
205.882813
 30
0.0
 11
317.720313
 21
205.882813
 31
0.0
  0
LINE
  5
8AE
330
446
100
AcDbEntity
  8
FD_Dimensions
 62
     0
440
 16777216
370
    -2
100
AcDbLine
 10
315.620313
 20
188.382813
 30
0.0
 11
315.620313
 21
202.382813
 31
0.0
  0
SOLID
  5
8AF
330
446
100
AcDbEntity
  8
FD_Dimensions
 62
     0
440
 16777216
100
AcDbTrace
 10
315.036979
 20
188.382813
 30
0.0
 11
316.203646
 21
188.382813
 31
0.0
 12
315.620313
 22
184.882813
 32
0.0
 13
315.620313
 23
184.882813
 33
0.0
  0
SOLID
  5
8B0
330
446
100
AcDbEntity
  8
FD_Dimensions
 62
     0
440
 16777216
100
AcDbTrace
 10
315.036979
 20
202.382813
 30
0.0
 11
316.203646
 21
202.382813
 31
0.0
 12
315.620313
 22
205.882813
 32
0.0
 13
315.620313
 23
205.882813
 33
0.0
  0
MTEXT
  5
8B1
330
446
100
AcDbEntity
  8
FD_Dimensions
 62
     0
440
 16777216
100
AcDbMText
 10
312.46315
 20
195.382813
 30
0.0
 40
3.5
 41
0.0
 46
0.0
 71
     5
 72
     1
  1
21
 11
0.0
 21
1.0
 31
0.0
 73
     1
 44
1.0
  0
POINT
  5
8B2
330
446
100
AcDbEntity
  8
Defpoints
 62
     0
440
 16777216
100
AcDbPoint
 10
185.773438
 20
184.882813
 30
0.0
  0
POINT
  5
8B3
330
446
100
AcDbEntity
  8
Defpoints
 62
     0
440
 16777216
100
AcDbPoint
 10
245.073438
 20
205.882813
 30
0.0
  0
POINT
  5
8B4
330
446
100
AcDbEntity
  8
Defpoints
 62
     0
440
 16777216
100
AcDbPoint
 10
315.620313
 20
205.882813
 30
0.0
  0
ENDBLK
  5
448
330
446
100
AcDbEntity
  8
0
100
AcDbBlockEnd
  0
BLOCK
  5
453
330
452
100
AcDbEntity
  8
0
100
AcDbBlockBegin
  2
*D45
 70
     1
 10
0.0
 20
0.0
 30
0.0
  3
*D45
  1

  0
LINE
  5
8B5
330
452
100
AcDbEntity
  8
FD_Dimensions
 62
     0
440
 16777216
370
    -2
100
AcDbLine
 10
183.673438
 20
184.882813
 30
0.0
 11
173.246875
 21
184.882813
 31
0.0
  0
LINE
  5
8B6
330
452
100
AcDbEntity
  8
FD_Dimensions
 62
     0
440
 16777216
370
    -2
100
AcDbLine
 10
242.973438
 20
195.882813
 30
0.0
 11
173.246875
 21
195.882813
 31
0.0
  0
LINE
  5
8B7
330
452
100
AcDbEntity
  8
FD_Dimensions
 62
     0
440
 16777216
370
    -2
100
AcDbLine
 10
175.346875
 20
188.382813
 30
0.0
 11
175.346875
 21
192.382813
 31
0.0
  0
SOLID
  5
8B8
330
452
100
AcDbEntity
  8
FD_Dimensions
 62
     0
440
 16777216
100
AcDbTrace
 10
174.763542
 20
188.382813
 30
0.0
 11
175.930208
 21
188.382813
 31
0.0
 12
175.346875
 22
184.882813
 32
0.0
 13
175.346875
 23
184.882813
 33
0.0
  0
SOLID
  5
8B9
330
452
100
AcDbEntity
  8
FD_Dimensions
 62
     0
440
 16777216
100
AcDbTrace
 10
174.763542
 20
192.382813
 30
0.0
 11
175.930208
 21
192.382813
 31
0.0
 12
175.346875
 22
195.882813
 32
0.0
 13
175.346875
 23
195.882813
 33
0.0
  0
MTEXT
  5
8BA
330
452
100
AcDbEntity
  8
FD_Dimensions
 62
     0
440
 16777216
100
AcDbMText
 10
172.189713
 20
190.382813
 30
0.0
 40
3.5
 41
0.0
 46
0.0
 71
     5
 72
     1
  1
11
 11
0.0
 21
1.0
 31
0.0
 73
     1
 44
1.0
  0
POINT
  5
8BB
330
452
100
AcDbEntity
  8
Defpoints
 62
     0
440
 16777216
100
AcDbPoint
 10
185.773438
 20
184.882813
 30
0.0
  0
POINT
  5
8BC
330
452
100
AcDbEntity
  8
Defpoints
 62
     0
440
 16777216
100
AcDbPoint
 10
245.073438
 20
195.882813
 30
0.0
  0
POINT
  5
8BD
330
452
100
AcDbEntity
  8
Defpoints
 62
     0
440
 16777216
100
AcDbPoint
 10
175.346875
 20
195.882813
 30
0.0
  0
ENDBLK
  5
454
330
452
100
AcDbEntity
  8
0
100
AcDbBlockEnd
  0
BLOCK
  5
45F
330
45E
100
AcDbEntity
  8
0
100
AcDbBlockBegin
  2
*D46
 70
     1
 10
0.0
 20
0.0
 30
0.0
  3
*D46
  1

  0
ARC
  5
8BE
330
45E
100
AcDbEntity
  8
FD_Dimensions
 62
     0
440
 16777216
370
    -2
100
AcDbCircle
 10
190.273438
 20
127.085938
 30
0.0
 40
5.091168824543141
100
AcDbArc
 50
184.79112
 51
225.0
  0
LINE
  5
8BF
330
45E
100
AcDbEntity
  8
FD_Dimensions
 62
     0
440
 16777216
370
    -2
100
AcDbLine
 10
185.200058
 20
126.660706
 30
0.0
 11
184.193088
 21
138.674719
 31
0.0
  0
ARC
  5
8C0
330
45E
100
AcDbEntity
  8
FD_Dimensions
 62
     0
440
 16777216
370
    -2
100
AcDbCircle
 10
190.273438
 20
127.085938
 30
0.0
 40
5.091168824543141
100
AcDbArc
 50
265.20888
 51
319.79112
  0
SOLID
  5
8C1
330
45E
100
AcDbEntity
  8
FD_Dimensions
 62
     0
440
 16777216
100
AcDbTrace
 10
189.602643
 20
121.48343
 30
0.0
 11
190.093769
 21
122.541686
 31
0.0
 12
186.673438
 22
123.485938
 32
0.0
 13
186.673438
 23
123.485938
 33
0.0
  0
SOLID
  5
8C2
330
45E
100
AcDbEntity
  8
FD_Dimensions
 62
     0
440
 16777216
100
AcDbTrace
 10
193.613753
 20
123.999711
 30
0.0
 11
194.709332
 21
123.59869
 31
0.0
 12
195.364606
 22
127.085938
 32
0.0
 13
195.364606
 23
127.085938
 33
0.0
  0
MTEXT
  5
8C3
330
45E
100
AcDbEntity
  8
FD_Dimensions
 62
     0
440
 16777216
100
AcDbMText
 10
187.873632
 20
132.934001
 30
0.0
 40
3.5
 41
0.0
 46
0.0
 71
     5
 72
     1
  1
135\U+00B0
 11
0.083523
 21
-0.996506
 31
0.0
 73
     1
 44
1.0
  0
POINT
  5
8C4
330
45E
100
AcDbEntity
  8
Defpoints
 62
     0
440
 16777216
100
AcDbPoint
 10
190.273438
 20
121.994769
 30
0.0
  0
POINT
  5
8C5
330
45E
100
AcDbEntity
  8
Defpoints
 62
     0
440
 16777216
100
AcDbPoint
 10
244.773438
 20
127.085938
 30
0.0
  0
POINT
  5
8C6
330
45E
100
AcDbEntity
  8
Defpoints
 62
     0
440
 16777216
100
AcDbPoint
 10
185.773438
 20
122.585938
 30
0.0
  0
POINT
  5
8C7
330
45E
100
AcDbEntity
  8
Defpoints
 62
     0
440
 16777216
100
AcDbPoint
 10
190.273438
 20
127.085938
 30
0.0
  0
POINT
  5
8C8
330
45E
100
AcDbEntity
  8
Defpoints
 62
     0
440
 16777216
100
AcDbPoint
 10
190.273438
 20
127.085938
 30
0.0
  0
ENDBLK
  5
460
330
45E
100
AcDbEntity
  8
0
100
AcDbBlockEnd
  0
BLOCK
  5
46D
330
46C
100
AcDbEntity
  8
0
100
AcDbBlockBegin
  2
*D47
 70
     1
 10
0.0
 20
0.0
 30
0.0
  3
*D47
  1

  0
LINE
  5
8C9
330
46C
100
AcDbEntity
  8
FD_Dimensions
 62
     0
440
 16777216
370
    -2
100
AcDbLine
 10
185.273438
 20
98.985938
 30
0.0
 11
185.273438
 21
63.134375
 31
0.0
  0
LINE
  5
8CA
330
46C
100
AcDbEntity
  8
FD_Dimensions
 62
     0
440
 16777216
370
    -2
100
AcDbLine
 10
304.773438
 20
93.485938
 30
0.0
 11
304.773438
 21
63.134375
 31
0.0
  0
LINE
  5
8CB
330
46C
100
AcDbEntity
  8
FD_Dimensions
 62
     0
440
 16777216
370
    -2
100
AcDbLine
 10
188.773438
 20
65.234375
 30
0.0
 11
301.273438
 21
65.234375
 31
0.0
  0
SOLID
  5
8CC
330
46C
100
AcDbEntity
  8
FD_Dimensions
 62
     0
440
 16777216
100
AcDbTrace
 10
188.773438
 20
65.817708
 30
0.0
 11
188.773438
 21
64.651042
 31
0.0
 12
185.273438
 22
65.234375
 32
0.0
 13
185.273438
 23
65.234375
 33
0.0
  0
SOLID
  5
8CD
330
46C
100
AcDbEntity
  8
FD_Dimensions
 62
     0
440
 16777216
100
AcDbTrace
 10
301.273438
 20
65.817708
 30
0.0
 11
301.273438
 21
64.651042
 31
0.0
 12
304.773438
 22
65.234375
 32
0.0
 13
304.773438
 23
65.234375
 33
0.0
  0
MTEXT
  5
8CE
330
46C
100
AcDbEntity
  8
FD_Dimensions
 62
     0
440
 16777216
100
AcDbMText
 10
245.023438
 20
68.42138
 30
0.0
 40
3.5
 41
0.0
 46
0.0
 71
     5
 72
     1
  1
119.5
 73
     1
 44
1.0
  0
POINT
  5
8CF
330
46C
100
AcDbEntity
  8
Defpoints
 62
     0
440
 16777216
100
AcDbPoint
 10
185.273438
 20
101.085938
 30
0.0
  0
POINT
  5
8D0
330
46C
100
AcDbEntity
  8
Defpoints
 62
     0
440
 16777216
100
AcDbPoint
 10
304.773438
 20
95.585938
 30
0.0
  0
POINT
  5
8D1
330
46C
100
AcDbEntity
  8
Defpoints
 62
     0
440
 16777216
100
AcDbPoint
 10
304.773438
 20
65.234375
 30
0.0
  0
ENDBLK
  5
46E
330
46C
100
AcDbEntity
  8
0
100
AcDbBlockEnd
  0
BLOCK
  5
479
330
478
100
AcDbEntity
  8
0
100
AcDbBlockBegin
  2
*D48
 70
     1
 10
0.0
 20
0.0
 30
0.0
  3
*D48
  1

  0
LINE
  5
8D2
330
478
100
AcDbEntity
  8
FD_Dimensions
 62
     0
440
 16777216
370
    -2
100
AcDbLine
 10
193.773438
 20
99.485938
 30
0.0
 11
193.773438
 21
83.079687
 31
0.0
  0
LINE
  5
8D3
330
478
100
AcDbEntity
  8
FD_Dimensions
 62
     0
440
 16777216
370
    -2
100
AcDbLine
 10
236.773438
 20
99.485938
 30
0.0
 11
236.773438
 21
83.079687
 31
0.0
  0
LINE
  5
8D4
330
478
100
AcDbEntity
  8
FD_Dimensions
 62
     0
440
 16777216
370
    -2
100
AcDbLine
 10
197.273438
 20
85.179688
 30
0.0
 11
233.273438
 21
85.179688
 31
0.0
  0
SOLID
  5
8D5
330
478
100
AcDbEntity
  8
FD_Dimensions
 62
     0
440
 16777216
100
AcDbTrace
 10
197.273438
 20
85.763021
 30
0.0
 11
197.273438
 21
84.596354
 31
0.0
 12
193.773438
 22
85.179688
 32
0.0
 13
193.773438
 23
85.179688
 33
0.0
  0
SOLID
  5
8D6
330
478
100
AcDbEntity
  8
FD_Dimensions
 62
     0
440
 16777216
100
AcDbTrace
 10
233.273438
 20
85.763021
 30
0.0
 11
233.273438
 21
84.596354
 31
0.0
 12
236.773438
 22
85.179688
 32
0.0
 13
236.773438
 23
85.179688
 33
0.0
  0
MTEXT
  5
8D7
330
478
100
AcDbEntity
  8
FD_Dimensions
 62
     0
440
 16777216
100
AcDbMText
 10
215.273438
 20
88.367887
 30
0.0
 40
3.5
 41
0.0
 46
0.0
 71
     5
 72
     1
  1
43
 73
     1
 44
1.0
  0
POINT
  5
8D8
330
478
100
AcDbEntity
  8
Defpoints
 62
     0
440
 16777216
100
AcDbPoint
 10
193.773438
 20
101.585938
 30
0.0
  0
POINT
  5
8D9
330
478
100
AcDbEntity
  8
Defpoints
 62
     0
440
 16777216
100
AcDbPoint
 10
236.773438
 20
101.585938
 30
0.0
  0
POINT
  5
8DA
330
478
100
AcDbEntity
  8
Defpoints
 62
     0
440
 16777216
100
AcDbPoint
 10
236.773438
 20
85.179688
 30
0.0
  0
ENDBLK
  5
47A
330
478
100
AcDbEntity
  8
0
100
AcDbBlockEnd
  0
BLOCK
  5
485
330
484
100
AcDbEntity
  8
0
100
AcDbBlockBegin
  2
*D49
 70
     1
 10
0.0
 20
0.0
 30
0.0
  3
*D49
  1

  0
LINE
  5
8DB
330
484
100
AcDbEntity
  8
FD_Dimensions
 62
     0
440
 16777216
370
    -2
100
AcDbLine
 10
192.673438
 20
100.585938
 30
0.0
 11
144.095313
 21
100.585938
 31
0.0
  0
LINE
  5
8DC
330
484
100
AcDbEntity
  8
FD_Dimensions
 62
     0
440
 16777216
370
    -2
100
AcDbLine
 10
191.673438
 20
122.585938
 30
0.0
 11
144.095313
 21
122.585938
 31
0.0
  0
LINE
  5
8DD
330
484
100
AcDbEntity
  8
FD_Dimensions
 62
     0
440
 16777216
370
    -2
100
AcDbLine
 10
146.195313
 20
104.085938
 30
0.0
 11
146.195313
 21
119.085938
 31
0.0
  0
SOLID
  5
8DE
330
484
100
AcDbEntity
  8
FD_Dimensions
 62
     0
440
 16777216
100
AcDbTrace
 10
145.611979
 20
104.085938
 30
0.0
 11
146.778646
 21
104.085938
 31
0.0
 12
146.195313
 22
100.585938
 32
0.0
 13
146.195313
 23
100.585938
 33
0.0
  0
SOLID
  5
8DF
330
484
100
AcDbEntity
  8
FD_Dimensions
 62
     0
440
 16777216
100
AcDbTrace
 10
145.611979
 20
119.085938
 30
0.0
 11
146.778646
 21
119.085938
 31
0.0
 12
146.195313
 22
122.585938
 32
0.0
 13
146.195313
 23
122.585938
 33
0.0
  0
MTEXT
  5
8E0
330
484
100
AcDbEntity
  8
FD_Dimensions
 62
     0
440
 16777216
100
AcDbMText
 10
143.03815
 20
111.585938
 30
0.0
 40
3.5
 41
0.0
 46
0.0
 71
     5
 72
     1
  1
22
 11
0.0
 21
1.0
 31
0.0
 73
     1
 44
1.0
  0
POINT
  5
8E1
330
484
100
AcDbEntity
  8
Defpoints
 62
     0
440
 16777216
100
AcDbPoint
 10
194.773438
 20
100.585938
 30
0.0
  0
POINT
  5
8E2
330
484
100
AcDbEntity
  8
Defpoints
 62
     0
440
 16777216
100
AcDbPoint
 10
193.773438
 20
122.585938
 30
0.0
  0
POINT
  5
8E3
330
484
100
AcDbEntity
  8
Defpoints
 62
     0
440
 16777216
100
AcDbPoint
 10
146.195313
 20
122.585938
 30
0.0
  0
ENDBLK
  5
486
330
484
100
AcDbEntity
  8
0
100
AcDbBlockEnd
  0
ENDSEC
  0
SECTION
  2
ENTITIES
  0
INSERT
  5
1E9
330
70
100
AcDbEntity
  8
BORDER
100
AcDbBlockReference
  2
ISO_A3_SHEET
 10
0.0
 20
0.0
 30
0.0
  0
INSERT
  5
22F
330
70
100
AcDbEntity
  8
TITLEBLOCK
100
AcDbBlockReference
 66
     1
  2
ISO_TITLEBLOCK
 10
410.0
 20
10.0
 30
0.0
  0
ATTRIB
  5
26B
330
22F
100
AcDbEntity
  8
TITLEBLOCK
100
AcDbText
 10
360.0
 20
11.5
 30
0.0
 40
3.5
  1

  7
FusionTitle
 11
360.0
 21
15.0
 31
0.0
100
AcDbAttribute
280
     0
  2
DATE_OF_ISSUE
 70
     0
 74
     3
280
     1
  0
ATTRIB
  5
26C
330
22F
100
AcDbEntity
  8
TITLEBLOCK
100
AcDbText
 10
354.0
 20
11.35
 30
0.0
 40
3.5
  1

  7
FusionTitle
 72
     1
 11
354.0
 21
14.85
 31
0.0
100
AcDbAttribute
280
     0
  2
REV
 70
     0
 74
     3
280
     1
  0
ATTRIB
  5
26D
330
22F
100
AcDbEntity
  8
TITLEBLOCK
100
AcDbText
 10
289.0
 20
11.5
 30
0.0
 40
5.0
  1

  7
FusionTitle
 11
289.0
 21
16.5
 31
0.0
100
AcDbAttribute
280
     0
  2
TITLE_3
 70
     0
 74
     3
280
     1
  0
ATTRIB
  5
26E
330
22F
100
AcDbEntity
  8
TITLEBLOCK
100
AcDbText
 10
350.0
 20
38.5
 30
0.0
 40
3.5
  1

  7
FusionTitle
 11
350.0
 21
42.0
 31
0.0
100
AcDbAttribute
280
     0
  2
DOCUMENT_STATUS
 70
     0
 74
     3
280
     1
  0
ATTRIB
  5
26F
330
22F
100
AcDbEntity
  8
TITLEBLOCK
100
AcDbText
 10
289.0
 20
38.5
 30
0.0
 40
3.5
  1

  7
FusionTitle
 11
289.0
 21
42.0
 31
0.0
100
AcDbAttribute
280
     0
  2
DOCUMENT_TYPE
 70
     0
 74
     3
280
     1
  0
ATTRIB
  5
270
330
22F
100
AcDbEntity
  8
TITLEBLOCK
100
AcDbText
 10
409.007162
 20
48.5
 30
0.0
 40
3.5
  1

  7
FusionTitle
 72
     2
 11
409.007162
 21
52.0
 31
0.0
100
AcDbAttribute
280
     0
  2
APPROVED_DATE
 70
     0
 74
     3
280
     1
  0
ATTRIB
  5
271
330
22F
100
AcDbEntity
  8
TITLEBLOCK
100
AcDbText
 10
328.967258
 20
48.5
 30
0.0
 40
3.5
  1
20.04.26
  7
FusionTitle
 72
     2
 11
348.0
 21
52.0
 31
0.0
100
AcDbAttribute
280
     0
  2
CREATED_DATE
 70
     0
 74
     3
280
     1
  0
ATTRIB
  5
272
330
22F
100
AcDbEntity
  8
TITLEBLOCK
100
AcDbText
 10
399.101467
 20
11.35
 30
0.0
 40
3.5
  1
1/1
  7
FusionTitle
 72
     1
 11
402.5
 21
14.85
 31
0.0
100
AcDbAttribute
280
     0
  2
SHEET
 70
     0
 74
     3
280
     1
  0
ATTRIB
  5
273
330
22F
100
AcDbEntity
  8
TITLEBLOCK
100
AcDbText
 10
289.0
 20
19.0
 30
0.0
 40
5.0
  1

  7
FusionTitle
 11
289.0
 21
24.0
 31
0.0
100
AcDbAttribute
280
     0
  2
TITLE_2
 70
     0
 74
     3
280
     1
  0
ATTRIB
  5
274
330
22F
100
AcDbEntity
  8
TITLEBLOCK
100
AcDbText
 10
379.5
 20
24.751432
 30
0.0
 40
5.0
  1

  7
FusionTitle
 72
     1
 11
379.5
 21
29.751432
 31
0.0
100
AcDbAttribute
280
     0
  2
DRAWING_NUMBER
 70
     0
 74
     3
280
     1
  0
ATTRIB
  5
275
330
22F
100
AcDbEntity
  8
TITLEBLOCK
100
AcDbText
 10
289.0
 20
26.5
 30
0.0
 40
5.0
  1
arm_2
  7
FusionTitle
 11
289.0
 21
31.5
 31
0.0
100
AcDbAttribute
280
     0
  2
TITLE_1
 70
     0
 74
     3
280
     1
  0
ATTRIB
  5
276
330
22F
100
AcDbEntity
  8
TITLEBLOCK
100
AcDbText
 10
350.0
 20
48.5
 30
0.0
 40
3.5
  1

  7
FusionTitle
 11
350.0
 21
52.0
 31
0.0
100
AcDbAttribute
280
     0
  2
APPROVED_BY
 70
     0
 74
     3
280
     1
  0
ATTRIB
  5
277
330
22F
100
AcDbEntity
  8
TITLEBLOCK
100
AcDbText
 10
289.0
 20
48.5
 30
0.0
 40
3.5
  1
Shrikar Nakhye
  7
FusionTitle
 11
289.0
 21
52.0
 31
0.0
100
AcDbAttribute
280
     0
  2
CREATED_BY
 70
     0
 74
     3
280
     1
  0
ATTRIB
  5
278
330
22F
100
AcDbEntity
  8
TITLEBLOCK
100
AcDbText
 10
255.0
 20
48.5
 30
0.0
 40
3.5
  1

  7
FusionTitle
 11
255.0
 21
52.0
 31
0.0
100
AcDbAttribute
280
     0
  2
TECHNICAL_REFERENCE
 70
     0
 74
     3
280
     1
  0
ATTRIB
  5
279
330
22F
100
AcDbEntity
  8
TITLEBLOCK
100
AcDbText
 10
231.0
 20
48.5
 30
0.0
 40
3.5
  1

  7
FusionTitle
 11
231.0
 21
52.0
 31
0.0
100
AcDbAttribute
280
     0
  2
DEPT
 70
     0
 74
     3
280
     1
  0
SEQEND
  5
27A
330
22F
100
AcDbEntity
  8
TITLEBLOCK
  0
INSERT
  5
27B
330
70
100
AcDbEntity
  8
Smart Centers
 48
0.75
100
AcDbBlockReference
  2
*U6
 10
240.273438
 20
116.585938
 30
0.0
  0
INSERT
  5
286
330
70
100
AcDbEntity
  8
Smart Centers
 48
0.75
100
AcDbBlockReference
  2
*U7
 10
240.273438
 20
106.585938
 30
0.0
  0
INSERT
  5
290
330
70
100
AcDbEntity
  8
Smart Centers
 48
0.75
100
AcDbBlockReference
  2
*U8
 10
190.273438
 20
116.585938
 30
0.0
  0
INSERT
  5
29A
330
70
100
AcDbEntity
  8
Smart Centers
 48
0.75
100
AcDbBlockReference
  2
*U9
 10
190.273438
 20
106.585938
 30
0.0
  0
INSERT
  5
2A4
330
70
100
AcDbEntity
  8
Smart Centers
 48
0.75
100
AcDbBlockReference
  2
*U10
 10
250.273438
 20
205.882813
 30
0.0
  0
INSERT
  5
2AE
330
70
100
AcDbEntity
  8
Smart Centers
 48
0.75
100
AcDbBlockReference
  2
*U11
 10
250.273438
 20
195.882813
 30
0.0
  0
INSERT
  5
2B8
330
70
100
AcDbEntity
  8
Smart Centers
 48
0.75
100
AcDbBlockReference
  2
*U12
 10
300.273438
 20
205.882813
 30
0.0
  0
INSERT
  5
2C2
330
70
100
AcDbEntity
  8
Smart Centers
 48
0.75
100
AcDbBlockReference
  2
*U13
 10
300.273438
 20
195.882813
 30
0.0
  0
DIMENSION
  5
2CC
330
70
100
AcDbEntity
  8
FD_Dimensions
100
AcDbDimension
280
     0
  2
*D32
 10
326.101563
 20
216.882813
 30
0.0
 11
322.913363
 21
200.882813
 31
0.0
 70
    32
 71
     5
 42
32.0
 73
     0
 74
     0
 75
     0
  3
Dim-ISO-25
100
AcDbAlignedDimension
 13
304.773438
 23
184.882813
 33
0.0
 14
304.773438
 24
216.882813
 34
0.0
 50
90.0
100
AcDbRotatedDimension
1001
FUSDOC_AUTODIM_XDATA
1070
     1
1071
        0
1071
     4000
1071
        0
1071
  1049616
1071
        0
1071
        0
1001
ACAD_DIMASSOC_OVERRIDDEN_DIMLFAC
1040
0.0
1001
ACAD_DIMASSOC_CALC_DIMLFAC
1040
-1.0
1001
ACAD_DIMASSOC_DIMLFAC
1040
-1.0
1001
AUTO_ARRANGE_XDATA
1070
     1
1071
        4
1040
21.328125
1040
0.0
1001
ACAD_DSTYLE_DIMJAG_POSITION
1070
   387
1070
     0
1070
   389
1010
0.0
1020
0.0
1030
0.0
1001
ACAD
1000
DSTYLE
1002
{
1070
   144
1040
1.0
1002
}
  0
DIMENSION
  5
2DA
330
70
100
AcDbEntity
  8
FD_Dimensions
100
AcDbDimension
280
     0
  2
*D33
 10
239.071356
 20
115.383856
 30
0.0
 11
257.491367
 21
133.803867
 31
0.0
 70
   163
 71
     5
 42
3.4
 73
     0
 74
     0
 75
     0
  3
Dim-ISO-25
100
AcDbDiametricDimension
 15
241.475519
 25
117.788019
 35
0.0
 40
0.0
1001
FUSDOC_AUTODIM_XDATA
1070
     1
1071
        0
1071
     3000
1071
        0
1071
       32
1071
        0
1071
        0
1001
ACAD_DIMASSOC_OVERRIDDEN_DIMLFAC
1040
0.0
1001
ACAD_DIMASSOC_CALC_DIMLFAC
1040
-1.0
1001
ACAD_DIMASSOC_DIMLFAC
1040
-1.0
1001
AUTO_ARRANGE_XDATA
1070
     2
1040
5.497787
1070
     0
1040
22.649829
1001
ACAD_DSTYLE_DIMJAG_POSITION
1070
   387
1070
     0
1070
   389
1010
0.0
1020
0.0
1030
0.0
1001
ACAD_DSTYLE_DIMRADIAL_EXTENSION
1070
   387
1070
     1
1070
   388
1040
0.0
1070
   390
1040
0.0
1001
ACAD
1000
DSTYLE
1002
{
1070
   144
1040
1.0
1002
}
  0
DIMENSION
  5
2E6
330
70
100
AcDbEntity
  8
FD_Dimensions
100
AcDbDimension
280
     0
  2
*D34
 10
240.890832
 20
115.556946
 30
0.0
 11
229.208747
 21
135.027089
 31
0.0
 70
   163
 71
     5
 42
2.4
 73
     0
 74
     0
 75
     0
  3
Dim-ISO-25
100
AcDbDiametricDimension
 15
239.656043
 25
117.614929
 35
0.0
 40
0.0
1001
FUSDOC_AUTODIM_XDATA
1070
     1
1071
        0
1071
     3000
1071
        0
1071
       32
1071
        0
1071
        0
1001
ACAD_DIMASSOC_OVERRIDDEN_DIMLFAC
1040
0.0
1001
ACAD_DIMASSOC_CALC_DIMLFAC
1040
-1.0
1001
ACAD_DIMASSOC_DIMLFAC
1040
-1.0
1001
AUTO_ARRANGE_XDATA
1070
     2
1040
4.171969
1070
     0
1040
20.305893
1001
ACAD_DSTYLE_DIMJAG_POSITION
1070
   387
1070
     0
1070
   389
1010
0.0
1020
0.0
1030
0.0
1001
ACAD_DSTYLE_DIMRADIAL_EXTENSION
1070
   387
1070
     1
1070
   388
1040
0.0
1070
   390
1040
0.0
1001
ACAD
1000
DSTYLE
1002
{
1070
   144
1040
1.0
1002
}
  0
DIMENSION
  5
2F2
330
70
100
AcDbEntity
  8
FD_Dimensions
100
AcDbDimension
280
     0
  2
*D35
 10
301.083119
 20
204.388016
 30
0.0
 11
289.601479
 21
225.58489
 31
0.0
 70
   163
 71
     5
 42
3.4
 73
     0
 74
     0
 75
     0
  3
Dim-ISO-25
100
AcDbDiametricDimension
 15
299.463756
 25
207.377609
 35
0.0
 40
0.0
1001
FUSDOC_AUTODIM_XDATA
1070
     1
1071
        0
1071
     3000
1071
        0
1071
       32
1071
        0
1071
        0
1001
ACAD_DIMASSOC_OVERRIDDEN_DIMLFAC
1040
0.0
1001
ACAD_DIMASSOC_CALC_DIMLFAC
1040
-1.0
1001
ACAD_DIMASSOC_DIMLFAC
1040
-1.0
1001
AUTO_ARRANGE_XDATA
1070
     2
1040
4.215966
1070
     0
1040
20.706753
1001
ACAD_DSTYLE_DIMJAG_POSITION
1070
   387
1070
     0
1070
   389
1010
0.0
1020
0.0
1030
0.0
1001
ACAD_DSTYLE_DIMRADIAL_EXTENSION
1070
   387
1070
     1
1070
   388
1040
0.0
1070
   390
1040
0.0
1001
ACAD
1000
DSTYLE
1002
{
1070
   144
1040
1.0
1002
}
  0
DIMENSION
  5
2FE
330
70
100
AcDbEntity
  8
FD_Dimensions
100
AcDbDimension
280
     0
  2
*D36
 10
299.224449
 20
205.300041
 30
0.0
 11
318.719209
 21
216.130463
 31
0.0
 70
   163
 71
     5
 42
2.4
 73
     0
 74
     0
 75
     0
  3
Dim-ISO-25
100
AcDbDiametricDimension
 15
301.322426
 25
206.465584
 35
0.0
 40
0.0
1001
FUSDOC_AUTODIM_XDATA
1070
     1
1071
        0
1071
     3000
1071
        0
1071
       32
1071
        0
1071
        0
1001
ACAD_DIMASSOC_OVERRIDDEN_DIMLFAC
1040
0.0
1001
ACAD_DIMASSOC_CALC_DIMLFAC
1040
-1.0
1001
ACAD_DIMASSOC_DIMLFAC
1040
-1.0
1001
AUTO_ARRANGE_XDATA
1070
     2
1040
5.776087
1070
     0
1040
19.901204
1001
ACAD_DSTYLE_DIMJAG_POSITION
1070
   387
1070
     0
1070
   389
1010
0.0
1020
0.0
1030
0.0
1001
ACAD_DSTYLE_DIMRADIAL_EXTENSION
1070
   387
1070
     1
1070
   388
1040
0.0
1070
   390
1040
0.0
1001
ACAD
1000
DSTYLE
1002
{
1070
   144
1040
1.0
1002
}
  0
DIMENSION
  5
30A
330
70
100
AcDbEntity
  8
FD_Dimensions
100
AcDbDimension
280
     0
  2
*D37
 10
240.273438
 20
75.135937
 30
0.0
 11
212.773438
 21
78.315781
 31
0.0
 70
    32
 71
     5
 42
55.0
 73
     0
 74
     0
 75
     0
  3
Dim-ISO-25
100
AcDbAlignedDimension
 13
185.273438
 23
101.085938
 33
0.0
 14
240.273438
 24
101.385938
 34
0.0
100
AcDbRotatedDimension
1001
FUSDOC_AUTODIM_XDATA
1070
     1
1071
        0
1071
     1500
1071
        0
1071
   132096
1071
        0
1071
        0
1001
ACAD_DIMASSOC_OVERRIDDEN_DIMLFAC
1040
0.0
1001
ACAD_DIMASSOC_CALC_DIMLFAC
1040
-1.0
1001
ACAD_DIMASSOC_DIMLFAC
1040
-1.0
1001
AUTO_ARRANGE_XDATA
1070
     1
1071
        4
1040
25.95
1040
0.0
1001
ACAD_DSTYLE_DIMJAG_POSITION
1070
   387
1070
     0
1070
   389
1010
0.0
1020
0.0
1030
0.0
1001
ACAD
1000
DSTYLE
1002
{
1070
   144
1040
1.0
1002
}
  0
DIMENSION
  5
317
330
70
100
AcDbEntity
  8
FD_Dimensions
100
AcDbDimension
280
     0
  2
*D38
 10
160.2
 20
116.585938
 30
0.0
 11
157.042838
 21
106.085938
 31
0.0
 70
    32
 71
     5
 42
21.0
 73
     0
 74
     0
 75
     0
  3
Dim-ISO-25
100
AcDbAlignedDimension
 13
190.773438
 23
95.585938
 33
0.0
 14
195.473438
 24
116.585938
 34
0.0
 50
90.0
100
AcDbRotatedDimension
1001
FUSDOC_AUTODIM_XDATA
1070
     1
1071
        0
1071
     1500
1071
        0
1071
   132096
1071
        0
1071
        0
1001
ACAD_DIMASSOC_OVERRIDDEN_DIMLFAC
1040
0.0
1001
ACAD_DIMASSOC_CALC_DIMLFAC
1040
-1.0
1001
ACAD_DIMASSOC_DIMLFAC
1040
-1.0
1001
AUTO_ARRANGE_XDATA
1070
     1
1071
        7
1040
30.573437
1040
0.0
1001
ACAD_DSTYLE_DIMJAG_POSITION
1070
   387
1070
     0
1070
   389
1010
0.0
1020
0.0
1030
0.0
1001
ACAD
1000
DSTYLE
1002
{
1070
   144
1040
1.0
1002
}
  0
DIMENSION
  5
324
330
70
100
AcDbEntity
  8
FD_Dimensions
100
AcDbDimension
280
     0
  2
*D39
 10
174.965625
 20
106.585938
 30
0.0
 11
171.808463
 21
101.085938
 31
0.0
 70
    32
 71
     5
 42
11.0
 73
     0
 74
     0
 75
     0
  3
Dim-ISO-25
100
AcDbAlignedDimension
 13
190.773438
 23
95.585938
 33
0.0
 14
195.473438
 24
106.585938
 34
0.0
 50
90.0
100
AcDbRotatedDimension
1001
FUSDOC_AUTODIM_XDATA
1070
     1
1071
        0
1071
     1500
1071
        0
1071
   132096
1071
        0
1071
        0
1001
ACAD_DIMASSOC_OVERRIDDEN_DIMLFAC
1040
0.0
1001
ACAD_DIMASSOC_CALC_DIMLFAC
1040
-1.0
1001
ACAD_DIMASSOC_DIMLFAC
1040
-1.0
1001
AUTO_ARRANGE_XDATA
1070
     1
1071
        7
1040
15.807812
1040
0.0
1001
ACAD_DSTYLE_DIMJAG_POSITION
1070
   387
1070
     0
1070
   389
1010
0.0
1020
0.0
1030
0.0
1001
ACAD
1000
DSTYLE
1002
{
1070
   144
1040
1.0
1002
}
  0
DIMENSION
  5
331
330
70
100
AcDbEntity
  8
FD_Dimensions
100
AcDbDimension
280
     0
  2
*D40
 10
193.773438
 20
137.351563
 30
0.0
 11
205.375006
 21
140.538568
 31
0.0
 70
    32
 71
     5
 42
8.5
 73
     0
 74
     0
 75
     0
  3
Dim-ISO-25
100
AcDbAlignedDimension
 13
185.273438
 23
122.085938
 33
0.0
 14
193.773438
 24
122.585938
 34
0.0
100
AcDbRotatedDimension
1001
FUSDOC_AUTODIM_XDATA
1070
     1
1071
        0
1071
     1500
1071
        0
1071
   132096
1071
        0
1071
        0
1001
ACAD_DIMASSOC_OVERRIDDEN_DIMLFAC
1040
0.0
1001
ACAD_DIMASSOC_CALC_DIMLFAC
1040
-1.0
1001
ACAD_DIMASSOC_DIMLFAC
1040
-1.0
1001
AUTO_ARRANGE_XDATA
1070
     1
1071
        7
1040
14.765625
1040
0.0
1001
ACAD_DSTYLE_DIMJAG_POSITION
1070
   387
1070
     0
1070
   389
1010
0.0
1020
0.0
1030
0.0
1001
ACAD
1000
DSTYLE
1002
{
1070
   144
1040
1.0
1002
}
  0
DIMENSION
  5
340
330
70
100
AcDbEntity
  8
FD_Dimensions
100
AcDbDimension
280
     0
  2
*D41
 10
300.273438
 20
155.409375
 30
0.0
 11
242.773438
 21
158.59638
 31
0.0
 70
    32
 71
     5
 42
115.0
 73
     0
 74
     0
 75
     0
  3
Dim-ISO-25
100
AcDbAlignedDimension
 13
185.273438
 23
185.382813
 33
0.0
 14
300.273438
 24
190.682813
 34
0.0
100
AcDbRotatedDimension
1001
FUSDOC_AUTODIM_XDATA
1070
     1
1071
        0
1071
     1500
1071
        0
1071
   132096
1071
        0
1071
        0
1001
ACAD_DIMASSOC_OVERRIDDEN_DIMLFAC
1040
0.0
1001
ACAD_DIMASSOC_CALC_DIMLFAC
1040
-1.0
1001
ACAD_DIMASSOC_DIMLFAC
1040
-1.0
1001
AUTO_ARRANGE_XDATA
1070
     1
1071
        4
1040
29.973437
1040
0.0
1001
ACAD_DSTYLE_DIMJAG_POSITION
1070
   387
1070
     0
1070
   389
1010
0.0
1020
0.0
1030
0.0
1001
ACAD
1000
DSTYLE
1002
{
1070
   144
1040
1.0
1002
}
  0
DIMENSION
  5
34D
330
70
100
AcDbEntity
  8
FD_Dimensions
100
AcDbDimension
280
     0
  2
*D42
 10
253.773438
 20
164.632813
 30
0.0
 11
219.523438
 21
167.819818
 31
0.0
 70
    32
 71
     5
 42
68.5
 73
     0
 74
     0
 75
     0
  3
Dim-ISO-25
100
AcDbAlignedDimension
 13
185.273438
 23
185.382813
 33
0.0
 14
253.773438
 24
190.882813
 34
0.0
100
AcDbRotatedDimension
1001
FUSDOC_AUTODIM_XDATA
1070
     1
1071
        0
1071
     1500
1071
        0
1071
   132096
1071
        0
1071
        0
1001
ACAD_DIMASSOC_CALC_DIMLFAC
1040
-1.0
1001
ACAD_DIMASSOC_DIMLFAC
1040
-1.0
1001
ACAD_DIMASSOC_OVERRIDDEN_DIMLFAC
1040
0.0
1001
AUTO_ARRANGE_XDATA
1070
     1
1071
        4
1040
20.75
1040
0.0
1001
ACAD_DSTYLE_DIMJAG_POSITION
1070
   387
1070
     0
1070
   389
1010
0.0
1020
0.0
1030
0.0
1001
ACAD
1000
DSTYLE
1002
{
1070
   144
1040
1.0
1002
}
  0
DIMENSION
  5
35A
330
70
100
AcDbEntity
  8
FD_Dimensions
100
AcDbDimension
280
     0
  2
*D43
 10
250.273438
 20
175.096875
 30
0.0
 11
217.773438
 21
178.28388
 31
0.0
 70
    32
 71
     5
 42
65.0
 73
     0
 74
     0
 75
     0
  3
Dim-ISO-25
100
AcDbAlignedDimension
 13
185.273438
 23
185.382813
 33
0.0
 14
250.273438
 24
190.682813
 34
0.0
100
AcDbRotatedDimension
1001
FUSDOC_AUTODIM_XDATA
1070
     1
1071
        0
1071
     1500
1071
        0
1071
   132096
1071
        0
1071
        0
1001
ACAD_DIMASSOC_CALC_DIMLFAC
1040
-1.0
1001
ACAD_DIMASSOC_DIMLFAC
1040
-1.0
1001
ACAD_DIMASSOC_OVERRIDDEN_DIMLFAC
1040
0.0
1001
AUTO_ARRANGE_XDATA
1070
     1
1071
        4
1040
10.285937
1040
0.0
1001
ACAD_DSTYLE_DIMJAG_POSITION
1070
   387
1070
     0
1070
   389
1010
0.0
1020
0.0
1030
0.0
1001
ACAD
1000
DSTYLE
1002
{
1070
   144
1040
1.0
1002
}
  0
DIMENSION
  5
367
330
70
100
AcDbEntity
  8
FD_Dimensions
100
AcDbDimension
280
     0
  2
*D44
 10
315.620313
 20
205.882813
 30
0.0
 11
312.46315
 21
195.382813
 31
0.0
 70
    32
 71
     5
 42
21.0
 73
     0
 74
     0
 75
     0
  3
Dim-ISO-25
100
AcDbAlignedDimension
 13
185.773438
 23
184.882813
 33
0.0
 14
245.073438
 24
205.882813
 34
0.0
 50
90.0
100
AcDbRotatedDimension
1001
ACAD_DIMASSOC_CALC_DIMLFAC
1040
-1.0
1001
ACAD_DIMASSOC_DIMLFAC
1040
-1.0
1001
ACAD_DIMASSOC_OVERRIDDEN_DIMLFAC
1040
0.0
1001
FUSDOC_AUTODIM_XDATA
1070
     1
1071
        0
1071
     1500
1071
        0
1071
   132096
1071
        0
1071
        0
1001
AUTO_ARRANGE_XDATA
1070
     1
1071
        4
1040
70.546875
1040
0.0
1001
ACAD_DSTYLE_DIMJAG_POSITION
1070
   387
1070
     0
1070
   389
1010
0.0
1020
0.0
1030
0.0
1001
ACAD
1000
DSTYLE
1002
{
1070
   144
1040
1.0
1002
}
  0
DIMENSION
  5
374
330
70
100
AcDbEntity
  8
FD_Dimensions
100
AcDbDimension
280
     0
  2
*D45
 10
175.346875
 20
195.882813
 30
0.0
 11
172.189713
 21
190.382813
 31
0.0
 70
    32
 71
     5
 42
11.0
 73
     0
 74
     0
 75
     0
  3
Dim-ISO-25
100
AcDbAlignedDimension
 13
185.773438
 23
184.882813
 33
0.0
 14
245.073438
 24
195.882813
 34
0.0
 50
90.0
100
AcDbRotatedDimension
1001
ACAD_DIMASSOC_CALC_DIMLFAC
1040
-1.0
1001
ACAD_DIMASSOC_DIMLFAC
1040
-1.0
1001
ACAD_DIMASSOC_OVERRIDDEN_DIMLFAC
1040
0.0
1001
FUSDOC_AUTODIM_XDATA
1070
     1
1071
        0
1071
     1500
1071
        0
1071
   132096
1071
        0
1071
        0
1001
AUTO_ARRANGE_XDATA
1070
     1
1071
        7
1040
10.426563
1040
0.0
1001
ACAD_DSTYLE_DIMJAG_POSITION
1070
   387
1070
     0
1070
   389
1010
0.0
1020
0.0
1030
0.0
1001
ACAD
1000
DSTYLE
1002
{
1070
   144
1040
1.0
1002
}
  0
DIMENSION
  5
381
330
70
100
AcDbEntity
  8
FD_Dimensions
100
AcDbDimension
280
     0
  2
*D46
 10
190.273438
 20
127.085938
 30
0.0
 11
187.873632
 21
132.934001
 31
0.0
 70
    34
 71
     5
 42
2.356194
 73
     0
 74
     0
 75
     0
  3
Dim-ISO-25
100
AcDb2LineAngularDimension
 13
185.773438
 23
122.585938
 33
0.0
 14
190.273438
 24
127.085938
 34
0.0
 15
244.773438
 25
127.085938
 35
0.0
 16
190.273438
 26
121.994769
 36
0.0
1001
FUSDOC_AUTODIM_XDATA
1070
     1
1071
        0
1071
      100
1071
       64
1071
        0
1071
        0
1071
        0
1001
ACAD_DSTYLE_DIMJAG_POSITION
1070
   387
1070
     0
1070
   389
1010
0.0
1020
0.0
1030
0.0
1001
ACAD
1000
DSTYLE
1002
{
1070
   144
1040
1.0
1070
     3
1000

1002
}
  0
DIMENSION
  5
390
330
70
100
AcDbEntity
  8
FD_Dimensions
100
AcDbDimension
280
     0
  2
*D47
 10
304.773438
 20
65.234375
 30
0.0
 11
245.023438
 21
68.42138
 31
0.0
 70
    32
 71
     5
 42
119.5
 73
     0
 74
     0
 75
     0
  3
Dim-ISO-25
100
AcDbAlignedDimension
 13
185.273438
 23
101.085938
 33
0.0
 14
304.773438
 24
95.585938
 34
0.0
100
AcDbRotatedDimension
1001
FUSDOC_AUTODIM_XDATA
1070
     1
1071
        0
1071
       20
1071
        0
1071
  2098180
1071
        0
1071
        0
1001
ACAD_DIMASSOC_CALC_DIMLFAC
1040
-1.0
1001
ACAD_DIMASSOC_DIMLFAC
1040
-1.0
1001
ACAD_DIMASSOC_OVERRIDDEN_DIMLFAC
1040
0.0
1001
AUTO_ARRANGE_XDATA
1070
     1
1071
        4
1040
30.351563
1040
0.0
1001
ACAD_DSTYLE_DIMJAG_POSITION
1070
   387
1070
     0
1070
   389
1010
0.0
1020
0.0
1030
0.0
1001
ACAD
1000
DSTYLE
1002
{
1070
   144
1040
1.0
1002
}
  0
DIMENSION
  5
39D
330
70
100
AcDbEntity
  8
FD_Dimensions
100
AcDbDimension
280
     0
  2
*D48
 10
236.773438
 20
85.179688
 30
0.0
 11
215.273438
 21
88.367887
 31
0.0
 70
    32
 71
     5
 42
43.0
 73
     0
 74
     0
 75
     0
  3
Dim-ISO-25
100
AcDbAlignedDimension
 13
193.773438
 23
101.585938
 33
0.0
 14
236.773438
 24
101.585938
 34
0.0
100
AcDbRotatedDimension
1001
ACAD_DIMASSOC_CALC_DIMLFAC
1040
-1.0
1001
ACAD_DIMASSOC_DIMLFAC
1040
-1.0
1001
ACAD_DIMASSOC_OVERRIDDEN_DIMLFAC
1040
0.0
1001
FUSDOC_AUTODIM_XDATA
1070
     1
1071
        0
1071
       20
1071
        0
1071
     1028
1071
        0
1071
        0
1001
AUTO_ARRANGE_XDATA
1070
     1
1071
        4
1040
16.40625
1040
0.0
1001
ACAD_DSTYLE_DIMJAG_POSITION
1070
   387
1070
     0
1070
   389
1010
0.0
1020
0.0
1030
0.0
1001
ACAD
1000
DSTYLE
1002
{
1070
   144
1040
1.0
1002
}
  0
DIMENSION
  5
3AA
330
70
100
AcDbEntity
  8
FD_Dimensions
100
AcDbDimension
280
     0
  2
*D49
 10
146.195313
 20
122.585938
 30
0.0
 11
143.03815
 21
111.585938
 31
0.0
 70
    32
 71
     5
 42
22.0
 73
     0
 74
     0
 75
     0
  3
Dim-ISO-25
100
AcDbAlignedDimension
 13
194.773438
 23
100.585938
 33
0.0
 14
193.773438
 24
122.585938
 34
0.0
 50
90.0
100
AcDbRotatedDimension
1001
FUSDOC_AUTODIM_XDATA
1070
     1
1071
        0
1071
       20
1071
        0
1071
  2098192
1071
        0
1071
        0
1001
ACAD_DIMASSOC_CALC_DIMLFAC
1040
-1.0
1001
ACAD_DIMASSOC_DIMLFAC
1040
-1.0
1001
ACAD_DIMASSOC_OVERRIDDEN_DIMLFAC
1040
0.0
1001
AUTO_ARRANGE_XDATA
1070
     1
1071
        7
1040
47.578125
1040
0.0
1001
ACAD_DSTYLE_DIMJAG_POSITION
1070
   387
1070
     0
1070
   389
1010
0.0
1020
0.0
1030
0.0
1001
ACAD
1000
DSTYLE
1002
{
1070
   144
1040
1.0
1002
}
  0
LINE
  5
677
330
70
100
AcDbEntity
  8
Visible
100
AcDbLine
 10
305.273438
 20
123.085938
 30
0.0
 11
305.273438
 21
96.085938
 31
0.0
210
0.0
220
1.0
230
0.0
  0
LINE
  5
678
330
70
100
AcDbEntity
  8
Visible
100
AcDbLine
 10
305.273438
 20
127.085938
 30
0.0
 11
305.273438
 21
124.085938
 31
0.0
210
0.0
220
1.0
230
0.0
  0
LINE
  5
679
330
70
100
AcDbEntity
  8
Visible
100
AcDbLine
 10
305.273438
 20
123.085938
 30
0.0
 11
305.273438
 21
124.085938
 31
0.0
210
0.0
220
1.0
230
0.0
  0
LINE
  5
67A
330
70
100
AcDbEntity
  8
Visible
100
AcDbLine
 10
190.273438
 20
96.085938
 30
0.0
 11
185.773438
 21
100.585938
 31
0.0
210
0.0
220
1.0
230
0.0
  0
LINE
  5
67B
330
70
100
AcDbEntity
  8
Visible
100
AcDbLine
 10
190.273438
 20
96.085938
 30
0.0
 11
304.773438
 21
96.085938
 31
0.0
210
0.0
220
1.0
230
0.0
  0
LINE
  5
67C
330
70
100
AcDbEntity
  8
Visible
100
AcDbLine
 10
304.773438
 20
96.085938
 30
0.0
 11
304.773438
 21
123.085938
 31
0.0
210
0.0
220
1.0
230
0.0
  0
LINE
  5
67D
330
70
100
AcDbEntity
  8
Visible
100
AcDbLine
 10
304.773438
 20
123.085938
 30
0.0
 11
245.773438
 21
123.085938
 31
0.0
210
0.0
220
1.0
230
0.0
  0
LINE
  5
67E
330
70
100
AcDbEntity
  8
Visible
100
AcDbLine
 10
244.773438
 20
124.085938
 30
0.0
 11
245.773438
 21
123.085938
 31
0.0
210
0.0
220
1.0
230
0.0
  0
LINE
  5
67F
330
70
100
AcDbEntity
  8
Visible
100
AcDbLine
 10
244.773438
 20
124.085938
 30
0.0
 11
244.773438
 21
127.085938
 31
0.0
210
0.0
220
1.0
230
0.0
  0
LINE
  5
680
330
70
100
AcDbEntity
  8
Visible
100
AcDbLine
 10
244.773438
 20
127.085938
 30
0.0
 11
190.273438
 21
127.085938
 31
0.0
210
0.0
220
1.0
230
0.0
  0
LINE
  5
681
330
70
100
AcDbEntity
  8
Visible
100
AcDbLine
 10
185.773438
 20
122.585938
 30
0.0
 11
190.273438
 21
127.085938
 31
0.0
210
0.0
220
1.0
230
0.0
  0
LINE
  5
682
330
70
100
AcDbEntity
  8
Visible
100
AcDbLine
 10
185.773438
 20
122.585938
 30
0.0
 11
185.773438
 21
100.585938
 31
0.0
210
0.0
220
1.0
230
0.0
  0
CIRCLE
  5
683
330
70
100
AcDbEntity
  8
Visible
100
AcDbCircle
 10
240.273438
 20
116.585938
 30
0.0
 40
1.700000000000021
  0
CIRCLE
  5
684
330
70
100
AcDbEntity
  8
Visible
100
AcDbCircle
 10
240.273438
 20
106.585938
 30
0.0
 40
1.700000000000021
  0
CIRCLE
  5
685
330
70
100
AcDbEntity
  8
Visible
100
AcDbCircle
 10
190.273438
 20
116.585938
 30
0.0
 40
1.700000000000021
  0
CIRCLE
  5
686
330
70
100
AcDbEntity
  8
Visible
100
AcDbCircle
 10
190.273438
 20
106.585938
 30
0.0
 40
1.700000000000021
  0
LINE
  5
687
330
70
100
AcDbEntity
  8
Visible
100
AcDbLine
 10
193.773438
 20
101.585938
 30
0.0
 11
194.773438
 21
100.585938
 31
0.0
210
0.0
220
1.0
230
0.0
  0
LINE
  5
688
330
70
100
AcDbEntity
  8
Visible
100
AcDbLine
 10
193.773438
 20
101.585938
 30
0.0
 11
193.773438
 21
122.585938
 31
0.0
210
0.0
220
1.0
230
0.0
  0
LINE
  5
689
330
70
100
AcDbEntity
  8
Visible
100
AcDbLine
 10
193.773438
 20
122.585938
 30
0.0
 11
235.773438
 21
122.585938
 31
0.0
210
0.0
220
1.0
230
0.0
  0
LINE
  5
68A
330
70
100
AcDbEntity
  8
Visible
100
AcDbLine
 10
236.773438
 20
121.585938
 30
0.0
 11
235.773438
 21
122.585938
 31
0.0
210
0.0
220
1.0
230
0.0
  0
LINE
  5
68B
330
70
100
AcDbEntity
  8
Visible
100
AcDbLine
 10
236.773438
 20
121.585938
 30
0.0
 11
236.773438
 21
101.585938
 31
0.0
210
0.0
220
1.0
230
0.0
  0
LINE
  5
68C
330
70
100
AcDbEntity
  8
Visible
100
AcDbLine
 10
235.773438
 20
100.585938
 30
0.0
 11
236.773438
 21
101.585938
 31
0.0
210
0.0
220
1.0
230
0.0
  0
LINE
  5
68D
330
70
100
AcDbEntity
  8
Visible
100
AcDbLine
 10
235.773438
 20
100.585938
 30
0.0
 11
194.773438
 21
100.585938
 31
0.0
210
0.0
220
1.0
230
0.0
  0
LINE
  5
68E
330
70
100
AcDbEntity
  8
Visible
100
AcDbLine
 10
304.773438
 20
123.585938
 30
0.0
 11
245.773438
 21
123.585938
 31
0.0
210
0.0
220
1.0
230
0.0
  0
LINE
  5
68F
330
70
100
AcDbEntity
  8
Visible
100
AcDbLine
 10
190.773438
 20
127.585938
 30
0.0
 11
244.773438
 21
127.585938
 31
0.0
210
0.0
220
1.0
230
0.0
  0
LINE
  5
690
330
70
100
AcDbEntity
  8
Visible
100
AcDbLine
 10
245.773438
 20
127.585938
 30
0.0
 11
244.773438
 21
127.585938
 31
0.0
210
0.0
220
1.0
230
0.0
  0
LINE
  5
691
330
70
100
AcDbEntity
  8
Visible
100
AcDbLine
 10
245.773438
 20
127.585938
 30
0.0
 11
304.773438
 21
127.585938
 31
0.0
210
0.0
220
1.0
230
0.0
  0
LINE
  5
692
330
70
100
AcDbEntity
  8
Visible
100
AcDbLine
 10
185.273438
 20
101.085938
 30
0.0
 11
185.273438
 21
122.085938
 31
0.0
210
0.0
220
1.0
230
0.0
  0
LINE
  5
693
330
70
100
AcDbEntity
  8
Visible
100
AcDbLine
 10
304.773438
 20
95.585938
 30
0.0
 11
190.773438
 21
95.585938
 31
0.0
210
0.0
220
1.0
230
0.0
  0
LINE
  5
694
330
70
100
AcDbEntity
  8
Visible
100
AcDbLine
 10
194.273438
 20
121.585938
 30
0.0
 11
194.273438
 21
101.585938
 31
0.0
210
0.0
220
1.0
230
0.0
  0
LINE
  5
695
330
70
100
AcDbEntity
  8
Visible
100
AcDbLine
 10
235.773438
 20
122.085938
 30
0.0
 11
194.773438
 21
122.085938
 31
0.0
210
0.0
220
1.0
230
0.0
  0
LINE
  5
696
330
70
100
AcDbEntity
  8
Visible
100
AcDbLine
 10
236.273438
 20
101.585938
 30
0.0
 11
236.273438
 21
121.585938
 31
0.0
210
0.0
220
1.0
230
0.0
  0
LINE
  5
697
330
70
100
AcDbEntity
  8
Visible
100
AcDbLine
 10
194.773438
 20
101.085938
 30
0.0
 11
235.773438
 21
101.085938
 31
0.0
210
0.0
220
1.0
230
0.0
  0
CIRCLE
  5
698
330
70
100
AcDbEntity
  8
Visible
100
AcDbCircle
 10
190.273438
 20
106.585938
 30
0.0
 40
1.2
  0
CIRCLE
  5
699
330
70
100
AcDbEntity
  8
Visible
100
AcDbCircle
 10
190.273438
 20
116.585938
 30
0.0
 40
1.2
  0
CIRCLE
  5
69A
330
70
100
AcDbEntity
  8
Visible
100
AcDbCircle
 10
240.273438
 20
106.585938
 30
0.0
 40
1.2
  0
CIRCLE
  5
69B
330
70
100
AcDbEntity
  8
Visible
100
AcDbCircle
 10
240.273438
 20
116.585938
 30
0.0
 40
1.2
  0
LINE
  5
69C
330
70
100
AcDbEntity
  8
Visible
100
AcDbLine
 10
304.773438
 20
124.085938
 30
0.0
 11
304.773438
 21
127.085938
 31
0.0
210
0.0
220
1.0
230
0.0
  0
LINE
  5
69D
330
70
100
AcDbEntity
  8
Visible
100
AcDbLine
 10
304.773438
 20
127.085938
 30
0.0
 11
245.773438
 21
127.085938
 31
0.0
210
0.0
220
1.0
230
0.0
  0
LINE
  5
69E
330
70
100
AcDbEntity
  8
Visible
100
AcDbLine
 10
245.773438
 20
127.085938
 30
0.0
 11
245.773438
 21
124.085938
 31
0.0
210
0.0
220
1.0
230
0.0
  0
LINE
  5
69F
330
70
100
AcDbEntity
  8
Visible
100
AcDbLine
 10
245.773438
 20
124.085938
 30
0.0
 11
304.773438
 21
124.085938
 31
0.0
210
0.0
220
1.0
230
0.0
  0
LINE
  5
6A0
330
70
100
AcDbEntity
  8
Visible
100
AcDbLine
 10
245.273438
 20
124.085938
 30
0.0
 11
245.273438
 21
127.085938
 31
0.0
210
0.0
220
1.0
230
0.0
  0
LINE
  5
6A1
330
70
100
AcDbEntity
  8
Hidden
100
AcDbLine
 10
254.273438
 20
124.085938
 30
0.0
 11
254.273438
 21
127.085938
 31
0.0
210
0.0
220
1.0
230
0.0
  0
LINE
  5
6A2
330
70
100
AcDbEntity
  8
Hidden
100
AcDbLine
 10
254.773438
 20
127.085938
 30
0.0
 11
254.773438
 21
124.085938
 31
0.0
210
0.0
220
1.0
230
0.0
  0
LINE
  5
6A3
330
70
100
AcDbEntity
  8
Hidden
100
AcDbLine
 10
296.273438
 20
124.085938
 30
0.0
 11
296.273438
 21
127.085938
 31
0.0
210
0.0
220
1.0
230
0.0
  0
LINE
  5
6A4
330
70
100
AcDbEntity
  8
Hidden
100
AcDbLine
 10
295.773438
 20
127.085938
 30
0.0
 11
295.773438
 21
124.085938
 31
0.0
210
0.0
220
1.0
230
0.0
  0
LINE
  5
6A5
330
70
100
AcDbEntity
  8
Visible
100
AcDbLine
 10
236.773438
 20
101.585938
 30
0.0
 11
236.273438
 21
101.585938
 31
0.0
210
0.0
220
1.0
230
0.0
  0
LINE
  5
6A6
330
70
100
AcDbEntity
  8
Visible
100
AcDbLine
 10
236.273438
 20
121.585938
 30
0.0
 11
236.773438
 21
121.585938
 31
0.0
210
0.0
220
1.0
230
0.0
  0
LINE
  5
6A7
330
70
100
AcDbEntity
  8
Visible
100
AcDbLine
 10
235.773438
 20
101.085938
 30
0.0
 11
236.273438
 21
101.585938
 31
0.0
210
0.0
220
1.0
230
0.0
  0
LINE
  5
6A8
330
70
100
AcDbEntity
  8
Visible
100
AcDbLine
 10
235.773438
 20
100.585938
 30
0.0
 11
235.773438
 21
101.085938
 31
0.0
210
0.0
220
1.0
230
0.0
  0
LINE
  5
6A9
330
70
100
AcDbEntity
  8
Visible
100
AcDbLine
 10
235.773438
 20
122.585938
 30
0.0
 11
235.773438
 21
122.085938
 31
0.0
210
0.0
220
1.0
230
0.0
  0
LINE
  5
6AA
330
70
100
AcDbEntity
  8
Visible
100
AcDbLine
 10
194.523438
 20
121.835938
 30
0.0
 11
193.773438
 21
122.585938
 31
0.0
210
0.0
220
1.0
230
0.0
  0
LINE
  5
6AB
330
70
100
AcDbEntity
  8
Visible
100
AcDbLine
 10
194.523438
 20
121.835938
 30
0.0
 11
194.773438
 21
122.085938
 31
0.0
210
0.0
220
1.0
230
0.0
  0
LINE
  5
6AC
330
70
100
AcDbEntity
  8
Visible
100
AcDbLine
 10
236.273438
 20
121.585938
 30
0.0
 11
235.773438
 21
122.085938
 31
0.0
210
0.0
220
1.0
230
0.0
  0
LINE
  5
6AD
330
70
100
AcDbEntity
  8
Visible
100
AcDbLine
 10
194.773438
 20
100.585938
 30
0.0
 11
194.773438
 21
101.085938
 31
0.0
210
0.0
220
1.0
230
0.0
  0
LINE
  5
6AE
330
70
100
AcDbEntity
  8
Visible
100
AcDbLine
 10
194.273438
 20
101.585938
 30
0.0
 11
193.773438
 21
101.585938
 31
0.0
210
0.0
220
1.0
230
0.0
  0
LINE
  5
6AF
330
70
100
AcDbEntity
  8
Visible
100
AcDbLine
 10
194.273438
 20
121.585938
 30
0.0
 11
194.523438
 21
121.835938
 31
0.0
210
0.0
220
1.0
230
0.0
  0
LINE
  5
6B0
330
70
100
AcDbEntity
  8
Visible
100
AcDbLine
 10
194.273438
 20
101.585938
 30
0.0
 11
194.773438
 21
101.085938
 31
0.0
210
0.0
220
1.0
230
0.0
  0
LINE
  5
6B1
330
70
100
AcDbEntity
  8
Visible
100
AcDbLine
 10
190.273438
 20
127.085938
 30
0.0
 11
190.773438
 21
127.585938
 31
0.0
210
0.0
220
1.0
230
0.0
  0
LINE
  5
6B2
330
70
100
AcDbEntity
  8
Visible
100
AcDbLine
 10
244.773438
 20
127.585938
 30
0.0
 11
244.773438
 21
127.085938
 31
0.0
210
0.0
220
1.0
230
0.0
  0
LINE
  5
6B3
330
70
100
AcDbEntity
  8
Visible
100
AcDbLine
 10
245.773438
 20
127.585938
 30
0.0
 11
245.273438
 21
127.085938
 31
0.0
210
0.0
220
1.0
230
0.0
  0
LINE
  5
6B4
330
70
100
AcDbEntity
  8
Visible
100
AcDbLine
 10
245.773438
 20
127.585938
 30
0.0
 11
245.773438
 21
127.085938
 31
0.0
210
0.0
220
1.0
230
0.0
  0
LINE
  5
6B5
330
70
100
AcDbEntity
  8
Visible
100
AcDbLine
 10
245.773438
 20
127.085938
 30
0.0
 11
245.273438
 21
127.085938
 31
0.0
210
0.0
220
1.0
230
0.0
  0
LINE
  5
6B6
330
70
100
AcDbEntity
  8
Hidden
100
AcDbLine
 10
305.023438
 20
127.335938
 30
0.0
 11
304.773438
 21
127.085938
 31
0.0
210
0.0
220
1.0
230
0.0
  0
LINE
  5
6B7
330
70
100
AcDbEntity
  8
Visible
100
AcDbLine
 10
185.773438
 20
100.585938
 30
0.0
 11
185.273438
 21
101.085938
 31
0.0
210
0.0
220
1.0
230
0.0
  0
LINE
  5
6B8
330
70
100
AcDbEntity
  8
Visible
100
AcDbLine
 10
185.273438
 20
122.085938
 30
0.0
 11
185.773438
 21
122.585938
 31
0.0
210
0.0
220
1.0
230
0.0
  0
LINE
  5
6B9
330
70
100
AcDbEntity
  8
Visible
100
AcDbLine
 10
245.273438
 20
127.085938
 30
0.0
 11
244.773438
 21
127.085938
 31
0.0
210
0.0
220
1.0
230
0.0
  0
LINE
  5
6BA
330
70
100
AcDbEntity
  8
Visible
100
AcDbLine
 10
245.773438
 20
124.085938
 30
0.0
 11
245.273438
 21
124.085938
 31
0.0
210
0.0
220
1.0
230
0.0
  0
LINE
  5
6BB
330
70
100
AcDbEntity
  8
Visible
100
AcDbLine
 10
304.773438
 20
127.585938
 30
0.0
 11
304.773438
 21
127.085938
 31
0.0
210
0.0
220
1.0
230
0.0
  0
LINE
  5
6BC
330
70
100
AcDbEntity
  8
Visible
100
AcDbLine
 10
305.273438
 20
127.085938
 30
0.0
 11
304.773438
 21
127.585938
 31
0.0
210
0.0
220
1.0
230
0.0
  0
LINE
  5
6BD
330
70
100
AcDbEntity
  8
Visible
100
AcDbLine
 10
245.273438
 20
124.085938
 30
0.0
 11
244.773438
 21
124.085938
 31
0.0
210
0.0
220
1.0
230
0.0
  0
LINE
  5
6BE
330
70
100
AcDbEntity
  8
Visible
100
AcDbLine
 10
245.273438
 20
124.085938
 30
0.0
 11
245.773438
 21
123.585938
 31
0.0
210
0.0
220
1.0
230
0.0
  0
LINE
  5
6BF
330
70
100
AcDbEntity
  8
Visible
100
AcDbLine
 10
245.773438
 20
124.085938
 30
0.0
 11
245.773438
 21
123.585938
 31
0.0
210
0.0
220
1.0
230
0.0
  0
LINE
  5
6C0
330
70
100
AcDbEntity
  8
Visible
100
AcDbLine
 10
305.273438
 20
127.085938
 30
0.0
 11
304.773438
 21
127.085938
 31
0.0
210
0.0
220
1.0
230
0.0
  0
LINE
  5
6C1
330
70
100
AcDbEntity
  8
Visible
100
AcDbLine
 10
190.773438
 20
95.585938
 30
0.0
 11
190.273438
 21
96.085938
 31
0.0
210
0.0
220
1.0
230
0.0
  0
LINE
  5
6C2
330
70
100
AcDbEntity
  8
Visible
100
AcDbLine
 10
304.773438
 20
95.585938
 30
0.0
 11
305.023438
 21
95.835938
 31
0.0
210
0.0
220
1.0
230
0.0
  0
LINE
  5
6C3
330
70
100
AcDbEntity
  8
Visible
100
AcDbLine
 10
304.773438
 20
96.085938
 30
0.0
 11
305.023438
 21
95.835938
 31
0.0
210
0.0
220
1.0
230
0.0
  0
LINE
  5
6C4
330
70
100
AcDbEntity
  8
Visible
100
AcDbLine
 10
245.773438
 20
123.585938
 30
0.0
 11
245.773438
 21
123.085938
 31
0.0
210
0.0
220
1.0
230
0.0
  0
LINE
  5
6C5
330
70
100
AcDbEntity
  8
Visible
100
AcDbLine
 10
304.773438
 20
124.085938
 30
0.0
 11
304.773438
 21
123.585938
 31
0.0
210
0.0
220
1.0
230
0.0
  0
LINE
  5
6C6
330
70
100
AcDbEntity
  8
Visible
100
AcDbLine
 10
305.273438
 20
124.085938
 30
0.0
 11
304.773438
 21
124.085938
 31
0.0
210
0.0
220
1.0
230
0.0
  0
LINE
  5
6C7
330
70
100
AcDbEntity
  8
Visible
100
AcDbLine
 10
305.023438
 20
95.835938
 30
0.0
 11
305.273438
 21
96.085938
 31
0.0
210
0.0
220
1.0
230
0.0
  0
LINE
  5
6C8
330
70
100
AcDbEntity
  8
Visible
100
AcDbLine
 10
304.773438
 20
123.085938
 30
0.0
 11
305.273438
 21
123.085938
 31
0.0
210
0.0
220
1.0
230
0.0
  0
LINE
  5
6C9
330
70
100
AcDbEntity
  8
Visible
100
AcDbLine
 10
304.773438
 20
123.585938
 30
0.0
 11
304.773438
 21
123.085938
 31
0.0
210
0.0
220
1.0
230
0.0
  0
LINE
  5
6CA
330
70
100
AcDbEntity
  8
Visible
100
AcDbLine
 10
305.273438
 20
124.085938
 30
0.0
 11
304.773438
 21
123.585938
 31
0.0
210
0.0
220
1.0
230
0.0
  0
LINE
  5
6CB
330
70
100
AcDbEntity
  8
Hidden
100
AcDbLine
 10
254.273438
 20
127.085938
 30
0.0
 11
253.773438
 21
127.585938
 31
0.0
210
0.0
220
1.0
230
0.0
  0
LINE
  5
6CC
330
70
100
AcDbEntity
  8
Hidden
100
AcDbLine
 10
254.773438
 20
127.085938
 30
0.0
 11
254.773438
 21
127.585938
 31
0.0
210
0.0
220
1.0
230
0.0
  0
LINE
  5
6CD
330
70
100
AcDbEntity
  8
Hidden
100
AcDbLine
 10
296.773438
 20
127.585938
 30
0.0
 11
296.273438
 21
127.085938
 31
0.0
210
0.0
220
1.0
230
0.0
  0
LINE
  5
6CE
330
70
100
AcDbEntity
  8
Hidden
100
AcDbLine
 10
295.773438
 20
127.085938
 30
0.0
 11
295.773438
 21
127.585938
 31
0.0
210
0.0
220
1.0
230
0.0
  0
LINE
  5
6CF
330
70
100
AcDbEntity
  8
Hidden
100
AcDbLine
 10
254.773438
 20
123.585938
 30
0.0
 11
254.773438
 21
124.085938
 31
0.0
210
0.0
220
1.0
230
0.0
  0
LINE
  5
6D0
330
70
100
AcDbEntity
  8
Hidden
100
AcDbLine
 10
296.273438
 20
124.085938
 30
0.0
 11
296.773438
 21
123.585938
 31
0.0
210
0.0
220
1.0
230
0.0
  0
LINE
  5
6D1
330
70
100
AcDbEntity
  8
Hidden
100
AcDbLine
 10
295.773438
 20
124.085938
 30
0.0
 11
295.773438
 21
123.585938
 31
0.0
210
0.0
220
1.0
230
0.0
  0
LINE
  5
6D2
330
70
100
AcDbEntity
  8
Hidden
100
AcDbLine
 10
253.773438
 20
123.585938
 30
0.0
 11
254.273438
 21
124.085938
 31
0.0
210
0.0
220
1.0
230
0.0
  0
LINE
  5
6D3
330
70
100
AcDbEntity
  8
Hidden
100
AcDbLine
 10
304.773438
 20
96.085937
 30
0.0
 11
305.273438
 21
96.085938
 31
0.0
210
0.0
220
1.0
230
0.0
  0
LINE
  5
6D4
330
70
100
AcDbEntity
  8
Hidden
100
AcDbLine
 10
304.773438
 20
95.585938
 30
0.0
 11
304.773438
 21
96.085937
 31
0.0
210
0.0
220
1.0
230
0.0
  0
LINE
  5
6D5
330
70
100
AcDbEntity
  8
Hidden
100
AcDbLine
 10
249.073437
 20
124.085938
 30
0.0
 11
249.073437
 21
127.085938
 31
0.0
210
0.0
220
1.0
230
0.0
  0
LINE
  5
6D6
330
70
100
AcDbEntity
  8
Hidden
100
AcDbLine
 10
251.473438
 20
124.085938
 30
0.0
 11
251.473438
 21
127.085938
 31
0.0
210
0.0
220
1.0
230
0.0
  0
LINE
  5
6D7
330
70
100
AcDbEntity
  8
Hidden
100
AcDbLine
 10
299.073437
 20
124.085938
 30
0.0
 11
299.073437
 21
127.085938
 31
0.0
210
0.0
220
1.0
230
0.0
  0
LINE
  5
6D8
330
70
100
AcDbEntity
  8
Hidden
100
AcDbLine
 10
301.473438
 20
124.085938
 30
0.0
 11
301.473438
 21
127.085938
 31
0.0
210
0.0
220
1.0
230
0.0
  0
LINE
  5
6D9
330
70
100
AcDbEntity
  8
Hidden
100
AcDbLine
 10
299.073437
 20
127.085938
 30
0.0
 11
298.573437
 21
127.585938
 31
0.0
210
0.0
220
1.0
230
0.0
  0
LINE
  5
6DA
330
70
100
AcDbEntity
  8
Hidden
100
AcDbLine
 10
301.473438
 20
127.085938
 30
0.0
 11
301.973438
 21
127.585938
 31
0.0
210
0.0
220
1.0
230
0.0
  0
LINE
  5
6DB
330
70
100
AcDbEntity
  8
Hidden
100
AcDbLine
 10
249.073437
 20
127.085938
 30
0.0
 11
248.573437
 21
127.585938
 31
0.0
210
0.0
220
1.0
230
0.0
  0
LINE
  5
6DC
330
70
100
AcDbEntity
  8
Hidden
100
AcDbLine
 10
251.473438
 20
127.085938
 30
0.0
 11
251.973438
 21
127.585938
 31
0.0
210
0.0
220
1.0
230
0.0
  0
LINE
  5
6DD
330
70
100
AcDbEntity
  8
Hidden
100
AcDbLine
 10
251.473438
 20
124.085938
 30
0.0
 11
251.973438
 21
123.585938
 31
0.0
210
0.0
220
1.0
230
0.0
  0
LINE
  5
6DE
330
70
100
AcDbEntity
  8
Hidden
100
AcDbLine
 10
249.073437
 20
124.085938
 30
0.0
 11
248.573437
 21
123.585938
 31
0.0
210
0.0
220
1.0
230
0.0
  0
LINE
  5
6DF
330
70
100
AcDbEntity
  8
Hidden
100
AcDbLine
 10
301.473438
 20
124.085938
 30
0.0
 11
301.973438
 21
123.585938
 31
0.0
210
0.0
220
1.0
230
0.0
  0
LINE
  5
6E0
330
70
100
AcDbEntity
  8
Hidden
100
AcDbLine
 10
299.073437
 20
124.085938
 30
0.0
 11
298.573437
 21
123.585938
 31
0.0
210
0.0
220
1.0
230
0.0
  0
LINE
  5
6E1
330
70
100
AcDbEntity
  8
Visible
100
AcDbLine
 10
123.953125
 20
123.085938
 30
0.0
 11
123.953125
 21
96.085938
 31
0.0
210
0.0
220
1.0
230
0.0
  0
LINE
  5
6E2
330
70
100
AcDbEntity
  8
Visible
100
AcDbLine
 10
123.953125
 20
96.085938
 30
0.0
 11
126.953125
 21
96.085938
 31
0.0
210
0.0
220
1.0
230
0.0
  0
LINE
  5
6E3
330
70
100
AcDbEntity
  8
Visible
100
AcDbLine
 10
126.953125
 20
96.085938
 30
0.0
 11
126.953125
 21
127.085938
 31
0.0
210
0.0
220
1.0
230
0.0
  0
LINE
  5
6E4
330
70
100
AcDbEntity
  8
Visible
100
AcDbLine
 10
126.953125
 20
127.085938
 30
0.0
 11
95.953125
 21
127.085938
 31
0.0
210
0.0
220
1.0
230
0.0
  0
LINE
  5
6E5
330
70
100
AcDbEntity
  8
Visible
100
AcDbLine
 10
95.953125
 20
127.085938
 30
0.0
 11
95.953125
 21
124.085938
 31
0.0
210
0.0
220
1.0
230
0.0
  0
LINE
  5
6E6
330
70
100
AcDbEntity
  8
Visible
100
AcDbLine
 10
95.953125
 20
124.085938
 30
0.0
 11
122.953125
 21
124.085938
 31
0.0
210
0.0
220
1.0
230
0.0
  0
LINE
  5
6E7
330
70
100
AcDbEntity
  8
Visible
100
AcDbLine
 10
123.953125
 20
123.085938
 30
0.0
 11
122.953125
 21
124.085938
 31
0.0
210
0.0
220
1.0
230
0.0
  0
LINE
  5
6E8
330
70
100
AcDbEntity
  8
Visible
100
AcDbLine
 10
127.453125
 20
127.085938
 30
0.0
 11
127.453125
 21
96.085937
 31
0.0
210
0.0
220
1.0
230
0.0
  0
LINE
  5
6E9
330
70
100
AcDbEntity
  8
Visible
100
AcDbLine
 10
123.453125
 20
96.085938
 30
0.0
 11
123.453125
 21
123.085938
 31
0.0
210
0.0
220
1.0
230
0.0
  0
LINE
  5
6EA
330
70
100
AcDbEntity
  8
Hidden
100
AcDbLine
 10
123.453125
 20
124.085938
 30
0.0
 11
123.453125
 21
123.085938
 31
0.0
210
0.0
220
1.0
230
0.0
  0
LINE
  5
6EB
330
70
100
AcDbEntity
  8
Hidden
100
AcDbLine
 10
123.453125
 20
124.085938
 30
0.0
 11
123.453125
 21
127.085938
 31
0.0
210
0.0
220
1.0
230
0.0
  0
LINE
  5
6EC
330
70
100
AcDbEntity
  8
Visible
100
AcDbLine
 10
122.953125
 20
123.585938
 30
0.0
 11
95.953125
 21
123.585938
 31
0.0
210
0.0
220
1.0
230
0.0
  0
LINE
  5
6ED
330
70
100
AcDbEntity
  8
Visible
100
AcDbLine
 10
95.953125
 20
127.585938
 30
0.0
 11
126.953125
 21
127.585938
 31
0.0
210
0.0
220
1.0
230
0.0
  0
LINE
  5
6EE
330
70
100
AcDbEntity
  8
Visible
100
AcDbLine
 10
126.953125
 20
95.585938
 30
0.0
 11
123.953125
 21
95.585938
 31
0.0
210
0.0
220
1.0
230
0.0
  0
LINE
  5
6EF
330
70
100
AcDbEntity
  8
Hidden
100
AcDbLine
 10
126.953125
 20
122.085938
 30
0.0
 11
123.953125
 21
122.085938
 31
0.0
210
0.0
220
1.0
230
0.0
  0
LINE
  5
6F0
330
70
100
AcDbEntity
  8
Hidden
100
AcDbLine
 10
126.953125
 20
101.585938
 30
0.0
 11
123.953125
 21
101.585938
 31
0.0
210
0.0
220
1.0
230
0.0
  0
LINE
  5
6F1
330
70
100
AcDbEntity
  8
Hidden
100
AcDbLine
 10
123.953125
 20
121.585938
 30
0.0
 11
126.953125
 21
121.585938
 31
0.0
210
0.0
220
1.0
230
0.0
  0
LINE
  5
6F2
330
70
100
AcDbEntity
  8
Hidden
100
AcDbLine
 10
123.953125
 20
101.085938
 30
0.0
 11
126.953125
 21
101.085938
 31
0.0
210
0.0
220
1.0
230
0.0
  0
LINE
  5
6F3
330
70
100
AcDbEntity
  8
Visible
100
AcDbLine
 10
95.453125
 20
124.085938
 30
0.0
 11
95.453125
 21
127.085938
 31
0.0
210
0.0
220
1.0
230
0.0
  0
LINE
  5
6F4
330
70
100
AcDbEntity
  8
Hidden
100
AcDbLine
 10
122.953125
 20
127.085938
 30
0.0
 11
122.953125
 21
124.085938
 31
0.0
210
0.0
220
1.0
230
0.0
  0
LINE
  5
6F5
330
70
100
AcDbEntity
  8
Hidden
100
AcDbLine
 10
121.953125
 20
124.085938
 30
0.0
 11
121.953125
 21
127.085938
 31
0.0
210
0.0
220
1.0
230
0.0
  0
LINE
  5
6F6
330
70
100
AcDbEntity
  8
Hidden
100
AcDbLine
 10
101.453125
 20
124.085938
 30
0.0
 11
101.453125
 21
127.085938
 31
0.0
210
0.0
220
1.0
230
0.0
  0
LINE
  5
6F7
330
70
100
AcDbEntity
  8
Hidden
100
AcDbLine
 10
121.453125
 20
127.085938
 30
0.0
 11
121.453125
 21
124.085938
 31
0.0
210
0.0
220
1.0
230
0.0
  0
LINE
  5
6F8
330
70
100
AcDbEntity
  8
Hidden
100
AcDbLine
 10
100.953125
 20
127.085938
 30
0.0
 11
100.953125
 21
124.085938
 31
0.0
210
0.0
220
1.0
230
0.0
  0
LINE
  5
6F9
330
70
100
AcDbEntity
  8
Hidden
100
AcDbLine
 10
123.453125
 20
101.585938
 30
0.0
 11
123.953125
 21
101.585938
 31
0.0
210
0.0
220
1.0
230
0.0
  0
LINE
  5
6FA
330
70
100
AcDbEntity
  8
Hidden
100
AcDbLine
 10
123.953125
 20
121.585938
 30
0.0
 11
123.453125
 21
121.585938
 31
0.0
210
0.0
220
1.0
230
0.0
  0
LINE
  5
6FB
330
70
100
AcDbEntity
  8
Hidden
100
AcDbLine
 10
123.453125
 20
100.585938
 30
0.0
 11
123.953125
 21
101.085938
 31
0.0
210
0.0
220
1.0
230
0.0
  0
LINE
  5
6FC
330
70
100
AcDbEntity
  8
Hidden
100
AcDbLine
 10
123.453125
 20
122.585938
 30
0.0
 11
123.953125
 21
122.085938
 31
0.0
210
0.0
220
1.0
230
0.0
  0
LINE
  5
6FD
330
70
100
AcDbEntity
  8
Hidden
100
AcDbLine
 10
124.203125
 20
121.835938
 30
0.0
 11
123.953125
 21
122.085938
 31
0.0
210
0.0
220
1.0
230
0.0
  0
LINE
  5
6FE
330
70
100
AcDbEntity
  8
Hidden
100
AcDbLine
 10
123.953125
 20
121.585938
 30
0.0
 11
124.203125
 21
121.835938
 31
0.0
210
0.0
220
1.0
230
0.0
  0
LINE
  5
6FF
330
70
100
AcDbEntity
  8
Hidden
100
AcDbLine
 10
127.453125
 20
121.585938
 30
0.0
 11
126.953125
 21
121.585938
 31
0.0
210
0.0
220
1.0
230
0.0
  0
LINE
  5
700
330
70
100
AcDbEntity
  8
Hidden
100
AcDbLine
 10
126.953125
 20
101.585938
 30
0.0
 11
127.453125
 21
101.585938
 31
0.0
210
0.0
220
1.0
230
0.0
  0
LINE
  5
701
330
70
100
AcDbEntity
  8
Hidden
100
AcDbLine
 10
126.953125
 20
101.085938
 30
0.0
 11
127.453125
 21
100.585938
 31
0.0
210
0.0
220
1.0
230
0.0
  0
LINE
  5
702
330
70
100
AcDbEntity
  8
Hidden
100
AcDbLine
 10
127.453125
 20
122.585938
 30
0.0
 11
126.953125
 21
122.085938
 31
0.0
210
0.0
220
1.0
230
0.0
  0
LINE
  5
703
330
70
100
AcDbEntity
  8
Hidden
100
AcDbLine
 10
126.953125
 20
122.085938
 30
0.0
 11
126.703125
 21
121.835938
 31
0.0
210
0.0
220
1.0
230
0.0
  0
LINE
  5
704
330
70
100
AcDbEntity
  8
Hidden
100
AcDbLine
 10
126.703125
 20
121.835938
 30
0.0
 11
126.953125
 21
121.585938
 31
0.0
210
0.0
220
1.0
230
0.0
  0
LINE
  5
705
330
70
100
AcDbEntity
  8
Hidden
100
AcDbLine
 10
123.953125
 20
127.585938
 30
0.0
 11
123.453125
 21
127.085938
 31
0.0
210
0.0
220
1.0
230
0.0
  0
LINE
  5
706
330
70
100
AcDbEntity
  8
Hidden
100
AcDbLine
 10
122.953125
 20
127.085938
 30
0.0
 11
122.953125
 21
127.585938
 31
0.0
210
0.0
220
1.0
230
0.0
  0
LINE
  5
707
330
70
100
AcDbEntity
  8
Visible
100
AcDbLine
 10
127.203125
 20
127.335938
 30
0.0
 11
126.953125
 21
127.585938
 31
0.0
210
0.0
220
1.0
230
0.0
  0
LINE
  5
708
330
70
100
AcDbEntity
  8
Visible
100
AcDbLine
 10
127.203125
 20
127.335938
 30
0.0
 11
127.453125
 21
127.085938
 31
0.0
210
0.0
220
1.0
230
0.0
  0
LINE
  5
709
330
70
100
AcDbEntity
  8
Visible
100
AcDbLine
 10
95.953125
 20
127.585938
 30
0.0
 11
95.453125
 21
127.085938
 31
0.0
210
0.0
220
1.0
230
0.0
  0
LINE
  5
70A
330
70
100
AcDbEntity
  8
Visible
100
AcDbLine
 10
126.953125
 20
127.085938
 30
0.0
 11
127.203125
 21
127.335938
 31
0.0
210
0.0
220
1.0
230
0.0
  0
LINE
  5
70B
330
70
100
AcDbEntity
  8
Visible
100
AcDbLine
 10
95.953125
 20
127.085938
 30
0.0
 11
95.953125
 21
127.585938
 31
0.0
210
0.0
220
1.0
230
0.0
  0
LINE
  5
70C
330
70
100
AcDbEntity
  8
Hidden
100
AcDbLine
 10
122.953125
 20
124.085938
 30
0.0
 11
123.453125
 21
124.085938
 31
0.0
210
0.0
220
1.0
230
0.0
  0
LINE
  5
70D
330
70
100
AcDbEntity
  8
Visible
100
AcDbLine
 10
95.953125
 20
127.085938
 30
0.0
 11
95.453125
 21
127.085938
 31
0.0
210
0.0
220
1.0
230
0.0
  0
LINE
  5
70E
330
70
100
AcDbEntity
  8
Visible
100
AcDbLine
 10
123.953125
 20
95.585938
 30
0.0
 11
123.703125
 21
95.835938
 31
0.0
210
0.0
220
1.0
230
0.0
  0
LINE
  5
70F
330
70
100
AcDbEntity
  8
Visible
100
AcDbLine
 10
123.453125
 20
96.085938
 30
0.0
 11
123.703125
 21
95.835938
 31
0.0
210
0.0
220
1.0
230
0.0
  0
LINE
  5
710
330
70
100
AcDbEntity
  8
Visible
100
AcDbLine
 10
95.453125
 20
124.085938
 30
0.0
 11
95.953125
 21
123.585938
 31
0.0
210
0.0
220
1.0
230
0.0
  0
LINE
  5
711
330
70
100
AcDbEntity
  8
Visible
100
AcDbLine
 10
95.953125
 20
124.085938
 30
0.0
 11
95.453125
 21
124.085938
 31
0.0
210
0.0
220
1.0
230
0.0
  0
LINE
  5
712
330
70
100
AcDbEntity
  8
Visible
100
AcDbLine
 10
123.703125
 20
95.835938
 30
0.0
 11
123.953125
 21
96.085938
 31
0.0
210
0.0
220
1.0
230
0.0
  0
LINE
  5
713
330
70
100
AcDbEntity
  8
Visible
100
AcDbLine
 10
123.453125
 20
123.085938
 30
0.0
 11
123.953125
 21
123.085938
 31
0.0
210
0.0
220
1.0
230
0.0
  0
LINE
  5
714
330
70
100
AcDbEntity
  8
Visible
100
AcDbLine
 10
122.953125
 20
123.585938
 30
0.0
 11
123.453125
 21
123.085938
 31
0.0
210
0.0
220
1.0
230
0.0
  0
LINE
  5
715
330
70
100
AcDbEntity
  8
Visible
100
AcDbLine
 10
95.953125
 20
124.085938
 30
0.0
 11
95.953125
 21
123.585938
 31
0.0
210
0.0
220
1.0
230
0.0
  0
LINE
  5
716
330
70
100
AcDbEntity
  8
Visible
100
AcDbLine
 10
122.953125
 20
123.585938
 30
0.0
 11
122.953125
 21
124.085938
 31
0.0
210
0.0
220
1.0
230
0.0
  0
LINE
  5
717
330
70
100
AcDbEntity
  8
Hidden
100
AcDbLine
 10
121.953125
 20
127.085938
 30
0.0
 11
122.453125
 21
127.585938
 31
0.0
210
0.0
220
1.0
230
0.0
  0
LINE
  5
718
330
70
100
AcDbEntity
  8
Hidden
100
AcDbLine
 10
121.453125
 20
127.585938
 30
0.0
 11
121.453125
 21
127.085938
 31
0.0
210
0.0
220
1.0
230
0.0
  0
LINE
  5
719
330
70
100
AcDbEntity
  8
Hidden
100
AcDbLine
 10
101.453125
 20
127.585938
 30
0.0
 11
101.453125
 21
127.085938
 31
0.0
210
0.0
220
1.0
230
0.0
  0
LINE
  5
71A
330
70
100
AcDbEntity
  8
Hidden
100
AcDbLine
 10
100.953125
 20
127.085938
 30
0.0
 11
100.453125
 21
127.585938
 31
0.0
210
0.0
220
1.0
230
0.0
  0
LINE
  5
71B
330
70
100
AcDbEntity
  8
Hidden
100
AcDbLine
 10
121.453125
 20
124.085938
 30
0.0
 11
121.453125
 21
123.585938
 31
0.0
210
0.0
220
1.0
230
0.0
  0
LINE
  5
71C
330
70
100
AcDbEntity
  8
Hidden
100
AcDbLine
 10
122.453125
 20
123.585938
 30
0.0
 11
121.953125
 21
124.085938
 31
0.0
210
0.0
220
1.0
230
0.0
  0
LINE
  5
71D
330
70
100
AcDbEntity
  8
Hidden
100
AcDbLine
 10
101.453125
 20
124.085938
 30
0.0
 11
101.453125
 21
123.585938
 31
0.0
210
0.0
220
1.0
230
0.0
  0
LINE
  5
71E
330
70
100
AcDbEntity
  8
Hidden
100
AcDbLine
 10
100.953125
 20
124.085938
 30
0.0
 11
100.453125
 21
123.585938
 31
0.0
210
0.0
220
1.0
230
0.0
  0
LINE
  5
71F
330
70
100
AcDbEntity
  8
Visible
100
AcDbLine
 10
127.453125
 20
96.085937
 30
0.0
 11
126.953125
 21
96.085938
 31
0.0
210
0.0
220
1.0
230
0.0
  0
LINE
  5
720
330
70
100
AcDbEntity
  8
Visible
100
AcDbLine
 10
126.953125
 20
95.585938
 30
0.0
 11
127.453125
 21
96.085937
 31
0.0
210
0.0
220
1.0
230
0.0
  0
LINE
  5
721
330
70
100
AcDbEntity
  8
Visible
100
AcDbLine
 10
126.953125
 20
95.585938
 30
0.0
 11
126.953125
 21
96.085938
 31
0.0
210
0.0
220
1.0
230
0.0
  0
LINE
  5
722
330
70
100
AcDbEntity
  8
Hidden
100
AcDbLine
 10
126.953125
 20
105.385938
 30
0.0
 11
123.953125
 21
105.385938
 31
0.0
210
0.0
220
1.0
230
0.0
  0
LINE
  5
723
330
70
100
AcDbEntity
  8
Hidden
100
AcDbLine
 10
126.953125
 20
107.785938
 30
0.0
 11
123.953125
 21
107.785938
 31
0.0
210
0.0
220
1.0
230
0.0
  0
LINE
  5
724
330
70
100
AcDbEntity
  8
Hidden
100
AcDbLine
 10
126.953125
 20
115.385938
 30
0.0
 11
123.953125
 21
115.385938
 31
0.0
210
0.0
220
1.0
230
0.0
  0
LINE
  5
725
330
70
100
AcDbEntity
  8
Hidden
100
AcDbLine
 10
126.953125
 20
117.785938
 30
0.0
 11
123.953125
 21
117.785938
 31
0.0
210
0.0
220
1.0
230
0.0
  0
LINE
  5
726
330
70
100
AcDbEntity
  8
Hidden
100
AcDbLine
 10
105.253125
 20
124.085938
 30
0.0
 11
105.253125
 21
127.085938
 31
0.0
210
0.0
220
1.0
230
0.0
  0
LINE
  5
727
330
70
100
AcDbEntity
  8
Hidden
100
AcDbLine
 10
107.653125
 20
124.085938
 30
0.0
 11
107.653125
 21
127.085938
 31
0.0
210
0.0
220
1.0
230
0.0
  0
LINE
  5
728
330
70
100
AcDbEntity
  8
Hidden
100
AcDbLine
 10
115.253125
 20
124.085938
 30
0.0
 11
115.253125
 21
127.085938
 31
0.0
210
0.0
220
1.0
230
0.0
  0
LINE
  5
729
330
70
100
AcDbEntity
  8
Hidden
100
AcDbLine
 10
117.653125
 20
124.085938
 30
0.0
 11
117.653125
 21
127.085938
 31
0.0
210
0.0
220
1.0
230
0.0
  0
LINE
  5
72A
330
70
100
AcDbEntity
  8
Hidden
100
AcDbLine
 10
115.253125
 20
127.085938
 30
0.0
 11
114.753125
 21
127.585938
 31
0.0
210
0.0
220
1.0
230
0.0
  0
LINE
  5
72B
330
70
100
AcDbEntity
  8
Hidden
100
AcDbLine
 10
117.653125
 20
127.085938
 30
0.0
 11
118.153125
 21
127.585938
 31
0.0
210
0.0
220
1.0
230
0.0
  0
LINE
  5
72C
330
70
100
AcDbEntity
  8
Hidden
100
AcDbLine
 10
105.253125
 20
127.085938
 30
0.0
 11
104.753125
 21
127.585938
 31
0.0
210
0.0
220
1.0
230
0.0
  0
LINE
  5
72D
330
70
100
AcDbEntity
  8
Hidden
100
AcDbLine
 10
107.653125
 20
127.085938
 30
0.0
 11
108.153125
 21
127.585938
 31
0.0
210
0.0
220
1.0
230
0.0
  0
LINE
  5
72E
330
70
100
AcDbEntity
  8
Hidden
100
AcDbLine
 10
107.653125
 20
124.085938
 30
0.0
 11
108.153125
 21
123.585938
 31
0.0
210
0.0
220
1.0
230
0.0
  0
LINE
  5
72F
330
70
100
AcDbEntity
  8
Hidden
100
AcDbLine
 10
105.253125
 20
124.085938
 30
0.0
 11
104.753125
 21
123.585938
 31
0.0
210
0.0
220
1.0
230
0.0
  0
LINE
  5
730
330
70
100
AcDbEntity
  8
Hidden
100
AcDbLine
 10
117.653125
 20
124.085938
 30
0.0
 11
118.153125
 21
123.585938
 31
0.0
210
0.0
220
1.0
230
0.0
  0
LINE
  5
731
330
70
100
AcDbEntity
  8
Hidden
100
AcDbLine
 10
115.253125
 20
124.085938
 30
0.0
 11
114.753125
 21
123.585938
 31
0.0
210
0.0
220
1.0
230
0.0
  0
LINE
  5
732
330
70
100
AcDbEntity
  8
Hidden
100
AcDbLine
 10
123.953125
 20
115.385938
 30
0.0
 11
123.453125
 21
114.885938
 31
0.0
210
0.0
220
1.0
230
0.0
  0
LINE
  5
733
330
70
100
AcDbEntity
  8
Hidden
100
AcDbLine
 10
123.953125
 20
117.785938
 30
0.0
 11
123.453125
 21
118.285938
 31
0.0
210
0.0
220
1.0
230
0.0
  0
LINE
  5
734
330
70
100
AcDbEntity
  8
Hidden
100
AcDbLine
 10
126.953125
 20
117.785938
 30
0.0
 11
127.453125
 21
118.285938
 31
0.0
210
0.0
220
1.0
230
0.0
  0
LINE
  5
735
330
70
100
AcDbEntity
  8
Hidden
100
AcDbLine
 10
126.953125
 20
115.385938
 30
0.0
 11
127.453125
 21
114.885938
 31
0.0
210
0.0
220
1.0
230
0.0
  0
LINE
  5
736
330
70
100
AcDbEntity
  8
Hidden
100
AcDbLine
 10
123.953125
 20
105.385938
 30
0.0
 11
123.453125
 21
104.885938
 31
0.0
210
0.0
220
1.0
230
0.0
  0
LINE
  5
737
330
70
100
AcDbEntity
  8
Hidden
100
AcDbLine
 10
123.953125
 20
107.785938
 30
0.0
 11
123.453125
 21
108.285938
 31
0.0
210
0.0
220
1.0
230
0.0
  0
LINE
  5
738
330
70
100
AcDbEntity
  8
Hidden
100
AcDbLine
 10
126.953125
 20
107.785938
 30
0.0
 11
127.453125
 21
108.285938
 31
0.0
210
0.0
220
1.0
230
0.0
  0
LINE
  5
739
330
70
100
AcDbEntity
  8
Hidden
100
AcDbLine
 10
126.953125
 20
105.385938
 30
0.0
 11
127.453125
 21
104.885938
 31
0.0
210
0.0
220
1.0
230
0.0
  0
LINE
  5
73A
330
70
100
AcDbEntity
  8
Visible
100
AcDbLine
 10
305.273438
 20
188.382813
 30
0.0
 11
305.273438
 21
185.382813
 31
0.0
210
0.0
220
0.0000000000002967
230
-1.0
  0
LINE
  5
73B
330
70
100
AcDbEntity
  8
Visible
100
AcDbLine
 10
305.273438
 20
216.382813
 30
0.0
 11
305.273438
 21
189.382813
 31
0.0
210
0.0
220
0.0000000000002967
230
-1.0
  0
LINE
  5
73C
330
70
100
AcDbEntity
  8
Visible
100
AcDbLine
 10
305.273438
 20
188.382813
 30
0.0
 11
305.273438
 21
189.382813
 31
0.0
210
0.0
220
0.0000000000002967
230
-1.0
  0
LINE
  5
73D
330
70
100
AcDbEntity
  8
Visible
100
AcDbLine
 10
304.773438
 20
184.882813
 30
0.0
 11
190.273438
 21
184.882813
 31
0.0
210
0.0
220
0.0000000000002967
230
-1.0
  0
LINE
  5
73E
330
70
100
AcDbEntity
  8
Visible
100
AcDbLine
 10
190.273438
 20
184.882813
 30
0.0
 11
185.773438
 21
184.882813
 31
0.0
210
0.0
220
0.0000000000002967
230
-1.0
  0
LINE
  5
73F
330
70
100
AcDbEntity
  8
Visible
100
AcDbLine
 10
190.273438
 20
188.882813
 30
0.0
 11
185.773438
 21
188.882813
 31
0.0
210
0.0
220
0.0000000000002967
230
-1.0
  0
LINE
  5
740
330
70
100
AcDbEntity
  8
Visible
100
AcDbLine
 10
190.273438
 20
188.882813
 30
0.0
 11
304.773438
 21
188.882813
 31
0.0
210
0.0
220
0.0000000000002967
230
-1.0
  0
LINE
  5
741
330
70
100
AcDbEntity
  8
Visible
100
AcDbLine
 10
304.773438
 20
189.382813
 30
0.0
 11
304.773438
 21
216.382813
 31
0.0
210
0.0
220
0.0000000000002967
230
-1.0
  0
LINE
  5
742
330
70
100
AcDbEntity
  8
Visible
100
AcDbLine
 10
304.773438
 20
216.382813
 30
0.0
 11
245.773438
 21
216.382813
 31
0.0
210
0.0
220
0.0000000000002967
230
-1.0
  0
LINE
  5
743
330
70
100
AcDbEntity
  8
Visible
100
AcDbLine
 10
245.773438
 20
216.382813
 30
0.0
 11
245.773438
 21
189.382813
 31
0.0
210
0.0
220
0.0000000000002967
230
-1.0
  0
LINE
  5
744
330
70
100
AcDbEntity
  8
Visible
100
AcDbLine
 10
245.773438
 20
189.382813
 30
0.0
 11
304.773438
 21
189.382813
 31
0.0
210
0.0
220
0.0000000000002967
230
-1.0
  0
LINE
  5
745
330
70
100
AcDbEntity
  8
Visible
100
AcDbLine
 10
296.773438
 20
210.882813
 30
0.0
 11
295.773438
 21
211.882813
 31
0.0
210
0.0
220
0.0000000000002967
230
-1.0
  0
LINE
  5
746
330
70
100
AcDbEntity
  8
Visible
100
AcDbLine
 10
296.773438
 20
210.882813
 30
0.0
 11
296.773438
 21
190.882813
 31
0.0
210
0.0
220
0.0000000000002967
230
-1.0
  0
LINE
  5
747
330
70
100
AcDbEntity
  8
Visible
100
AcDbLine
 10
295.773438
 20
189.882813
 30
0.0
 11
296.773438
 21
190.882813
 31
0.0
210
0.0
220
0.0000000000002967
230
-1.0
  0
LINE
  5
748
330
70
100
AcDbEntity
  8
Visible
100
AcDbLine
 10
295.773438
 20
189.882813
 30
0.0
 11
254.773438
 21
189.882813
 31
0.0
210
0.0
220
0.0000000000002967
230
-1.0
  0
LINE
  5
749
330
70
100
AcDbEntity
  8
Visible
100
AcDbLine
 10
253.773438
 20
190.882813
 30
0.0
 11
254.773438
 21
189.882813
 31
0.0
210
0.0
220
0.0000000000002967
230
-1.0
  0
LINE
  5
74A
330
70
100
AcDbEntity
  8
Visible
100
AcDbLine
 10
253.773438
 20
190.882813
 30
0.0
 11
253.773438
 21
211.882813
 31
0.0
210
0.0
220
0.0000000000002967
230
-1.0
  0
LINE
  5
74B
330
70
100
AcDbEntity
  8
Visible
100
AcDbLine
 10
253.773438
 20
211.882813
 30
0.0
 11
295.773438
 21
211.882813
 31
0.0
210
0.0
220
0.0000000000002967
230
-1.0
  0
CIRCLE
  5
74C
330
70
100
AcDbEntity
  8
Visible
100
AcDbCircle
 10
250.273438
 20
205.882813
 30
0.0
 40
1.700000000000007
  0
CIRCLE
  5
74D
330
70
100
AcDbEntity
  8
Visible
100
AcDbCircle
 10
250.273438
 20
195.882813
 30
0.0
 40
1.700000000000007
  0
CIRCLE
  5
74E
330
70
100
AcDbEntity
  8
Visible
100
AcDbCircle
 10
300.273438
 20
205.882813
 30
0.0
 40
1.700000000000007
  0
CIRCLE
  5
74F
330
70
100
AcDbEntity
  8
Visible
100
AcDbCircle
 10
300.273438
 20
195.882813
 30
0.0
 40
1.700000000000007
  0
LINE
  5
750
330
70
100
AcDbEntity
  8
Hidden
100
AcDbLine
 10
245.773438
 20
189.382813
 30
0.0
 11
244.773438
 21
188.382813
 31
0.0
210
0.0
220
0.0000000000002967
230
-1.0
  0
LINE
  5
751
330
70
100
AcDbEntity
  8
Hidden
100
AcDbLine
 10
304.773438
 20
188.882813
 30
0.0
 11
304.773438
 21
188.382813
 31
0.0
210
0.0
220
0.0000000000002967
230
-1.0
  0
LINE
  5
752
330
70
100
AcDbEntity
  8
Visible
100
AcDbLine
 10
185.273438
 20
185.382813
 30
0.0
 11
185.273438
 21
188.382813
 31
0.0
210
0.0
220
0.0000000000002967
230
-1.0
  0
LINE
  5
753
330
70
100
AcDbEntity
  8
Visible
100
AcDbLine
 10
304.773438
 20
188.382813
 30
0.0
 11
190.773438
 21
188.382813
 31
0.0
210
0.0
220
0.0000000000002967
230
-1.0
  0
LINE
  5
754
330
70
100
AcDbEntity
  8
Visible
100
AcDbLine
 10
190.773438
 20
185.382813
 30
0.0
 11
190.773438
 21
188.382813
 31
0.0
210
0.0
220
0.0000000000002967
230
-1.0
  0
LINE
  5
755
330
70
100
AcDbEntity
  8
Visible
100
AcDbLine
 10
190.773438
 20
185.382813
 30
0.0
 11
304.773438
 21
185.382813
 31
0.0
210
0.0
220
0.0000000000002967
230
-1.0
  0
LINE
  5
756
330
70
100
AcDbEntity
  8
Visible
100
AcDbLine
 10
304.773438
 20
185.382813
 30
0.0
 11
304.773438
 21
188.382813
 31
0.0
210
0.0
220
0.0000000000002967
230
-1.0
  0
LINE
  5
757
330
70
100
AcDbEntity
  8
Hidden
100
AcDbLine
 10
194.273438
 20
188.382813
 30
0.0
 11
194.273438
 21
185.382813
 31
0.0
210
0.0
220
0.0000000000002967
230
-1.0
  0
LINE
  5
758
330
70
100
AcDbEntity
  8
Hidden
100
AcDbLine
 10
236.273438
 20
185.382813
 30
0.0
 11
236.273438
 21
188.382813
 31
0.0
210
0.0
220
0.0000000000002967
230
-1.0
  0
LINE
  5
759
330
70
100
AcDbEntity
  8
Hidden
100
AcDbLine
 10
194.773438
 20
185.382813
 30
0.0
 11
194.773438
 21
188.382813
 31
0.0
210
0.0
220
0.0000000000002967
230
-1.0
  0
LINE
  5
75A
330
70
100
AcDbEntity
  8
Hidden
100
AcDbLine
 10
235.773438
 20
188.382813
 30
0.0
 11
235.773438
 21
185.382813
 31
0.0
210
0.0
220
0.0000000000002967
230
-1.0
  0
LINE
  5
75B
330
70
100
AcDbEntity
  8
Hidden
100
AcDbLine
 10
190.773438
 20
188.382813
 30
0.0
 11
189.073437
 21
188.382813
 31
0.0
210
0.0
220
0.0000000000002967
230
-1.0
  0
LINE
  5
75C
330
70
100
AcDbEntity
  8
Hidden
100
AcDbLine
 10
190.773438
 20
185.382813
 30
0.0
 11
189.073437
 21
185.382813
 31
0.0
210
0.0
220
0.0000000000002967
230
-1.0
  0
LINE
  5
75D
330
70
100
AcDbEntity
  8
Visible
100
AcDbLine
 10
245.773438
 20
216.882813
 30
0.0
 11
304.773438
 21
216.882813
 31
0.0
210
0.0
220
0.0000000000002967
230
-1.0
  0
LINE
  5
75E
330
70
100
AcDbEntity
  8
Visible
100
AcDbLine
 10
245.273438
 20
189.382813
 30
0.0
 11
245.273438
 21
216.382813
 31
0.0
210
0.0
220
0.0000000000002967
230
-1.0
  0
LINE
  5
75F
330
70
100
AcDbEntity
  8
Visible
100
AcDbLine
 10
254.273438
 20
211.382813
 30
0.0
 11
254.273438
 21
190.882813
 31
0.0
210
0.0
220
0.0000000000002967
230
-1.0
  0
LINE
  5
760
330
70
100
AcDbEntity
  8
Visible
100
AcDbLine
 10
254.773438
 20
190.382813
 30
0.0
 11
295.773438
 21
190.382813
 31
0.0
210
0.0
220
0.0000000000002967
230
-1.0
  0
LINE
  5
761
330
70
100
AcDbEntity
  8
Visible
100
AcDbLine
 10
296.273438
 20
190.882813
 30
0.0
 11
296.273438
 21
210.882813
 31
0.0
210
0.0
220
0.0000000000002967
230
-1.0
  0
LINE
  5
762
330
70
100
AcDbEntity
  8
Visible
100
AcDbLine
 10
295.773438
 20
211.382813
 30
0.0
 11
254.273438
 21
211.382813
 31
0.0
210
0.0
220
0.0000000000002967
230
-1.0
  0
CIRCLE
  5
763
330
70
100
AcDbEntity
  8
Visible
100
AcDbCircle
 10
250.273438
 20
205.882813
 30
0.0
 40
1.199999999999999
  0
CIRCLE
  5
764
330
70
100
AcDbEntity
  8
Visible
100
AcDbCircle
 10
250.273438
 20
195.882813
 30
0.0
 40
1.199999999999999
  0
CIRCLE
  5
765
330
70
100
AcDbEntity
  8
Visible
100
AcDbCircle
 10
300.273438
 20
205.882813
 30
0.0
 40
1.2
  0
CIRCLE
  5
766
330
70
100
AcDbEntity
  8
Visible
100
AcDbCircle
 10
300.273438
 20
195.882813
 30
0.0
 40
1.2
  0
LINE
  5
767
330
70
100
AcDbEntity
  8
Hidden
100
AcDbLine
 10
236.773438
 20
188.882813
 30
0.0
 11
236.273438
 21
188.382813
 31
0.0
210
0.0
220
0.0000000000002967
230
-1.0
  0
LINE
  5
768
330
70
100
AcDbEntity
  8
Hidden
100
AcDbLine
 10
235.773438
 20
188.882813
 30
0.0
 11
235.773438
 21
188.382813
 31
0.0
210
0.0
220
0.0000000000002967
230
-1.0
  0
LINE
  5
769
330
70
100
AcDbEntity
  8
Hidden
100
AcDbLine
 10
194.523438
 20
188.132813
 30
0.0
 11
194.773438
 21
188.382813
 31
0.0
210
0.0
220
0.0000000000002967
230
-1.0
  0
LINE
  5
76A
330
70
100
AcDbEntity
  8
Hidden
100
AcDbLine
 10
194.773438
 20
188.882813
 30
0.0
 11
194.773438
 21
188.382813
 31
0.0
210
0.0
220
0.0000000000002967
230
-1.0
  0
LINE
  5
76B
330
70
100
AcDbEntity
  8
Hidden
100
AcDbLine
 10
194.273438
 20
188.382813
 30
0.0
 11
193.773438
 21
188.882813
 31
0.0
210
0.0
220
0.0000000000002967
230
-1.0
  0
LINE
  5
76C
330
70
100
AcDbEntity
  8
Hidden
100
AcDbLine
 10
194.273438
 20
188.382813
 30
0.0
 11
194.523438
 21
188.132813
 31
0.0
210
0.0
220
0.0000000000002967
230
-1.0
  0
LINE
  5
76D
330
70
100
AcDbEntity
  8
Hidden
100
AcDbLine
 10
236.273438
 20
185.382813
 30
0.0
 11
236.773438
 21
184.882813
 31
0.0
210
0.0
220
0.0000000000002967
230
-1.0
  0
LINE
  5
76E
330
70
100
AcDbEntity
  8
Hidden
100
AcDbLine
 10
235.773438
 20
185.382813
 30
0.0
 11
235.773438
 21
184.882813
 31
0.0
210
0.0
220
0.0000000000002967
230
-1.0
  0
LINE
  5
76F
330
70
100
AcDbEntity
  8
Hidden
100
AcDbLine
 10
194.773438
 20
185.382813
 30
0.0
 11
194.773438
 21
184.882813
 31
0.0
210
0.0
220
0.0000000000002967
230
-1.0
  0
LINE
  5
770
330
70
100
AcDbEntity
  8
Hidden
100
AcDbLine
 10
194.773438
 20
185.382813
 30
0.0
 11
194.523438
 21
185.632813
 31
0.0
210
0.0
220
0.0000000000002967
230
-1.0
  0
LINE
  5
771
330
70
100
AcDbEntity
  8
Hidden
100
AcDbLine
 10
194.273438
 20
185.382813
 30
0.0
 11
193.773438
 21
184.882813
 31
0.0
210
0.0
220
0.0000000000002967
230
-1.0
  0
LINE
  5
772
330
70
100
AcDbEntity
  8
Hidden
100
AcDbLine
 10
194.523438
 20
185.632813
 30
0.0
 11
194.273438
 21
185.382813
 31
0.0
210
0.0
220
0.0000000000002967
230
-1.0
  0
LINE
  5
773
330
70
100
AcDbEntity
  8
Visible
100
AcDbLine
 10
185.273438
 20
185.382813
 30
0.0
 11
185.773438
 21
184.882813
 31
0.0
210
0.0
220
0.0000000000002967
230
-1.0
  0
LINE
  5
774
330
70
100
AcDbEntity
  8
Hidden
100
AcDbLine
 10
244.773438
 20
188.382813
 30
0.0
 11
244.773438
 21
188.882813
 31
0.0
210
0.0
220
0.0000000000002967
230
-1.0
  0
LINE
  5
775
330
70
100
AcDbEntity
  8
Hidden
100
AcDbLine
 10
305.023438
 20
185.132813
 30
0.0
 11
304.773438
 21
185.382813
 31
0.0
210
0.0
220
0.0000000000002967
230
-1.0
  0
LINE
  5
776
330
70
100
AcDbEntity
  8
Visible
100
AcDbLine
 10
185.773438
 20
188.882813
 30
0.0
 11
185.273438
 21
188.382813
 31
0.0
210
0.0
220
0.0000000000002967
230
-1.0
  0
LINE
  5
777
330
70
100
AcDbEntity
  8
Visible
100
AcDbLine
 10
245.773438
 20
216.882813
 30
0.0
 11
245.273438
 21
216.382813
 31
0.0
210
0.0
220
0.0000000000002967
230
-1.0
  0
LINE
  5
778
330
70
100
AcDbEntity
  8
Visible
100
AcDbLine
 10
245.273438
 20
189.382813
 30
0.0
 11
244.773438
 21
188.882813
 31
0.0
210
0.0
220
0.0000000000002967
230
-1.0
  0
LINE
  5
779
330
70
100
AcDbEntity
  8
Visible
100
AcDbLine
 10
245.273438
 20
216.382813
 30
0.0
 11
245.773438
 21
216.382813
 31
0.0
210
0.0
220
0.0000000000002967
230
-1.0
  0
LINE
  5
77A
330
70
100
AcDbEntity
  8
Visible
100
AcDbLine
 10
245.773438
 20
189.382813
 30
0.0
 11
245.273438
 21
189.382813
 31
0.0
210
0.0
220
0.0000000000002967
230
-1.0
  0
LINE
  5
77B
330
70
100
AcDbEntity
  8
Visible
100
AcDbLine
 10
245.773438
 20
216.882813
 30
0.0
 11
245.773438
 21
216.382813
 31
0.0
210
0.0
220
0.0000000000002967
230
-1.0
  0
LINE
  5
77C
330
70
100
AcDbEntity
  8
Visible
100
AcDbLine
 10
190.773438
 20
188.382813
 30
0.0
 11
190.273438
 21
188.882813
 31
0.0
210
0.0
220
0.0000000000002967
230
-1.0
  0
LINE
  5
77D
330
70
100
AcDbEntity
  8
Visible
100
AcDbLine
 10
304.773438
 20
188.382813
 30
0.0
 11
305.023438
 21
188.632813
 31
0.0
210
0.0
220
0.0000000000002967
230
-1.0
  0
LINE
  5
77E
330
70
100
AcDbEntity
  8
Visible
100
AcDbLine
 10
304.773438
 20
188.882813
 30
0.0
 11
305.023438
 21
188.632813
 31
0.0
210
0.0
220
0.0000000000002967
230
-1.0
  0
LINE
  5
77F
330
70
100
AcDbEntity
  8
Visible
100
AcDbLine
 10
245.773438
 20
189.382813
 30
0.0
 11
245.773438
 21
188.882813
 31
0.0
210
0.0
220
0.0000000000002967
230
-1.0
  0
LINE
  5
780
330
70
100
AcDbEntity
  8
Visible
100
AcDbLine
 10
304.773438
 20
216.882813
 30
0.0
 11
304.773438
 21
216.382813
 31
0.0
210
0.0
220
0.0000000000002967
230
-1.0
  0
LINE
  5
781
330
70
100
AcDbEntity
  8
Visible
100
AcDbLine
 10
305.273438
 20
216.382813
 30
0.0
 11
304.773438
 21
216.882813
 31
0.0
210
0.0
220
0.0000000000002967
230
-1.0
  0
LINE
  5
782
330
70
100
AcDbEntity
  8
Visible
100
AcDbLine
 10
305.023438
 20
188.632813
 30
0.0
 11
305.273438
 21
188.382813
 31
0.0
210
0.0
220
0.0000000000002967
230
-1.0
  0
LINE
  5
783
330
70
100
AcDbEntity
  8
Visible
100
AcDbLine
 10
304.773438
 20
189.382813
 30
0.0
 11
304.773438
 21
188.882813
 31
0.0
210
0.0
220
0.0000000000002967
230
-1.0
  0
LINE
  5
784
330
70
100
AcDbEntity
  8
Visible
100
AcDbLine
 10
305.273438
 20
216.382813
 30
0.0
 11
304.773438
 21
216.382813
 31
0.0
210
0.0
220
0.0000000000002967
230
-1.0
  0
LINE
  5
785
330
70
100
AcDbEntity
  8
Visible
100
AcDbLine
 10
304.773438
 20
189.382813
 30
0.0
 11
305.273438
 21
189.382813
 31
0.0
210
0.0
220
0.0000000000002967
230
-1.0
  0
LINE
  5
786
330
70
100
AcDbEntity
  8
Visible
100
AcDbLine
 10
296.273438
 20
190.882813
 30
0.0
 11
295.773438
 21
190.382813
 31
0.0
210
0.0
220
0.0000000000002967
230
-1.0
  0
LINE
  5
787
330
70
100
AcDbEntity
  8
Visible
100
AcDbLine
 10
296.273438
 20
190.882813
 30
0.0
 11
296.773438
 21
190.882813
 31
0.0
210
0.0
220
0.0000000000002967
230
-1.0
  0
LINE
  5
788
330
70
100
AcDbEntity
  8
Visible
100
AcDbLine
 10
295.773438
 20
189.882813
 30
0.0
 11
295.773438
 21
190.382813
 31
0.0
210
0.0
220
0.0000000000002967
230
-1.0
  0
LINE
  5
789
330
70
100
AcDbEntity
  8
Visible
100
AcDbLine
 10
254.773438
 20
190.382813
 30
0.0
 11
254.273438
 21
190.882813
 31
0.0
210
0.0
220
0.0000000000002967
230
-1.0
  0
LINE
  5
78A
330
70
100
AcDbEntity
  8
Visible
100
AcDbLine
 10
254.773438
 20
189.882813
 30
0.0
 11
254.773438
 21
190.382813
 31
0.0
210
0.0
220
0.0000000000002967
230
-1.0
  0
LINE
  5
78B
330
70
100
AcDbEntity
  8
Visible
100
AcDbLine
 10
296.273438
 20
210.882813
 30
0.0
 11
296.773438
 21
210.882813
 31
0.0
210
0.0
220
0.0000000000002967
230
-1.0
  0
LINE
  5
78C
330
70
100
AcDbEntity
  8
Visible
100
AcDbLine
 10
295.773438
 20
211.382813
 30
0.0
 11
296.273438
 21
210.882813
 31
0.0
210
0.0
220
0.0000000000002967
230
-1.0
  0
LINE
  5
78D
330
70
100
AcDbEntity
  8
Visible
100
AcDbLine
 10
253.773438
 20
190.882813
 30
0.0
 11
254.273438
 21
190.882813
 31
0.0
210
0.0
220
0.0000000000002967
230
-1.0
  0
LINE
  5
78E
330
70
100
AcDbEntity
  8
Visible
100
AcDbLine
 10
295.773438
 20
211.382813
 30
0.0
 11
295.773438
 21
211.882813
 31
0.0
210
0.0
220
0.0000000000002967
230
-1.0
  0
LINE
  5
78F
330
70
100
AcDbEntity
  8
Visible
100
AcDbLine
 10
253.773438
 20
211.882813
 30
0.0
 11
254.273438
 21
211.382813
 31
0.0
210
0.0
220
0.0000000000002967
230
-1.0
  0
LINE
  5
790
330
70
100
AcDbEntity
  8
Visible
100
AcDbLine
 10
304.773438
 20
184.882813
 30
0.0
 11
305.273438
 21
185.382813
 31
0.0
210
0.0
220
0.0000000000002967
230
-1.0
  0
LINE
  5
791
330
70
100
AcDbEntity
  8
Visible
100
AcDbLine
 10
190.273438
 20
184.882813
 30
0.0
 11
190.773438
 21
185.382813
 31
0.0
210
0.0
220
0.0000000000002967
230
-1.0
  0
LINE
  5
792
330
70
100
AcDbEntity
  8
Visible
100
AcDbLine
 10
304.773438
 20
185.382813
 30
0.0
 11
304.773438
 21
184.882813
 31
0.0
210
0.0
220
0.0000000000002967
230
-1.0
  0
LINE
  5
793
330
70
100
AcDbEntity
  8
Visible
100
AcDbLine
 10
304.773438
 20
185.382813
 30
0.0
 11
305.273438
 21
185.382813
 31
0.0
210
0.0
220
0.0000000000002967
230
-1.0
  0
LINE
  5
794
330
70
100
AcDbEntity
  8
Hidden
100
AcDbLine
 10
189.073437
 20
185.382813
 30
0.0
 11
189.073437
 21
188.382813
 31
0.0
210
0.0
220
0.0000000000002967
230
-1.0
  0
LINE
  5
795
330
70
100
AcDbEntity
  8
Hidden
100
AcDbLine
 10
191.473438
 20
185.382813
 30
0.0
 11
191.473438
 21
188.382813
 31
0.0
210
0.0
220
0.0000000000002967
230
-1.0
  0
LINE
  5
796
330
70
100
AcDbEntity
  8
Hidden
100
AcDbLine
 10
239.073437
 20
185.382813
 30
0.0
 11
239.073437
 21
188.382813
 31
0.0
210
0.0
220
0.0000000000002967
230
-1.0
  0
LINE
  5
797
330
70
100
AcDbEntity
  8
Hidden
100
AcDbLine
 10
241.473438
 20
185.382813
 30
0.0
 11
241.473438
 21
188.382813
 31
0.0
210
0.0
220
0.0000000000002967
230
-1.0
  0
LINE
  5
798
330
70
100
AcDbEntity
  8
Hidden
100
AcDbLine
 10
239.073437
 20
188.382813
 30
0.0
 11
238.573437
 21
188.882813
 31
0.0
210
0.0
220
0.0000000000002967
230
-1.0
  0
LINE
  5
799
330
70
100
AcDbEntity
  8
Hidden
100
AcDbLine
 10
241.473438
 20
188.382813
 30
0.0
 11
241.973438
 21
188.882813
 31
0.0
210
0.0
220
0.0000000000002967
230
-1.0
  0
LINE
  5
79A
330
70
100
AcDbEntity
  8
Hidden
100
AcDbLine
 10
241.473438
 20
185.382813
 30
0.0
 11
241.973438
 21
184.882813
 31
0.0
210
0.0
220
0.0000000000002967
230
-1.0
  0
LINE
  5
79B
330
70
100
AcDbEntity
  8
Hidden
100
AcDbLine
 10
239.073437
 20
185.382813
 30
0.0
 11
238.573437
 21
184.882813
 31
0.0
210
0.0
220
0.0000000000002967
230
-1.0
  0
LINE
  5
79C
330
70
100
AcDbEntity
  8
Hidden
100
AcDbLine
 10
189.073437
 20
188.382813
 30
0.0
 11
188.573437
 21
188.882813
 31
0.0
210
0.0
220
0.0000000000002967
230
-1.0
  0
LINE
  5
79D
330
70
100
AcDbEntity
  8
Hidden
100
AcDbLine
 10
191.473438
 20
188.382813
 30
0.0
 11
191.973438
 21
188.882813
 31
0.0
210
0.0
220
0.0000000000002967
230
-1.0
  0
LINE
  5
79E
330
70
100
AcDbEntity
  8
Hidden
100
AcDbLine
 10
191.473438
 20
185.382813
 30
0.0
 11
191.973438
 21
184.882813
 31
0.0
210
0.0
220
0.0000000000002967
230
-1.0
  0
LINE
  5
79F
330
70
100
AcDbEntity
  8
Hidden
100
AcDbLine
 10
189.073437
 20
185.382813
 30
0.0
 11
188.573437
 21
184.882813
 31
0.0
210
0.0
220
0.0000000000002967
230
-1.0
  0
ENDSEC
  0
SECTION
  2
OBJECTS
  0
DICTIONARY
  5
C
330
0
100
AcDbDictionary
281
     1
  3
ACAD_COLOR
350
63
  3
ACAD_DETAILVIEWSTYLE
350
6A
  3
ACAD_GROUP
350
D
  3
ACAD_LAYOUT
350
62
  3
ACAD_MATERIAL
350
10
  3
ACAD_MLEADERSTYLE
350
66
  3
ACAD_MLINESTYLE
350
5F
  3
ACAD_PLOTSETTINGS
350
61
  3
ACAD_PLOTSTYLENAME
350
E
  3
ACAD_SCALELIST
350
42
  3
ACAD_SECTIONVIEWSTYLE
350
68
  3
ACAD_TABLESTYLE
350
64
  3
ACAD_VISUALSTYLE
350
29
  3
ACDB_RECOMPOSE_DATA
350
8ED
  3
AcDbVariableDictionary
350
8E4
  0
DICTIONARY
  5
AD
330
70
100
AcDbDictionary
280
     1
281
     1
  3
ACAD_SORTENTS
360
AE
  0
DICTIONARY
  5
1EC
330
1EB
100
AcDbDictionary
280
     1
281
     1
  0
DICTIONARY
  5
232
330
231
100
AcDbDictionary
280
     1
281
     1
  3
ACAD_SORTENTS
360
676
  0
DICTIONARY
  5
24D
330
24C
100
AcDbDictionary
280
     1
281
     1
  0
DICTIONARY
  5
24F
330
24E
100
AcDbDictionary
280
     1
281
     1
  0
DICTIONARY
  5
251
330
250
100
AcDbDictionary
280
     1
281
     1
  0
DICTIONARY
  5
253
330
252
100
AcDbDictionary
280
     1
281
     1
  0
DICTIONARY
  5
255
330
254
100
AcDbDictionary
280
     1
281
     1
  0
DICTIONARY
  5
257
330
256
100
AcDbDictionary
280
     1
281
     1
  0
DICTIONARY
  5
259
330
258
100
AcDbDictionary
280
     1
281
     1
  0
DICTIONARY
  5
25B
330
25A
100
AcDbDictionary
280
     1
281
     1
  0
DICTIONARY
  5
25D
330
25C
100
AcDbDictionary
280
     1
281
     1
  0
DICTIONARY
  5
25F
330
25E
100
AcDbDictionary
280
     1
281
     1
  0
DICTIONARY
  5
261
330
260
100
AcDbDictionary
280
     1
281
     1
  0
DICTIONARY
  5
263
330
262
100
AcDbDictionary
280
     1
281
     1
  0
DICTIONARY
  5
265
330
264
100
AcDbDictionary
280
     1
281
     1
  0
DICTIONARY
  5
267
330
266
100
AcDbDictionary
280
     1
281
     1
  0
DICTIONARY
  5
269
330
268
100
AcDbDictionary
280
     1
281
     1
  0
DICTIONARY
  5
63
102
{ACAD_REACTORS
330
C
102
}
330
C
100
AcDbDictionary
281
     1
  0
DICTIONARY
  5
6A
102
{ACAD_REACTORS
330
C
102
}
330
C
100
AcDbDictionary
281
     1
  3
Imperial24
350
6B
  0
DICTIONARY
  5
D
102
{ACAD_REACTORS
330
C
102
}
330
C
100
AcDbDictionary
281
     1
  0
DICTIONARY
  5
62
102
{ACAD_REACTORS
330
C
102
}
330
C
100
AcDbDictionary
281
     1
  3
Model
350
73
  3
Sheet1
350
6F
  3
Sheet2
350
77
  0
DICTIONARY
  5
10
102
{ACAD_REACTORS
330
C
102
}
330
C
100
AcDbDictionary
281
     1
  3
ByBlock
350
19
  3
ByLayer
350
11
  3
Global
350
21
  0
DICTIONARY
  5
66
102
{ACAD_REACTORS
330
C
102
}
330
C
100
AcDbDictionary
281
     1
  3
Standard
350
67
  0
DICTIONARY
  5
5F
102
{ACAD_REACTORS
330
C
102
}
330
C
100
AcDbDictionary
281
     1
  3
Standard
350
60
  0
DICTIONARY
  5
61
102
{ACAD_REACTORS
330
C
102
}
330
C
100
AcDbDictionary
281
     1
  0
ACDBDICTIONARYWDFLT
  5
E
102
{ACAD_REACTORS
330
C
102
}
330
C
100
AcDbDictionary
281
     1
  3
Normal
350
F
100
AcDbDictionaryWithDefault
340
F
  0
DICTIONARY
  5
42
102
{ACAD_REACTORS
330
C
102
}
330
C
100
AcDbDictionary
281
     1
  3
A0
350
43
  3
A1
350
44
  3
A2
350
45
  3
A3
350
46
  3
A4
350
47
  3
A5
350
48
  3
A6
350
49
  3
A7
350
4A
  3
A8
350
4B
  3
A9
350
4C
  3
B0
350
4D
  3
B1
350
4E
  3
B2
350
4F
  3
B3
350
50
  3
B4
350
51
  3
B5
350
52
  3
B6
350
53
  0
DICTIONARY
  5
68
102
{ACAD_REACTORS
330
C
102
}
330
C
100
AcDbDictionary
281
     1
  3
Imperial24
350
69
  0
DICTIONARY
  5
64
102
{ACAD_REACTORS
330
C
102
}
330
C
100
AcDbDictionary
281
     1
  3
Standard
350
65
  0
DICTIONARY
  5
29
102
{ACAD_REACTORS
330
C
102
}
330
C
100
AcDbDictionary
281
     1
  3
2dWireframe
350
2F
  3
Basic
350
2E
  3
Brighten
350
35
  3
ColorChange
350
39
  3
Conceptual
350
32
  3
Dim
350
34
  3
EdgeColorOff
350
41
  3
Facepattern
350
38
  3
Flat
350
2A
  3
FlatWithEdges
350
2B
  3
Gouraud
350
2C
  3
GouraudWithEdges
350
2D
  3
Hidden
350
31
  3
JitterOff
350
3F
  3
Linepattern
350
37
  3
OverhangOff
350
40
  3
Realistic
350
33
  3
Shaded
350
3E
  3
Shaded with edges
350
3D
  3
Shades of Gray
350
3A
  3
Sketchy
350
3B
  3
Thicken
350
36
  3
Wireframe
350
30
  3
X-Ray
350
3C
  0
XRECORD
  5
8ED
102
{ACAD_REACTORS
330
C
102
}
330
C
100
AcDbXrecord
280
     1
 90
        1
330
65
  0
DICTIONARY
  5
8E4
102
{ACAD_REACTORS
330
C
102
}
330
C
100
AcDbDictionary
281
     1
  3
ANNOALLVISIBLE
350
8E9
  3
CANNOSCALE
350
8EA
  3
CMLEADERSTYLE
350
8E6
  3
CTABLESTYLE
350
8E5
  3
CVIEWDETAILSTYLE
350
8E7
  3
CVIEWSECTIONSTYLE
350
8E8
  0
SORTENTSTABLE
  5
AE
102
{ACAD_REACTORS
330
AD
102
}
330
AD
100
AcDbSortentsTable
330
70
  0
SORTENTSTABLE
  5
676
102
{ACAD_REACTORS
330
232
102
}
330
232
100
AcDbSortentsTable
330
231
  0
ACDBDETAILVIEWSTYLE
  5
6B
102
{ACAD_XDICTIONARY
360
8F0
102
}
102
{ACAD_REACTORS
330
6A
102
}
330
6A
100
AcDbModelDocViewStyle
 70
     0
  3
Imperial24
290
     0
100
AcDbDetailViewStyle
 70
     0
 71
     0
 90
        3
 71
     1
340
55
 62
   256
 40
0.24
340
0
 62
   256
 40
0.24
300

 40
0.36
280
     3
 71
     2
340
5D
 90
       25
 62
   256
 71
     3
340
55
 62
   256
 40
0.24
 90
        1
 40
0.75
 90
        1
300
%<\AcVar ViewType \f "%tc1">% %<\AcVar ViewDetailId>%\PSCALE %<\AcVar ViewScale \f "%sn">%
 71
     4
340
5D
 90
       25
 62
   256
340
5D
 90
       25
 62
   256
280
     0
  0
LAYOUT
  5
73
102
{ACAD_REACTORS
330
62
102
}
330
62
100
AcDbPlotSettings
  1

  2
AutoCAD PDF (High Quality Print).pc3
  4
ISO_full_bleed_A3_(420.00_x_297.00_MM)
  6

 40
0.0
 41
0.0
 42
0.0
 43
0.0
 44
420.0
 45
297.0
 46
0.0
 47
0.0
 48
0.0
 49
0.0
140
0.0
141
0.0
142
1.0
143
1.352753
 70
 11952
 72
     1
 73
     0
 74
     0
  7

 75
     0
147
0.739233
 76
     0
 77
     2
 78
   300
148
74.078165
149
13.64
100
AcDbLayout
  1
Model
 70
     1
 71
     0
 10
0.0
 20
0.0
 11
12.0
 21
9.0
 12
0.0
 22
0.0
 32
0.0
 14
0.0
 24
0.0
 34
0.0
 15
0.0
 25
0.0
 35
0.0
146
0.0
 13
0.0
 23
0.0
 33
0.0
 16
1.0
 26
0.0
 36
0.0
 17
0.0
 27
1.0
 37
0.0
 76
     0
330
70
1001
ACAD_PSEXT
1000
AutoCAD PDF (High Quality Print).pc3
1000
DWG To PDF
1000
File
1000

1070
     0
  0
LAYOUT
  5
6F
102
{ACAD_REACTORS
330
62
102
}
330
62
100
AcDbPlotSettings
  1

  2

  4

  6

 40
0.0
 41
0.0
 42
0.0
 43
0.0
 44
0.0
 45
0.0
 46
0.0
 47
0.0
 48
0.0
 49
0.0
140
0.0
141
0.0
142
1.0
143
1.0
 70
   688
 72
     0
 73
     0
 74
     5
  7

 75
    16
147
1.0
 76
     0
 77
     2
 78
   300
148
0.0
149
0.0
100
AcDbLayout
  1
Sheet1
 70
     1
 71
     1
 10
0.0
 20
0.0
 11
12.0
 21
9.0
 12
0.0
 22
0.0
 32
0.0
 14
0.0
 24
0.0
 34
0.0
 15
0.0
 25
0.0
 35
0.0
146
0.0
 13
0.0
 23
0.0
 33
0.0
 16
1.0
 26
0.0
 36
0.0
 17
0.0
 27
1.0
 37
0.0
 76
     0
330
6C
  0
LAYOUT
  5
77
102
{ACAD_REACTORS
330
62
102
}
330
62
100
AcDbPlotSettings
  1

  2

  4

  6

 40
0.0
 41
0.0
 42
0.0
 43
0.0
 44
0.0
 45
0.0
 46
0.0
 47
0.0
 48
0.0
 49
0.0
140
0.0
141
0.0
142
1.0
143
1.0
 70
   688
 72
     0
 73
     0
 74
     5
  7

 75
    16
147
1.0
 76
     0
 77
     2
 78
   300
148
0.0
149
0.0
100
AcDbLayout
  1
Sheet2
 70
     1
 71
     2
 10
0.0
 20
0.0
 11
12.0
 21
9.0
 12
0.0
 22
0.0
 32
0.0
 14
0.0
 24
0.0
 34
0.0
 15
0.0
 25
0.0
 35
0.0
146
0.0
 13
0.0
 23
0.0
 33
0.0
 16
1.0
 26
0.0
 36
0.0
 17
0.0
 27
1.0
 37
0.0
 76
     0
330
74
  0
MATERIAL
  5
19
102
{ACAD_XDICTIONARY
360
1A
102
}
102
{ACAD_REACTORS
330
10
102
}
330
10
100
AcDbMaterial
  1
ByBlock
 72
     0
 43
0.020833
 43
0.0
 43
0.0
 43
0.0
 43
0.0
 43
0.020833
 43
0.0
 43
0.0
 43
0.0
 43
0.0
 43
1.0
 43
0.0
 43
0.0
 43
0.0
 43
0.0
 43
1.0
 77
     0
 47
0.020833
 47
0.0
 47
0.0
 47
0.0
 47
0.0
 47
0.020833
 47
0.0
 47
0.0
 47
0.0
 47
0.0
 47
1.0
 47
0.0
 47
0.0
 47
0.0
 47
0.0
 47
1.0
171
     0
 49
0.020833
 49
0.0
 49
0.0
 49
0.0
 49
0.0
 49
0.020833
 49
0.0
 49
0.0
 49
0.0
 49
0.0
 49
1.0
 49
0.0
 49
0.0
 49
0.0
 49
0.0
 49
1.0
175
     0
142
0.020833
142
0.0
142
0.0
142
0.0
142
0.0
142
0.020833
142
0.0
142
0.0
142
0.0
142
0.0
142
1.0
142
0.0
142
0.0
142
0.0
142
0.0
142
1.0
179
     0
144
0.020833
144
0.0
144
0.0
144
0.0
144
0.0
144
0.020833
144
0.0
144
0.0
144
0.0
144
0.0
144
1.0
144
0.0
144
0.0
144
0.0
144
0.0
144
1.0
147
0.020833
147
0.0
147
0.0
147
0.0
147
0.0
147
0.020833
147
0.0
147
0.0
147
0.0
147
0.0
147
1.0
147
0.0
147
0.0
147
0.0
147
0.0
147
1.0
  0
MATERIAL
  5
11
102
{ACAD_XDICTIONARY
360
12
102
}
102
{ACAD_REACTORS
330
10
102
}
330
10
100
AcDbMaterial
  1
ByLayer
 72
     0
 43
0.020833
 43
0.0
 43
0.0
 43
0.0
 43
0.0
 43
0.020833
 43
0.0
 43
0.0
 43
0.0
 43
0.0
 43
1.0
 43
0.0
 43
0.0
 43
0.0
 43
0.0
 43
1.0
 77
     0
 47
0.020833
 47
0.0
 47
0.0
 47
0.0
 47
0.0
 47
0.020833
 47
0.0
 47
0.0
 47
0.0
 47
0.0
 47
1.0
 47
0.0
 47
0.0
 47
0.0
 47
0.0
 47
1.0
171
     0
 49
0.020833
 49
0.0
 49
0.0
 49
0.0
 49
0.0
 49
0.020833
 49
0.0
 49
0.0
 49
0.0
 49
0.0
 49
1.0
 49
0.0
 49
0.0
 49
0.0
 49
0.0
 49
1.0
175
     0
142
0.020833
142
0.0
142
0.0
142
0.0
142
0.0
142
0.020833
142
0.0
142
0.0
142
0.0
142
0.0
142
1.0
142
0.0
142
0.0
142
0.0
142
0.0
142
1.0
179
     0
144
0.020833
144
0.0
144
0.0
144
0.0
144
0.0
144
0.020833
144
0.0
144
0.0
144
0.0
144
0.0
144
1.0
144
0.0
144
0.0
144
0.0
144
0.0
144
1.0
147
0.020833
147
0.0
147
0.0
147
0.0
147
0.0
147
0.020833
147
0.0
147
0.0
147
0.0
147
0.0
147
1.0
147
0.0
147
0.0
147
0.0
147
0.0
147
1.0
  0
MATERIAL
  5
21
102
{ACAD_XDICTIONARY
360
22
102
}
102
{ACAD_REACTORS
330
10
102
}
330
10
100
AcDbMaterial
  1
Global
 72
     0
 43
0.020833
 43
0.0
 43
0.0
 43
0.0
 43
0.0
 43
0.020833
 43
0.0
 43
0.0
 43
0.0
 43
0.0
 43
1.0
 43
0.0
 43
0.0
 43
0.0
 43
0.0
 43
1.0
 77
     0
 47
0.020833
 47
0.0
 47
0.0
 47
0.0
 47
0.0
 47
0.020833
 47
0.0
 47
0.0
 47
0.0
 47
0.0
 47
1.0
 47
0.0
 47
0.0
 47
0.0
 47
0.0
 47
1.0
171
     0
 49
0.020833
 49
0.0
 49
0.0
 49
0.0
 49
0.0
 49
0.020833
 49
0.0
 49
0.0
 49
0.0
 49
0.0
 49
1.0
 49
0.0
 49
0.0
 49
0.0
 49
0.0
 49
1.0
175
     0
142
0.020833
142
0.0
142
0.0
142
0.0
142
0.0
142
0.020833
142
0.0
142
0.0
142
0.0
142
0.0
142
1.0
142
0.0
142
0.0
142
0.0
142
0.0
142
1.0
179
     0
144
0.020833
144
0.0
144
0.0
144
0.0
144
0.0
144
0.020833
144
0.0
144
0.0
144
0.0
144
0.0
144
1.0
144
0.0
144
0.0
144
0.0
144
0.0
144
1.0
147
0.020833
147
0.0
147
0.0
147
0.0
147
0.0
147
0.020833
147
0.0
147
0.0
147
0.0
147
0.0
147
1.0
147
0.0
147
0.0
147
0.0
147
0.0
147
1.0
  0
MLEADERSTYLE
  5
67
102
{ACAD_REACTORS
330
66
102
}
330
66
100
AcDbMLeaderStyle
179
     2
170
     2
171
     1
172
     0
 90
        2
 40
0.0
 41
0.0
173
     1
 91
-1056964608
340
5B
 92
       -2
290
     1
 42
0.09
291
     1
 43
0.36
  3
Standard
 44
0.18
300

342
55
174
     1
178
     6
175
     1
176
     0
 93
-1056964608
 45
0.18
292
     0
297
     0
 46
0.18
 94
-1056964608
 47
1.0
 49
1.0
140
1.0
293
     1
141
0.0
294
     1
177
     0
142
1.0
295
     0
296
     0
143
0.125
271
     0
272
     9
273
     9
298
     1
  0
MLINESTYLE
  5
60
102
{ACAD_REACTORS
330
5F
102
}
330
5F
100
AcDbMlineStyle
  2
STANDARD
 70
     0
  3

 62
   256
 51
90.0
 52
90.0
 71
     0
  0
ACDBPLACEHOLDER
  5
F
102
{ACAD_REACTORS
330
E
102
}
330
E
  0
SCALE
  5
43
102
{ACAD_REACTORS
330
42
102
}
330
42
100
AcDbScale
 70
     0
300
1:1
140
1.0
141
1.0
290
     1
  0
SCALE
  5
44
102
{ACAD_REACTORS
330
42
102
}
330
42
100
AcDbScale
 70
     0
300
1:2
140
1.0
141
2.0
290
     0
  0
SCALE
  5
45
102
{ACAD_REACTORS
330
42
102
}
330
42
100
AcDbScale
 70
     0
300
1:4
140
1.0
141
4.0
290
     0
  0
SCALE
  5
46
102
{ACAD_REACTORS
330
42
102
}
330
42
100
AcDbScale
 70
     0
300
1:5
140
1.0
141
5.0
290
     0
  0
SCALE
  5
47
102
{ACAD_REACTORS
330
42
102
}
330
42
100
AcDbScale
 70
     0
300
1:8
140
1.0
141
8.0
290
     0
  0
SCALE
  5
48
102
{ACAD_REACTORS
330
42
102
}
330
42
100
AcDbScale
 70
     0
300
1:10
140
1.0
141
10.0
290
     0
  0
SCALE
  5
49
102
{ACAD_REACTORS
330
42
102
}
330
42
100
AcDbScale
 70
     0
300
1:16
140
1.0
141
16.0
290
     0
  0
SCALE
  5
4A
102
{ACAD_REACTORS
330
42
102
}
330
42
100
AcDbScale
 70
     0
300
1:20
140
1.0
141
20.0
290
     0
  0
SCALE
  5
4B
102
{ACAD_REACTORS
330
42
102
}
330
42
100
AcDbScale
 70
     0
300
1:30
140
1.0
141
30.0
290
     0
  0
SCALE
  5
4C
102
{ACAD_REACTORS
330
42
102
}
330
42
100
AcDbScale
 70
     0
300
1:40
140
1.0
141
40.0
290
     0
  0
SCALE
  5
4D
102
{ACAD_REACTORS
330
42
102
}
330
42
100
AcDbScale
 70
     0
300
1:50
140
1.0
141
50.0
290
     0
  0
SCALE
  5
4E
102
{ACAD_REACTORS
330
42
102
}
330
42
100
AcDbScale
 70
     0
300
1:100
140
1.0
141
100.0
290
     0
  0
SCALE
  5
4F
102
{ACAD_REACTORS
330
42
102
}
330
42
100
AcDbScale
 70
     0
300
2:1
140
2.0
141
1.0
290
     0
  0
SCALE
  5
50
102
{ACAD_REACTORS
330
42
102
}
330
42
100
AcDbScale
 70
     0
300
4:1
140
4.0
141
1.0
290
     0
  0
SCALE
  5
51
102
{ACAD_REACTORS
330
42
102
}
330
42
100
AcDbScale
 70
     0
300
8:1
140
8.0
141
1.0
290
     0
  0
SCALE
  5
52
102
{ACAD_REACTORS
330
42
102
}
330
42
100
AcDbScale
 70
     0
300
10:1
140
10.0
141
1.0
290
     0
  0
SCALE
  5
53
102
{ACAD_REACTORS
330
42
102
}
330
42
100
AcDbScale
 70
     0
300
100:1
140
100.0
141
1.0
290
     0
  0
ACDBSECTIONVIEWSTYLE
  5
69
102
{ACAD_XDICTIONARY
360
8EE
102
}
102
{ACAD_REACTORS
330
68
102
}
330
68
100
AcDbModelDocViewStyle
 70
     0
  3
Imperial24
290
     0
100
AcDbSectionViewStyle
 70
     0
 71
     0
 90
       78
 71
     1
340
55
 62
   256
 40
0.24
340
0
340
0
 62
   256
 40
0.24
300
I, O, Q, S, X, Z
 40
0.48
 90
        3
 40
0.18
 90
        1
 71
     2
340
5D
 90
       25
 62
   256
340
5D
 90
       50
 62
   256
 40
0.24
 40
0.0
 40
0.24
 71
     3
340
55
 62
   256
 40
0.24
 90
        1
 40
0.75
 90
        1
300
%<\AcVar ViewType \f "%tc1">% %<\AcVar ViewSectionStartId>%-%<\AcVar ViewSectionEndId>%\PSCALE %<\AcVar ViewScale \f "%sn">%
 71
     4
 62
   256
 62
   257
300
ANSI31
 40
1.0
 90
        0
290
     0
290
     0
 90
        6
 40
0.0
 40
1.570796
 40
0.261799
 40
1.308997
 40
-0.261799
 40
1.832596
  0
TABLESTYLE
  5
65
102
{ACAD_XDICTIONARY
360
8EB
102
}
102
{ACAD_REACTORS
330
64
102
}
330
64
100
AcDbTableStyle
280
     0
  3
Standard
 70
     0
 71
     0
 40
1.5
 41
1.5
280
     0
281
     0
  7
Standard
140
0.18
170
     2
 62
     0
 63
     7
283
     0
 90
      512
 91
        0
  1

274
    -2
284
     1
 64
     0
275
    -2
285
     1
 65
     0
276
    -2
286
     1
 66
     0
277
    -2
287
     1
 67
     0
278
    -2
288
     1
 68
     0
279
    -2
289
     1
 69
     0
  7
Standard
140
0.25
170
     5
 62
     0
 63
     7
283
     0
 90
      512
 91
        0
  1

274
    -2
284
     1
 64
     0
275
    -2
285
     1
 65
     0
276
    -2
286
     1
 66
     0
277
    -2
287
     1
 67
     0
278
    -2
288
     1
 68
     0
279
    -2
289
     1
 69
     0
  7
Standard
140
0.18
170
     5
 62
     0
 63
     7
283
     0
 90
      512
 91
        0
  1

274
    -2
284
     1
 64
     0
275
    -2
285
     1
 65
     0
276
    -2
286
     1
 66
     0
277
    -2
287
     1
 67
     0
278
    -2
288
     1
 68
     0
279
    -2
289
     1
 69
     0
  0
VISUALSTYLE
  5
2F
102
{ACAD_REACTORS
330
29
102
}
330
29
100
AcDbVisualStyle
  2
2dWireframe
 70
     4
177
     3
291
     0
 70
    58
 90
        0
176
     1
 90
        2
176
     1
 90
        0
176
     1
 90
        0
176
     1
 40
0.6
176
     1
 40
30.0
176
     1
 62
     7
420
 16777215
176
     1
 90
        1
176
     1
 90
        4
176
     1
 62
     7
176
     1
 62
   257
176
     1
 90
        1
176
     1
 90
        1
176
     1
 40
1.0
176
     1
 90
        0
176
     1
 62
   257
176
     1
 40
1.0
176
     1
 90
        1
176
     1
 90
        6
176
     1
 90
        2
176
     1
 62
     7
176
     1
 90
        5
176
     1
 90
        0
176
     1
 90
        0
176
     1
290
     0
176
     1
 90
        1
176
     1
 40
0.0
176
     1
 90
        0
176
     1
290
     1
176
     1
290
     1
176
     1
290
     0
176
     1
290
     0
176
     1
290
     0
176
     1
290
     0
176
     1
290
     0
176
     1
290
     0
176
     1
290
     0
176
     1
 90
       50
176
     1
 40
0.0
176
     1
 40
1.0
176
     1
 90
        0
176
     1
 62
    18
420
        0
176
     1
 90
       50
176
     1
 90
        3
176
     1
 62
     5
420
      255
176
     1
290
     0
176
     1
 90
       50
176
     1
 90
       50
176
     1
 90
       50
176
     1
290
     0
176
     1
 90
       50
176
     1
 62
   256
176
     0
 40
1.0
176
     0
 90
        2
176
     1
  1
strokes_ogs.tif
176
     1
290
     0
176
     1
 40
1.0
176
     1
 40
1.0
176
     1
1001
ACAD
1000
AcDbSavedByObjectVersion
1070
     0
  0
VISUALSTYLE
  5
2E
102
{ACAD_REACTORS
330
29
102
}
330
29
100
AcDbVisualStyle
  2
Basic
 70
     7
177
     3
291
     1
 70
    58
 90
        1
176
     1
 90
        0
176
     1
 90
        1
176
     1
 90
        0
176
     1
 40
0.6
176
     1
 40
30.0
176
     1
 62
     7
420
 16777215
176
     1
 90
        0
176
     1
 90
        4
176
     1
 62
     7
176
     1
 62
   257
176
     1
 90
        1
176
     1
 90
        1
176
     1
 40
1.0
176
     1
 90
        8
176
     1
 62
     7
176
     1
 40
1.0
176
     1
 90
        1
176
     1
 90
        6
176
     1
 90
        2
176
     1
 62
     7
176
     1
 90
        5
176
     1
 90
        0
176
     1
 90
        0
176
     1
290
     0
176
     1
 90
        1
176
     1
 40
0.0
176
     1
 90
        0
176
     1
290
     0
176
     1
290
     1
176
     1
290
     1
176
     1
290
     0
176
     1
290
     0
176
     1
290
     0
176
     1
290
     0
176
     1
290
     0
176
     1
290
     0
176
     1
 90
       50
176
     1
 40
0.0
176
     1
 40
1.0
176
     1
 90
        0
176
     1
 62
    18
420
        0
176
     1
 90
       50
176
     1
 90
        3
176
     1
 62
     5
420
      255
176
     1
290
     0
176
     1
 90
       50
176
     1
 90
       50
176
     1
 90
       50
176
     1
290
     0
176
     1
 90
       50
176
     1
 62
   256
176
     0
 40
1.0
176
     0
 90
        2
176
     1
  1
strokes_ogs.tif
176
     1
290
     0
176
     1
 40
1.0
176
     1
 40
1.0
176
     1
1001
ACAD
1000
AcDbSavedByObjectVersion
1070
     0
  0
VISUALSTYLE
  5
35
102
{ACAD_REACTORS
330
29
102
}
330
29
100
AcDbVisualStyle
  2
Brighten
 70
    12
177
     3
291
     1
 70
    58
 90
        2
176
     1
 90
        2
176
     1
 90
        0
176
     1
 90
        0
176
     1
 40
0.6
176
     1
 40
30.0
176
     1
 62
     7
420
 16777215
176
     1
 90
        1
176
     1
 90
        4
176
     1
 62
     7
176
     1
 62
   257
176
     1
 90
        1
176
     1
 90
        1
176
     1
 40
1.0
176
     1
 90
        8
176
     1
 62
     7
176
     1
 40
1.0
176
     1
 90
        1
176
     1
 90
        6
176
     1
 90
        2
176
     1
 62
     7
176
     1
 90
        5
176
     1
 90
        0
176
     1
 90
        0
176
     1
290
     0
176
     1
 90
        1
176
     1
 40
50.0
176
     1
 90
        0
176
     1
290
     0
176
     1
290
     1
176
     1
290
     1
176
     1
290
     0
176
     1
290
     0
176
     1
290
     0
176
     1
290
     0
176
     1
290
     0
176
     1
290
     0
176
     1
 90
       50
176
     1
 40
0.0
176
     1
 40
1.0
176
     1
 90
        0
176
     1
 62
    18
420
        0
176
     1
 90
       50
176
     1
 90
        3
176
     1
 62
     5
420
      255
176
     1
290
     0
176
     1
 90
       50
176
     1
 90
       50
176
     1
 90
       50
176
     1
290
     0
176
     1
 90
       50
176
     1
 62
   256
176
     0
 40
1.0
176
     0
 90
        2
176
     1
  1
strokes_ogs.tif
176
     1
290
     0
176
     1
 40
1.0
176
     1
 40
1.0
176
     1
1001
ACAD
1000
AcDbSavedByObjectVersion
1070
     0
  0
VISUALSTYLE
  5
39
102
{ACAD_REACTORS
330
29
102
}
330
29
100
AcDbVisualStyle
  2
ColorChange
 70
    16
177
     3
291
     1
 70
    58
 90
        2
176
     1
 90
        2
176
     1
 90
        3
176
     1
 90
        0
176
     1
 40
0.6
176
     1
 40
30.0
176
     1
 62
     8
420
  8421504
176
     1
 90
        1
176
     1
 90
        4
176
     1
 62
     7
176
     1
 62
   257
176
     1
 90
        1
176
     1
 90
        1
176
     1
 40
1.0
176
     1
 90
        8
176
     1
 62
     8
420
  8421504
176
     1
 40
1.0
176
     1
 90
        1
176
     1
 90
        6
176
     1
 90
        2
176
     1
 62
     7
176
     1
 90
        5
176
     1
 90
        0
176
     1
 90
        0
176
     1
290
     0
176
     1
 90
        1
176
     1
 40
0.0
176
     1
 90
        0
176
     1
290
     0
176
     1
290
     1
176
     1
290
     1
176
     1
290
     0
176
     1
290
     0
176
     1
290
     0
176
     1
290
     0
176
     1
290
     0
176
     1
290
     0
176
     1
 90
       50
176
     1
 40
0.0
176
     1
 40
1.0
176
     1
 90
        0
176
     1
 62
    18
420
        0
176
     1
 90
       50
176
     1
 90
        3
176
     1
 62
     5
420
      255
176
     1
290
     0
176
     1
 90
       50
176
     1
 90
       50
176
     1
 90
       50
176
     1
290
     0
176
     1
 90
       50
176
     1
 62
   256
176
     0
 40
1.0
176
     0
 90
        2
176
     1
  1
strokes_ogs.tif
176
     1
290
     0
176
     1
 40
1.0
176
     1
 40
1.0
176
     1
1001
ACAD
1000
AcDbSavedByObjectVersion
1070
     0
  0
VISUALSTYLE
  5
32
102
{ACAD_REACTORS
330
29
102
}
330
29
100
AcDbVisualStyle
  2
Conceptual
 70
     9
177
     3
291
     0
 70
    58
 90
        3
176
     1
 90
        2
176
     1
 90
        0
176
     1
 90
        0
176
     1
 40
0.6
176
     1
 40
30.0
176
     1
 62
     7
420
 16777215
176
     1
 90
        2
176
     1
 90
        2
176
     1
 62
     7
176
     1
 62
   257
176
     1
 90
        1
176
     1
 90
        1
176
     1
 40
179.0
176
     1
 90
        8
176
     1
 62
     7
176
     1
 40
1.0
176
     1
 90
        1
176
     1
 90
        6
176
     1
 90
        2
176
     1
 62
     7
176
     1
 90
        3
176
     1
 90
        0
176
     1
 90
        0
176
     1
290
     0
176
     1
 90
        1
176
     1
 40
0.0
176
     1
 90
        0
176
     1
290
     0
176
     1
290
     1
176
     1
290
     1
176
     1
290
     0
176
     1
290
     0
176
     1
290
     0
176
     1
290
     0
176
     1
290
     0
176
     1
290
     0
176
     1
 90
       50
176
     1
 40
0.0
176
     1
 40
1.0
176
     1
 90
        0
176
     1
 62
    18
420
        0
176
     1
 90
       50
176
     1
 90
        3
176
     1
 62
     5
420
      255
176
     1
290
     0
176
     1
 90
       50
176
     1
 90
       50
176
     1
 90
       50
176
     1
290
     0
176
     1
 90
       50
176
     1
 62
   256
176
     0
 40
1.0
176
     0
 90
        2
176
     1
  1
strokes_ogs.tif
176
     1
290
     0
176
     1
 40
1.0
176
     1
 40
1.0
176
     1
1001
ACAD
1000
AcDbSavedByObjectVersion
1070
     0
  0
VISUALSTYLE
  5
34
102
{ACAD_REACTORS
330
29
102
}
330
29
100
AcDbVisualStyle
  2
Dim
 70
    11
177
     3
291
     1
 70
    58
 90
        2
176
     1
 90
        2
176
     1
 90
        0
176
     1
 90
        0
176
     1
 40
0.6
176
     1
 40
30.0
176
     1
 62
     7
420
 16777215
176
     1
 90
        1
176
     1
 90
        4
176
     1
 62
     7
176
     1
 62
   257
176
     1
 90
        1
176
     1
 90
        1
176
     1
 40
1.0
176
     1
 90
        8
176
     1
 62
     7
176
     1
 40
1.0
176
     1
 90
        1
176
     1
 90
        6
176
     1
 90
        2
176
     1
 62
     7
176
     1
 90
        5
176
     1
 90
        0
176
     1
 90
        0
176
     1
290
     0
176
     1
 90
        1
176
     1
 40
-50.0
176
     1
 90
        0
176
     1
290
     0
176
     1
290
     1
176
     1
290
     1
176
     1
290
     0
176
     1
290
     0
176
     1
290
     0
176
     1
290
     0
176
     1
290
     0
176
     1
290
     0
176
     1
 90
       50
176
     1
 40
0.0
176
     1
 40
1.0
176
     1
 90
        0
176
     1
 62
    18
420
        0
176
     1
 90
       50
176
     1
 90
        3
176
     1
 62
     5
420
      255
176
     1
290
     0
176
     1
 90
       50
176
     1
 90
       50
176
     1
 90
       50
176
     1
290
     0
176
     1
 90
       50
176
     1
 62
   256
176
     0
 40
1.0
176
     0
 90
        2
176
     1
  1
strokes_ogs.tif
176
     1
290
     0
176
     1
 40
1.0
176
     1
 40
1.0
176
     1
1001
ACAD
1000
AcDbSavedByObjectVersion
1070
     0
  0
VISUALSTYLE
  5
41
102
{ACAD_REACTORS
330
29
102
}
330
29
100
AcDbVisualStyle
  2
EdgeColorOff
 70
    22
177
     3
291
     1
 70
    58
 90
        2
176
     0
 90
        2
176
     0
 90
        0
176
     0
 90
        0
176
     0
 40
0.6
176
     0
 40
30.0
176
     0
 62
     7
420
 16777215
176
     0
 90
        1
176
     0
 90
        4
176
     0
 62
     7
176
     0
 62
   257
176
     0
 90
        1
176
     0
 90
        1
176
     0
 40
1.0
176
     0
 90
        8
176
     2
 62
     7
176
     0
 40
1.0
176
     0
 90
        1
176
     0
 90
        6
176
     0
 90
        2
176
     0
 62
     7
176
     0
 90
        5
176
     0
 90
        0
176
     0
 90
        0
176
     0
290
     0
176
     0
 90
        1
176
     0
 40
0.0
176
     0
 90
        0
176
     0
290
     0
176
     0
290
     1
176
     0
290
     1
176
     0
290
     0
176
     0
290
     0
176
     0
290
     0
176
     0
290
     0
176
     0
290
     0
176
     0
290
     0
176
     0
 90
       50
176
     0
 40
0.0
176
     0
 40
1.0
176
     0
 90
        0
176
     0
 62
    18
420
        0
176
     0
 90
       50
176
     0
 90
        3
176
     0
 62
     5
420
      255
176
     0
290
     0
176
     0
 90
       50
176
     0
 90
       50
176
     0
 90
       50
176
     0
290
     0
176
     0
 90
       50
176
     0
 62
   256
176
     0
 40
1.0
176
     0
 90
        2
176
     0
  1
strokes_ogs.tif
176
     0
290
     0
176
     0
 40
1.0
176
     0
 40
1.0
176
     0
1001
ACAD
1000
AcDbSavedByObjectVersion
1070
     0
  0
VISUALSTYLE
  5
38
102
{ACAD_REACTORS
330
29
102
}
330
29
100
AcDbVisualStyle
  2
Facepattern
 70
    15
177
     3
291
     1
 70
    58
 90
        2
176
     1
 90
        2
176
     1
 90
        0
176
     1
 90
        0
176
     1
 40
0.6
176
     1
 40
30.0
176
     1
 62
     7
420
 16777215
176
     1
 90
        1
176
     1
 90
        4
176
     1
 62
     7
176
     1
 62
   257
176
     1
 90
        1
176
     1
 90
        1
176
     1
 40
1.0
176
     1
 90
        8
176
     1
 62
     7
176
     1
 40
1.0
176
     1
 90
        1
176
     1
 90
        6
176
     1
 90
        2
176
     1
 62
     7
176
     1
 90
        5
176
     1
 90
        0
176
     1
 90
        0
176
     1
290
     0
176
     1
 90
        1
176
     1
 40
0.0
176
     1
 90
        0
176
     1
290
     0
176
     1
290
     1
176
     1
290
     1
176
     1
290
     0
176
     1
290
     0
176
     1
290
     0
176
     1
290
     0
176
     1
290
     0
176
     1
290
     0
176
     1
 90
       50
176
     1
 40
0.0
176
     1
 40
1.0
176
     1
 90
        0
176
     1
 62
    18
420
        0
176
     1
 90
       50
176
     1
 90
        3
176
     1
 62
     5
420
      255
176
     1
290
     0
176
     1
 90
       50
176
     1
 90
       50
176
     1
 90
       50
176
     1
290
     0
176
     1
 90
       50
176
     1
 62
   256
176
     0
 40
1.0
176
     0
 90
        2
176
     1
  1
strokes_ogs.tif
176
     1
290
     0
176
     1
 40
1.0
176
     1
 40
1.0
176
     1
1001
ACAD
1000
AcDbSavedByObjectVersion
1070
     0
  0
VISUALSTYLE
  5
2A
102
{ACAD_REACTORS
330
29
102
}
330
29
100
AcDbVisualStyle
  2
Flat
 70
     0
177
     3
291
     1
 70
    58
 90
        2
176
     1
 90
        1
176
     1
 90
        1
176
     1
 90
        2
176
     1
 40
0.6
176
     1
 40
30.0
176
     1
 62
     7
420
 16777215
176
     1
 90
        0
176
     1
 90
        0
176
     1
 62
     7
176
     1
 62
   257
176
     1
 90
        1
176
     1
 90
        1
176
     1
 40
1.0
176
     1
 90
        8
176
     1
 62
     7
176
     1
 40
1.0
176
     1
 90
        1
176
     1
 90
        6
176
     1
 90
        2
176
     1
 62
     7
176
     1
 90
        5
176
     1
 90
        0
176
     1
 90
        0
176
     1
290
     0
176
     1
 90
       13
176
     1
 40
0.0
176
     1
 90
        0
176
     1
290
     0
176
     1
290
     1
176
     1
290
     1
176
     1
290
     0
176
     1
290
     0
176
     1
290
     0
176
     1
290
     0
176
     1
290
     0
176
     1
290
     0
176
     1
 90
       50
176
     1
 40
0.0
176
     1
 40
1.0
176
     1
 90
        0
176
     1
 62
    18
420
        0
176
     1
 90
       50
176
     1
 90
        3
176
     1
 62
     5
420
      255
176
     1
290
     0
176
     1
 90
       50
176
     1
 90
       50
176
     1
 90
       50
176
     1
290
     0
176
     1
 90
       50
176
     1
 62
   256
176
     0
 40
1.0
176
     0
 90
        2
176
     1
  1
strokes_ogs.tif
176
     1
290
     0
176
     1
 40
1.0
176
     1
 40
1.0
176
     1
1001
ACAD
1000
AcDbSavedByObjectVersion
1070
     0
  0
VISUALSTYLE
  5
2B
102
{ACAD_REACTORS
330
29
102
}
330
29
100
AcDbVisualStyle
  2
FlatWithEdges
 70
     1
177
     3
291
     1
 70
    58
 90
        2
176
     1
 90
        1
176
     1
 90
        1
176
     1
 90
        2
176
     1
 40
0.6
176
     1
 40
30.0
176
     1
 62
     7
420
 16777215
176
     1
 90
        1
176
     1
 90
        0
176
     1
 62
     7
176
     1
 62
   257
176
     1
 90
        1
176
     1
 90
        1
176
     1
 40
1.0
176
     1
 90
        0
176
     1
 62
   257
176
     1
 40
1.0
176
     1
 90
        1
176
     1
 90
        6
176
     1
 90
        2
176
     1
 62
     7
176
     1
 90
        5
176
     1
 90
        0
176
     1
 90
        0
176
     1
290
     0
176
     1
 90
       13
176
     1
 40
0.0
176
     1
 90
        0
176
     1
290
     0
176
     1
290
     1
176
     1
290
     1
176
     1
290
     0
176
     1
290
     0
176
     1
290
     0
176
     1
290
     0
176
     1
290
     0
176
     1
290
     0
176
     1
 90
       50
176
     1
 40
0.0
176
     1
 40
1.0
176
     1
 90
        0
176
     1
 62
    18
420
        0
176
     1
 90
       50
176
     1
 90
        3
176
     1
 62
     5
420
      255
176
     1
290
     0
176
     1
 90
       50
176
     1
 90
       50
176
     1
 90
       50
176
     1
290
     0
176
     1
 90
       50
176
     1
 62
   256
176
     0
 40
1.0
176
     0
 90
        2
176
     1
  1
strokes_ogs.tif
176
     1
290
     0
176
     1
 40
1.0
176
     1
 40
1.0
176
     1
1001
ACAD
1000
AcDbSavedByObjectVersion
1070
     0
  0
VISUALSTYLE
  5
2C
102
{ACAD_REACTORS
330
29
102
}
330
29
100
AcDbVisualStyle
  2
Gouraud
 70
     2
177
     3
291
     1
 70
    58
 90
        2
176
     1
 90
        2
176
     1
 90
        1
176
     1
 90
        2
176
     1
 40
0.6
176
     1
 40
30.0
176
     1
 62
     7
420
 16777215
176
     1
 90
        0
176
     1
 90
        0
176
     1
 62
     7
176
     1
 62
   257
176
     1
 90
        1
176
     1
 90
        1
176
     1
 40
1.0
176
     1
 90
        0
176
     1
 62
     7
176
     1
 40
1.0
176
     1
 90
        1
176
     1
 90
        6
176
     1
 90
        2
176
     1
 62
     7
176
     1
 90
        5
176
     1
 90
        0
176
     1
 90
        0
176
     1
290
     0
176
     1
 90
       13
176
     1
 40
0.0
176
     1
 90
        0
176
     1
290
     0
176
     1
290
     1
176
     1
290
     1
176
     1
290
     0
176
     1
290
     0
176
     1
290
     0
176
     1
290
     0
176
     1
290
     0
176
     1
290
     0
176
     1
 90
       50
176
     1
 40
0.0
176
     1
 40
1.0
176
     1
 90
        0
176
     1
 62
    18
420
        0
176
     1
 90
       50
176
     1
 90
        3
176
     1
 62
     5
420
      255
176
     1
290
     0
176
     1
 90
       50
176
     1
 90
       50
176
     1
 90
       50
176
     1
290
     0
176
     1
 90
       50
176
     1
 62
   256
176
     0
 40
1.0
176
     0
 90
        2
176
     1
  1
strokes_ogs.tif
176
     1
290
     0
176
     1
 40
1.0
176
     1
 40
1.0
176
     1
1001
ACAD
1000
AcDbSavedByObjectVersion
1070
     0
  0
VISUALSTYLE
  5
2D
102
{ACAD_REACTORS
330
29
102
}
330
29
100
AcDbVisualStyle
  2
GouraudWithEdges
 70
     3
177
     3
291
     1
 70
    58
 90
        2
176
     1
 90
        2
176
     1
 90
        1
176
     1
 90
        2
176
     1
 40
0.6
176
     1
 40
30.0
176
     1
 62
     7
420
 16777215
176
     1
 90
        1
176
     1
 90
        0
176
     1
 62
     7
176
     1
 62
   257
176
     1
 90
        1
176
     1
 90
        1
176
     1
 40
1.0
176
     1
 90
        0
176
     1
 62
   257
176
     1
 40
1.0
176
     1
 90
        1
176
     1
 90
        6
176
     1
 90
        2
176
     1
 62
     7
176
     1
 90
        5
176
     1
 90
        0
176
     1
 90
        0
176
     1
290
     0
176
     1
 90
       13
176
     1
 40
0.0
176
     1
 90
        0
176
     1
290
     0
176
     1
290
     1
176
     1
290
     1
176
     1
290
     0
176
     1
290
     0
176
     1
290
     0
176
     1
290
     0
176
     1
290
     0
176
     1
290
     0
176
     1
 90
       50
176
     1
 40
0.0
176
     1
 40
1.0
176
     1
 90
        0
176
     1
 62
    18
420
        0
176
     1
 90
       50
176
     1
 90
        3
176
     1
 62
     5
420
      255
176
     1
290
     0
176
     1
 90
       50
176
     1
 90
       50
176
     1
 90
       50
176
     1
290
     0
176
     1
 90
       50
176
     1
 62
   256
176
     0
 40
1.0
176
     0
 90
        2
176
     1
  1
strokes_ogs.tif
176
     1
290
     0
176
     1
 40
1.0
176
     1
 40
1.0
176
     1
1001
ACAD
1000
AcDbSavedByObjectVersion
1070
     0
  0
VISUALSTYLE
  5
31
102
{ACAD_REACTORS
330
29
102
}
330
29
100
AcDbVisualStyle
  2
Hidden
 70
     6
177
     3
291
     0
 70
    58
 90
        1
176
     1
 90
        2
176
     1
 90
        2
176
     1
 90
        0
176
     1
 40
0.6
176
     1
 40
30.0
176
     1
 62
     7
420
 16777215
176
     1
 90
        2
176
     1
 90
        2
176
     1
 62
     7
176
     1
 62
   257
176
     1
 90
        2
176
     1
 90
        1
176
     1
 40
40.0
176
     1
 90
        0
176
     1
 62
   257
176
     1
 40
1.0
176
     1
 90
        1
176
     1
 90
        6
176
     1
 90
        2
176
     1
 62
     7
176
     1
 90
        3
176
     1
 90
        0
176
     1
 90
        0
176
     1
290
     0
176
     1
 90
        1
176
     1
 40
0.0
176
     1
 90
        0
176
     1
290
     0
176
     1
290
     1
176
     1
290
     1
176
     1
290
     0
176
     1
290
     0
176
     1
290
     0
176
     1
290
     0
176
     1
290
     0
176
     1
290
     0
176
     1
 90
       50
176
     1
 40
0.0
176
     1
 40
1.0
176
     1
 90
        0
176
     1
 62
    18
420
        0
176
     1
 90
       50
176
     1
 90
        3
176
     1
 62
     5
420
      255
176
     1
290
     0
176
     1
 90
       50
176
     1
 90
       50
176
     1
 90
       50
176
     1
290
     0
176
     1
 90
       50
176
     1
 62
   256
176
     0
 40
1.0
176
     0
 90
        2
176
     1
  1
strokes_ogs.tif
176
     1
290
     0
176
     1
 40
1.0
176
     1
 40
1.0
176
     1
1001
ACAD
1000
AcDbSavedByObjectVersion
1070
     0
  0
VISUALSTYLE
  5
3F
102
{ACAD_REACTORS
330
29
102
}
330
29
100
AcDbVisualStyle
  2
JitterOff
 70
    20
177
     3
291
     1
 70
    58
 90
        2
176
     0
 90
        2
176
     0
 90
        0
176
     0
 90
        0
176
     0
 40
0.6
176
     0
 40
30.0
176
     0
 62
     7
420
 16777215
176
     0
 90
        1
176
     0
 90
        4
176
     0
 62
     7
176
     0
 62
   257
176
     0
 90
        1
176
     0
 90
        1
176
     0
 40
1.0
176
     0
 90
       10
176
     2
 62
     7
176
     0
 40
1.0
176
     0
 90
        1
176
     0
 90
        6
176
     0
 90
        2
176
     0
 62
     7
176
     0
 90
        5
176
     0
 90
        0
176
     0
 90
        0
176
     0
290
     0
176
     0
 90
        1
176
     0
 40
0.0
176
     0
 90
        0
176
     0
290
     0
176
     0
290
     1
176
     0
290
     1
176
     0
290
     0
176
     0
290
     0
176
     0
290
     0
176
     0
290
     0
176
     0
290
     0
176
     0
290
     0
176
     0
 90
       50
176
     0
 40
0.0
176
     0
 40
1.0
176
     0
 90
        0
176
     0
 62
    18
420
        0
176
     0
 90
       50
176
     0
 90
        3
176
     0
 62
     5
420
      255
176
     0
290
     0
176
     0
 90
       50
176
     0
 90
       50
176
     0
 90
       50
176
     0
290
     0
176
     0
 90
       50
176
     0
 62
   256
176
     0
 40
1.0
176
     0
 90
        2
176
     0
  1
strokes_ogs.tif
176
     0
290
     0
176
     0
 40
1.0
176
     0
 40
1.0
176
     0
1001
ACAD
1000
AcDbSavedByObjectVersion
1070
     0
  0
VISUALSTYLE
  5
37
102
{ACAD_REACTORS
330
29
102
}
330
29
100
AcDbVisualStyle
  2
Linepattern
 70
    14
177
     3
291
     1
 70
    58
 90
        2
176
     1
 90
        2
176
     1
 90
        0
176
     1
 90
        0
176
     1
 40
0.6
176
     1
 40
30.0
176
     1
 62
     7
420
 16777215
176
     1
 90
        1
176
     1
 90
        4
176
     1
 62
     7
176
     1
 62
   257
176
     1
 90
        7
176
     1
 90
        7
176
     1
 40
1.0
176
     1
 90
        8
176
     1
 62
     7
176
     1
 40
1.0
176
     1
 90
        1
176
     1
 90
        6
176
     1
 90
        2
176
     1
 62
     7
176
     1
 90
        5
176
     1
 90
        0
176
     1
 90
        0
176
     1
290
     0
176
     1
 90
        1
176
     1
 40
0.0
176
     1
 90
        0
176
     1
290
     0
176
     1
290
     1
176
     1
290
     1
176
     1
290
     0
176
     1
290
     0
176
     1
290
     0
176
     1
290
     0
176
     1
290
     0
176
     1
290
     0
176
     1
 90
       50
176
     1
 40
0.0
176
     1
 40
1.0
176
     1
 90
        0
176
     1
 62
    18
420
        0
176
     1
 90
       50
176
     1
 90
        3
176
     1
 62
     5
420
      255
176
     1
290
     0
176
     1
 90
       50
176
     1
 90
       50
176
     1
 90
       50
176
     1
290
     0
176
     1
 90
       50
176
     1
 62
   256
176
     0
 40
1.0
176
     0
 90
        2
176
     1
  1
strokes_ogs.tif
176
     1
290
     0
176
     1
 40
1.0
176
     1
 40
1.0
176
     1
1001
ACAD
1000
AcDbSavedByObjectVersion
1070
     0
  0
VISUALSTYLE
  5
40
102
{ACAD_REACTORS
330
29
102
}
330
29
100
AcDbVisualStyle
  2
OverhangOff
 70
    21
177
     3
291
     1
 70
    58
 90
        2
176
     0
 90
        2
176
     0
 90
        0
176
     0
 90
        0
176
     0
 40
0.6
176
     0
 40
30.0
176
     0
 62
     7
420
 16777215
176
     0
 90
        1
176
     0
 90
        4
176
     0
 62
     7
176
     0
 62
   257
176
     0
 90
        1
176
     0
 90
        1
176
     0
 40
1.0
176
     0
 90
        9
176
     2
 62
     7
176
     0
 40
1.0
176
     0
 90
        1
176
     0
 90
        6
176
     0
 90
        2
176
     0
 62
     7
176
     0
 90
        5
176
     0
 90
        0
176
     0
 90
        0
176
     0
290
     0
176
     0
 90
        1
176
     0
 40
0.0
176
     0
 90
        0
176
     0
290
     0
176
     0
290
     1
176
     0
290
     1
176
     0
290
     0
176
     0
290
     0
176
     0
290
     0
176
     0
290
     0
176
     0
290
     0
176
     0
290
     0
176
     0
 90
       50
176
     0
 40
0.0
176
     0
 40
1.0
176
     0
 90
        0
176
     0
 62
    18
420
        0
176
     0
 90
       50
176
     0
 90
        3
176
     0
 62
     5
420
      255
176
     0
290
     0
176
     0
 90
       50
176
     0
 90
       50
176
     0
 90
       50
176
     0
290
     0
176
     0
 90
       50
176
     0
 62
   256
176
     0
 40
1.0
176
     0
 90
        2
176
     0
  1
strokes_ogs.tif
176
     0
290
     0
176
     0
 40
1.0
176
     0
 40
1.0
176
     0
1001
ACAD
1000
AcDbSavedByObjectVersion
1070
     0
  0
VISUALSTYLE
  5
33
102
{ACAD_REACTORS
330
29
102
}
330
29
100
AcDbVisualStyle
  2
Realistic
 70
     8
177
     3
291
     0
 70
    58
 90
        2
176
     1
 90
        3
176
     1
 90
        0
176
     1
 90
        2
176
     1
 40
0.6
176
     1
 40
30.0
176
     1
 62
     7
420
 16777215
176
     1
 90
        0
176
     1
 90
        0
176
     1
 62
     7
176
     1
 62
   257
176
     1
 90
        1
176
     1
 90
        1
176
     1
 40
1.0
176
     1
 90
        8
176
     1
 62
   257
176
     1
 40
1.0
176
     1
 90
        1
176
     1
 90
        6
176
     1
 90
        2
176
     1
 62
     7
176
     1
 90
        3
176
     1
 90
        0
176
     1
 90
        0
176
     1
290
     0
176
     1
 90
       13
176
     1
 40
0.0
176
     1
 90
        0
176
     1
290
     0
176
     1
290
     1
176
     1
290
     1
176
     1
290
     0
176
     1
290
     0
176
     1
290
     0
176
     1
290
     0
176
     1
290
     0
176
     1
290
     0
176
     1
 90
       50
176
     1
 40
0.0
176
     1
 40
1.0
176
     1
 90
        0
176
     1
 62
    18
420
        0
176
     1
 90
       50
176
     1
 90
        3
176
     1
 62
     5
420
      255
176
     1
290
     0
176
     1
 90
       50
176
     1
 90
       50
176
     1
 90
       50
176
     1
290
     0
176
     1
 90
       50
176
     1
 62
   256
176
     0
 40
1.0
176
     0
 90
        2
176
     1
  1
strokes_ogs.tif
176
     1
290
     0
176
     1
 40
1.0
176
     1
 40
1.0
176
     1
1001
ACAD
1000
AcDbSavedByObjectVersion
1070
     0
  0
VISUALSTYLE
  5
3E
102
{ACAD_REACTORS
330
29
102
}
330
29
100
AcDbVisualStyle
  2
Shaded
 70
    27
177
     3
291
     0
 70
    58
 90
        2
176
     1
 90
        2
176
     1
 90
        1
176
     1
 90
        2
176
     1
 40
0.6
176
     1
 40
30.0
176
     1
 62
     7
420
 16777215
176
     1
 90
        0
176
     1
 90
        4
176
     1
 62
     7
176
     1
 62
   257
176
     1
 90
        1
176
     1
 90
        1
176
     1
 40
1.0
176
     1
 90
        8
176
     1
 62
   257
176
     1
 40
1.0
176
     1
 90
        1
176
     1
 90
        6
176
     1
 90
        2
176
     1
 62
     8
420
  7895160
176
     1
 90
        3
176
     1
 90
        0
176
     1
 90
        0
176
     1
290
     0
176
     1
 90
        5
176
     1
 40
0.0
176
     1
 90
        0
176
     1
290
     0
176
     1
290
     1
176
     1
290
     1
176
     1
290
     0
176
     1
290
     0
176
     1
290
     0
176
     1
290
     0
176
     1
290
     0
176
     1
290
     0
176
     1
 90
       50
176
     1
 40
0.0
176
     1
 40
1.0
176
     1
 90
        0
176
     1
 62
    18
420
        0
176
     1
 90
       50
176
     1
 90
        3
176
     1
 62
     5
420
      255
176
     1
290
     0
176
     1
 90
       50
176
     1
 90
       50
176
     1
 90
       50
176
     1
290
     0
176
     1
 90
       50
176
     1
 62
   256
176
     0
 40
1.0
176
     0
 90
        2
176
     1
  1
strokes_ogs.tif
176
     1
290
     0
176
     1
 40
1.0
176
     1
 40
1.0
176
     1
1001
ACAD
1000
AcDbSavedByObjectVersion
1070
     0
  0
VISUALSTYLE
  5
3D
102
{ACAD_REACTORS
330
29
102
}
330
29
100
AcDbVisualStyle
  2
Shaded with edges
 70
    26
177
     3
291
     0
 70
    58
 90
        2
176
     1
 90
        2
176
     1
 90
        1
176
     1
 90
        2
176
     1
 40
0.6
176
     1
 40
30.0
176
     1
 62
     7
420
 16777215
176
     1
 90
        1
176
     1
 90
        2
176
     1
 62
     7
176
     1
 62
   257
176
     1
 90
        2
176
     1
 90
        1
176
     1
 40
1.0
176
     1
 90
        8
176
     1
 62
   257
176
     1
 40
1.0
176
     1
 90
        1
176
     1
 90
        6
176
     1
 90
        2
176
     1
 62
     7
176
     1
 90
        3
176
     1
 90
        0
176
     1
 90
        0
176
     1
290
     0
176
     1
 90
        5
176
     1
 40
0.0
176
     1
 90
        0
176
     1
290
     0
176
     1
290
     1
176
     1
290
     1
176
     1
290
     0
176
     1
290
     0
176
     1
290
     0
176
     1
290
     0
176
     1
290
     0
176
     1
290
     0
176
     1
 90
       50
176
     1
 40
0.0
176
     1
 40
1.0
176
     1
 90
        0
176
     1
 62
    18
420
        0
176
     1
 90
       50
176
     1
 90
        3
176
     1
 62
     5
420
      255
176
     1
290
     0
176
     1
 90
       50
176
     1
 90
       50
176
     1
 90
       50
176
     1
290
     0
176
     1
 90
       50
176
     1
 62
   256
176
     0
 40
1.0
176
     0
 90
        2
176
     1
  1
strokes_ogs.tif
176
     1
290
     0
176
     1
 40
1.0
176
     1
 40
1.0
176
     1
1001
ACAD
1000
AcDbSavedByObjectVersion
1070
     0
  0
VISUALSTYLE
  5
3A
102
{ACAD_REACTORS
330
29
102
}
330
29
100
AcDbVisualStyle
  2
Shades of Gray
 70
    23
177
     3
291
     0
 70
    58
 90
        2
176
     1
 90
        2
176
     1
 90
        3
176
     1
 90
        0
176
     1
 40
0.6
176
     1
 40
30.0
176
     1
 62
     7
420
 16777215
176
     1
 90
        2
176
     1
 90
        2
176
     1
 62
     7
176
     1
 62
     7
176
     1
 90
        1
176
     1
 90
        1
176
     1
 40
40.0
176
     1
 90
        8
176
     1
 62
     7
176
     1
 40
1.0
176
     1
 90
        1
176
     1
 90
        6
176
     1
 90
        2
176
     1
 62
     7
176
     1
 90
        3
176
     1
 90
        0
176
     1
 90
        0
176
     1
290
     0
176
     1
 90
        1
176
     1
 40
0.0
176
     1
 90
        0
176
     1
290
     0
176
     1
290
     1
176
     1
290
     1
176
     1
290
     0
176
     1
290
     0
176
     1
290
     0
176
     1
290
     0
176
     1
290
     0
176
     1
290
     0
176
     1
 90
       50
176
     1
 40
0.0
176
     1
 40
1.0
176
     1
 90
        0
176
     1
 62
    18
420
        0
176
     1
 90
       50
176
     1
 90
        3
176
     1
 62
     5
420
      255
176
     1
290
     0
176
     1
 90
       50
176
     1
 90
       50
176
     1
 90
       50
176
     1
290
     0
176
     1
 90
       50
176
     1
 62
   256
176
     0
 40
1.0
176
     0
 90
        2
176
     1
  1
strokes_ogs.tif
176
     1
290
     0
176
     1
 40
1.0
176
     1
 40
1.0
176
     1
1001
ACAD
1000
AcDbSavedByObjectVersion
1070
     0
  0
VISUALSTYLE
  5
3B
102
{ACAD_REACTORS
330
29
102
}
330
29
100
AcDbVisualStyle
  2
Sketchy
 70
    24
177
     3
291
     0
 70
    58
 90
        1
176
     1
 90
        2
176
     1
 90
        2
176
     1
 90
        0
176
     1
 40
0.6
176
     1
 40
30.0
176
     1
 62
     7
420
 16777215
176
     1
 90
        2
176
     1
 90
        2
176
     1
 62
     7
176
     1
 62
     7
176
     1
 90
        1
176
     1
 90
        1
176
     1
 40
40.0
176
     1
 90
       11
176
     1
 62
     7
176
     1
 40
1.0
176
     1
 90
        1
176
     1
 90
        6
176
     1
 90
        2
176
     1
 62
     7
176
     1
 90
        6
176
     1
 90
        0
176
     1
 90
        0
176
     1
290
     0
176
     1
 90
        1
176
     1
 40
0.0
176
     1
 90
        0
176
     1
290
     0
176
     1
290
     1
176
     1
290
     1
176
     1
290
     0
176
     1
290
     0
176
     1
290
     0
176
     1
290
     0
176
     1
290
     0
176
     1
290
     0
176
     1
 90
       50
176
     1
 40
0.0
176
     1
 40
1.0
176
     1
 90
        0
176
     1
 62
    18
420
        0
176
     1
 90
       50
176
     1
 90
        3
176
     1
 62
     5
420
      255
176
     1
290
     0
176
     1
 90
       50
176
     1
 90
       50
176
     1
 90
       50
176
     1
290
     0
176
     1
 90
       50
176
     1
 62
   256
176
     0
 40
1.0
176
     0
 90
        2
176
     1
  1
strokes_ogs.tif
176
     1
290
     0
176
     1
 40
1.0
176
     1
 40
1.0
176
     1
1001
ACAD
1000
AcDbSavedByObjectVersion
1070
     0
  0
VISUALSTYLE
  5
36
102
{ACAD_REACTORS
330
29
102
}
330
29
100
AcDbVisualStyle
  2
Thicken
 70
    13
177
     3
291
     1
 70
    58
 90
        2
176
     1
 90
        2
176
     1
 90
        0
176
     1
 90
        0
176
     1
 40
0.6
176
     1
 40
30.0
176
     1
 62
     7
420
 16777215
176
     1
 90
        1
176
     1
 90
        4
176
     1
 62
     7
176
     1
 62
   257
176
     1
 90
        1
176
     1
 90
        1
176
     1
 40
1.0
176
     1
 90
       12
176
     1
 62
     7
176
     1
 40
1.0
176
     1
 90
        1
176
     1
 90
        6
176
     1
 90
        2
176
     1
 62
     7
176
     1
 90
        5
176
     1
 90
        0
176
     1
 90
        0
176
     1
290
     0
176
     1
 90
        1
176
     1
 40
0.0
176
     1
 90
        0
176
     1
290
     0
176
     1
290
     1
176
     1
290
     1
176
     1
290
     0
176
     1
290
     0
176
     1
290
     0
176
     1
290
     0
176
     1
290
     0
176
     1
290
     0
176
     1
 90
       50
176
     1
 40
0.0
176
     1
 40
1.0
176
     1
 90
        0
176
     1
 62
    18
420
        0
176
     1
 90
       50
176
     1
 90
        3
176
     1
 62
     5
420
      255
176
     1
290
     0
176
     1
 90
       50
176
     1
 90
       50
176
     1
 90
       50
176
     1
290
     0
176
     1
 90
       50
176
     1
 62
   256
176
     0
 40
1.0
176
     0
 90
        2
176
     1
  1
strokes_ogs.tif
176
     1
290
     0
176
     1
 40
1.0
176
     1
 40
1.0
176
     1
1001
ACAD
1000
AcDbSavedByObjectVersion
1070
     0
  0
VISUALSTYLE
  5
30
102
{ACAD_REACTORS
330
29
102
}
330
29
100
AcDbVisualStyle
  2
Wireframe
 70
     5
177
     3
291
     0
 70
    58
 90
        0
176
     1
 90
        2
176
     1
 90
        0
176
     1
 90
        0
176
     1
 40
0.6
176
     1
 40
30.0
176
     1
 62
     7
420
 16777215
176
     1
 90
        1
176
     1
 90
        4
176
     1
 62
     7
176
     1
 62
   257
176
     1
 90
        1
176
     1
 90
        1
176
     1
 40
1.0
176
     1
 90
        0
176
     1
 62
   257
176
     1
 40
1.0
176
     1
 90
        1
176
     1
 90
        6
176
     1
 90
        2
176
     1
 62
     7
176
     1
 90
        3
176
     1
 90
        0
176
     1
 90
        0
176
     1
290
     0
176
     1
 90
        1
176
     1
 40
0.0
176
     1
 90
        0
176
     1
290
     0
176
     1
290
     1
176
     1
290
     1
176
     1
290
     0
176
     1
290
     0
176
     1
290
     0
176
     1
290
     0
176
     1
290
     0
176
     1
290
     0
176
     1
 90
       50
176
     1
 40
0.0
176
     1
 40
1.0
176
     1
 90
        0
176
     1
 62
    18
420
        0
176
     1
 90
       50
176
     1
 90
        3
176
     1
 62
     5
420
      255
176
     1
290
     0
176
     1
 90
       50
176
     1
 90
       50
176
     1
 90
       50
176
     1
290
     0
176
     1
 90
       50
176
     1
 62
   256
176
     0
 40
1.0
176
     0
 90
        2
176
     1
  1
strokes_ogs.tif
176
     1
290
     0
176
     1
 40
1.0
176
     1
 40
1.0
176
     1
1001
ACAD
1000
AcDbSavedByObjectVersion
1070
     0
  0
VISUALSTYLE
  5
3C
102
{ACAD_REACTORS
330
29
102
}
330
29
100
AcDbVisualStyle
  2
X-Ray
 70
    25
177
     3
291
     0
 70
    58
 90
        2
176
     1
 90
        2
176
     1
 90
        1
176
     1
 90
        1
176
     1
 40
0.5
176
     1
 40
30.0
176
     1
 62
     7
420
 16777215
176
     1
 90
        1
176
     1
 90
        0
176
     1
 62
     7
176
     1
 62
   257
176
     1
 90
        1
176
     1
 90
        1
176
     1
 40
1.0
176
     1
 90
        8
176
     1
 62
     7
176
     1
 40
1.0
176
     1
 90
        1
176
     1
 90
        6
176
     1
 90
        2
176
     1
 62
     7
176
     1
 90
        3
176
     1
 90
        0
176
     1
 90
        0
176
     1
290
     0
176
     1
 90
       13
176
     1
 40
0.0
176
     1
 90
        0
176
     1
290
     0
176
     1
290
     1
176
     1
290
     1
176
     1
290
     0
176
     1
290
     0
176
     1
290
     0
176
     1
290
     0
176
     1
290
     0
176
     1
290
     0
176
     1
 90
       50
176
     1
 40
0.0
176
     1
 40
1.0
176
     1
 90
        0
176
     1
 62
    18
420
        0
176
     1
 90
       50
176
     1
 90
        3
176
     1
 62
     5
420
      255
176
     1
290
     0
176
     1
 90
       50
176
     1
 90
       50
176
     1
 90
       50
176
     1
290
     0
176
     1
 90
       50
176
     1
 62
   256
176
     0
 40
1.0
176
     0
 90
        2
176
     1
  1
strokes_ogs.tif
176
     1
290
     0
176
     1
 40
1.0
176
     1
 40
1.0
176
     1
1001
ACAD
1000
AcDbSavedByObjectVersion
1070
     0
  0
DICTIONARYVAR
  5
8E9
102
{ACAD_REACTORS
330
8E4
102
}
330
8E4
100
DictionaryVariables
280
     0
  1
0
  0
DICTIONARYVAR
  5
8EA
102
{ACAD_REACTORS
330
8E4
102
}
330
8E4
100
DictionaryVariables
280
     0
  1
1:1
  0
DICTIONARYVAR
  5
8E6
102
{ACAD_REACTORS
330
8E4
102
}
330
8E4
100
DictionaryVariables
280
     0
  1
STANDARD
  0
DICTIONARYVAR
  5
8E5
102
{ACAD_REACTORS
330
8E4
102
}
330
8E4
100
DictionaryVariables
280
     0
  1
STANDARD
  0
DICTIONARYVAR
  5
8E7
102
{ACAD_REACTORS
330
8E4
102
}
330
8E4
100
DictionaryVariables
280
     0
  1
Imperial24
  0
DICTIONARYVAR
  5
8E8
102
{ACAD_REACTORS
330
8E4
102
}
330
8E4
100
DictionaryVariables
280
     0
  1
Imperial24
  0
DICTIONARY
  5
8F0
330
6B
100
AcDbDictionary
280
     1
281
     1
  3
ACAD_XREC_ROUNDTRIP
360
8F1
  0
DICTIONARY
  5
1A
330
19
100
AcDbDictionary
280
     1
281
     1
  3
BUMPTILE
360
1C
  3
DIFFUSETILE
360
1B
  3
OPACITYTILE
360
1F
  3
REFLECTIONTILE
360
1E
  3
REFRACTIONTILE
360
20
  3
SPECULARTILE
360
1D
  0
DICTIONARY
  5
12
330
11
100
AcDbDictionary
280
     1
281
     1
  3
BUMPTILE
360
14
  3
DIFFUSETILE
360
13
  3
OPACITYTILE
360
17
  3
REFLECTIONTILE
360
16
  3
REFRACTIONTILE
360
18
  3
SPECULARTILE
360
15
  0
DICTIONARY
  5
22
330
21
100
AcDbDictionary
280
     1
281
     1
  3
BUMPTILE
360
24
  3
DIFFUSETILE
360
23
  3
OPACITYTILE
360
27
  3
REFLECTIONTILE
360
26
  3
REFRACTIONTILE
360
28
  3
SPECULARTILE
360
25
  0
DICTIONARY
  5
8EE
330
69
100
AcDbDictionary
280
     1
281
     1
  3
ACAD_XREC_ROUNDTRIP
360
8EF
  0
DICTIONARY
  5
8EB
330
65
100
AcDbDictionary
280
     1
281
     1
  3
ACAD_ROUNDTRIP_2008_TABLESTYLE_CELLSTYLEMAP
360
8EC
  0
XRECORD
  5
8F1
102
{ACAD_REACTORS
330
8F0
102
}
330
8F0
100
AcDbXrecord
280
     1
102
DISPLAYNAME
  1
Imperial24
102
FLAGS
 90
        0
  0
XRECORD
  5
1C
102
{ACAD_REACTORS
330
1A
102
}
330
1A
100
AcDbXrecord
280
     1
270
     1
271
     1
  0
XRECORD
  5
1B
102
{ACAD_REACTORS
330
1A
102
}
330
1A
100
AcDbXrecord
280
     1
270
     1
271
     1
  0
XRECORD
  5
1F
102
{ACAD_REACTORS
330
1A
102
}
330
1A
100
AcDbXrecord
280
     1
270
     1
271
     1
  0
XRECORD
  5
1E
102
{ACAD_REACTORS
330
1A
102
}
330
1A
100
AcDbXrecord
280
     1
270
     1
271
     1
  0
XRECORD
  5
20
102
{ACAD_REACTORS
330
1A
102
}
330
1A
100
AcDbXrecord
280
     1
270
     1
271
     1
  0
XRECORD
  5
1D
102
{ACAD_REACTORS
330
1A
102
}
330
1A
100
AcDbXrecord
280
     1
270
     1
271
     1
  0
XRECORD
  5
14
102
{ACAD_REACTORS
330
12
102
}
330
12
100
AcDbXrecord
280
     1
270
     1
271
     1
  0
XRECORD
  5
13
102
{ACAD_REACTORS
330
12
102
}
330
12
100
AcDbXrecord
280
     1
270
     1
271
     1
  0
XRECORD
  5
17
102
{ACAD_REACTORS
330
12
102
}
330
12
100
AcDbXrecord
280
     1
270
     1
271
     1
  0
XRECORD
  5
16
102
{ACAD_REACTORS
330
12
102
}
330
12
100
AcDbXrecord
280
     1
270
     1
271
     1
  0
XRECORD
  5
18
102
{ACAD_REACTORS
330
12
102
}
330
12
100
AcDbXrecord
280
     1
270
     1
271
     1
  0
XRECORD
  5
15
102
{ACAD_REACTORS
330
12
102
}
330
12
100
AcDbXrecord
280
     1
270
     1
271
     1
  0
XRECORD
  5
24
102
{ACAD_REACTORS
330
22
102
}
330
22
100
AcDbXrecord
280
     1
270
     1
271
     1
  0
XRECORD
  5
23
102
{ACAD_REACTORS
330
22
102
}
330
22
100
AcDbXrecord
280
     1
270
     1
271
     1
  0
XRECORD
  5
27
102
{ACAD_REACTORS
330
22
102
}
330
22
100
AcDbXrecord
280
     1
270
     1
271
     1
  0
XRECORD
  5
26
102
{ACAD_REACTORS
330
22
102
}
330
22
100
AcDbXrecord
280
     1
270
     1
271
     1
  0
XRECORD
  5
28
102
{ACAD_REACTORS
330
22
102
}
330
22
100
AcDbXrecord
280
     1
270
     1
271
     1
  0
XRECORD
  5
25
102
{ACAD_REACTORS
330
22
102
}
330
22
100
AcDbXrecord
280
     1
270
     1
271
     1
  0
XRECORD
  5
8EF
102
{ACAD_REACTORS
330
8EE
102
}
330
8EE
100
AcDbXrecord
280
     1
102
DISPLAYNAME
  1
Imperial24
102
FLAGS
 90
        0
  0
CELLSTYLEMAP
  5
8EC
102
{ACAD_REACTORS
330
8EB
102
}
330
8EB
100
AcDbCellStyleMap
 90
        3
300
CELLSTYLE
  1
TABLEFORMAT_BEGIN
 90
        5
170
     1
 91
        0
 92
    32768
 62
   257
 93
        1
300
CONTENTFORMAT
  1
CONTENTFORMAT_BEGIN
 90
        0
 91
        0
 92
      512
 93
        0
300

 40
0.0
140
1.0
 94
        5
 62
     0
340
55
144
0.25
309
CONTENTFORMAT_END
171
     1
301
MARGIN
  1
CELLMARGIN_BEGIN
 40
1.5
 40
1.5
 40
1.5
 40
1.5
 40
0.18
 40
0.18
309
CELLMARGIN_END
 94
        0
309
TABLEFORMAT_END
  1
CELLSTYLE_BEGIN
 90
        1
 91
        1
300
_TITLE
309
CELLSTYLE_END
300
CELLSTYLE
  1
TABLEFORMAT_BEGIN
 90
        5
170
     1
 91
        0
 92
        0
 62
   257
 93
        1
300
CONTENTFORMAT
  1
CONTENTFORMAT_BEGIN
 90
        0
 91
        0
 92
      512
 93
        0
300

 40
0.0
140
1.0
 94
        5
 62
     0
340
55
144
0.18
309
CONTENTFORMAT_END
171
     1
301
MARGIN
  1
CELLMARGIN_BEGIN
 40
1.5
 40
1.5
 40
1.5
 40
1.5
 40
0.18
 40
0.18
309
CELLMARGIN_END
 94
        0
309
TABLEFORMAT_END
  1
CELLSTYLE_BEGIN
 90
        2
 91
        1
300
_HEADER
309
CELLSTYLE_END
300
CELLSTYLE
  1
TABLEFORMAT_BEGIN
 90
        5
170
     1
 91
        0
 92
        0
 62
   257
 93
        1
300
CONTENTFORMAT
  1
CONTENTFORMAT_BEGIN
 90
        0
 91
        0
 92
      512
 93
        0
300

 40
0.0
140
1.0
 94
        2
 62
     0
340
55
144
0.18
309
CONTENTFORMAT_END
171
     1
301
MARGIN
  1
CELLMARGIN_BEGIN
 40
1.5
 40
1.5
 40
1.5
 40
1.5
 40
0.18
 40
0.18
309
CELLMARGIN_END
 94
        0
309
TABLEFORMAT_END
  1
CELLSTYLE_BEGIN
 90
        3
 91
        2
300
_DATA
309
CELLSTYLE_END
  0
ENDSEC
  0
EOF
