  0
SECTION
  2
HEADER
  9
$ACADVER
  1
AC1027
  9
$ACADMAINTVER
 70
   125
  9
$DWGCODEPAGE
  3
ANSI_1252
  9
$LASTSAVEDBY
  1
kaley
  9
$REQUIREDVERSIONS
160
                 0
  9
$INSBASE
 10
0.0
 20
0.0
 30
0.0
  9
$EXTMIN
 10
0.0
 20
0.0
 30
0.0
  9
$EXTMAX
 10
420.0
 20
297.0
 30
0.0
  9
$LIMMIN
 10
0.0
 20
0.0
  9
$LIMMAX
 10
420.0
 20
297.0
  9
$ORTHOMODE
 70
     0
  9
$REGENMODE
 70
     1
  9
$FILLMODE
 70
     1
  9
$QTEXTMODE
 70
     0
  9
$MIRRTEXT
 70
     0
  9
$LTSCALE
 40
0.75
  9
$ATTMODE
 70
     1
  9
$TEXTSIZE
 40
3.5
  9
$TRACEWID
 40
1.0
  9
$TEXTSTYLE
  7
Standard
  9
$CLAYER
  8
0
  9
$CELTYPE
  6
ByLayer
  9
$CECOLOR
 62
   256
  9
$CELTSCALE
 40
1.0
  9
$DISPSILH
 70
     0
  9
$DIMSCALE
 40
1.0
  9
$DIMASZ
 40
3.5
  9
$DIMEXO
 40
2.1
  9
$DIMDLI
 40
10.5
  9
$DIMRND
 40
0.0
  9
$DIMDLE
 40
0.0
  9
$DIMEXE
 40
2.1
  9
$DIMTP
 40
0.1
  9
$DIMTM
 40
0.1
  9
$DIMTXT
 40
3.5
  9
$DIMCEN
 40
0.0
  9
$DIMTSZ
 40
0.0
  9
$DIMTOL
 70
     0
  9
$DIMLIM
 70
     0
  9
$DIMTIH
 70
     0
  9
$DIMTOH
 70
     0
  9
$DIMSE1
 70
     0
  9
$DIMSE2
 70
     0
  9
$DIMTAD
 70
     1
  9
$DIMZIN
 70
    12
  9
$DIMBLK
  1

  9
$DIMASO
 70
     1
  9
$DIMSHO
 70
     1
  9
$DIMPOST
  1

  9
$DIMAPOST
  1

  9
$DIMALT
 70
     0
  9
$DIMALTD
 70
     2
  9
$DIMALTF
 40
0.03937
  9
$DIMLFAC
 40
1.0
  9
$DIMTOFL
 70
     1
  9
$DIMTVP
 40
0.0
  9
$DIMTIX
 70
     0
  9
$DIMSOXD
 70
     0
  9
$DIMSAH
 70
     0
  9
$DIMBLK1
  1

  9
$DIMBLK2
  1

  9
$DIMSTYLE
  2
Dim-ISO-25
  9
$DIMCLRD
 70
     0
  9
$DIMCLRE
 70
     0
  9
$DIMCLRT
 70
     0
  9
$DIMTFAC
 40
0.714286
  9
$DIMGAP
 40
1.4
  9
$DIMJUST
 70
     0
  9
$DIMSD1
 70
     0
  9
$DIMSD2
 70
     0
  9
$DIMTOLJ
 70
     0
  9
$DIMTZIN
 70
    12
  9
$DIMALTZ
 70
    12
  9
$DIMALTTZ
 70
    12
  9
$DIMUPT
 70
     0
  9
$DIMDEC
 70
     2
  9
$DIMTDEC
 70
     2
  9
$DIMALTU
 70
     2
  9
$DIMALTTD
 70
     2
  9
$DIMTXSTY
  7
Standard
  9
$DIMAUNIT
 70
     0
  9
$DIMADEC
 70
     2
  9
$DIMALTRND
 40
0.0
  9
$DIMAZIN
 70
     3
  9
$DIMDSEP
 70
    46
  9
$DIMATFIT
 70
     3
  9
$DIMFRAC
 70
     0
  9
$DIMLDRBLK
  1

  9
$DIMLUNIT
 70
     2
  9
$DIMLWD
 70
    -2
  9
$DIMLWE
 70
    -2
  9
$DIMTMOVE
 70
     0
  9
$DIMFXL
 40
1.0
  9
$DIMFXLON
 70
     0
  9
$DIMJOGANG
 40
0.785398
  9
$DIMTFILL
 70
     0
  9
$DIMTFILLCLR
 70
     0
  9
$DIMARCSYM
 70
     0
  9
$DIMLTYPE
  6

  9
$DIMLTEX1
  6

  9
$DIMLTEX2
  6

  9
$DIMTXTDIRECTION
 70
     0
  9
$LUNITS
 70
     2
  9
$LUPREC
 70
     4
  9
$SKETCHINC
 40
1.0
  9
$FILLETRAD
 40
0.0
  9
$AUNITS
 70
     0
  9
$AUPREC
 70
     0
  9
$MENU
  1
.
  9
$ELEVATION
 40
0.0
  9
$PELEVATION
 40
0.0
  9
$THICKNESS
 40
0.0
  9
$LIMCHECK
 70
     0
  9
$CHAMFERA
 40
0.0
  9
$CHAMFERB
 40
0.0
  9
$CHAMFERC
 40
0.0
  9
$CHAMFERD
 40
0.0
  9
$SKPOLY
 70
     0
  9
$TDCREATE
 40
2461158.773506944
  9
$TDUCREATE
 40
2461158.690173611
  9
$TDUPDATE
 40
2461158.773506944
  9
$TDUUPDATE
 40
2461158.690173611
  9
$TDINDWG
 40
0.0000115741
  9
$TDUSRTIMER
 40
0.0000115741
  9
$USRTIMER
 70
     1
  9
$ANGBASE
 50
0.0
  9
$ANGDIR
 70
     0
  9
$PDMODE
 70
     0
  9
$PDSIZE
 40
0.0
  9
$PLINEWID
 40
0.0
  9
$SPLFRAME
 70
     0
  9
$SPLINETYPE
 70
     6
  9
$SPLINESEGS
 70
     8
  9
$HANDSEED
  5
874
  9
$SURFTAB1
 70
     6
  9
$SURFTAB2
 70
     6
  9
$SURFTYPE
 70
     6
  9
$SURFU
 70
     6
  9
$SURFV
 70
     6
  9
$UCSBASE
  2

  9
$UCSNAME
  2

  9
$UCSORG
 10
0.0
 20
0.0
 30
0.0
  9
$UCSXDIR
 10
1.0
 20
0.0
 30
0.0
  9
$UCSYDIR
 10
0.0
 20
1.0
 30
0.0
  9
$UCSORTHOREF
  2

  9
$UCSORTHOVIEW
 70
     0
  9
$UCSORGTOP
 10
0.0
 20
0.0
 30
0.0
  9
$UCSORGBOTTOM
 10
0.0
 20
0.0
 30
0.0
  9
$UCSORGLEFT
 10
0.0
 20
0.0
 30
0.0
  9
$UCSORGRIGHT
 10
0.0
 20
0.0
 30
0.0
  9
$UCSORGFRONT
 10
0.0
 20
0.0
 30
0.0
  9
$UCSORGBACK
 10
0.0
 20
0.0
 30
0.0
  9
$PUCSBASE
  2

  9
$PUCSNAME
  2

  9
$PUCSORG
 10
0.0
 20
0.0
 30
0.0
  9
$PUCSXDIR
 10
1.0
 20
0.0
 30
0.0
  9
$PUCSYDIR
 10
0.0
 20
1.0
 30
0.0
  9
$PUCSORTHOREF
  2

  9
$PUCSORTHOVIEW
 70
     0
  9
$PUCSORGTOP
 10
0.0
 20
0.0
 30
0.0
  9
$PUCSORGBOTTOM
 10
0.0
 20
0.0
 30
0.0
  9
$PUCSORGLEFT
 10
0.0
 20
0.0
 30
0.0
  9
$PUCSORGRIGHT
 10
0.0
 20
0.0
 30
0.0
  9
$PUCSORGFRONT
 10
0.0
 20
0.0
 30
0.0
  9
$PUCSORGBACK
 10
0.0
 20
0.0
 30
0.0
  9
$USERI1
 70
     0
  9
$USERI2
 70
     0
  9
$USERI3
 70
     0
  9
$USERI4
 70
     0
  9
$USERI5
 70
     0
  9
$USERR1
 40
0.0
  9
$USERR2
 40
0.0
  9
$USERR3
 40
0.0
  9
$USERR4
 40
0.0
  9
$USERR5
 40
0.0
  9
$WORLDVIEW
 70
     1
  9
$SHADEDGE
 70
     3
  9
$SHADEDIF
 70
    70
  9
$TILEMODE
 70
     1
  9
$MAXACTVP
 70
    64
  9
$PINSBASE
 10
0.0
 20
0.0
 30
0.0
  9
$PLIMCHECK
 70
     0
  9
$PEXTMIN
 10
1.000000E+20
 20
1.000000E+20
 30
1.000000E+20
  9
$PEXTMAX
 10
-1.000000E+20
 20
-1.000000E+20
 30
-1.000000E+20
  9
$PLIMMIN
 10
0.0
 20
0.0
  9
$PLIMMAX
 10
12.0
 20
9.0
  9
$UNITMODE
 70
     0
  9
$VISRETAIN
 70
     1
  9
$PLINEGEN
 70
     0
  9
$PSLTSCALE
 70
     1
  9
$TREEDEPTH
 70
  3020
  9
$CMLSTYLE
  2
Standard
  9
$CMLJUST
 70
     0
  9
$CMLSCALE
 40
20.0
  9
$PROXYGRAPHICS
 70
     1
  9
$MEASUREMENT
 70
     1
  9
$CELWEIGHT
370
    -1
  9
$ENDCAPS
280
     0
  9
$JOINSTYLE
280
     0
  9
$LWDISPLAY
290
     0
  9
$INSUNITS
 70
     4
  9
$HYPERLINKBASE
  1

  9
$STYLESHEET
  1

  9
$XEDIT
290
     1
  9
$CEPSNTYPE
380
     0
  9
$PSTYLEMODE
290
     1
  9
$FINGERPRINTGUID
  2
{D7E64F7B-CDC6-BB45-B444-058FD85E3082}
  9
$VERSIONGUID
  2
{C6D42FEB-2346-B245-AE41-49E9CE75BEBD}
  9
$EXTNAMES
290
     1
  9
$PSVPSCALE
 40
0.0
  9
$OLESTARTUP
290
     0
  9
$SORTENTS
280
   127
  9
$INDEXCTL
280
     0
  9
$HIDETEXT
280
     1
  9
$XCLIPFRAME
280
     0
  9
$HALOGAP
280
     0
  9
$OBSCOLOR
 70
   257
  9
$OBSLTYPE
280
     0
  9
$INTERSECTIONDISPLAY
280
     0
  9
$INTERSECTIONCOLOR
 70
   257
  9
$DIMASSOC
280
     2
  9
$PROJECTNAME
  1

  9
$CAMERADISPLAY
290
     0
  9
$LENSLENGTH
 40
50.0
  9
$CAMERAHEIGHT
 40
0.0
  9
$STEPSPERSEC
 40
2.0
  9
$STEPSIZE
 40
6.0
  9
$3DDWFPREC
 40
2.0
  9
$PSOLWIDTH
 40
5.0
  9
$PSOLHEIGHT
 40
80.0
  9
$LOFTANG1
 40
1.570796
  9
$LOFTANG2
 40
1.570796
  9
$LOFTMAG1
 40
0.0
  9
$LOFTMAG2
 40
0.0
  9
$LOFTPARAM
 70
     7
  9
$LOFTNORMALS
280
     1
  9
$LATITUDE
 40
37.795
  9
$LONGITUDE
 40
-122.394
  9
$NORTHDIRECTION
 40
0.0
  9
$TIMEZONE
 70
 -8000
  9
$LIGHTGLYPHDISPLAY
280
     1
  9
$TILEMODELIGHTSYNCH
280
     1
  9
$CMATERIAL
347
11
  9
$SOLIDHIST
280
     0
  9
$SHOWHIST
280
     1
  9
$DWFFRAME
280
     2
  9
$DGNFRAME
280
     0
  9
$REALWORLDSCALE
290
     1
  9
$INTERFERECOLOR
 62
     1
  9
$INTERFEREOBJVS
345
33
  9
$INTERFEREVPVS
346
30
  9
$CSHADOW
280
     0
  9
$SHADOWPLANELOCATION
 40
0.0
  0
ENDSEC
  0
SECTION
  2
CLASSES
  0
CLASS
  1
ACDBDICTIONARYWDFLT
  2
AcDbDictionaryWithDefault
  3
ObjectDBX Classes
 90
        0
 91
        1
280
     0
281
     0
  0
CLASS
  1
MATERIAL
  2
AcDbMaterial
  3
ObjectDBX Classes
 90
     1153
 91
        3
280
     0
281
     0
  0
CLASS
  1
VISUALSTYLE
  2
AcDbVisualStyle
  3
ObjectDBX Classes
 90
     4095
 91
       24
280
     0
281
     0
  0
CLASS
  1
SCALE
  2
AcDbScale
  3
ObjectDBX Classes
 90
     1153
 91
       17
280
     0
281
     0
  0
CLASS
  1
TABLESTYLE
  2
AcDbTableStyle
  3
ObjectDBX Classes
 90
     4095
 91
        1
280
     0
281
     0
  0
CLASS
  1
MLEADERSTYLE
  2
AcDbMLeaderStyle
  3
ACDB_MLEADERSTYLE_CLASS
 90
     4095
 91
        1
280
     0
281
     0
  0
CLASS
  1
ACDBSECTIONVIEWSTYLE
  2
AcDbSectionViewStyle
  3
ObjectDBX Classes
 90
     1025
 91
        1
280
     0
281
     0
  0
CLASS
  1
ACDBDETAILVIEWSTYLE
  2
AcDbDetailViewStyle
  3
ObjectDBX Classes
 90
     1025
 91
        1
280
     0
281
     0
  0
CLASS
  1
ACMESCOPE
  2
AcMeScope
  3
AcMeServices
 90
     1024
 91
        1
280
     0
281
     0
  0
CLASS
  1
ACMECOMMANDHISTORY
  2
AcMeCommandHistory
  3
AcMeServices
 90
     1024
 91
        1
280
     0
281
     0
  0
CLASS
  1
ACIMSYSVARMAN
  2
AcImSysVarManager
  3
AcMeServices
 90
     1024
 91
        1
280
     0
281
     0
  0
CLASS
  1
ACIMINTSYSVAR
  2
AcImIntSysVar
  3
AcMeServices
 90
     1024
 91
        1
280
     0
281
     0
  0
CLASS
  1
ACMESTATEMGR
  2
AcMeStateMgr
  3
AcMeServices
 90
     1024
 91
        1
280
     0
281
     0
  0
CLASS
  1
ACGREFMASTER
  2
AcGrefMaster
  3
AcAttribServices
 90
     1024
 91
        1
280
     0
281
     0
  0
CLASS
  1
SORTENTSTABLE
  2
AcDbSortentsTable
  3
ObjectDBX Classes
 90
        0
 91
        3
280
     0
281
     0
  0
CLASS
  1
DICTIONARYVAR
  2
AcDbDictionaryVar
  3
ObjectDBX Classes
 90
        0
 91
        6
280
     0
281
     0
  0
CLASS
  1
CELLSTYLEMAP
  2
AcDbCellStyleMap
  3
ObjectDBX Classes
 90
     1152
 91
        1
280
     0
281
     0
  0
ENDSEC
  0
SECTION
  2
TABLES
  0
TABLE
  2
VPORT
  5
8
330
0
100
AcDbSymbolTable
 70
     1
1001
ACAD
1000
DbSaveVer
1071
      428
  0
VPORT
  5
57
330
8
100
AcDbSymbolTableRecord
100
AcDbViewportTableRecord
  2
*Active
 70
     0
 10
0.0
 20
0.0
 11
1.0
 21
1.0
 12
210.0
 22
148.5
 13
0.0
 23
0.0
 14
10.0
 24
10.0
 15
0.0
 25
0.0
 16
0.0
 26
0.0
 36
1.0
 17
0.0
 27
0.0
 37
0.0
 40
297.0
 41
1.751026
 42
50.0
 43
0.0
 44
0.0
 50
0.0
 51
0.0
 71
     0
 72
 20000
 73
     1
 74
     0
 75
     0
 76
     0
 77
     0
 78
     0
281
     0
 65
     1
110
0.0
120
0.0
130
0.0
111
1.0
121
0.0
131
0.0
112
0.0
122
1.0
132
0.0
 79
     0
146
0.0
348
2F
 60
     3
 61
     5
292
     1
282
     1
141
0.0
142
0.0
 63
   250
421
  3355443
  0
ENDTAB
  0
TABLE
  2
LTYPE
  5
5
330
0
100
AcDbSymbolTable
 70
    16
  0
LTYPE
  5
5B
330
5
100
AcDbSymbolTableRecord
100
AcDbLinetypeTableRecord
  2
ByBlock
 70
     0
  3

 72
    65
 73
     0
 40
0.0
  0
LTYPE
  5
5C
330
5
100
AcDbSymbolTableRecord
100
AcDbLinetypeTableRecord
  2
ByLayer
 70
     0
  3

 72
    65
 73
     0
 40
0.0
  0
LTYPE
  5
5D
330
5
100
AcDbSymbolTableRecord
100
AcDbLinetypeTableRecord
  2
Continuous
 70
     0
  3
Solid line
 72
    65
 73
     0
 40
0.0
  0
LTYPE
  5
81
330
5
100
AcDbSymbolTableRecord
100
AcDbLinetypeTableRecord
  2
HIDDEN
 70
     0
  3
Hidden __ __ __ __ __ __ __ __ __ __ __ __ __ _
 72
    65
 73
     2
 40
9.525
 49
6.35
 74
     0
 49
-3.175
 74
     0
  0
LTYPE
  5
82
330
5
100
AcDbSymbolTableRecord
100
AcDbLinetypeTableRecord
  2
PHANTOM2
 70
     0
  3
Phantom (.5x) ___ _ _ ___ _ _ ___ _ _ ___ _ _
 72
    65
 73
     6
 40
31.75
 49
15.875
 74
     0
 49
-3.175
 74
     0
 49
3.175
 74
     0
 49
-3.175
 74
     0
 49
3.175
 74
     0
 49
-3.175
 74
     0
  0
LTYPE
  5
83
330
5
100
AcDbSymbolTableRecord
100
AcDbLinetypeTableRecord
  2
CENTER
 70
     0
  3
Center ____ _ ____ _ ____ _ ____ _ ____ _ ____
 72
    65
 73
     4
 40
50.8
 49
31.75
 74
     0
 49
-6.35
 74
     0
 49
6.35
 74
     0
 49
-6.35
 74
     0
  0
LTYPE
  5
9D
330
5
100
AcDbSymbolTableRecord
100
AcDbLinetypeTableRecord
  2
CENTER2
 70
     0
  3
Center (.5x) ___ _ ___ _ ___ _ ___ _ ___ _ ___
 72
    65
 73
     4
 40
28.575
 49
19.05
 74
     0
 49
-3.175
 74
     0
 49
3.175
 74
     0
 49
-3.175
 74
     0
  0
LTYPE
  5
9E
330
5
100
AcDbSymbolTableRecord
100
AcDbLinetypeTableRecord
  2
HIDDEN2
 70
     0
  3
Hidden (.5x) _ _ _ _ _ _ _ _ _ _ _ _ _ _ _ _ _
 72
    65
 73
     2
 40
4.7625
 49
3.175
 74
     0
 49
-1.5875
 74
     0
  0
LTYPE
  5
9F
330
5
100
AcDbSymbolTableRecord
100
AcDbLinetypeTableRecord
  2
AM_ISO02W050
 70
     0
  3
__ __ __ __ __ __ __ __ __ __ __ __ __ __ __
 72
    65
 73
     2
 40
7.5
 49
6.0
 74
     0
 49
-1.5
 74
     0
  0
LTYPE
  5
A0
330
5
100
AcDbSymbolTableRecord
100
AcDbLinetypeTableRecord
  2
AM_ISO08W050
 70
     0
  3
____ . ____ . ____ . ____ . ____ . ____ . ____
 72
    65
 73
     4
 40
18.0
 49
12.0
 74
     0
 49
-1.5
 74
     0
 49
3.0
 74
     0
 49
-1.5
 74
     0
  0
LTYPE
  5
A1
330
5
100
AcDbSymbolTableRecord
100
AcDbLinetypeTableRecord
  2
AM_ISO09W050
 70
     0
  3
_____ . . _____ . . _____ . . ____ .. ____
 72
    65
 73
     6
 40
22.5
 49
12.0
 74
     0
 49
-1.5
 74
     0
 49
3.0
 74
     0
 49
-1.5
 74
     0
 49
3.0
 74
     0
 49
-1.5
 74
     0
  0
LTYPE
  5
A2
330
5
100
AcDbSymbolTableRecord
100
AcDbLinetypeTableRecord
  2
Amconstr
 70
     0
  3
_______________________
 72
    65
 73
     2
 40
9999.0
 49
9999.0
 74
     0
 49
0.0
 74
     0
  0
LTYPE
  5
A3
330
5
100
AcDbSymbolTableRecord
100
AcDbLinetypeTableRecord
  2
AM_ISO08W050x2
 70
     0
  3
__ . __ . __ . __ . __ . __
 72
    65
 73
     4
 40
9.0
 49
6.0
 74
     0
 49
-0.75
 74
     0
 49
1.5
 74
     0
 49
-0.75
 74
     0
  0
LTYPE
  5
A4
330
5
100
AcDbSymbolTableRecord
100
AcDbLinetypeTableRecord
  2
AM_ISO02W050x2
 70
     0
  3
 _ _ _ _ _ _ _ _ _ _ _ _
 72
    65
 73
     2
 40
3.75
 49
3.0
 74
     0
 49
-0.75
 74
     0
  0
LTYPE
  5
A5
330
5
100
AcDbSymbolTableRecord
100
AcDbLinetypeTableRecord
  2
Amzigzag
 70
     0
  3
/\/-/\/-/\/-/\/-/\/-/\/
 72
    65
 73
     2
 40
11.0001
 49
0.0001
 74
     4
 75
   136
340
9A
 46
0.04
 50
0.0
 44
0.0
 45
0.0
 49
-11.0
 74
     0
  0
LTYPE
  5
A6
330
5
100
AcDbSymbolTableRecord
100
AcDbLinetypeTableRecord
  2
ACISOWELD
 70
     0
  3
_ _ _ _ _
 72
    65
 73
     2
 40
2.0
 49
2.0
 74
     0
 49
-1.0
 74
     0
  0
LTYPE
  5
A7
330
5
100
AcDbSymbolTableRecord
100
AcDbLinetypeTableRecord
  2
ACISOTGL
 70
     0
  3
_ _ _ _ _
 72
    65
 73
     2
 40
3.0
 49
2.0
 74
     0
 49
-1.0
 74
     0
  0
LTYPE
  5
A8
330
5
100
AcDbSymbolTableRecord
100
AcDbLinetypeTableRecord
  2
ACISOTGB
 70
     0
  3
__ . . __ . .
 72
    65
 73
     6
 40
9.0
 49
4.0
 74
     0
 49
-1.0
 74
     0
 49
1.0
 74
     0
 49
-1.0
 74
     0
 49
1.0
 74
     0
 49
-1.0
 74
     0
  0
ENDTAB
  0
TABLE
  2
LAYER
  5
2
330
0
100
AcDbSymbolTable
 70
    11
  0
LAYER
  5
54
330
2
100
AcDbSymbolTableRecord
100
AcDbLayerTableRecord
  2
0
 70
     0
 62
     7
  6
Continuous
370
    -3
390
F
347
21
348
0
1001
AcAecLayerStandard
1000

1000

  0
LAYER
  5
79
330
2
100
AcDbSymbolTableRecord
100
AcDbLayerTableRecord
  2
Defpoints
 70
     0
 62
     7
  6
Continuous
290
     0
370
    -3
390
F
347
21
348
0
1001
AcAecLayerStandard
1000

1000

  0
LAYER
  5
B4
330
2
100
AcDbSymbolTableRecord
100
AcDbLayerTableRecord
  2
Visible
 70
     0
 62
     7
  6
Continuous
370
    50
390
F
347
21
348
0
  0
LAYER
  5
105
330
2
100
AcDbSymbolTableRecord
100
AcDbLayerTableRecord
  2
Hidden
 70
     0
 62
     7
  6
HIDDEN2
370
    25
390
F
347
21
348
0
  0
LAYER
  5
149
330
2
100
AcDbSymbolTableRecord
100
AcDbLayerTableRecord
  2
BORDER
 70
     0
 62
     7
  6
Continuous
370
    25
390
F
347
21
348
0
1001
AcAecLayerStandard
1000

1000

1001
AcCmTransparency
1071
        0
  0
LAYER
  5
18F
330
2
100
AcDbSymbolTableRecord
100
AcDbLayerTableRecord
  2
TITLEBLOCK
 70
     0
 62
     7
  6
Continuous
370
    35
390
F
347
21
348
0
1001
AcAecLayerStandard
1000

1000

1001
AcCmTransparency
1071
        0
  0
LAYER
  5
1DB
330
2
100
AcDbSymbolTableRecord
100
AcDbLayerTableRecord
  2
Smart Centers
 70
     0
 62
     7
  6
CENTER2
370
    25
390
F
347
21
348
0
  0
LAYER
  5
22C
330
2
100
AcDbSymbolTableRecord
100
AcDbLayerTableRecord
  2
FD_Dimensions
 70
     0
 62
     7
  6
Continuous
370
    25
390
F
347
21
348
0
  0
ENDTAB
  0
TABLE
  2
STYLE
  5
3
330
0
100
AcDbSymbolTable
 70
     5
  0
STYLE
  5
55
330
3
100
AcDbSymbolTableRecord
100
AcDbTextStyleTableRecord
  2
Standard
 70
     0
 40
0.0
 41
1.0
 50
0.0
 71
     0
 42
3.5
  3
Arial.ttf
  4

1001
ACAD
1000
Arial
1071
       34
  0
STYLE
  5
5A
330
3
100
AcDbSymbolTableRecord
100
AcDbTextStyleTableRecord
  2
Annotative
 70
     0
 40
0.0
 41
1.0
 50
0.0
 71
     0
 42
0.2
  3
txt
  4

1001
AcadAnnotative
1000
AnnotativeData
1002
{
1070
     1
1070
     1
1002
}
  0
STYLE
  5
99
330
3
100
AcDbSymbolTableRecord
100
AcDbTextStyleTableRecord
  2
FusionTitle
 70
     0
 40
0.0
 41
1.0
 50
0.0
 71
     0
 42
2.5
  3
Arial.ttf
  4

1001
ACAD
1000
Arial
1071
       34
  0
STYLE
  5
9A
330
3
100
AcDbSymbolTableRecord
100
AcDbTextStyleTableRecord
  2

 70
     1
 40
0.0
 41
1.0
 50
0.0
 71
     0
 42
10.0
  3
genltshp.shx
  4

  0
STYLE
  5
9B
330
3
100
AcDbSymbolTableRecord
100
AcDbTextStyleTableRecord
  2
ACISOGDT
 70
     0
 40
0.0
 41
1.0
 50
0.0
 71
     0
 42
10.0
  3
amgdt.shx
  4

  0
ENDTAB
  0
TABLE
  2
VIEW
  5
6
330
0
100
AcDbSymbolTable
 70
     0
  0
ENDTAB
  0
TABLE
  2
UCS
  5
7
330
0
100
AcDbSymbolTable
 70
     0
  0
ENDTAB
  0
TABLE
  2
APPID
  5
9
330
0
100
AcDbSymbolTable
 70
    26
  0
APPID
  5
56
330
9
100
AcDbSymbolTableRecord
100
AcDbRegAppTableRecord
  2
ACAD
 70
     0
  0
APPID
  5
5E
330
9
100
AcDbSymbolTableRecord
100
AcDbRegAppTableRecord
  2
AcadAnnotative
 70
     0
  0
APPID
  5
78
330
9
100
AcDbSymbolTableRecord
100
AcDbRegAppTableRecord
  2
ACAD_PSEXT
 70
     0
  0
APPID
  5
7A
330
9
100
AcDbSymbolTableRecord
100
AcDbRegAppTableRecord
  2
MCAD_NO_VIS
 70
     0
  0
APPID
  5
7B
330
9
100
AcDbSymbolTableRecord
100
AcDbRegAppTableRecord
  2
ACAD_TEMP_GRAPHIC
 70
     0
  0
APPID
  5
84
330
9
100
AcDbSymbolTableRecord
100
AcDbRegAppTableRecord
  2
ACAD_DSTYLE_DIMJAG
 70
     0
  0
APPID
  5
85
330
9
100
AcDbSymbolTableRecord
100
AcDbRegAppTableRecord
  2
ACAD_DSTYLE_DIMTALN
 70
     0
  0
APPID
  5
86
330
9
100
AcDbSymbolTableRecord
100
AcDbRegAppTableRecord
  2
ACAD_NAV_VCDISPLAY
 70
     0
  0
APPID
  5
87
330
9
100
AcDbSymbolTableRecord
100
AcDbRegAppTableRecord
  2
AcAecLayerStandard
 70
     0
  0
APPID
  5
88
330
9
100
AcDbSymbolTableRecord
100
AcDbRegAppTableRecord
  2
AcCmTransparency
 70
     0
  0
APPID
  5
89
330
9
100
AcDbSymbolTableRecord
100
AcDbRegAppTableRecord
  2
AcDbDynamicBlockGUID
 70
     0
  0
APPID
  5
8A
330
9
100
AcDbSymbolTableRecord
100
AcDbRegAppTableRecord
  2
ACAD_DSTYLE_DIMBREAK
 70
     0
  0
APPID
  5
8B
330
9
100
AcDbSymbolTableRecord
100
AcDbRegAppTableRecord
  2
ACAD_DSTYLE_DIMRADIAL_EXTENSION
 70
     0
  0
APPID
  5
8C
330
9
100
AcDbSymbolTableRecord
100
AcDbRegAppTableRecord
  2
FUSIONTITLEBLOCK
 70
     0
  0
APPID
  5
8D
330
9
100
AcDbSymbolTableRecord
100
AcDbRegAppTableRecord
  2
FUSIONCURRENTTITLEBLOCK
 70
     0
  0
APPID
  5
8E
330
9
100
AcDbSymbolTableRecord
100
AcDbRegAppTableRecord
  2
AcSynergy
 70
     0
  0
APPID
  5
8F
330
9
100
AcDbSymbolTableRecord
100
AcDbRegAppTableRecord
  2
FUSDOC_AUTODIM_XDATA
 70
     0
  0
APPID
  5
90
330
9
100
AcDbSymbolTableRecord
100
AcDbRegAppTableRecord
  2
ACAD_DSTYLE_DIMJAG_POSITION
 70
     0
  0
APPID
  5
91
330
9
100
AcDbSymbolTableRecord
100
AcDbRegAppTableRecord
  2
ACAD_DIMASSOC_CALC_DIMLFAC
 70
     0
  0
APPID
  5
92
330
9
100
AcDbSymbolTableRecord
100
AcDbRegAppTableRecord
  2
ACAD_DIMASSOC_DIMLFAC
 70
     0
  0
APPID
  5
93
330
9
100
AcDbSymbolTableRecord
100
AcDbRegAppTableRecord
  2
ACAD_DIMASSOC_OVERRIDDEN_DIMLFAC
 70
     0
  0
APPID
  5
94
330
9
100
AcDbSymbolTableRecord
100
AcDbRegAppTableRecord
  2
AUTO_ARRANGE_XDATA
 70
     0
  0
APPID
  5
95
330
9
100
AcDbSymbolTableRecord
100
AcDbRegAppTableRecord
  2
FUSDOC_XDATA_AUTO_CREATED_LAYOUT
 70
     0
  0
APPID
  5
96
330
9
100
AcDbSymbolTableRecord
100
AcDbRegAppTableRecord
  2
FUSDOC_XDATA_AUTO_DIM_CMD_USED_IN_LAYOUT
 70
     0
  0
APPID
  5
97
330
9
100
AcDbSymbolTableRecord
100
AcDbRegAppTableRecord
  2
FUSDOC_XDATA_AUTO_TIDY_UP_CMD_USED_IN_LAYOUT
 70
     0
  0
APPID
  5
98
330
9
100
AcDbSymbolTableRecord
100
AcDbRegAppTableRecord
  2
ACATTRIBSERVICES
 70
     0
  0
ENDTAB
  0
TABLE
  2
DIMSTYLE
  5
A
330
0
100
AcDbSymbolTable
 70
     4
100
AcDbDimStyleTable
 71
     1
340
AC
  0
DIMSTYLE
105
58
330
A
100
AcDbSymbolTableRecord
100
AcDbDimStyleTableRecord
  2
Standard
 70
     0
 41
3.5
 42
2.1
 43
10.5
 44
2.1
 78
    12
 79
     3
140
3.5
143
0.03937
146
0.714286
147
1.4
179
     2
271
     2
272
     2
284
    12
340
55
  0
DIMSTYLE
105
59
330
A
100
AcDbSymbolTableRecord
100
AcDbDimStyleTableRecord
  2
Annotative
 70
     0
 40
0.0
 41
3.5
 42
2.1
 43
10.5
 44
2.1
 73
     0
 74
     0
 77
     1
 78
    12
 79
     3
140
3.5
141
2.5
143
0.03937
146
0.714286
147
1.4
171
     3
172
     1
179
     2
271
     2
272
     2
274
     3
278
    44
283
     0
284
    12
340
55
1001
AcadAnnotative
1000
AnnotativeData
1002
{
1070
     1
1070
     1
1002
}
  0
DIMSTYLE
105
AB
330
A
100
AcDbSymbolTableRecord
100
AcDbDimStyleTableRecord
  2
ISO-25
 70
     0
  4
in
 41
3.5
 42
2.1
 43
10.5
 44
2.1
 47
0.1
 48
0.1
 73
     0
 74
     0
 77
     1
 78
    12
 79
     3
140
3.5
141
0.0
143
0.03937
146
0.714286
147
1.4
171
     4
172
     1
176
   256
177
   256
178
   256
179
     2
271
     2
272
     2
274
     4
283
     0
284
    12
285
     8
340
55
1001
ACAD_DSTYLE_DIMJAG
1070
   388
1040
1.5
1001
ACAD_DSTYLE_DIMTALN
1070
   392
1070
     1
1001
ACAD_DSTYLE_DIMBREAK
1070
   391
1040
3.5
  0
DIMSTYLE
105
AC
102
{ACAD_REACTORS
330
22B
330
239
330
246
330
255
330
261
330
26E
330
27B
330
288
330
295
330
2A2
330
2AF
330
2BD
330
2CA
330
2D7
330
2E4
330
2F1
330
2FE
330
30D
330
31A
330
329
102
}
330
A
100
AcDbSymbolTableRecord
100
AcDbDimStyleTableRecord
  2
Dim-ISO-25
 70
     0
 41
3.5
 42
2.1
 43
10.5
 44
2.1
 47
0.1
 48
0.1
 73
     0
 74
     0
 77
     1
 78
    12
 79
     3
140
3.5
141
0.0
143
0.03937
146
0.714286
147
1.4
172
     1
179
     2
271
     2
272
     2
283
     0
284
    12
285
    12
286
    12
340
55
1001
ACAD_DSTYLE_DIMJAG
1070
   388
1040
1.5
1001
ACAD_DSTYLE_DIMTALN
1070
   392
1070
     1
1001
ACAD_DSTYLE_DIMBREAK
1070
   391
1040
3.5
  0
ENDTAB
  0
TABLE
  2
BLOCK_RECORD
  5
1
330
0
100
AcDbSymbolTable
 70
    54
  0
BLOCK_RECORD
  5
70
102
{ACAD_XDICTIONARY
360
AD
102
}
330
1
100
AcDbSymbolTableRecord
100
AcDbBlockTableRecord
  2
*Model_Space
340
73
 70
     0
280
     1
281
     0
  0
BLOCK_RECORD
  5
6C
330
1
100
AcDbSymbolTableRecord
100
AcDbBlockTableRecord
  2
*Paper_Space
340
6F
 70
     0
280
     1
281
     0
  0
BLOCK_RECORD
  5
74
330
1
100
AcDbSymbolTableRecord
100
AcDbBlockTableRecord
  2
*Paper_Space0
340
77
 70
     0
280
     1
281
     0
  0
BLOCK_RECORD
  5
14A
102
{ACAD_XDICTIONARY
360
14B
102
}
330
1
100
AcDbSymbolTableRecord
100
AcDbBlockTableRecord
  2
ISO_A3_SHEET
340
0
310
2800000020000000200000000100080000000000000400000000000000000000000000000000000000000000000080000080000000808000800000008000800080800000C0C0C000C0DCC000F0CAA6000020400000206000002080000020A0000020C0000020E00000400000004020000040400000406000004080000040A0
310
000040C0000040E00000600000006020000060400000606000006080000060A0000060C0000060E00000800000008020000080400000806000008080000080A0000080C0000080E00000A0000000A0200000A0400000A0600000A0800000A0A00000A0C00000A0E00000C0000000C0200000C0400000C0600000C0800000C0
310
A00000C0C00000C0E00000E0000000E0200000E0400000E0600000E0800000E0A00000E0C00000E0E00040000000400020004000400040006000400080004000A0004000C0004000E00040200000402020004020400040206000402080004020A0004020C0004020E000404000004040200040404000404060004040800040
310
40A0004040C0004040E00040600000406020004060400040606000406080004060A0004060C0004060E00040800000408020004080400040806000408080004080A0004080C0004080E00040A0000040A0200040A0400040A0600040A0800040A0A00040A0C00040A0E00040C0000040C0200040C0400040C0600040C08000
310
40C0A00040C0C00040C0E00040E0000040E0200040E0400040E0600040E0800040E0A00040E0C00040E0E00080000000800020008000400080006000800080008000A0008000C0008000E00080200000802020008020400080206000802080008020A0008020C0008020E00080400000804020008040400080406000804080
310
008040A0008040C0008040E00080600000806020008060400080606000806080008060A0008060C0008060E00080800000808020008080400080806000808080008080A0008080C0008080E00080A0000080A0200080A0400080A0600080A0800080A0A00080A0C00080A0E00080C0000080C0200080C0400080C0600080C0
310
800080C0A00080C0C00080C0E00080E0000080E0200080E0400080E0600080E0800080E0A00080E0C00080E0E000C0000000C0002000C0004000C0006000C0008000C000A000C000C000C000E000C0200000C0202000C0204000C0206000C0208000C020A000C020C000C020E000C0400000C0402000C0404000C0406000C0
310
408000C040A000C040C000C040E000C0600000C0602000C0604000C0606000C0608000C060A000C060C000C060E000C0800000C0802000C0804000C0806000C0808000C080A000C080C000C080E000C0A00000C0A02000C0A04000C0A06000C0A08000C0A0A000C0A0C000C0A0E000C0C00000C0C02000C0C04000C0C06000
310
C0C08000C0C0A000F0FBFF00A4A0A000808080000000FF0000FF000000FFFF00FF000000FF00FF00FFFF0000FFFFFF0049494949494949494949494949494949494949494949494949494949494949494949494949494949494949494949494949494949494949494949494949494949494949494949494949494949494949
310
494949494949494949494949494949494949494949494949494949494949494949494949494949494949494949494949494949494949494949494949494949494949494949494949494949494949494949494949494949494949494949494949494949494949494949494949494949494949FFFFFFFFFFFFFFFFFFFFFFFFFF
310
FFFFFFFFFFFFFFFFFFFFFFFFFFFFFFFFFF4949FF49FF494949494949494949494949FF494949494949494949494949FFFF49494949FF49494949494949494949494949494949494949494949494949FF49494949FFFF49494949494949494949494949494949494949494949494949FF4949494949FF494949494949494949
310
49494949494949494949494949494949FF4949494949FF49494949494949494949494949494949494949494949494949FF49494949FFFF49494949494949494949494949494949494949494949494949FF4949494949FF49494949494949494949494949494949494949494949494949FF4949494949FF4949494949494949
310
4949494949494949494949494949494949FF4949494949FF49494949494949494949494949494949494949494949494949FF49494949FFFF49494949494949494949494949494949494949494949494949FF4949494949FF49494949494949494949494949494949494949494949494949FF4949494949FF49494949494949
310
494949494949494949494949494949494949FF49494949FFFF49494949494949494949494949494949494949494949494949FF4949494949FF49494949494949494949494949494949494949494949494949FF4949494949FF49494949494949494949494949494949494949494949494949FF49494949FFFF494949494949
310
49494949494949494949494949494949494949FF4949494949FF49494949494949494949494949494949494949494949494949FF494949FF49FF494949494949494949494949FF494949494949494949494949FFFF4949FFFFFFFFFFFFFFFFFFFFFFFFFFFFFFFFFFFFFFFFFFFFFFFFFFFFFFFFFFFF49494949494949494949
310
49494949494949494949494949494949494949494949494949494949494949494949494949494949494949494949494949494949494949494949494949494949494949494949494949494949494949494949494949494949494949494949494949494949494949494949494949494949494949494949494949494949494949
310
4949494949494949494949494949494949494949494949494949494949494949494949494949494949494949494949494949494949494949
102
{BLKREFS
331
148
102
}
 70
     4
280
     1
281
     0
1001
AcDbDynamicBlockGUID
1000
{B4874B5E-8040-BF49-A9B6-B81412F7B0AC}
  0
BLOCK_RECORD
  5
190
102
{ACAD_XDICTIONARY
360
191
102
}
330
1
100
AcDbSymbolTableRecord
100
AcDbBlockTableRecord
  2
ISO_TITLEBLOCK
340
0
310
2800000020000000200000000100080000000000000400000000000000000000000000000000000000000000000080000080000000808000800000008000800080800000C0C0C000C0DCC000F0CAA6000020400000206000002080000020A0000020C0000020E00000400000004020000040400000406000004080000040A0
310
000040C0000040E00000600000006020000060400000606000006080000060A0000060C0000060E00000800000008020000080400000806000008080000080A0000080C0000080E00000A0000000A0200000A0400000A0600000A0800000A0A00000A0C00000A0E00000C0000000C0200000C0400000C0600000C0800000C0
310
A00000C0C00000C0E00000E0000000E0200000E0400000E0600000E0800000E0A00000E0C00000E0E00040000000400020004000400040006000400080004000A0004000C0004000E00040200000402020004020400040206000402080004020A0004020C0004020E000404000004040200040404000404060004040800040
310
40A0004040C0004040E00040600000406020004060400040606000406080004060A0004060C0004060E00040800000408020004080400040806000408080004080A0004080C0004080E00040A0000040A0200040A0400040A0600040A0800040A0A00040A0C00040A0E00040C0000040C0200040C0400040C0600040C08000
310
40C0A00040C0C00040C0E00040E0000040E0200040E0400040E0600040E0800040E0A00040E0C00040E0E00080000000800020008000400080006000800080008000A0008000C0008000E00080200000802020008020400080206000802080008020A0008020C0008020E00080400000804020008040400080406000804080
310
008040A0008040C0008040E00080600000806020008060400080606000806080008060A0008060C0008060E00080800000808020008080400080806000808080008080A0008080C0008080E00080A0000080A0200080A0400080A0600080A0800080A0A00080A0C00080A0E00080C0000080C0200080C0400080C0600080C0
310
800080C0A00080C0C00080C0E00080E0000080E0200080E0400080E0600080E0800080E0A00080E0C00080E0E000C0000000C0002000C0004000C0006000C0008000C000A000C000C000C000E000C0200000C0202000C0204000C0206000C0208000C020A000C020C000C020E000C0400000C0402000C0404000C0406000C0
310
408000C040A000C040C000C040E000C0600000C0602000C0604000C0606000C0608000C060A000C060C000C060E000C0800000C0802000C0804000C0806000C0808000C080A000C080C000C080E000C0A00000C0A02000C0A04000C0A06000C0A08000C0A0A000C0A0C000C0A0E000C0C00000C0C02000C0C04000C0C06000
310
C0C08000C0C0A000F0FBFF00A4A0A000808080000000FF0000FF000000FFFF00FF000000FF00FF00FFFF0000FFFFFF0049494949494949494949494949494949494949494949494949494949494949494949494949494949494949494949494949494949494949494949494949494949494949494949494949494949494949
310
49494949494949494949494949494949494949494949494949494949494949494949494949494949494949494949494949494949494949494949494949494949494949494949494949494949494949494949494949494949494949494949494949494949494949494949494949494949494949494949494949494949494949
310
49494949494949494949494949494949494949494949494949494949494949494949494949494949494949494949494949494949494949494949494949494949494949494949494949494949494949494949494949494949494949494949494949494949494949494949494949494949494949494949494949494949494949
310
49494949494949494949494949494949494949494949494949494949494949494949494949494949494949494949494949494949FFFFFFFFFFFFFFFFFFFFFFFFFFFFFFFFFFFFFFFFFFFFFFFFFFFFFF4949494949FF4949494949494949FFFFFFFFFF49494949FFFFFFFFFFFFFFFFFFFF49494949FF4949494949494949FFFF
310
FFFFFF494949FFFFFFFFFFFFFFFFFFFF4949494949FF4949494949494949FFFFFFFFFF494949FFFFFFFFFFFFFFFFFFFF4949494949FF4949494949494949FFFFFFFFFFFFFFFFFFFFFFFFFFFFFFFFFFFF4949494949FFFFFFFFFFFFFFFFFFFFFFFFFFFFFFFFFFFFFFFFFFFFFFFFFFFFFF4949494949FFFFFF49FFFFFFFFFFFF
310
FFFFFFFFFFFFFFFFFFFFFFFFFFFFFFFFFFFFFFFF4949FFFFFFFFFFFFFFFFFFFFFFFFFFFFFFFFFFFFFFFFFFFFFFFFFFFFFF494949494949494949494949494949494949494949494949494949494949494949494949494949494949494949494949494949494949494949494949494949494949494949494949494949494949
310
49494949494949494949494949494949494949494949494949494949494949494949494949494949494949494949494949494949494949494949494949494949494949494949494949494949494949494949494949494949494949494949494949494949494949494949494949494949494949494949494949494949494949
310
49494949494949494949494949494949494949494949494949494949494949494949494949494949494949494949494949494949494949494949494949494949494949494949494949494949494949494949494949494949494949494949494949494949494949494949494949494949494949494949494949494949494949
310
4949494949494949494949494949494949494949494949494949494949494949494949494949494949494949494949494949494949494949
102
{BLKREFS
331
18E
102
}
 70
     4
280
     1
281
     0
1001
AcDbDynamicBlockGUID
1000
{BCD52D05-323A-B54A-8A21-1B84008CF9CB}
1001
FUSIONTITLEBLOCK
1000
TitleBlock
  0
BLOCK_RECORD
  5
1DC
330
1
100
AcDbSymbolTableRecord
100
AcDbBlockTableRecord
  2
*U6
340
0
102
{BLKREFS
331
1DA
102
}
 70
     0
280
     1
281
     0
  0
BLOCK_RECORD
  5
1E6
330
1
100
AcDbSymbolTableRecord
100
AcDbBlockTableRecord
  2
*U7
340
0
102
{BLKREFS
331
1E5
102
}
 70
     0
280
     1
281
     0
  0
BLOCK_RECORD
  5
1F0
330
1
100
AcDbSymbolTableRecord
100
AcDbBlockTableRecord
  2
*U8
340
0
102
{BLKREFS
331
1EF
102
}
 70
     0
280
     1
281
     0
  0
BLOCK_RECORD
  5
1FA
330
1
100
AcDbSymbolTableRecord
100
AcDbBlockTableRecord
  2
*U9
340
0
102
{BLKREFS
331
1F9
102
}
 70
     0
280
     1
281
     0
  0
BLOCK_RECORD
  5
204
330
1
100
AcDbSymbolTableRecord
100
AcDbBlockTableRecord
  2
*U10
340
0
102
{BLKREFS
331
203
102
}
 70
     0
280
     1
281
     0
  0
BLOCK_RECORD
  5
20E
330
1
100
AcDbSymbolTableRecord
100
AcDbBlockTableRecord
  2
*U11
340
0
102
{BLKREFS
331
20D
102
}
 70
     0
280
     1
281
     0
  0
BLOCK_RECORD
  5
218
330
1
100
AcDbSymbolTableRecord
100
AcDbBlockTableRecord
  2
*U12
340
0
102
{BLKREFS
331
217
102
}
 70
     0
280
     1
281
     0
  0
BLOCK_RECORD
  5
222
330
1
100
AcDbSymbolTableRecord
100
AcDbBlockTableRecord
  2
*U13
340
0
102
{BLKREFS
331
221
102
}
 70
     0
280
     1
281
     0
  0
BLOCK_RECORD
  5
22D
330
1
100
AcDbSymbolTableRecord
100
AcDbBlockTableRecord
  2
*D14
340
0
 70
     0
280
     1
281
     0
  0
BLOCK_RECORD
  5
23A
330
1
100
AcDbSymbolTableRecord
100
AcDbBlockTableRecord
  2
*D15
340
0
 70
     0
280
     1
281
     0
  0
BLOCK_RECORD
  5
247
330
1
100
AcDbSymbolTableRecord
100
AcDbBlockTableRecord
  2
*D16
340
0
 70
     0
280
     1
281
     0
  0
BLOCK_RECORD
  5
256
330
1
100
AcDbSymbolTableRecord
100
AcDbBlockTableRecord
  2
*D17
340
0
 70
     0
280
     1
281
     0
  0
BLOCK_RECORD
  5
262
330
1
100
AcDbSymbolTableRecord
100
AcDbBlockTableRecord
  2
*D18
340
0
 70
     0
280
     1
281
     0
  0
BLOCK_RECORD
  5
26F
330
1
100
AcDbSymbolTableRecord
100
AcDbBlockTableRecord
  2
*D19
340
0
 70
     0
280
     1
281
     0
  0
BLOCK_RECORD
  5
27C
330
1
100
AcDbSymbolTableRecord
100
AcDbBlockTableRecord
  2
*D20
340
0
 70
     0
280
     1
281
     0
  0
BLOCK_RECORD
  5
289
330
1
100
AcDbSymbolTableRecord
100
AcDbBlockTableRecord
  2
*D21
340
0
 70
     0
280
     1
281
     0
  0
BLOCK_RECORD
  5
296
330
1
100
AcDbSymbolTableRecord
100
AcDbBlockTableRecord
  2
*D22
340
0
 70
     0
280
     1
281
     0
  0
BLOCK_RECORD
  5
2A3
330
1
100
AcDbSymbolTableRecord
100
AcDbBlockTableRecord
  2
*D23
340
0
 70
     0
280
     1
281
     0
  0
BLOCK_RECORD
  5
2B0
330
1
100
AcDbSymbolTableRecord
100
AcDbBlockTableRecord
  2
*D24
340
0
 70
     0
280
     1
281
     0
  0
BLOCK_RECORD
  5
2BE
330
1
100
AcDbSymbolTableRecord
100
AcDbBlockTableRecord
  2
*D25
340
0
 70
     0
280
     1
281
     0
  0
BLOCK_RECORD
  5
2CB
330
1
100
AcDbSymbolTableRecord
100
AcDbBlockTableRecord
  2
*D26
340
0
 70
     0
280
     1
281
     0
  0
BLOCK_RECORD
  5
2D8
330
1
100
AcDbSymbolTableRecord
100
AcDbBlockTableRecord
  2
*D27
340
0
 70
     0
280
     1
281
     0
  0
BLOCK_RECORD
  5
2E5
330
1
100
AcDbSymbolTableRecord
100
AcDbBlockTableRecord
  2
*D28
340
0
 70
     0
280
     1
281
     0
  0
BLOCK_RECORD
  5
2F2
330
1
100
AcDbSymbolTableRecord
100
AcDbBlockTableRecord
  2
*D29
340
0
 70
     0
280
     1
281
     0
  0
BLOCK_RECORD
  5
2FF
330
1
100
AcDbSymbolTableRecord
100
AcDbBlockTableRecord
  2
*D30
340
0
 70
     0
280
     1
281
     0
  0
BLOCK_RECORD
  5
30E
330
1
100
AcDbSymbolTableRecord
100
AcDbBlockTableRecord
  2
*D31
340
0
 70
     0
280
     1
281
     0
  0
BLOCK_RECORD
  5
31B
330
1
100
AcDbSymbolTableRecord
100
AcDbBlockTableRecord
  2
*D32
340
0
 70
     0
280
     1
281
     0
  0
BLOCK_RECORD
  5
32A
330
1
100
AcDbSymbolTableRecord
100
AcDbBlockTableRecord
  2
*D33
340
0
 70
     0
280
     1
281
     0
  0
BLOCK_RECORD
  5
339
330
1
100
AcDbSymbolTableRecord
100
AcDbBlockTableRecord
  2
*D34
340
0
 70
     0
280
     1
281
     0
  0
BLOCK_RECORD
  5
345
330
1
100
AcDbSymbolTableRecord
100
AcDbBlockTableRecord
  2
*D35
340
0
 70
     0
280
     1
281
     0
  0
BLOCK_RECORD
  5
351
330
1
100
AcDbSymbolTableRecord
100
AcDbBlockTableRecord
  2
*D36
340
0
 70
     0
280
     1
281
     0
  0
BLOCK_RECORD
  5
35F
330
1
100
AcDbSymbolTableRecord
100
AcDbBlockTableRecord
  2
*D37
340
0
 70
     0
280
     1
281
     0
  0
BLOCK_RECORD
  5
36A
330
1
100
AcDbSymbolTableRecord
100
AcDbBlockTableRecord
  2
*D38
340
0
 70
     0
280
     1
281
     0
  0
BLOCK_RECORD
  5
376
330
1
100
AcDbSymbolTableRecord
100
AcDbBlockTableRecord
  2
*D39
340
0
 70
     0
280
     1
281
     0
  0
BLOCK_RECORD
  5
382
330
1
100
AcDbSymbolTableRecord
100
AcDbBlockTableRecord
  2
*D40
340
0
 70
     0
280
     1
281
     0
  0
BLOCK_RECORD
  5
38E
330
1
100
AcDbSymbolTableRecord
100
AcDbBlockTableRecord
  2
*D41
340
0
 70
     0
280
     1
281
     0
  0
BLOCK_RECORD
  5
39A
330
1
100
AcDbSymbolTableRecord
100
AcDbBlockTableRecord
  2
*D42
340
0
 70
     0
280
     1
281
     0
  0
BLOCK_RECORD
  5
3A6
330
1
100
AcDbSymbolTableRecord
100
AcDbBlockTableRecord
  2
*D43
340
0
 70
     0
280
     1
281
     0
  0
BLOCK_RECORD
  5
3B2
330
1
100
AcDbSymbolTableRecord
100
AcDbBlockTableRecord
  2
*D44
340
0
 70
     0
280
     1
281
     0
  0
BLOCK_RECORD
  5
3BF
330
1
100
AcDbSymbolTableRecord
100
AcDbBlockTableRecord
  2
*D45
340
0
 70
     0
280
     1
281
     0
  0
BLOCK_RECORD
  5
3CB
330
1
100
AcDbSymbolTableRecord
100
AcDbBlockTableRecord
  2
*D46
340
0
 70
     0
280
     1
281
     0
  0
BLOCK_RECORD
  5
3D7
330
1
100
AcDbSymbolTableRecord
100
AcDbBlockTableRecord
  2
*D47
340
0
 70
     0
280
     1
281
     0
  0
BLOCK_RECORD
  5
3E3
330
1
100
AcDbSymbolTableRecord
100
AcDbBlockTableRecord
  2
*D48
340
0
 70
     0
280
     1
281
     0
  0
BLOCK_RECORD
  5
3EF
330
1
100
AcDbSymbolTableRecord
100
AcDbBlockTableRecord
  2
*D49
340
0
 70
     0
280
     1
281
     0
  0
BLOCK_RECORD
  5
3FB
330
1
100
AcDbSymbolTableRecord
100
AcDbBlockTableRecord
  2
*D50
340
0
 70
     0
280
     1
281
     0
  0
BLOCK_RECORD
  5
409
330
1
100
AcDbSymbolTableRecord
100
AcDbBlockTableRecord
  2
*D51
340
0
 70
     0
280
     1
281
     0
  0
BLOCK_RECORD
  5
415
330
1
100
AcDbSymbolTableRecord
100
AcDbBlockTableRecord
  2
*D52
340
0
 70
     0
280
     1
281
     0
  0
BLOCK_RECORD
  5
423
330
1
100
AcDbSymbolTableRecord
100
AcDbBlockTableRecord
  2
*D53
340
0
 70
     0
280
     1
281
     0
  0
ENDTAB
  0
ENDSEC
  0
SECTION
  2
BLOCKS
  0
BLOCK
  5
71
330
70
100
AcDbEntity
  8
0
100
AcDbBlockBegin
  2
*Model_Space
 70
     0
 10
0.0
 20
0.0
 30
0.0
  3
*Model_Space
  1

  0
ENDBLK
  5
72
330
70
100
AcDbEntity
  8
0
100
AcDbBlockEnd
  0
BLOCK
  5
6D
330
6C
100
AcDbEntity
 67
     1
  8
0
100
AcDbBlockBegin
  2
*Paper_Space
 70
     0
 10
0.0
 20
0.0
 30
0.0
  3
*Paper_Space
  1

  0
ENDBLK
  5
6E
330
6C
100
AcDbEntity
 67
     1
  8
0
100
AcDbBlockEnd
  0
BLOCK
  5
75
330
74
100
AcDbEntity
 67
     1
  8
0
100
AcDbBlockBegin
  2
*Paper_Space0
 70
     0
 10
0.0
 20
0.0
 30
0.0
  3
*Paper_Space0
  1

  0
ENDBLK
  5
76
330
74
100
AcDbEntity
 67
     1
  8
0
100
AcDbBlockEnd
  0
BLOCK
  5
14C
330
14A
100
AcDbEntity
  8
0
100
AcDbBlockBegin
  2
ISO_A3_SHEET
 70
     0
 10
0.0
 20
0.0
 30
0.0
  3
ISO_A3_SHEET
  1

  0
LINE
  5
14D
330
14A
100
AcDbEntity
  8
Defpoints
100
AcDbLine
 10
0.0
 20
0.0
 30
0.0
 11
15.0
 21
0.0
 31
0.0
  0
LINE
  5
14E
330
14A
100
AcDbEntity
  8
Defpoints
100
AcDbLine
 10
405.0
 20
0.0
 30
0.0
 11
420.0
 21
0.0
 31
0.0
  0
LINE
  5
14F
330
14A
100
AcDbEntity
  8
BORDER
100
AcDbLine
 10
20.0
 20
10.0
 30
0.0
 11
410.0
 21
10.0
 31
0.0
  0
LINE
  5
150
330
14A
100
AcDbEntity
  8
Defpoints
100
AcDbLine
 10
420.0
 20
0.0
 30
0.0
 11
420.0
 21
15.0
 31
0.0
  0
LINE
  5
151
330
14A
100
AcDbEntity
  8
Defpoints
100
AcDbLine
 10
420.0
 20
282.0
 30
0.0
 11
420.0
 21
297.0
 31
0.0
  0
LINE
  5
152
330
14A
100
AcDbEntity
  8
Defpoints
100
AcDbLine
 10
420.0
 20
297.0
 30
0.0
 11
405.0
 21
297.0
 31
0.0
  0
LINE
  5
153
330
14A
100
AcDbEntity
  8
Defpoints
100
AcDbLine
 10
15.0
 20
297.0
 30
0.0
 11
0.0
 21
297.0
 31
0.0
  0
LINE
  5
154
330
14A
100
AcDbEntity
  8
BORDER
100
AcDbLine
 10
410.0
 20
287.0
 30
0.0
 11
20.0
 21
287.0
 31
0.0
  0
LINE
  5
155
330
14A
100
AcDbEntity
  8
Defpoints
100
AcDbLine
 10
0.0
 20
297.0
 30
0.0
 11
0.0
 21
282.0
 31
0.0
  0
LINE
  5
156
330
14A
100
AcDbEntity
  8
Defpoints
100
AcDbLine
 10
0.0
 20
15.0
 30
0.0
 11
0.0
 21
0.0
 31
0.0
  0
LINE
  5
157
330
14A
100
AcDbEntity
  8
BORDER
100
AcDbLine
 10
20.0
 20
287.0
 30
0.0
 11
20.0
 21
10.0
 31
0.0
  0
LINE
  5
158
330
14A
100
AcDbEntity
  8
BORDER
100
AcDbLine
 10
410.0
 20
287.0
 30
0.0
 11
410.0
 21
10.0
 31
0.0
  0
LINE
  5
159
330
14A
100
AcDbEntity
  8
BORDER
100
AcDbLine
 10
215.0
 20
5.0
 30
0.0
 11
215.0
 21
15.0
 31
0.0
  0
LINE
  5
15A
330
14A
100
AcDbEntity
  8
BORDER
100
AcDbLine
 10
215.0
 20
292.0
 30
0.0
 11
215.0
 21
282.0
 31
0.0
  0
LINE
  5
15B
330
14A
100
AcDbEntity
  8
BORDER
100
AcDbLine
 10
265.0
 20
292.0
 30
0.0
 11
265.0
 21
287.0
 31
0.0
  0
LINE
  5
15C
330
14A
100
AcDbEntity
  8
BORDER
100
AcDbLine
 10
315.0
 20
292.0
 30
0.0
 11
315.0
 21
287.0
 31
0.0
  0
LINE
  5
15D
330
14A
100
AcDbEntity
  8
BORDER
100
AcDbLine
 10
365.0
 20
292.0
 30
0.0
 11
365.0
 21
287.0
 31
0.0
  0
LINE
  5
15E
330
14A
100
AcDbEntity
  8
BORDER
100
AcDbLine
 10
165.0
 20
292.0
 30
0.0
 11
165.0
 21
287.0
 31
0.0
  0
LINE
  5
15F
330
14A
100
AcDbEntity
  8
BORDER
100
AcDbLine
 10
115.0
 20
292.0
 30
0.0
 11
115.0
 21
287.0
 31
0.0
  0
LINE
  5
160
330
14A
100
AcDbEntity
  8
BORDER
100
AcDbLine
 10
65.0
 20
292.0
 30
0.0
 11
65.0
 21
287.0
 31
0.0
  0
LINE
  5
161
330
14A
100
AcDbEntity
  8
BORDER
100
AcDbLine
 10
15.0
 20
148.5
 30
0.0
 11
25.0
 21
148.5
 31
0.0
  0
LINE
  5
162
330
14A
100
AcDbEntity
  8
BORDER
100
AcDbLine
 10
15.0
 20
100.66667
 30
0.0
 11
20.0
 21
100.66667
 31
0.0
  0
LINE
  5
163
330
14A
100
AcDbEntity
  8
BORDER
100
AcDbLine
 10
15.0
 20
52.83334
 30
0.0
 11
20.0
 21
52.83334
 31
0.0
  0
LINE
  5
164
330
14A
100
AcDbEntity
  8
BORDER
100
AcDbLine
 10
15.0
 20
196.33333
 30
0.0
 11
20.0
 21
196.33333
 31
0.0
  0
LINE
  5
165
330
14A
100
AcDbEntity
  8
BORDER
100
AcDbLine
 10
15.0
 20
244.16666
 30
0.0
 11
20.0
 21
244.16666
 31
0.0
  0
LINE
  5
166
330
14A
100
AcDbEntity
  8
BORDER
100
AcDbLine
 10
415.0
 20
148.5
 30
0.0
 11
405.0
 21
148.5
 31
0.0
  0
LINE
  5
167
330
14A
100
AcDbEntity
  8
BORDER
100
AcDbLine
 10
265.0
 20
5.0
 30
0.0
 11
265.0
 21
10.0
 31
0.0
  0
LINE
  5
168
330
14A
100
AcDbEntity
  8
BORDER
100
AcDbLine
 10
315.0
 20
5.0
 30
0.0
 11
315.0
 21
10.0
 31
0.0
  0
LINE
  5
169
330
14A
100
AcDbEntity
  8
BORDER
100
AcDbLine
 10
365.0
 20
5.0
 30
0.0
 11
365.0
 21
10.0
 31
0.0
  0
LINE
  5
16A
330
14A
100
AcDbEntity
  8
BORDER
100
AcDbLine
 10
165.0
 20
5.0
 30
0.0
 11
165.0
 21
10.0
 31
0.0
  0
LINE
  5
16B
330
14A
100
AcDbEntity
  8
BORDER
100
AcDbLine
 10
115.0
 20
5.0
 30
0.0
 11
115.0
 21
10.0
 31
0.0
  0
LINE
  5
16C
330
14A
100
AcDbEntity
  8
BORDER
100
AcDbLine
 10
65.0
 20
5.0
 30
0.0
 11
65.0
 21
10.0
 31
0.0
  0
LINE
  5
16D
330
14A
100
AcDbEntity
  8
BORDER
100
AcDbLine
 10
415.0
 20
100.66667
 30
0.0
 11
410.0
 21
100.66667
 31
0.0
  0
LINE
  5
16E
330
14A
100
AcDbEntity
  8
BORDER
100
AcDbLine
 10
415.0
 20
52.83334
 30
0.0
 11
410.0
 21
52.83334
 31
0.0
  0
LINE
  5
16F
330
14A
100
AcDbEntity
  8
BORDER
100
AcDbLine
 10
415.0
 20
196.33333
 30
0.0
 11
410.0
 21
196.33333
 31
0.0
  0
LINE
  5
170
330
14A
100
AcDbEntity
  8
BORDER
100
AcDbLine
 10
415.0
 20
244.16666
 30
0.0
 11
410.0
 21
244.16666
 31
0.0
  0
TEXT
  5
171
330
14A
100
AcDbEntity
  8
BORDER
100
AcDbText
 10
39.02882
 20
288.244884
 30
0.0
 40
2.5
  1
1
  7
FusionTitle
 72
     4
 11
40.0
 21
289.5
 31
0.0
100
AcDbText
  0
TEXT
  5
172
330
14A
100
AcDbEntity
  8
BORDER
100
AcDbText
 10
16.335266
 20
266.83333
 30
0.0
 40
2.5
  1
A
  7
FusionTitle
 72
     4
 11
17.5
 21
268.08333
 31
0.0
100
AcDbText
  0
TEXT
  5
173
330
14A
100
AcDbEntity
  8
BORDER
100
AcDbText
 10
89.02882
 20
288.244884
 30
0.0
 40
2.5
  1
2
  7
FusionTitle
 72
     4
 11
90.0
 21
289.5
 31
0.0
100
AcDbText
  0
TEXT
  5
174
330
14A
100
AcDbEntity
  8
BORDER
100
AcDbText
 10
139.02882
 20
288.267053
 30
0.0
 40
2.5
  1
3
  7
FusionTitle
 72
     4
 11
140.0
 21
289.5
 31
0.0
100
AcDbText
  0
TEXT
  5
175
330
14A
100
AcDbEntity
  8
BORDER
100
AcDbText
 10
189.02882
 20
288.25
 30
0.0
 40
2.5
  1
4
  7
FusionTitle
 72
     4
 11
190.0
 21
289.5
 31
0.0
100
AcDbText
  0
TEXT
  5
176
330
14A
100
AcDbEntity
  8
BORDER
100
AcDbText
 10
239.02882
 20
288.28837
 30
0.0
 40
2.5
  1
5
  7
FusionTitle
 72
     4
 11
240.0
 21
289.5
 31
0.0
100
AcDbText
  0
TEXT
  5
177
330
14A
100
AcDbEntity
  8
BORDER
100
AcDbText
 10
289.02882
 20
288.266201
 30
0.0
 40
2.5
  1
6
  7
FusionTitle
 72
     4
 11
290.0
 21
289.5
 31
0.0
100
AcDbText
  0
TEXT
  5
178
330
14A
100
AcDbEntity
  8
BORDER
100
AcDbText
 10
339.02882
 20
288.266201
 30
0.0
 40
2.5
  1
7
  7
FusionTitle
 72
     4
 11
340.0
 21
289.5
 31
0.0
100
AcDbText
  0
TEXT
  5
179
330
14A
100
AcDbEntity
  8
BORDER
100
AcDbText
 10
389.02882
 20
288.266201
 30
0.0
 40
2.5
  1
8
  7
FusionTitle
 72
     4
 11
390.0
 21
289.5
 31
0.0
100
AcDbText
  0
TEXT
  5
17A
330
14A
100
AcDbEntity
  8
BORDER
100
AcDbText
 10
39.02882
 20
6.244884
 30
0.0
 40
2.5
  1
1
  7
FusionTitle
 72
     4
 11
40.0
 21
7.5
 31
0.0
100
AcDbText
  0
TEXT
  5
17B
330
14A
100
AcDbEntity
  8
BORDER
100
AcDbText
 10
89.02882
 20
6.244884
 30
0.0
 40
2.5
  1
2
  7
FusionTitle
 72
     4
 11
90.0
 21
7.5
 31
0.0
100
AcDbText
  0
TEXT
  5
17C
330
14A
100
AcDbEntity
  8
BORDER
100
AcDbText
 10
139.02882
 20
6.267053
 30
0.0
 40
2.5
  1
3
  7
FusionTitle
 72
     4
 11
140.0
 21
7.5
 31
0.0
100
AcDbText
  0
TEXT
  5
17D
330
14A
100
AcDbEntity
  8
BORDER
100
AcDbText
 10
189.02882
 20
6.25
 30
0.0
 40
2.5
  1
4
  7
FusionTitle
 72
     4
 11
190.0
 21
7.5
 31
0.0
100
AcDbText
  0
TEXT
  5
17E
330
14A
100
AcDbEntity
  8
BORDER
100
AcDbText
 10
239.02882
 20
6.28837
 30
0.0
 40
2.5
  1
5
  7
FusionTitle
 72
     4
 11
240.0
 21
7.5
 31
0.0
100
AcDbText
  0
TEXT
  5
17F
330
14A
100
AcDbEntity
  8
BORDER
100
AcDbText
 10
289.02882
 20
6.266201
 30
0.0
 40
2.5
  1
6
  7
FusionTitle
 72
     4
 11
290.0
 21
7.5
 31
0.0
100
AcDbText
  0
TEXT
  5
180
330
14A
100
AcDbEntity
  8
BORDER
100
AcDbText
 10
339.02882
 20
6.266201
 30
0.0
 40
2.5
  1
7
  7
FusionTitle
 72
     4
 11
340.0
 21
7.5
 31
0.0
100
AcDbText
  0
TEXT
  5
181
330
14A
100
AcDbEntity
  8
BORDER
100
AcDbText
 10
389.02882
 20
6.266201
 30
0.0
 40
2.5
  1
8
  7
FusionTitle
 72
     4
 11
390.0
 21
7.5
 31
0.0
100
AcDbText
  0
TEXT
  5
182
330
14A
100
AcDbEntity
  8
BORDER
100
AcDbText
 10
16.335266
 20
219.0
 30
0.0
 40
2.5
  1
B
  7
FusionTitle
 72
     4
 11
17.5
 21
220.25
 31
0.0
100
AcDbText
  0
TEXT
  5
183
330
14A
100
AcDbEntity
  8
BORDER
100
AcDbText
 10
16.238915
 20
171.16667
 30
0.0
 40
2.5
  1
C
  7
FusionTitle
 72
     4
 11
17.5
 21
172.41667
 31
0.0
100
AcDbText
  0
TEXT
  5
184
330
14A
100
AcDbEntity
  8
BORDER
100
AcDbText
 10
16.238915
 20
123.33334
 30
0.0
 40
2.5
  1
D
  7
FusionTitle
 72
     4
 11
17.5
 21
124.58334
 31
0.0
100
AcDbText
  0
TEXT
  5
185
330
14A
100
AcDbEntity
  8
BORDER
100
AcDbText
 10
16.335266
 20
75.50001
 30
0.0
 40
2.5
  1
E
  7
FusionTitle
 72
     4
 11
17.5
 21
76.75001
 31
0.0
100
AcDbText
  0
TEXT
  5
186
330
14A
100
AcDbEntity
  8
BORDER
100
AcDbText
 10
16.433322
 20
27.66668
 30
0.0
 40
2.5
  1
F
  7
FusionTitle
 72
     4
 11
17.5
 21
28.91668
 31
0.0
100
AcDbText
  0
TEXT
  5
187
330
14A
100
AcDbEntity
  8
BORDER
100
AcDbText
 10
411.335266
 20
266.83333
 30
0.0
 40
2.5
  1
A
  7
FusionTitle
 72
     4
 11
412.5
 21
268.08333
 31
0.0
100
AcDbText
  0
TEXT
  5
188
330
14A
100
AcDbEntity
  8
BORDER
100
AcDbText
 10
411.335266
 20
219.0
 30
0.0
 40
2.5
  1
B
  7
FusionTitle
 72
     4
 11
412.5
 21
220.25
 31
0.0
100
AcDbText
  0
TEXT
  5
189
330
14A
100
AcDbEntity
  8
BORDER
100
AcDbText
 10
411.238915
 20
171.16667
 30
0.0
 40
2.5
  1
C
  7
FusionTitle
 72
     4
 11
412.5
 21
172.41667
 31
0.0
100
AcDbText
  0
TEXT
  5
18A
330
14A
100
AcDbEntity
  8
BORDER
100
AcDbText
 10
411.238915
 20
123.33334
 30
0.0
 40
2.5
  1
D
  7
FusionTitle
 72
     4
 11
412.5
 21
124.58334
 31
0.0
100
AcDbText
  0
TEXT
  5
18B
330
14A
100
AcDbEntity
  8
BORDER
100
AcDbText
 10
411.335266
 20
75.50001
 30
0.0
 40
2.5
  1
E
  7
FusionTitle
 72
     4
 11
412.5
 21
76.75001
 31
0.0
100
AcDbText
  0
TEXT
  5
18C
330
14A
100
AcDbEntity
  8
BORDER
100
AcDbText
 10
411.433322
 20
27.66668
 30
0.0
 40
2.5
  1
F
  7
FusionTitle
 72
     4
 11
412.5
 21
28.91668
 31
0.0
100
AcDbText
  0
ENDBLK
  5
18D
330
14A
100
AcDbEntity
  8
0
100
AcDbBlockEnd
  0
BLOCK
  5
193
330
190
100
AcDbEntity
  8
0
100
AcDbBlockBegin
  2
ISO_TITLEBLOCK
 70
     2
 10
0.0
 20
0.0
 30
0.0
  3
ISO_TITLEBLOCK
  1

  0
LINE
  5
194
330
190
100
AcDbEntity
  8
TITLEBLOCK
100
AcDbLine
 10
-180.0
 20
0.0
 30
0.0
 11
0.0
 21
0.0
 31
0.0
  0
LINE
  5
195
330
190
100
AcDbEntity
  8
TITLEBLOCK
100
AcDbLine
 10
-61.0
 20
10.0
 30
0.0
 11
0.0
 21
10.0
 31
0.0
  0
LINE
  5
196
330
190
100
AcDbEntity
  8
TITLEBLOCK
100
AcDbLine
 10
-122.0
 20
27.0
 30
0.0
 11
0.0
 21
27.0
 31
0.0
  0
LINE
  5
197
330
190
100
AcDbEntity
  8
TITLEBLOCK
100
AcDbLine
 10
-180.0
 20
37.0
 30
0.0
 11
0.0
 21
37.0
 31
0.0
  0
LINE
  5
198
330
190
100
AcDbEntity
  8
TITLEBLOCK
100
AcDbLine
 10
0.0
 20
0.0
 30
0.0
 11
0.0
 21
47.0
 31
0.0
  0
LINE
  5
199
330
190
100
AcDbEntity
  8
TITLEBLOCK
100
AcDbLine
 10
-15.0
 20
0.0
 30
0.0
 11
-15.0
 21
10.0
 31
0.0
  0
LINE
  5
19A
330
190
100
AcDbEntity
  8
TITLEBLOCK
100
AcDbLine
 10
-51.0
 20
0.0
 30
0.0
 11
-51.0
 21
10.0
 31
0.0
  0
LINE
  5
19B
330
190
100
AcDbEntity
  8
TITLEBLOCK
100
AcDbLine
 10
-61.0
 20
0.0
 30
0.0
 11
-61.0
 21
47.0
 31
0.0
  0
LINE
  5
19C
330
190
100
AcDbEntity
  8
TITLEBLOCK
100
AcDbLine
 10
-122.0
 20
0.0
 30
0.0
 11
-122.0
 21
47.0
 31
0.0
  0
LINE
  5
19D
330
190
100
AcDbEntity
  8
TITLEBLOCK
100
AcDbLine
 10
-156.0
 20
37.0
 30
0.0
 11
-156.0
 21
47.0
 31
0.0
  0
LINE
  5
19E
330
190
100
AcDbEntity
  8
TITLEBLOCK
100
AcDbLine
 10
0.0
 20
47.0
 30
0.0
 11
-180.0
 21
47.0
 31
0.0
  0
LINE
  5
19F
330
190
100
AcDbEntity
  8
TITLEBLOCK
100
AcDbLine
 10
-180.0
 20
47.0
 30
0.0
 11
-180.0
 21
0.0
 31
0.0
  0
TEXT
  5
1A0
330
190
100
AcDbEntity
  8
TITLEBLOCK
100
AcDbText
 10
-179.0
 20
44.2
 30
0.0
 40
1.8
  1
Dept.
  7
FusionTitle
 11
-179.0
 21
46.0
 31
0.0
100
AcDbText
 73
     3
  0
TEXT
  5
1A1
330
190
100
AcDbEntity
  8
TITLEBLOCK
100
AcDbText
 10
-155.0
 20
44.2
 30
0.0
 40
1.8
  1
Technical reference
  7
FusionTitle
 11
-155.0
 21
46.0
 31
0.0
100
AcDbText
 73
     3
  0
TEXT
  5
1A2
330
190
100
AcDbEntity
  8
TITLEBLOCK
100
AcDbText
 10
-121.0
 20
44.2
 30
0.0
 40
1.8
  1
Created by
  7
FusionTitle
 11
-121.0
 21
46.0
 31
0.0
100
AcDbText
 73
     3
  0
TEXT
  5
1A3
330
190
100
AcDbEntity
  8
TITLEBLOCK
100
AcDbText
 10
-60.0
 20
44.2
 30
0.0
 40
1.8
  1
Approved by
  7
FusionTitle
 11
-60.0
 21
46.0
 31
0.0
100
AcDbText
 73
     3
  0
TEXT
  5
1A4
330
190
100
AcDbEntity
  8
TITLEBLOCK
100
AcDbText
 10
-121.0
 20
34.2
 30
0.0
 40
1.8
  1
Document type
  7
FusionTitle
 11
-121.0
 21
36.0
 31
0.0
100
AcDbText
 73
     3
  0
TEXT
  5
1A5
330
190
100
AcDbEntity
  8
TITLEBLOCK
100
AcDbText
 10
-60.0
 20
34.2
 30
0.0
 40
1.8
  1
Document status
  7
FusionTitle
 11
-60.0
 21
36.0
 31
0.0
100
AcDbText
 73
     3
  0
TEXT
  5
1A6
330
190
100
AcDbEntity
  8
TITLEBLOCK
100
AcDbText
 10
-121.0
 20
24.2
 30
0.0
 40
1.8
  1
Title
  7
FusionTitle
 11
-121.0
 21
26.0
 31
0.0
100
AcDbText
 73
     3
  0
TEXT
  5
1A7
330
190
100
AcDbEntity
  8
TITLEBLOCK
100
AcDbText
 10
-60.0
 20
24.2
 30
0.0
 40
1.8
  1
DWG No.
  7
FusionTitle
 11
-60.0
 21
26.0
 31
0.0
100
AcDbText
 73
     3
  0
TEXT
  5
1A8
330
190
100
AcDbEntity
  8
TITLEBLOCK
100
AcDbText
 10
-60.0
 20
7.2
 30
0.0
 40
1.8
  1
Rev.
  7
FusionTitle
 11
-60.0
 21
9.0
 31
0.0
100
AcDbText
 73
     3
  0
TEXT
  5
1A9
330
190
100
AcDbEntity
  8
TITLEBLOCK
100
AcDbText
 10
-50.0
 20
7.2
 30
0.0
 40
1.8
  1
Date of issue
  7
FusionTitle
 11
-50.0
 21
9.0
 31
0.0
100
AcDbText
 73
     3
  0
TEXT
  5
1AA
330
190
100
AcDbEntity
  8
TITLEBLOCK
100
AcDbText
 10
-14.0
 20
7.2
 30
0.0
 40
1.8
  1
Sheet
  7
FusionTitle
 11
-14.0
 21
9.0
 31
0.0
100
AcDbText
 73
     3
  0
ATTDEF
  5
1AB
102
{ACAD_XDICTIONARY
360
1AC
102
}
330
190
100
AcDbEntity
  8
TITLEBLOCK
100
AcDbText
 10
-50.0
 20
1.5
 30
0.0
 40
3.5
  1

  7
FusionTitle
 11
-50.0
 21
5.0
 31
0.0
100
AcDbAttributeDefinition
280
     0
  3
Date of issue
  2
DATE_OF_ISSUE
 70
     0
 74
     3
280
     1
  0
ATTDEF
  5
1AD
102
{ACAD_XDICTIONARY
360
1AE
102
}
330
190
100
AcDbEntity
  8
TITLEBLOCK
100
AcDbText
 10
-61.026774
 20
1.35
 30
0.0
 40
3.5
  1

  7
FusionTitle
 72
     1
 11
-56.0
 21
4.85
 31
0.0
100
AcDbAttributeDefinition
280
     0
  3
Revision
  2
REV
 70
     0
 74
     3
280
     1
  0
ATTDEF
  5
1AF
102
{ACAD_XDICTIONARY
360
1B0
102
}
330
190
100
AcDbEntity
  8
TITLEBLOCK
100
AcDbText
 10
-121.0
 20
1.5
 30
0.0
 40
5.0
  1

  7
FusionTitle
 11
-121.0
 21
6.5
 31
0.0
100
AcDbAttributeDefinition
280
     0
  3
3rd Title
  2
TITLE_3
 70
     0
 74
     3
280
     1
  0
ATTDEF
  5
1B1
102
{ACAD_XDICTIONARY
360
1B2
102
}
330
190
100
AcDbEntity
  8
TITLEBLOCK
100
AcDbText
 10
-60.0
 20
28.5
 30
0.0
 40
3.5
  1

  7
FusionTitle
 11
-60.0
 21
32.0
 31
0.0
100
AcDbAttributeDefinition
280
     0
  3
Document status
  2
DOCUMENT_STATUS
 70
     0
 74
     3
280
     1
  0
ATTDEF
  5
1B3
102
{ACAD_XDICTIONARY
360
1B4
102
}
330
190
100
AcDbEntity
  8
TITLEBLOCK
100
AcDbText
 10
-121.0
 20
28.5
 30
0.0
 40
3.5
  1

  7
FusionTitle
 11
-121.0
 21
32.0
 31
0.0
100
AcDbAttributeDefinition
280
     0
  3
Document type
  2
DOCUMENT_TYPE
 70
     0
 74
     3
280
     1
  0
ATTDEF
  5
1B5
102
{ACAD_XDICTIONARY
360
1B6
102
}
330
190
100
AcDbEntity
  8
TITLEBLOCK
100
AcDbText
 10
-43.923943
 20
38.5
 30
0.0
 40
3.5
  1

  7
FusionTitle
 72
     2
 11
-0.992838
 21
42.0
 31
0.0
100
AcDbAttributeDefinition
280
     0
  3
Approved date
  2
APPROVED_DATE
 70
     0
 74
     3
280
     1
  0
ATTDEF
  5
1B7
102
{ACAD_XDICTIONARY
360
1B8
102
}
330
190
100
AcDbEntity
  8
TITLEBLOCK
100
AcDbText
 10
-101.123124
 20
38.5
 30
0.0
 40
3.5
  1

  7
FusionTitle
 72
     2
 11
-62.0
 21
42.0
 31
0.0
100
AcDbAttributeDefinition
280
     0
  3
Created date
  2
CREATED_DATE
 70
     0
 74
     3
280
     1
  0
ATTDEF
  5
1B9
102
{ACAD_XDICTIONARY
360
1BA
102
}
330
190
100
AcDbEntity
  8
TITLEBLOCK
100
AcDbText
 10
-15.65075
 20
1.35
 30
0.0
 40
3.5
  1

  7
FusionTitle
 72
     1
 11
-7.5
 21
4.85
 31
0.0
100
AcDbAttributeDefinition
280
     0
  3
Sheet
  2
SHEET
 70
     0
 74
     3
280
     1
  0
ATTDEF
  5
1BB
102
{ACAD_XDICTIONARY
360
1BC
102
}
330
190
100
AcDbEntity
  8
TITLEBLOCK
100
AcDbText
 10
-121.0
 20
9.0
 30
0.0
 40
5.0
  1

  7
FusionTitle
 11
-121.0
 21
14.0
 31
0.0
100
AcDbAttributeDefinition
280
     0
  3
2nd Title
  2
TITLE_2
 70
     0
 74
     3
280
     1
  0
ATTDEF
  5
1BD
102
{ACAD_XDICTIONARY
360
1BE
102
}
330
190
100
AcDbEntity
  8
TITLEBLOCK
100
AcDbText
 10
-64.456344
 20
14.751432
 30
0.0
 40
5.0
  1

  7
FusionTitle
 72
     1
 11
-30.5
 21
19.751432
 31
0.0
100
AcDbAttributeDefinition
280
     0
  3
Drawing number
  2
DRAWING_NUMBER
 70
     0
 74
     3
280
     1
  0
ATTDEF
  5
1BF
102
{ACAD_XDICTIONARY
360
1C0
102
}
330
190
100
AcDbEntity
  8
TITLEBLOCK
100
AcDbText
 10
-121.0
 20
16.5
 30
0.0
 40
5.0
  1

  7
FusionTitle
 11
-121.0
 21
21.5
 31
0.0
100
AcDbAttributeDefinition
280
     0
  3
1st Title
  2
TITLE_1
 70
     0
 74
     3
280
     1
  0
ATTDEF
  5
1C1
102
{ACAD_XDICTIONARY
360
1C2
102
}
330
190
100
AcDbEntity
  8
TITLEBLOCK
100
AcDbText
 10
-60.0
 20
38.5
 30
0.0
 40
3.5
  1

  7
FusionTitle
 11
-60.0
 21
42.0
 31
0.0
100
AcDbAttributeDefinition
280
     0
  3
Approved by
  2
APPROVED_BY
 70
     0
 74
     3
280
     1
  0
ATTDEF
  5
1C3
102
{ACAD_XDICTIONARY
360
1C4
102
}
330
190
100
AcDbEntity
  8
TITLEBLOCK
100
AcDbText
 10
-121.0
 20
38.5
 30
0.0
 40
3.5
  1

  7
FusionTitle
 11
-121.0
 21
42.0
 31
0.0
100
AcDbAttributeDefinition
280
     0
  3
Created by
  2
CREATED_BY
 70
     0
 74
     3
280
     1
  0
ATTDEF
  5
1C5
102
{ACAD_XDICTIONARY
360
1C6
102
}
330
190
100
AcDbEntity
  8
TITLEBLOCK
100
AcDbText
 10
-155.0
 20
38.5
 30
0.0
 40
3.5
  1

  7
FusionTitle
 11
-155.0
 21
42.0
 31
0.0
100
AcDbAttributeDefinition
280
     0
  3
Technical reference
  2
TECHNICAL_REFERENCE
 70
     0
 74
     3
280
     1
  0
ATTDEF
  5
1C7
102
{ACAD_XDICTIONARY
360
1C8
102
}
330
190
100
AcDbEntity
  8
TITLEBLOCK
100
AcDbText
 10
-179.0
 20
38.5
 30
0.0
 40
3.5
  1

  7
FusionTitle
 11
-179.0
 21
42.0
 31
0.0
100
AcDbAttributeDefinition
280
     0
  3
Department
  2
DEPT
 70
     0
 74
     3
280
     1
  0
ENDBLK
  5
1C9
330
190
100
AcDbEntity
  8
0
100
AcDbBlockEnd
  0
BLOCK
  5
1DD
330
1DC
100
AcDbEntity
  8
0
100
AcDbBlockBegin
  2
*U6
 70
     1
 10
0.0
 20
0.0
 30
0.0
  3
*U6
  1

  0
LINE
  5
1DE
330
1DC
100
AcDbEntity
  8
Smart Centers
  6
Continuous
 62
     0
440
 16777216
 48
0.75
100
AcDbLine
 10
-0.892969
 20
0.0
 30
0.0
 11
0.892969
 21
0.0
 31
0.0
  0
LINE
  5
1DF
330
1DC
100
AcDbEntity
  8
Smart Centers
  6
Continuous
 62
     0
440
 16777216
 48
0.75
100
AcDbLine
 10
0.0
 20
-0.892969
 30
0.0
 11
0.0
 21
0.892969
 31
0.0
  0
LINE
  5
1E0
330
1DC
100
AcDbEntity
  8
Smart Centers
 62
     0
440
 16777216
 48
0.75
100
AcDbLine
 10
-5.9
 20
0.0
 30
0.0
 11
-2.678906
 21
0.0
 31
0.0
  0
LINE
  5
1E1
330
1DC
100
AcDbEntity
  8
Smart Centers
 62
     0
440
 16777216
 48
0.75
100
AcDbLine
 10
2.678906
 20
0.0
 30
0.0
 11
5.9
 21
0.0
 31
0.0
  0
LINE
  5
1E2
330
1DC
100
AcDbEntity
  8
Smart Centers
 62
     0
440
 16777216
 48
0.75
100
AcDbLine
 10
0.0
 20
-5.9
 30
0.0
 11
0.0
 21
-2.678906
 31
0.0
  0
LINE
  5
1E3
330
1DC
100
AcDbEntity
  8
Smart Centers
 62
     0
440
 16777216
 48
0.75
100
AcDbLine
 10
0.0
 20
2.678906
 30
0.0
 11
0.0
 21
5.9
 31
0.0
  0
ENDBLK
  5
1E4
330
1DC
100
AcDbEntity
  8
0
100
AcDbBlockEnd
  0
BLOCK
  5
1E7
330
1E6
100
AcDbEntity
  8
0
100
AcDbBlockBegin
  2
*U7
 70
     1
 10
0.0
 20
0.0
 30
0.0
  3
*U7
  1

  0
LINE
  5
1E8
330
1E6
100
AcDbEntity
  8
Smart Centers
  6
Continuous
 62
     0
440
 16777216
 48
0.75
100
AcDbLine
 10
-0.892969
 20
0.0
 30
0.0
 11
0.892969
 21
0.0
 31
0.0
  0
LINE
  5
1E9
330
1E6
100
AcDbEntity
  8
Smart Centers
  6
Continuous
 62
     0
440
 16777216
 48
0.75
100
AcDbLine
 10
0.0
 20
-0.892969
 30
0.0
 11
0.0
 21
0.892969
 31
0.0
  0
LINE
  5
1EA
330
1E6
100
AcDbEntity
  8
Smart Centers
 62
     0
440
 16777216
 48
0.75
100
AcDbLine
 10
-5.9
 20
0.0
 30
0.0
 11
-2.678906
 21
0.0
 31
0.0
  0
LINE
  5
1EB
330
1E6
100
AcDbEntity
  8
Smart Centers
 62
     0
440
 16777216
 48
0.75
100
AcDbLine
 10
2.678906
 20
0.0
 30
0.0
 11
5.9
 21
0.0
 31
0.0
  0
LINE
  5
1EC
330
1E6
100
AcDbEntity
  8
Smart Centers
 62
     0
440
 16777216
 48
0.75
100
AcDbLine
 10
0.0
 20
-5.9
 30
0.0
 11
0.0
 21
-2.678906
 31
0.0
  0
LINE
  5
1ED
330
1E6
100
AcDbEntity
  8
Smart Centers
 62
     0
440
 16777216
 48
0.75
100
AcDbLine
 10
0.0
 20
2.678906
 30
0.0
 11
0.0
 21
5.9
 31
0.0
  0
ENDBLK
  5
1EE
330
1E6
100
AcDbEntity
  8
0
100
AcDbBlockEnd
  0
BLOCK
  5
1F1
330
1F0
100
AcDbEntity
  8
0
100
AcDbBlockBegin
  2
*U8
 70
     1
 10
0.0
 20
0.0
 30
0.0
  3
*U8
  1

  0
LINE
  5
1F2
330
1F0
100
AcDbEntity
  8
Smart Centers
  6
Continuous
 62
     0
440
 16777216
 48
0.75
100
AcDbLine
 10
-0.892969
 20
0.0
 30
0.0
 11
0.892969
 21
0.0
 31
0.0
  0
LINE
  5
1F3
330
1F0
100
AcDbEntity
  8
Smart Centers
  6
Continuous
 62
     0
440
 16777216
 48
0.75
100
AcDbLine
 10
0.0
 20
-0.892969
 30
0.0
 11
0.0
 21
0.892969
 31
0.0
  0
LINE
  5
1F4
330
1F0
100
AcDbEntity
  8
Smart Centers
 62
     0
440
 16777216
 48
0.75
100
AcDbLine
 10
-5.9
 20
0.0
 30
0.0
 11
-2.678906
 21
0.0
 31
0.0
  0
LINE
  5
1F5
330
1F0
100
AcDbEntity
  8
Smart Centers
 62
     0
440
 16777216
 48
0.75
100
AcDbLine
 10
2.678906
 20
0.0
 30
0.0
 11
5.9
 21
0.0
 31
0.0
  0
LINE
  5
1F6
330
1F0
100
AcDbEntity
  8
Smart Centers
 62
     0
440
 16777216
 48
0.75
100
AcDbLine
 10
0.0
 20
-5.9
 30
0.0
 11
0.0
 21
-2.678906
 31
0.0
  0
LINE
  5
1F7
330
1F0
100
AcDbEntity
  8
Smart Centers
 62
     0
440
 16777216
 48
0.75
100
AcDbLine
 10
0.0
 20
2.678906
 30
0.0
 11
0.0
 21
5.9
 31
0.0
  0
ENDBLK
  5
1F8
330
1F0
100
AcDbEntity
  8
0
100
AcDbBlockEnd
  0
BLOCK
  5
1FB
330
1FA
100
AcDbEntity
  8
0
100
AcDbBlockBegin
  2
*U9
 70
     1
 10
0.0
 20
0.0
 30
0.0
  3
*U9
  1

  0
LINE
  5
1FC
330
1FA
100
AcDbEntity
  8
Smart Centers
  6
Continuous
 62
     0
440
 16777216
 48
0.75
100
AcDbLine
 10
-0.892969
 20
0.0
 30
0.0
 11
0.892969
 21
0.0
 31
0.0
  0
LINE
  5
1FD
330
1FA
100
AcDbEntity
  8
Smart Centers
  6
Continuous
 62
     0
440
 16777216
 48
0.75
100
AcDbLine
 10
0.0
 20
-0.892969
 30
0.0
 11
0.0
 21
0.892969
 31
0.0
  0
LINE
  5
1FE
330
1FA
100
AcDbEntity
  8
Smart Centers
 62
     0
440
 16777216
 48
0.75
100
AcDbLine
 10
-5.9
 20
0.0
 30
0.0
 11
-2.678906
 21
0.0
 31
0.0
  0
LINE
  5
1FF
330
1FA
100
AcDbEntity
  8
Smart Centers
 62
     0
440
 16777216
 48
0.75
100
AcDbLine
 10
2.678906
 20
0.0
 30
0.0
 11
5.9
 21
0.0
 31
0.0
  0
LINE
  5
200
330
1FA
100
AcDbEntity
  8
Smart Centers
 62
     0
440
 16777216
 48
0.75
100
AcDbLine
 10
0.0
 20
-5.9
 30
0.0
 11
0.0
 21
-2.678906
 31
0.0
  0
LINE
  5
201
330
1FA
100
AcDbEntity
  8
Smart Centers
 62
     0
440
 16777216
 48
0.75
100
AcDbLine
 10
0.0
 20
2.678906
 30
0.0
 11
0.0
 21
5.9
 31
0.0
  0
ENDBLK
  5
202
330
1FA
100
AcDbEntity
  8
0
100
AcDbBlockEnd
  0
BLOCK
  5
205
330
204
100
AcDbEntity
  8
0
100
AcDbBlockBegin
  2
*U10
 70
     1
 10
0.0
 20
0.0
 30
0.0
  3
*U10
  1

  0
LINE
  5
206
330
204
100
AcDbEntity
  8
Smart Centers
  6
Continuous
 62
     0
440
 16777216
 48
0.75
100
AcDbLine
 10
-0.892969
 20
0.0
 30
0.0
 11
0.892969
 21
0.0
 31
0.0
  0
LINE
  5
207
330
204
100
AcDbEntity
  8
Smart Centers
  6
Continuous
 62
     0
440
 16777216
 48
0.75
100
AcDbLine
 10
0.0
 20
-0.892969
 30
0.0
 11
0.0
 21
0.892969
 31
0.0
  0
LINE
  5
208
330
204
100
AcDbEntity
  8
Smart Centers
 62
     0
440
 16777216
 48
0.75
100
AcDbLine
 10
-5.9
 20
0.0
 30
0.0
 11
-2.678906
 21
0.0
 31
0.0
  0
LINE
  5
209
330
204
100
AcDbEntity
  8
Smart Centers
 62
     0
440
 16777216
 48
0.75
100
AcDbLine
 10
2.678906
 20
0.0
 30
0.0
 11
5.9
 21
0.0
 31
0.0
  0
LINE
  5
20A
330
204
100
AcDbEntity
  8
Smart Centers
 62
     0
440
 16777216
 48
0.75
100
AcDbLine
 10
0.0
 20
-5.9
 30
0.0
 11
0.0
 21
-2.678906
 31
0.0
  0
LINE
  5
20B
330
204
100
AcDbEntity
  8
Smart Centers
 62
     0
440
 16777216
 48
0.75
100
AcDbLine
 10
0.0
 20
2.678906
 30
0.0
 11
0.0
 21
5.9
 31
0.0
  0
ENDBLK
  5
20C
330
204
100
AcDbEntity
  8
0
100
AcDbBlockEnd
  0
BLOCK
  5
20F
330
20E
100
AcDbEntity
  8
0
100
AcDbBlockBegin
  2
*U11
 70
     1
 10
0.0
 20
0.0
 30
0.0
  3
*U11
  1

  0
LINE
  5
210
330
20E
100
AcDbEntity
  8
Smart Centers
  6
Continuous
 62
     0
440
 16777216
 48
0.75
100
AcDbLine
 10
-0.892969
 20
0.0
 30
0.0
 11
0.892969
 21
0.0
 31
0.0
  0
LINE
  5
211
330
20E
100
AcDbEntity
  8
Smart Centers
  6
Continuous
 62
     0
440
 16777216
 48
0.75
100
AcDbLine
 10
0.0
 20
-0.892969
 30
0.0
 11
0.0
 21
0.892969
 31
0.0
  0
LINE
  5
212
330
20E
100
AcDbEntity
  8
Smart Centers
 62
     0
440
 16777216
 48
0.75
100
AcDbLine
 10
-5.9
 20
0.0
 30
0.0
 11
-2.678906
 21
0.0
 31
0.0
  0
LINE
  5
213
330
20E
100
AcDbEntity
  8
Smart Centers
 62
     0
440
 16777216
 48
0.75
100
AcDbLine
 10
2.678906
 20
0.0
 30
0.0
 11
5.9
 21
0.0
 31
0.0
  0
LINE
  5
214
330
20E
100
AcDbEntity
  8
Smart Centers
 62
     0
440
 16777216
 48
0.75
100
AcDbLine
 10
0.0
 20
-5.9
 30
0.0
 11
0.0
 21
-2.678906
 31
0.0
  0
LINE
  5
215
330
20E
100
AcDbEntity
  8
Smart Centers
 62
     0
440
 16777216
 48
0.75
100
AcDbLine
 10
0.0
 20
2.678906
 30
0.0
 11
0.0
 21
5.9
 31
0.0
  0
ENDBLK
  5
216
330
20E
100
AcDbEntity
  8
0
100
AcDbBlockEnd
  0
BLOCK
  5
219
330
218
100
AcDbEntity
  8
0
100
AcDbBlockBegin
  2
*U12
 70
     1
 10
0.0
 20
0.0
 30
0.0
  3
*U12
  1

  0
LINE
  5
21A
330
218
100
AcDbEntity
  8
Smart Centers
  6
Continuous
 62
     0
440
 16777216
 48
0.75
100
AcDbLine
 10
-0.892969
 20
0.0
 30
0.0
 11
0.892969
 21
0.0
 31
0.0
  0
LINE
  5
21B
330
218
100
AcDbEntity
  8
Smart Centers
  6
Continuous
 62
     0
440
 16777216
 48
0.75
100
AcDbLine
 10
0.0
 20
-0.892969
 30
0.0
 11
0.0
 21
0.892969
 31
0.0
  0
LINE
  5
21C
330
218
100
AcDbEntity
  8
Smart Centers
 62
     0
440
 16777216
 48
0.75
100
AcDbLine
 10
-5.9
 20
0.0
 30
0.0
 11
-2.678906
 21
0.0
 31
0.0
  0
LINE
  5
21D
330
218
100
AcDbEntity
  8
Smart Centers
 62
     0
440
 16777216
 48
0.75
100
AcDbLine
 10
2.678906
 20
0.0
 30
0.0
 11
5.9
 21
0.0
 31
0.0
  0
LINE
  5
21E
330
218
100
AcDbEntity
  8
Smart Centers
 62
     0
440
 16777216
 48
0.75
100
AcDbLine
 10
0.0
 20
-5.9
 30
0.0
 11
0.0
 21
-2.678906
 31
0.0
  0
LINE
  5
21F
330
218
100
AcDbEntity
  8
Smart Centers
 62
     0
440
 16777216
 48
0.75
100
AcDbLine
 10
0.0
 20
2.678906
 30
0.0
 11
0.0
 21
5.9
 31
0.0
  0
ENDBLK
  5
220
330
218
100
AcDbEntity
  8
0
100
AcDbBlockEnd
  0
BLOCK
  5
223
330
222
100
AcDbEntity
  8
0
100
AcDbBlockBegin
  2
*U13
 70
     1
 10
0.0
 20
0.0
 30
0.0
  3
*U13
  1

  0
LINE
  5
224
330
222
100
AcDbEntity
  8
Smart Centers
  6
Continuous
 62
     0
440
 16777216
 48
0.75
100
AcDbLine
 10
-0.892969
 20
0.0
 30
0.0
 11
0.892969
 21
0.0
 31
0.0
  0
LINE
  5
225
330
222
100
AcDbEntity
  8
Smart Centers
  6
Continuous
 62
     0
440
 16777216
 48
0.75
100
AcDbLine
 10
0.0
 20
-0.892969
 30
0.0
 11
0.0
 21
0.892969
 31
0.0
  0
LINE
  5
226
330
222
100
AcDbEntity
  8
Smart Centers
 62
     0
440
 16777216
 48
0.75
100
AcDbLine
 10
-5.9
 20
0.0
 30
0.0
 11
-2.678906
 21
0.0
 31
0.0
  0
LINE
  5
227
330
222
100
AcDbEntity
  8
Smart Centers
 62
     0
440
 16777216
 48
0.75
100
AcDbLine
 10
2.678906
 20
0.0
 30
0.0
 11
5.9
 21
0.0
 31
0.0
  0
LINE
  5
228
330
222
100
AcDbEntity
  8
Smart Centers
 62
     0
440
 16777216
 48
0.75
100
AcDbLine
 10
0.0
 20
-5.9
 30
0.0
 11
0.0
 21
-2.678906
 31
0.0
  0
LINE
  5
229
330
222
100
AcDbEntity
  8
Smart Centers
 62
     0
440
 16777216
 48
0.75
100
AcDbLine
 10
0.0
 20
2.678906
 30
0.0
 11
0.0
 21
5.9
 31
0.0
  0
ENDBLK
  5
22A
330
222
100
AcDbEntity
  8
0
100
AcDbBlockEnd
  0
BLOCK
  5
22E
330
22D
100
AcDbEntity
  8
0
100
AcDbBlockBegin
  2
*D14
 70
     1
 10
0.0
 20
0.0
 30
0.0
  3
*D14
  1

  0
LINE
  5
22F
330
22D
100
AcDbEntity
  8
FD_Dimensions
 62
     0
440
 16777216
370
    -2
100
AcDbLine
 10
105.585938
 20
143.626563
 30
0.0
 11
105.585938
 21
62.415625
 31
0.0
  0
LINE
  5
230
330
22D
100
AcDbEntity
  8
FD_Dimensions
 62
     0
440
 16777216
370
    -2
100
AcDbLine
 10
345.585938
 20
143.626563
 30
0.0
 11
345.585938
 21
62.415625
 31
0.0
  0
LINE
  5
231
330
22D
100
AcDbEntity
  8
FD_Dimensions
 62
     0
440
 16777216
370
    -2
100
AcDbLine
 10
109.085938
 20
64.515625
 30
0.0
 11
342.085938
 21
64.515625
 31
0.0
  0
SOLID
  5
232
330
22D
100
AcDbEntity
  8
FD_Dimensions
 62
     0
440
 16777216
100
AcDbTrace
 10
109.085938
 20
65.098958
 30
0.0
 11
109.085938
 21
63.932292
 31
0.0
 12
105.585938
 22
64.515625
 32
0.0
 13
105.585938
 23
64.515625
 33
0.0
  0
SOLID
  5
233
330
22D
100
AcDbEntity
  8
FD_Dimensions
 62
     0
440
 16777216
100
AcDbTrace
 10
342.085938
 20
65.098958
 30
0.0
 11
342.085938
 21
63.932292
 31
0.0
 12
345.585938
 22
64.515625
 32
0.0
 13
345.585938
 23
64.515625
 33
0.0
  0
MTEXT
  5
234
330
22D
100
AcDbEntity
  8
FD_Dimensions
 62
     0
440
 16777216
100
AcDbMText
 10
225.585938
 20
67.70263
 30
0.0
 40
3.5
 41
0.0
 46
0.0
 71
     5
 72
     1
  1
120
 73
     1
 44
1.0
  0
POINT
  5
235
330
22D
100
AcDbEntity
  8
Defpoints
 62
     0
440
 16777216
100
AcDbPoint
 10
105.585938
 20
145.726563
 30
0.0
  0
POINT
  5
236
330
22D
100
AcDbEntity
  8
Defpoints
 62
     0
440
 16777216
100
AcDbPoint
 10
345.585938
 20
145.726563
 30
0.0
  0
POINT
  5
237
330
22D
100
AcDbEntity
  8
Defpoints
 62
     0
440
 16777216
100
AcDbPoint
 10
345.585938
 20
64.515625
 30
0.0
  0
ENDBLK
  5
238
330
22D
100
AcDbEntity
  8
0
100
AcDbBlockEnd
  0
BLOCK
  5
23B
330
23A
100
AcDbEntity
  8
0
100
AcDbBlockBegin
  2
*D15
 70
     1
 10
0.0
 20
0.0
 30
0.0
  3
*D15
  1

  0
LINE
  5
23C
330
23A
100
AcDbEntity
  8
FD_Dimensions
 62
     0
440
 16777216
370
    -2
100
AcDbLine
 10
115.485938
 20
133.726563
 30
0.0
 11
36.735938
 21
133.726563
 31
0.0
  0
LINE
  5
23D
330
23A
100
AcDbEntity
  8
FD_Dimensions
 62
     0
440
 16777216
370
    -2
100
AcDbLine
 10
115.485938
 20
197.726563
 30
0.0
 11
36.735938
 21
197.726563
 31
0.0
  0
LINE
  5
23E
330
23A
100
AcDbEntity
  8
FD_Dimensions
 62
     0
440
 16777216
370
    -2
100
AcDbLine
 10
38.835938
 20
137.226563
 30
0.0
 11
38.835938
 21
194.226563
 31
0.0
  0
SOLID
  5
23F
330
23A
100
AcDbEntity
  8
FD_Dimensions
 62
     0
440
 16777216
100
AcDbTrace
 10
38.252604
 20
137.226563
 30
0.0
 11
39.419271
 21
137.226563
 31
0.0
 12
38.835938
 22
133.726563
 32
0.0
 13
38.835938
 23
133.726563
 33
0.0
  0
SOLID
  5
240
330
23A
100
AcDbEntity
  8
FD_Dimensions
 62
     0
440
 16777216
100
AcDbTrace
 10
38.252604
 20
194.226563
 30
0.0
 11
39.419271
 21
194.226563
 31
0.0
 12
38.835938
 22
197.726563
 32
0.0
 13
38.835938
 23
197.726563
 33
0.0
  0
MTEXT
  5
241
330
23A
100
AcDbEntity
  8
FD_Dimensions
 62
     0
440
 16777216
100
AcDbMText
 10
35.647738
 20
165.726563
 30
0.0
 40
3.5
 41
0.0
 46
0.0
 71
     5
 72
     1
  1
32
 11
0.0
 21
1.0
 31
0.0
 73
     1
 44
1.0
  0
POINT
  5
242
330
23A
100
AcDbEntity
  8
Defpoints
 62
     0
440
 16777216
100
AcDbPoint
 10
117.585938
 20
133.726563
 30
0.0
  0
POINT
  5
243
330
23A
100
AcDbEntity
  8
Defpoints
 62
     0
440
 16777216
100
AcDbPoint
 10
117.585938
 20
197.726563
 30
0.0
  0
POINT
  5
244
330
23A
100
AcDbEntity
  8
Defpoints
 62
     0
440
 16777216
100
AcDbPoint
 10
38.835938
 20
197.726563
 30
0.0
  0
ENDBLK
  5
245
330
23A
100
AcDbEntity
  8
0
100
AcDbBlockEnd
  0
BLOCK
  5
248
330
247
100
AcDbEntity
  8
0
100
AcDbBlockBegin
  2
*D16
 70
     1
 10
0.0
 20
0.0
 30
0.0
  3
*D16
  1

  0
LINE
  5
249
330
247
100
AcDbEntity
  8
FD_Dimensions
 62
     0
440
 16777216
370
    -2
100
AcDbLine
 10
105.485938
 20
240.359375
 30
0.0
 11
93.18125
 21
240.359375
 31
0.0
  0
LINE
  5
24A
330
247
100
AcDbEntity
  8
FD_Dimensions
 62
     0
440
 16777216
370
    -2
100
AcDbLine
 10
105.485938
 20
248.359375
 30
0.0
 11
93.18125
 21
248.359375
 31
0.0
  0
LINE
  5
24B
330
247
100
AcDbEntity
  8
FD_Dimensions
 62
     0
440
 16777216
370
    -2
100
AcDbLine
 10
95.28125
 20
236.859375
 30
0.0
 11
95.28125
 21
233.359375
 31
0.0
  0
LINE
  5
24C
330
247
100
AcDbEntity
  8
FD_Dimensions
 62
     0
440
 16777216
370
    -2
100
AcDbLine
 10
95.28125
 20
251.859375
 30
0.0
 11
95.28125
 21
255.359375
 31
0.0
  0
LINE
  5
24D
330
247
100
AcDbEntity
  8
FD_Dimensions
 62
     0
440
 16777216
370
    -2
100
AcDbLine
 10
95.28125
 20
240.359375
 30
0.0
 11
95.28125
 21
248.359375
 31
0.0
  0
SOLID
  5
24E
330
247
100
AcDbEntity
  8
FD_Dimensions
 62
     0
440
 16777216
100
AcDbTrace
 10
94.697917
 20
236.859375
 30
0.0
 11
95.864583
 21
236.859375
 31
0.0
 12
95.28125
 22
240.359375
 32
0.0
 13
95.28125
 23
240.359375
 33
0.0
  0
SOLID
  5
24F
330
247
100
AcDbEntity
  8
FD_Dimensions
 62
     0
440
 16777216
100
AcDbTrace
 10
94.697917
 20
251.859375
 30
0.0
 11
95.864583
 21
251.859375
 31
0.0
 12
95.28125
 22
248.359375
 32
0.0
 13
95.28125
 23
248.359375
 33
0.0
  0
MTEXT
  5
250
330
247
100
AcDbEntity
  8
FD_Dimensions
 62
     0
440
 16777216
100
AcDbMText
 10
92.13125
 20
244.359375
 30
0.0
 40
3.5
 41
0.0
 46
0.0
 71
     5
 72
     1
  1
4
 11
0.0
 21
1.0
 31
0.0
 73
     1
 44
1.0
  0
POINT
  5
251
330
247
100
AcDbEntity
  8
Defpoints
 62
     0
440
 16777216
100
AcDbPoint
 10
107.585938
 20
240.359375
 30
0.0
  0
POINT
  5
252
330
247
100
AcDbEntity
  8
Defpoints
 62
     0
440
 16777216
100
AcDbPoint
 10
107.585938
 20
248.359375
 30
0.0
  0
POINT
  5
253
330
247
100
AcDbEntity
  8
Defpoints
 62
     0
440
 16777216
100
AcDbPoint
 10
95.28125
 20
248.359375
 30
0.0
  0
ENDBLK
  5
254
330
247
100
AcDbEntity
  8
0
100
AcDbBlockEnd
  0
BLOCK
  5
257
330
256
100
AcDbEntity
  8
0
100
AcDbBlockBegin
  2
*D17
 70
     1
 10
0.0
 20
0.0
 30
0.0
  3
*D17
  1

  0
LINE
  5
258
330
256
100
AcDbEntity
  8
FD_Dimensions
 62
     0
440
 16777216
370
    -2
100
AcDbLine
 10
359.71676
 20
162.32055
 30
0.0
 11
340.743465
 21
172.861269
 31
0.0
  0
LINE
  5
259
330
256
100
AcDbEntity
  8
FD_Dimensions
 62
     0
440
 16777216
370
    -2
100
AcDbLine
 10
330.42841
 20
178.591856
 30
0.0
 11
327.368859
 21
180.291606
 31
0.0
  0
MTEXT
  5
25A
330
256
100
AcDbEntity
  8
FD_Dimensions
 62
     0
440
 16777216
100
AcDbMText
 10
355.644989
 20
168.340425
 30
0.0
 40
3.5
 41
0.0
 46
0.0
 71
     5
 72
     1
  1
∅2.4
 11
0.874157
 21
-0.485643
 31
0.0
 73
     1
 44
1.0
  0
LINE
  5
25B
330
256
100
AcDbEntity
  8
FD_Dimensions
 62
     0
440
 16777216
370
    -2
100
AcDbLine
 10
333.48796
 20
176.892106
 30
0.0
 11
337.683915
 21
174.561019
 31
0.0
  0
SOLID
  5
25C
330
256
100
AcDbEntity
  8
FD_Dimensions
 62
     0
440
 16777216
100
AcDbTrace
 10
330.711701
 20
179.101781
 30
0.0
 11
330.145118
 21
178.081931
 31
0.0
 12
333.48796
 22
176.892106
 32
0.0
 13
333.48796
 23
176.892106
 33
0.0
  0
SOLID
  5
25D
330
256
100
AcDbEntity
  8
FD_Dimensions
 62
     0
440
 16777216
100
AcDbTrace
 10
341.026757
 20
173.371194
 30
0.0
 11
340.460174
 21
172.351344
 31
0.0
 12
337.683915
 22
174.561019
 32
0.0
 13
337.683915
 23
174.561019
 33
0.0
  0
POINT
  5
25E
330
256
100
AcDbEntity
  8
Defpoints
 62
     0
440
 16777216
100
AcDbPoint
 10
337.683915
 20
174.561019
 30
0.0
  0
POINT
  5
25F
330
256
100
AcDbEntity
  8
Defpoints
 62
     0
440
 16777216
100
AcDbPoint
 10
333.48796
 20
176.892106
 30
0.0
  0
ENDBLK
  5
260
330
256
100
AcDbEntity
  8
0
100
AcDbBlockEnd
  0
BLOCK
  5
263
330
262
100
AcDbEntity
  8
0
100
AcDbBlockBegin
  2
*D18
 70
     1
 10
0.0
 20
0.0
 30
0.0
  3
*D18
  1

  0
LINE
  5
264
330
262
100
AcDbEntity
  8
FD_Dimensions
 62
     0
440
 16777216
370
    -2
100
AcDbLine
 10
105.585938
 20
143.626563
 30
0.0
 11
105.585938
 21
72.257813
 31
0.0
  0
LINE
  5
265
330
262
100
AcDbEntity
  8
FD_Dimensions
 62
     0
440
 16777216
370
    -2
100
AcDbLine
 10
335.585938
 20
147.726563
 30
0.0
 11
335.585938
 21
72.257813
 31
0.0
  0
LINE
  5
266
330
262
100
AcDbEntity
  8
FD_Dimensions
 62
     0
440
 16777216
370
    -2
100
AcDbLine
 10
109.085938
 20
74.357813
 30
0.0
 11
332.085938
 21
74.357813
 31
0.0
  0
SOLID
  5
267
330
262
100
AcDbEntity
  8
FD_Dimensions
 62
     0
440
 16777216
100
AcDbTrace
 10
109.085938
 20
74.941146
 30
0.0
 11
109.085938
 21
73.774479
 31
0.0
 12
105.585938
 22
74.357813
 32
0.0
 13
105.585938
 23
74.357813
 33
0.0
  0
SOLID
  5
268
330
262
100
AcDbEntity
  8
FD_Dimensions
 62
     0
440
 16777216
100
AcDbTrace
 10
332.085938
 20
74.941146
 30
0.0
 11
332.085938
 21
73.774479
 31
0.0
 12
335.585938
 22
74.357813
 32
0.0
 13
335.585938
 23
74.357813
 33
0.0
  0
MTEXT
  5
269
330
262
100
AcDbEntity
  8
FD_Dimensions
 62
     0
440
 16777216
100
AcDbMText
 10
220.585938
 20
77.544818
 30
0.0
 40
3.5
 41
0.0
 46
0.0
 71
     5
 72
     1
  1
115
 73
     1
 44
1.0
  0
POINT
  5
26A
330
262
100
AcDbEntity
  8
Defpoints
 62
     0
440
 16777216
100
AcDbPoint
 10
105.585938
 20
145.726563
 30
0.0
  0
POINT
  5
26B
330
262
100
AcDbEntity
  8
Defpoints
 62
     0
440
 16777216
100
AcDbPoint
 10
335.585938
 20
149.826563
 30
0.0
  0
POINT
  5
26C
330
262
100
AcDbEntity
  8
Defpoints
 62
     0
440
 16777216
100
AcDbPoint
 10
335.585938
 20
74.357813
 30
0.0
  0
ENDBLK
  5
26D
330
262
100
AcDbEntity
  8
0
100
AcDbBlockEnd
  0
BLOCK
  5
270
330
26F
100
AcDbEntity
  8
0
100
AcDbBlockBegin
  2
*D19
 70
     1
 10
0.0
 20
0.0
 30
0.0
  3
*D19
  1

  0
LINE
  5
271
330
26F
100
AcDbEntity
  8
FD_Dimensions
 62
     0
440
 16777216
370
    -2
100
AcDbLine
 10
105.585938
 20
143.626563
 30
0.0
 11
105.585938
 21
102.071875
 31
0.0
  0
LINE
  5
272
330
26F
100
AcDbEntity
  8
FD_Dimensions
 62
     0
440
 16777216
370
    -2
100
AcDbLine
 10
241.585938
 20
140.626563
 30
0.0
 11
241.585938
 21
102.071875
 31
0.0
  0
LINE
  5
273
330
26F
100
AcDbEntity
  8
FD_Dimensions
 62
     0
440
 16777216
370
    -2
100
AcDbLine
 10
109.085938
 20
104.171875
 30
0.0
 11
238.085938
 21
104.171875
 31
0.0
  0
SOLID
  5
274
330
26F
100
AcDbEntity
  8
FD_Dimensions
 62
     0
440
 16777216
100
AcDbTrace
 10
109.085938
 20
104.755208
 30
0.0
 11
109.085938
 21
103.588542
 31
0.0
 12
105.585938
 22
104.171875
 32
0.0
 13
105.585938
 23
104.171875
 33
0.0
  0
SOLID
  5
275
330
26F
100
AcDbEntity
  8
FD_Dimensions
 62
     0
440
 16777216
100
AcDbTrace
 10
238.085938
 20
104.755208
 30
0.0
 11
238.085938
 21
103.588542
 31
0.0
 12
241.585938
 22
104.171875
 32
0.0
 13
241.585938
 23
104.171875
 33
0.0
  0
MTEXT
  5
276
330
26F
100
AcDbEntity
  8
FD_Dimensions
 62
     0
440
 16777216
100
AcDbMText
 10
173.585938
 20
107.35888
 30
0.0
 40
3.5
 41
0.0
 46
0.0
 71
     5
 72
     1
  1
68
 73
     1
 44
1.0
  0
POINT
  5
277
330
26F
100
AcDbEntity
  8
Defpoints
 62
     0
440
 16777216
100
AcDbPoint
 10
105.585938
 20
145.726563
 30
0.0
  0
POINT
  5
278
330
26F
100
AcDbEntity
  8
Defpoints
 62
     0
440
 16777216
100
AcDbPoint
 10
241.585938
 20
142.726563
 30
0.0
  0
POINT
  5
279
330
26F
100
AcDbEntity
  8
Defpoints
 62
     0
440
 16777216
100
AcDbPoint
 10
241.585938
 20
104.171875
 30
0.0
  0
ENDBLK
  5
27A
330
26F
100
AcDbEntity
  8
0
100
AcDbBlockEnd
  0
BLOCK
  5
27D
330
27C
100
AcDbEntity
  8
0
100
AcDbBlockBegin
  2
*D20
 70
     1
 10
0.0
 20
0.0
 30
0.0
  3
*D20
  1

  0
LINE
  5
27E
330
27C
100
AcDbEntity
  8
FD_Dimensions
 62
     0
440
 16777216
370
    -2
100
AcDbLine
 10
105.585938
 20
143.626563
 30
0.0
 11
105.585938
 21
111.632813
 31
0.0
  0
LINE
  5
27F
330
27C
100
AcDbEntity
  8
FD_Dimensions
 62
     0
440
 16777216
370
    -2
100
AcDbLine
 10
235.585938
 20
147.726563
 30
0.0
 11
235.585938
 21
111.632813
 31
0.0
  0
LINE
  5
280
330
27C
100
AcDbEntity
  8
FD_Dimensions
 62
     0
440
 16777216
370
    -2
100
AcDbLine
 10
109.085938
 20
113.732813
 30
0.0
 11
232.085938
 21
113.732813
 31
0.0
  0
SOLID
  5
281
330
27C
100
AcDbEntity
  8
FD_Dimensions
 62
     0
440
 16777216
100
AcDbTrace
 10
109.085938
 20
114.316146
 30
0.0
 11
109.085938
 21
113.149479
 31
0.0
 12
105.585938
 22
113.732813
 32
0.0
 13
105.585938
 23
113.732813
 33
0.0
  0
SOLID
  5
282
330
27C
100
AcDbEntity
  8
FD_Dimensions
 62
     0
440
 16777216
100
AcDbTrace
 10
232.085938
 20
114.316146
 30
0.0
 11
232.085938
 21
113.149479
 31
0.0
 12
235.585938
 22
113.732813
 32
0.0
 13
235.585938
 23
113.732813
 33
0.0
  0
MTEXT
  5
283
330
27C
100
AcDbEntity
  8
FD_Dimensions
 62
     0
440
 16777216
100
AcDbMText
 10
170.585938
 20
116.919818
 30
0.0
 40
3.5
 41
0.0
 46
0.0
 71
     5
 72
     1
  1
65
 73
     1
 44
1.0
  0
POINT
  5
284
330
27C
100
AcDbEntity
  8
Defpoints
 62
     0
440
 16777216
100
AcDbPoint
 10
105.585938
 20
145.726563
 30
0.0
  0
POINT
  5
285
330
27C
100
AcDbEntity
  8
Defpoints
 62
     0
440
 16777216
100
AcDbPoint
 10
235.585938
 20
149.826563
 30
0.0
  0
POINT
  5
286
330
27C
100
AcDbEntity
  8
Defpoints
 62
     0
440
 16777216
100
AcDbPoint
 10
235.585938
 20
113.732813
 30
0.0
  0
ENDBLK
  5
287
330
27C
100
AcDbEntity
  8
0
100
AcDbBlockEnd
  0
BLOCK
  5
28A
330
289
100
AcDbEntity
  8
0
100
AcDbBlockBegin
  2
*D21
 70
     1
 10
0.0
 20
0.0
 30
0.0
  3
*D21
  1

  0
LINE
  5
28B
330
289
100
AcDbEntity
  8
FD_Dimensions
 62
     0
440
 16777216
370
    -2
100
AcDbLine
 10
115.485938
 20
133.726563
 30
0.0
 11
80.83125
 21
133.726563
 31
0.0
  0
LINE
  5
28C
330
289
100
AcDbEntity
  8
FD_Dimensions
 62
     0
440
 16777216
370
    -2
100
AcDbLine
 10
119.385938
 20
175.726563
 30
0.0
 11
80.83125
 21
175.726563
 31
0.0
  0
LINE
  5
28D
330
289
100
AcDbEntity
  8
FD_Dimensions
 62
     0
440
 16777216
370
    -2
100
AcDbLine
 10
82.93125
 20
137.226563
 30
0.0
 11
82.93125
 21
172.226563
 31
0.0
  0
SOLID
  5
28E
330
289
100
AcDbEntity
  8
FD_Dimensions
 62
     0
440
 16777216
100
AcDbTrace
 10
82.347917
 20
137.226563
 30
0.0
 11
83.514583
 21
137.226563
 31
0.0
 12
82.93125
 22
133.726563
 32
0.0
 13
82.93125
 23
133.726563
 33
0.0
  0
SOLID
  5
28F
330
289
100
AcDbEntity
  8
FD_Dimensions
 62
     0
440
 16777216
100
AcDbTrace
 10
82.347917
 20
172.226563
 30
0.0
 11
83.514583
 21
172.226563
 31
0.0
 12
82.93125
 22
175.726563
 32
0.0
 13
82.93125
 23
175.726563
 33
0.0
  0
MTEXT
  5
290
330
289
100
AcDbEntity
  8
FD_Dimensions
 62
     0
440
 16777216
100
AcDbMText
 10
79.774088
 20
154.726563
 30
0.0
 40
3.5
 41
0.0
 46
0.0
 71
     5
 72
     1
  1
21
 11
0.0
 21
1.0
 31
0.0
 73
     1
 44
1.0
  0
POINT
  5
291
330
289
100
AcDbEntity
  8
Defpoints
 62
     0
440
 16777216
100
AcDbPoint
 10
117.585938
 20
133.726563
 30
0.0
  0
POINT
  5
292
330
289
100
AcDbEntity
  8
Defpoints
 62
     0
440
 16777216
100
AcDbPoint
 10
121.485938
 20
175.726563
 30
0.0
  0
POINT
  5
293
330
289
100
AcDbEntity
  8
Defpoints
 62
     0
440
 16777216
100
AcDbPoint
 10
82.93125
 20
175.726563
 30
0.0
  0
ENDBLK
  5
294
330
289
100
AcDbEntity
  8
0
100
AcDbBlockEnd
  0
BLOCK
  5
297
330
296
100
AcDbEntity
  8
0
100
AcDbBlockBegin
  2
*D22
 70
     1
 10
0.0
 20
0.0
 30
0.0
  3
*D22
  1

  0
LINE
  5
298
330
296
100
AcDbEntity
  8
FD_Dimensions
 62
     0
440
 16777216
370
    -2
100
AcDbLine
 10
105.585938
 20
143.626563
 30
0.0
 11
105.585938
 21
121.759375
 31
0.0
  0
LINE
  5
299
330
296
100
AcDbEntity
  8
FD_Dimensions
 62
     0
440
 16777216
370
    -2
100
AcDbLine
 10
121.585938
 20
140.626563
 30
0.0
 11
121.585938
 21
121.759375
 31
0.0
  0
LINE
  5
29A
330
296
100
AcDbEntity
  8
FD_Dimensions
 62
     0
440
 16777216
370
    -2
100
AcDbLine
 10
109.085938
 20
123.859375
 30
0.0
 11
118.085938
 21
123.859375
 31
0.0
  0
SOLID
  5
29B
330
296
100
AcDbEntity
  8
FD_Dimensions
 62
     0
440
 16777216
100
AcDbTrace
 10
109.085938
 20
124.442708
 30
0.0
 11
109.085938
 21
123.276042
 31
0.0
 12
105.585938
 22
123.859375
 32
0.0
 13
105.585938
 23
123.859375
 33
0.0
  0
SOLID
  5
29C
330
296
100
AcDbEntity
  8
FD_Dimensions
 62
     0
440
 16777216
100
AcDbTrace
 10
118.085938
 20
124.442708
 30
0.0
 11
118.085938
 21
123.276042
 31
0.0
 12
121.585938
 22
123.859375
 32
0.0
 13
121.585938
 23
123.859375
 33
0.0
  0
MTEXT
  5
29D
330
296
100
AcDbEntity
  8
FD_Dimensions
 62
     0
440
 16777216
100
AcDbMText
 10
113.585938
 20
127.04638
 30
0.0
 40
3.5
 41
0.0
 46
0.0
 71
     5
 72
     1
  1
8
 73
     1
 44
1.0
  0
POINT
  5
29E
330
296
100
AcDbEntity
  8
Defpoints
 62
     0
440
 16777216
100
AcDbPoint
 10
105.585938
 20
145.726563
 30
0.0
  0
POINT
  5
29F
330
296
100
AcDbEntity
  8
Defpoints
 62
     0
440
 16777216
100
AcDbPoint
 10
121.585938
 20
142.726563
 30
0.0
  0
POINT
  5
2A0
330
296
100
AcDbEntity
  8
Defpoints
 62
     0
440
 16777216
100
AcDbPoint
 10
121.585938
 20
123.859375
 30
0.0
  0
ENDBLK
  5
2A1
330
296
100
AcDbEntity
  8
0
100
AcDbBlockEnd
  0
BLOCK
  5
2A4
330
2A3
100
AcDbEntity
  8
0
100
AcDbBlockBegin
  2
*D23
 70
     1
 10
0.0
 20
0.0
 30
0.0
  3
*D23
  1

  0
ARC
  5
2A5
330
2A3
100
AcDbEntity
  8
FD_Dimensions
 62
     0
440
 16777216
370
    -2
100
AcDbCircle
 10
343.585938
 20
187.726563
 30
0.0
 40
9.050966799187827
100
AcDbArc
 50
157.296645
 51
247.703355
  0
SOLID
  5
2A6
330
2A3
100
AcDbEntity
  8
FD_Dimensions
 62
     0
440
 16777216
100
AcDbTrace
 10
334.751832
 20
191.544817
 30
0.0
 11
335.720728
 21
190.894931
 31
0.0
 12
337.185938
 22
194.126563
 32
0.0
 13
337.185938
 23
194.126563
 33
0.0
  0
SOLID
  5
2A7
330
2A3
100
AcDbEntity
  8
FD_Dimensions
 62
     0
440
 16777216
100
AcDbTrace
 10
340.26477
 20
179.924645
 30
0.0
 11
340.039195
 21
178.779993
 31
0.0
 12
343.585938
 22
178.675596
 32
0.0
 13
343.585938
 23
178.675596
 33
0.0
  0
MTEXT
  5
2A8
330
2A3
100
AcDbEntity
  8
FD_Dimensions
 62
     0
440
 16777216
100
AcDbMText
 10
338.169446
 20
185.482978
 30
0.0
 40
3.5
 41
0.0
 46
0.0
 71
     5
 72
     1
  1
135\U+00B0
 11
0.382683
 21
-0.92388
 31
0.0
 73
     1
 44
1.0
  0
POINT
  5
2A9
330
2A3
100
AcDbEntity
  8
Defpoints
 62
     0
440
 16777216
100
AcDbPoint
 10
334.534971
 20
187.726563
 30
0.0
  0
POINT
  5
2AA
330
2A3
100
AcDbEntity
  8
Defpoints
 62
     0
440
 16777216
100
AcDbPoint
 10
343.585938
 20
143.726563
 30
0.0
  0
POINT
  5
2AB
330
2A3
100
AcDbEntity
  8
Defpoints
 62
     0
440
 16777216
100
AcDbPoint
 10
335.585938
 20
195.726563
 30
0.0
  0
POINT
  5
2AC
330
2A3
100
AcDbEntity
  8
Defpoints
 62
     0
440
 16777216
100
AcDbPoint
 10
343.585938
 20
187.726563
 30
0.0
  0
POINT
  5
2AD
330
2A3
100
AcDbEntity
  8
Defpoints
 62
     0
440
 16777216
100
AcDbPoint
 10
343.585938
 20
187.726563
 30
0.0
  0
ENDBLK
  5
2AE
330
2A3
100
AcDbEntity
  8
0
100
AcDbBlockEnd
  0
BLOCK
  5
2B1
330
2B0
100
AcDbEntity
  8
0
100
AcDbBlockBegin
  2
*D24
 70
     1
 10
0.0
 20
0.0
 30
0.0
  3
*D24
  1

  0
LINE
  5
2B2
330
2B0
100
AcDbEntity
  8
FD_Dimensions
 62
     0
440
 16777216
370
    -2
100
AcDbLine
 10
204.101013
 20
141.241638
 30
0.0
 11
193.251771
 21
130.392396
 31
0.0
  0
ARC
  5
2B3
330
2B0
100
AcDbEntity
  8
FD_Dimensions
 62
     0
440
 16777216
370
    -2
100
AcDbCircle
 10
209.585938
 20
146.726563
 30
0.0
 40
21.0
100
AcDbArc
 50
99.560384
 51
215.439616
  0
SOLID
  5
2B4
330
2B0
100
AcDbEntity
  8
FD_Dimensions
 62
     0
440
 16777216
100
AcDbTrace
 10
206.0495
 20
168.0162
 30
0.0
 11
206.146723
 21
166.853591
 31
0.0
 12
209.585938
 22
167.726563
 32
0.0
 13
209.585938
 23
167.726563
 33
0.0
  0
SOLID
  5
2B5
330
2B0
100
AcDbEntity
  8
FD_Dimensions
 62
     0
440
 16777216
100
AcDbTrace
 10
192.922087
 20
134.926496
 30
0.0
 11
192.031252
 21
134.173154
 31
0.0
 12
194.736695
 22
131.87732
 32
0.0
 13
194.736695
 23
131.87732
 33
0.0
  0
MTEXT
  5
2B6
330
2B0
100
AcDbEntity
  8
FD_Dimensions
 62
     0
440
 16777216
100
AcDbMText
 10
187.238955
 20
155.982986
 30
0.0
 40
3.5
 41
0.0
 46
0.0
 71
     5
 72
     1
  1
135\U+00B0
 11
0.382683
 21
0.92388
 31
0.0
 73
     1
 44
1.0
  0
POINT
  5
2B7
330
2B0
100
AcDbEntity
  8
Defpoints
 62
     0
440
 16777216
100
AcDbPoint
 10
194.736695
 20
161.575805
 30
0.0
  0
POINT
  5
2B8
330
2B0
100
AcDbEntity
  8
Defpoints
 62
     0
440
 16777216
100
AcDbPoint
 10
209.585938
 20
188.726563
 30
0.0
  0
POINT
  5
2B9
330
2B0
100
AcDbEntity
  8
Defpoints
 62
     0
440
 16777216
100
AcDbPoint
 10
205.585938
 20
142.726563
 30
0.0
  0
POINT
  5
2BA
330
2B0
100
AcDbEntity
  8
Defpoints
 62
     0
440
 16777216
100
AcDbPoint
 10
209.585938
 20
146.726563
 30
0.0
  0
POINT
  5
2BB
330
2B0
100
AcDbEntity
  8
Defpoints
 62
     0
440
 16777216
100
AcDbPoint
 10
209.585938
 20
146.726563
 30
0.0
  0
ENDBLK
  5
2BC
330
2B0
100
AcDbEntity
  8
0
100
AcDbBlockEnd
  0
BLOCK
  5
2BF
330
2BE
100
AcDbEntity
  8
0
100
AcDbBlockBegin
  2
*D25
 70
     1
 10
0.0
 20
0.0
 30
0.0
  3
*D25
  1

  0
LINE
  5
2C0
330
2BE
100
AcDbEntity
  8
FD_Dimensions
 62
     0
440
 16777216
370
    -2
100
AcDbLine
 10
115.585938
 20
147.726563
 30
0.0
 11
115.585938
 21
82.101563
 31
0.0
  0
LINE
  5
2C1
330
2BE
100
AcDbEntity
  8
FD_Dimensions
 62
     0
440
 16777216
370
    -2
100
AcDbLine
 10
335.585938
 20
147.726563
 30
0.0
 11
335.585938
 21
82.101563
 31
0.0
  0
LINE
  5
2C2
330
2BE
100
AcDbEntity
  8
FD_Dimensions
 62
     0
440
 16777216
370
    -2
100
AcDbLine
 10
119.085938
 20
84.201563
 30
0.0
 11
332.085938
 21
84.201563
 31
0.0
  0
SOLID
  5
2C3
330
2BE
100
AcDbEntity
  8
FD_Dimensions
 62
     0
440
 16777216
100
AcDbTrace
 10
119.085938
 20
84.784896
 30
0.0
 11
119.085938
 21
83.618229
 31
0.0
 12
115.585938
 22
84.201563
 32
0.0
 13
115.585938
 23
84.201563
 33
0.0
  0
SOLID
  5
2C4
330
2BE
100
AcDbEntity
  8
FD_Dimensions
 62
     0
440
 16777216
100
AcDbTrace
 10
332.085938
 20
84.784896
 30
0.0
 11
332.085938
 21
83.618229
 31
0.0
 12
335.585938
 22
84.201563
 32
0.0
 13
335.585938
 23
84.201563
 33
0.0
  0
MTEXT
  5
2C5
330
2BE
100
AcDbEntity
  8
FD_Dimensions
 62
     0
440
 16777216
100
AcDbMText
 10
225.585938
 20
87.388568
 30
0.0
 40
3.5
 41
0.0
 46
0.0
 71
     5
 72
     1
  1
110
 73
     1
 44
1.0
  0
POINT
  5
2C6
330
2BE
100
AcDbEntity
  8
Defpoints
 62
     0
440
 16777216
100
AcDbPoint
 10
115.585938
 20
149.826563
 30
0.0
  0
POINT
  5
2C7
330
2BE
100
AcDbEntity
  8
Defpoints
 62
     0
440
 16777216
100
AcDbPoint
 10
335.585938
 20
149.826563
 30
0.0
  0
POINT
  5
2C8
330
2BE
100
AcDbEntity
  8
Defpoints
 62
     0
440
 16777216
100
AcDbPoint
 10
335.585938
 20
84.201563
 30
0.0
  0
ENDBLK
  5
2C9
330
2BE
100
AcDbEntity
  8
0
100
AcDbBlockEnd
  0
BLOCK
  5
2CC
330
2CB
100
AcDbEntity
  8
0
100
AcDbBlockBegin
  2
*D26
 70
     1
 10
0.0
 20
0.0
 30
0.0
  3
*D26
  1

  0
LINE
  5
2CD
330
2CB
100
AcDbEntity
  8
FD_Dimensions
 62
     0
440
 16777216
370
    -2
100
AcDbLine
 10
117.585938
 20
131.626563
 30
0.0
 11
117.585938
 21
92.251562
 31
0.0
  0
LINE
  5
2CE
330
2CB
100
AcDbEntity
  8
FD_Dimensions
 62
     0
440
 16777216
370
    -2
100
AcDbLine
 10
333.585938
 20
131.626563
 30
0.0
 11
333.585938
 21
92.251562
 31
0.0
  0
LINE
  5
2CF
330
2CB
100
AcDbEntity
  8
FD_Dimensions
 62
     0
440
 16777216
370
    -2
100
AcDbLine
 10
121.085938
 20
94.351562
 30
0.0
 11
330.085938
 21
94.351562
 31
0.0
  0
SOLID
  5
2D0
330
2CB
100
AcDbEntity
  8
FD_Dimensions
 62
     0
440
 16777216
100
AcDbTrace
 10
121.085938
 20
94.934896
 30
0.0
 11
121.085938
 21
93.768229
 31
0.0
 12
117.585938
 22
94.351562
 32
0.0
 13
117.585938
 23
94.351562
 33
0.0
  0
SOLID
  5
2D1
330
2CB
100
AcDbEntity
  8
FD_Dimensions
 62
     0
440
 16777216
100
AcDbTrace
 10
330.085938
 20
94.934896
 30
0.0
 11
330.085938
 21
93.768229
 31
0.0
 12
333.585938
 22
94.351562
 32
0.0
 13
333.585938
 23
94.351562
 33
0.0
  0
MTEXT
  5
2D2
330
2CB
100
AcDbEntity
  8
FD_Dimensions
 62
     0
440
 16777216
100
AcDbMText
 10
225.585938
 20
97.538568
 30
0.0
 40
3.5
 41
0.0
 46
0.0
 71
     5
 72
     1
  1
108
 73
     1
 44
1.0
  0
POINT
  5
2D3
330
2CB
100
AcDbEntity
  8
Defpoints
 62
     0
440
 16777216
100
AcDbPoint
 10
117.585938
 20
133.726563
 30
0.0
  0
POINT
  5
2D4
330
2CB
100
AcDbEntity
  8
Defpoints
 62
     0
440
 16777216
100
AcDbPoint
 10
333.585938
 20
133.726563
 30
0.0
  0
POINT
  5
2D5
330
2CB
100
AcDbEntity
  8
Defpoints
 62
     0
440
 16777216
100
AcDbPoint
 10
333.585938
 20
94.351562
 30
0.0
  0
ENDBLK
  5
2D6
330
2CB
100
AcDbEntity
  8
0
100
AcDbBlockEnd
  0
BLOCK
  5
2D9
330
2D8
100
AcDbEntity
  8
0
100
AcDbBlockBegin
  2
*D27
 70
     1
 10
0.0
 20
0.0
 30
0.0
  3
*D27
  1

  0
LINE
  5
2DA
330
2D8
100
AcDbEntity
  8
FD_Dimensions
 62
     0
440
 16777216
370
    -2
100
AcDbLine
 10
241.585938
 20
140.626563
 30
0.0
 11
241.585938
 21
111.915625
 31
0.0
  0
LINE
  5
2DB
330
2D8
100
AcDbEntity
  8
FD_Dimensions
 62
     0
440
 16777216
370
    -2
100
AcDbLine
 10
329.585938
 20
140.626563
 30
0.0
 11
329.585938
 21
111.915625
 31
0.0
  0
LINE
  5
2DC
330
2D8
100
AcDbEntity
  8
FD_Dimensions
 62
     0
440
 16777216
370
    -2
100
AcDbLine
 10
245.085938
 20
114.015625
 30
0.0
 11
326.085938
 21
114.015625
 31
0.0
  0
SOLID
  5
2DD
330
2D8
100
AcDbEntity
  8
FD_Dimensions
 62
     0
440
 16777216
100
AcDbTrace
 10
245.085938
 20
114.598958
 30
0.0
 11
245.085938
 21
113.432292
 31
0.0
 12
241.585938
 22
114.015625
 32
0.0
 13
241.585938
 23
114.015625
 33
0.0
  0
SOLID
  5
2DE
330
2D8
100
AcDbEntity
  8
FD_Dimensions
 62
     0
440
 16777216
100
AcDbTrace
 10
326.085938
 20
114.598958
 30
0.0
 11
326.085938
 21
113.432292
 31
0.0
 12
329.585938
 22
114.015625
 32
0.0
 13
329.585938
 23
114.015625
 33
0.0
  0
MTEXT
  5
2DF
330
2D8
100
AcDbEntity
  8
FD_Dimensions
 62
     0
440
 16777216
100
AcDbMText
 10
285.585938
 20
117.165625
 30
0.0
 40
3.5
 41
0.0
 46
0.0
 71
     5
 72
     1
  1
44
 73
     1
 44
1.0
  0
POINT
  5
2E0
330
2D8
100
AcDbEntity
  8
Defpoints
 62
     0
440
 16777216
100
AcDbPoint
 10
241.585938
 20
142.726563
 30
0.0
  0
POINT
  5
2E1
330
2D8
100
AcDbEntity
  8
Defpoints
 62
     0
440
 16777216
100
AcDbPoint
 10
329.585938
 20
142.726563
 30
0.0
  0
POINT
  5
2E2
330
2D8
100
AcDbEntity
  8
Defpoints
 62
     0
440
 16777216
100
AcDbPoint
 10
329.585938
 20
114.015625
 30
0.0
  0
ENDBLK
  5
2E3
330
2D8
100
AcDbEntity
  8
0
100
AcDbBlockEnd
  0
BLOCK
  5
2E6
330
2E5
100
AcDbEntity
  8
0
100
AcDbBlockBegin
  2
*D28
 70
     1
 10
0.0
 20
0.0
 30
0.0
  3
*D28
  1

  0
LINE
  5
2E7
330
2E5
100
AcDbEntity
  8
FD_Dimensions
 62
     0
440
 16777216
370
    -2
100
AcDbLine
 10
119.485938
 20
142.726563
 30
0.0
 11
51.4
 21
142.726563
 31
0.0
  0
LINE
  5
2E8
330
2E5
100
AcDbEntity
  8
FD_Dimensions
 62
     0
440
 16777216
370
    -2
100
AcDbLine
 10
119.485938
 20
188.726563
 30
0.0
 11
51.4
 21
188.726563
 31
0.0
  0
LINE
  5
2E9
330
2E5
100
AcDbEntity
  8
FD_Dimensions
 62
     0
440
 16777216
370
    -2
100
AcDbLine
 10
53.5
 20
146.226563
 30
0.0
 11
53.5
 21
185.226563
 31
0.0
  0
SOLID
  5
2EA
330
2E5
100
AcDbEntity
  8
FD_Dimensions
 62
     0
440
 16777216
100
AcDbTrace
 10
52.916667
 20
146.226563
 30
0.0
 11
54.083333
 21
146.226563
 31
0.0
 12
53.5
 22
142.726563
 32
0.0
 13
53.5
 23
142.726563
 33
0.0
  0
SOLID
  5
2EB
330
2E5
100
AcDbEntity
  8
FD_Dimensions
 62
     0
440
 16777216
100
AcDbTrace
 10
52.916667
 20
185.226563
 30
0.0
 11
54.083333
 21
185.226563
 31
0.0
 12
53.5
 22
188.726563
 32
0.0
 13
53.5
 23
188.726563
 33
0.0
  0
MTEXT
  5
2EC
330
2E5
100
AcDbEntity
  8
FD_Dimensions
 62
     0
440
 16777216
100
AcDbMText
 10
50.311801
 20
165.726563
 30
0.0
 40
3.5
 41
0.0
 46
0.0
 71
     5
 72
     1
  1
23
 11
0.0
 21
1.0
 31
0.0
 73
     1
 44
1.0
  0
POINT
  5
2ED
330
2E5
100
AcDbEntity
  8
Defpoints
 62
     0
440
 16777216
100
AcDbPoint
 10
121.585938
 20
142.726563
 30
0.0
  0
POINT
  5
2EE
330
2E5
100
AcDbEntity
  8
Defpoints
 62
     0
440
 16777216
100
AcDbPoint
 10
121.585938
 20
188.726563
 30
0.0
  0
POINT
  5
2EF
330
2E5
100
AcDbEntity
  8
Defpoints
 62
     0
440
 16777216
100
AcDbPoint
 10
53.5
 20
188.726563
 30
0.0
  0
ENDBLK
  5
2F0
330
2E5
100
AcDbEntity
  8
0
100
AcDbBlockEnd
  0
BLOCK
  5
2F3
330
2F2
100
AcDbEntity
  8
0
100
AcDbBlockBegin
  2
*D29
 70
     1
 10
0.0
 20
0.0
 30
0.0
  3
*D29
  1

  0
LINE
  5
2F4
330
2F2
100
AcDbEntity
  8
FD_Dimensions
 62
     0
440
 16777216
370
    -2
100
AcDbLine
 10
121.485938
 20
144.726563
 30
0.0
 11
65.704688
 21
144.726563
 31
0.0
  0
LINE
  5
2F5
330
2F2
100
AcDbEntity
  8
FD_Dimensions
 62
     0
440
 16777216
370
    -2
100
AcDbLine
 10
121.485938
 20
186.726563
 30
0.0
 11
65.704688
 21
186.726563
 31
0.0
  0
LINE
  5
2F6
330
2F2
100
AcDbEntity
  8
FD_Dimensions
 62
     0
440
 16777216
370
    -2
100
AcDbLine
 10
67.804688
 20
148.226563
 30
0.0
 11
67.804688
 21
183.226563
 31
0.0
  0
SOLID
  5
2F7
330
2F2
100
AcDbEntity
  8
FD_Dimensions
 62
     0
440
 16777216
100
AcDbTrace
 10
67.221354
 20
148.226563
 30
0.0
 11
68.388021
 21
148.226563
 31
0.0
 12
67.804688
 22
144.726563
 32
0.0
 13
67.804688
 23
144.726563
 33
0.0
  0
SOLID
  5
2F8
330
2F2
100
AcDbEntity
  8
FD_Dimensions
 62
     0
440
 16777216
100
AcDbTrace
 10
67.221354
 20
183.226563
 30
0.0
 11
68.388021
 21
183.226563
 31
0.0
 12
67.804688
 22
186.726563
 32
0.0
 13
67.804688
 23
186.726563
 33
0.0
  0
MTEXT
  5
2F9
330
2F2
100
AcDbEntity
  8
FD_Dimensions
 62
     0
440
 16777216
100
AcDbMText
 10
64.647525
 20
165.726563
 30
0.0
 40
3.5
 41
0.0
 46
0.0
 71
     5
 72
     1
  1
21
 11
0.0
 21
1.0
 31
0.0
 73
     1
 44
1.0
  0
POINT
  5
2FA
330
2F2
100
AcDbEntity
  8
Defpoints
 62
     0
440
 16777216
100
AcDbPoint
 10
123.585938
 20
144.726563
 30
0.0
  0
POINT
  5
2FB
330
2F2
100
AcDbEntity
  8
Defpoints
 62
     0
440
 16777216
100
AcDbPoint
 10
123.585938
 20
186.726563
 30
0.0
  0
POINT
  5
2FC
330
2F2
100
AcDbEntity
  8
Defpoints
 62
     0
440
 16777216
100
AcDbPoint
 10
67.804688
 20
186.726563
 30
0.0
  0
ENDBLK
  5
2FD
330
2F2
100
AcDbEntity
  8
0
100
AcDbBlockEnd
  0
BLOCK
  5
300
330
2FF
100
AcDbEntity
  8
0
100
AcDbBlockBegin
  2
*D30
 70
     1
 10
0.0
 20
0.0
 30
0.0
  3
*D30
  1

  0
LINE
  5
301
330
2FF
100
AcDbEntity
  8
FD_Dimensions
 62
     0
440
 16777216
370
    -2
100
AcDbLine
 10
115.485938
 20
133.726563
 30
0.0
 11
95.696875
 21
133.726563
 31
0.0
  0
LINE
  5
302
330
2FF
100
AcDbEntity
  8
FD_Dimensions
 62
     0
440
 16777216
370
    -2
100
AcDbLine
 10
119.485938
 20
142.726563
 30
0.0
 11
95.696875
 21
142.726563
 31
0.0
  0
LINE
  5
303
330
2FF
100
AcDbEntity
  8
FD_Dimensions
 62
     0
440
 16777216
370
    -2
100
AcDbLine
 10
97.796875
 20
130.226563
 30
0.0
 11
97.796875
 21
126.726563
 31
0.0
  0
LINE
  5
304
330
2FF
100
AcDbEntity
  8
FD_Dimensions
 62
     0
440
 16777216
370
    -2
100
AcDbLine
 10
97.796875
 20
146.226563
 30
0.0
 11
97.796875
 21
159.065785
 31
0.0
  0
LINE
  5
305
330
2FF
100
AcDbEntity
  8
FD_Dimensions
 62
     0
440
 16777216
370
    -2
100
AcDbLine
 10
97.796875
 20
133.726563
 30
0.0
 11
97.796875
 21
142.726563
 31
0.0
  0
SOLID
  5
306
330
2FF
100
AcDbEntity
  8
FD_Dimensions
 62
     0
440
 16777216
100
AcDbTrace
 10
97.213542
 20
130.226563
 30
0.0
 11
98.380208
 21
130.226563
 31
0.0
 12
97.796875
 22
133.726563
 32
0.0
 13
97.796875
 23
133.726563
 33
0.0
  0
SOLID
  5
307
330
2FF
100
AcDbEntity
  8
FD_Dimensions
 62
     0
440
 16777216
100
AcDbTrace
 10
97.213542
 20
146.226563
 30
0.0
 11
98.380208
 21
146.226563
 31
0.0
 12
97.796875
 22
142.726563
 32
0.0
 13
97.796875
 23
142.726563
 33
0.0
  0
MTEXT
  5
308
330
2FF
100
AcDbEntity
  8
FD_Dimensions
 62
     0
440
 16777216
100
AcDbMText
 10
94.617032
 20
154.396174
 30
0.0
 40
3.5
 41
0.0
 46
0.0
 71
     5
 72
     1
  1
4.5
 11
0.0
 21
1.0
 31
0.0
 73
     1
 44
1.0
  0
POINT
  5
309
330
2FF
100
AcDbEntity
  8
Defpoints
 62
     0
440
 16777216
100
AcDbPoint
 10
117.585938
 20
133.726563
 30
0.0
  0
POINT
  5
30A
330
2FF
100
AcDbEntity
  8
Defpoints
 62
     0
440
 16777216
100
AcDbPoint
 10
121.585938
 20
142.726563
 30
0.0
  0
POINT
  5
30B
330
2FF
100
AcDbEntity
  8
Defpoints
 62
     0
440
 16777216
100
AcDbPoint
 10
97.796875
 20
142.726563
 30
0.0
  0
ENDBLK
  5
30C
330
2FF
100
AcDbEntity
  8
0
100
AcDbBlockEnd
  0
BLOCK
  5
30F
330
30E
100
AcDbEntity
  8
0
100
AcDbBlockBegin
  2
*D31
 70
     1
 10
0.0
 20
0.0
 30
0.0
  3
*D31
  1

  0
LINE
  5
310
330
30E
100
AcDbEntity
  8
FD_Dimensions
 62
     0
440
 16777216
370
    -2
100
AcDbLine
 10
243.585938
 20
142.626563
 30
0.0
 11
243.585938
 21
121.298438
 31
0.0
  0
LINE
  5
311
330
30E
100
AcDbEntity
  8
FD_Dimensions
 62
     0
440
 16777216
370
    -2
100
AcDbLine
 10
327.585938
 20
142.626563
 30
0.0
 11
327.585938
 21
121.298438
 31
0.0
  0
LINE
  5
312
330
30E
100
AcDbEntity
  8
FD_Dimensions
 62
     0
440
 16777216
370
    -2
100
AcDbLine
 10
247.085938
 20
123.398438
 30
0.0
 11
324.085938
 21
123.398438
 31
0.0
  0
SOLID
  5
313
330
30E
100
AcDbEntity
  8
FD_Dimensions
 62
     0
440
 16777216
100
AcDbTrace
 10
247.085938
 20
123.981771
 30
0.0
 11
247.085938
 21
122.815104
 31
0.0
 12
243.585938
 22
123.398438
 32
0.0
 13
243.585938
 23
123.398438
 33
0.0
  0
SOLID
  5
314
330
30E
100
AcDbEntity
  8
FD_Dimensions
 62
     0
440
 16777216
100
AcDbTrace
 10
324.085938
 20
123.981771
 30
0.0
 11
324.085938
 21
122.815104
 31
0.0
 12
327.585938
 22
123.398438
 32
0.0
 13
327.585938
 23
123.398438
 33
0.0
  0
MTEXT
  5
315
330
30E
100
AcDbEntity
  8
FD_Dimensions
 62
     0
440
 16777216
100
AcDbMText
 10
285.585938
 20
126.5556
 30
0.0
 40
3.5
 41
0.0
 46
0.0
 71
     5
 72
     1
  1
42
 73
     1
 44
1.0
  0
POINT
  5
316
330
30E
100
AcDbEntity
  8
Defpoints
 62
     0
440
 16777216
100
AcDbPoint
 10
243.585938
 20
144.726563
 30
0.0
  0
POINT
  5
317
330
30E
100
AcDbEntity
  8
Defpoints
 62
     0
440
 16777216
100
AcDbPoint
 10
327.585938
 20
144.726563
 30
0.0
  0
POINT
  5
318
330
30E
100
AcDbEntity
  8
Defpoints
 62
     0
440
 16777216
100
AcDbPoint
 10
327.585938
 20
123.398438
 30
0.0
  0
ENDBLK
  5
319
330
30E
100
AcDbEntity
  8
0
100
AcDbBlockEnd
  0
BLOCK
  5
31C
330
31B
100
AcDbEntity
  8
0
100
AcDbBlockBegin
  2
*D32
 70
     1
 10
0.0
 20
0.0
 30
0.0
  3
*D32
  1

  0
LINE
  5
31D
330
31B
100
AcDbEntity
  8
FD_Dimensions
 62
     0
440
 16777216
370
    -2
100
AcDbLine
 10
206.101013
 20
188.211487
 30
0.0
 11
187.661402
 21
206.651098
 31
0.0
  0
LINE
  5
31E
330
31B
100
AcDbEntity
  8
FD_Dimensions
 62
     0
440
 16777216
370
    -2
100
AcDbLine
 10
208.101013
 20
190.211487
 30
0.0
 11
189.661402
 21
208.651098
 31
0.0
  0
LINE
  5
31F
330
31B
100
AcDbEntity
  8
FD_Dimensions
 62
     0
440
 16777216
370
    -2
100
AcDbLine
 10
186.671453
 20
202.6913
 30
0.0
 11
184.196579
 21
200.216426
 31
0.0
  0
LINE
  5
320
330
31B
100
AcDbEntity
  8
FD_Dimensions
 62
     0
440
 16777216
370
    -2
100
AcDbLine
 10
193.6212
 20
209.641047
 30
0.0
 11
203.793843
 21
219.81369
 31
0.0
  0
LINE
  5
321
330
31B
100
AcDbEntity
  8
FD_Dimensions
 62
     0
440
 16777216
370
    -2
100
AcDbLine
 10
189.146327
 20
205.166173
 30
0.0
 11
191.146327
 21
207.166173
 31
0.0
  0
SOLID
  5
322
330
31B
100
AcDbEntity
  8
FD_Dimensions
 62
     0
440
 16777216
100
AcDbTrace
 10
186.258974
 20
203.103779
 30
0.0
 11
187.083932
 21
202.278821
 31
0.0
 12
189.146327
 22
205.166173
 32
0.0
 13
189.146327
 23
205.166173
 33
0.0
  0
SOLID
  5
323
330
31B
100
AcDbEntity
  8
FD_Dimensions
 62
     0
440
 16777216
100
AcDbTrace
 10
193.208721
 20
210.053526
 30
0.0
 11
194.033679
 21
209.228568
 31
0.0
 12
191.146327
 22
207.166173
 32
0.0
 13
191.146327
 23
207.166173
 33
0.0
  0
MTEXT
  5
324
330
31B
100
AcDbEntity
  8
FD_Dimensions
 62
     0
440
 16777216
100
AcDbMText
 10
197.712508
 20
218.197256
 30
0.0
 40
3.5
 41
0.0
 46
0.0
 71
     5
 72
     1
  1
1.41
 11
0.707107
 21
0.707107
 31
0.0
 73
     1
 44
1.0
  0
POINT
  5
325
330
31B
100
AcDbEntity
  8
Defpoints
 62
     0
440
 16777216
100
AcDbPoint
 10
207.585938
 20
186.726563
 30
0.0
  0
POINT
  5
326
330
31B
100
AcDbEntity
  8
Defpoints
 62
     0
440
 16777216
100
AcDbPoint
 10
209.585938
 20
188.726563
 30
0.0
  0
POINT
  5
327
330
31B
100
AcDbEntity
  8
Defpoints
 62
     0
440
 16777216
100
AcDbPoint
 10
191.146327
 20
207.166173
 30
0.0
  0
ENDBLK
  5
328
330
31B
100
AcDbEntity
  8
0
100
AcDbBlockEnd
  0
BLOCK
  5
32B
330
32A
100
AcDbEntity
  8
0
100
AcDbBlockBegin
  2
*D33
 70
     1
 10
0.0
 20
0.0
 30
0.0
  3
*D33
  1

  0
LINE
  5
32C
330
32A
100
AcDbEntity
  8
FD_Dimensions
 62
     0
440
 16777216
370
    -2
100
AcDbLine
 10
328.101013
 20
190.211487
 30
0.0
 11
303.494744
 21
214.817756
 31
0.0
  0
LINE
  5
32D
330
32A
100
AcDbEntity
  8
FD_Dimensions
 62
     0
440
 16777216
370
    -2
100
AcDbLine
 10
326.101013
 20
188.211487
 30
0.0
 11
301.494744
 21
212.817756
 31
0.0
  0
LINE
  5
32E
330
32A
100
AcDbEntity
  8
FD_Dimensions
 62
     0
440
 16777216
370
    -2
100
AcDbLine
 10
307.454542
 20
215.807706
 30
0.0
 11
309.929416
 21
218.282579
 31
0.0
  0
LINE
  5
32F
330
32A
100
AcDbEntity
  8
FD_Dimensions
 62
     0
440
 16777216
370
    -2
100
AcDbLine
 10
300.504794
 20
208.857958
 30
0.0
 11
290.332152
 21
198.685315
 31
0.0
  0
LINE
  5
330
330
32A
100
AcDbEntity
  8
FD_Dimensions
 62
     0
440
 16777216
370
    -2
100
AcDbLine
 10
304.979668
 20
213.332832
 30
0.0
 11
302.979668
 21
211.332832
 31
0.0
  0
SOLID
  5
331
330
32A
100
AcDbEntity
  8
FD_Dimensions
 62
     0
440
 16777216
100
AcDbTrace
 10
307.042063
 20
216.220184
 30
0.0
 11
307.867021
 21
215.395227
 31
0.0
 12
304.979668
 22
213.332832
 32
0.0
 13
304.979668
 23
213.332832
 33
0.0
  0
SOLID
  5
332
330
32A
100
AcDbEntity
  8
FD_Dimensions
 62
     0
440
 16777216
100
AcDbTrace
 10
300.092316
 20
209.270437
 30
0.0
 11
300.917273
 21
208.445479
 31
0.0
 12
302.979668
 22
211.332832
 32
0.0
 13
302.979668
 23
211.332832
 33
0.0
  0
MTEXT
  5
333
330
32A
100
AcDbEntity
  8
FD_Dimensions
 62
     0
440
 16777216
100
AcDbMText
 10
291.948585
 20
204.766651
 30
0.0
 40
3.5
 41
0.0
 46
0.0
 71
     5
 72
     1
  1
1.41
 11
0.707107
 21
0.707107
 31
0.0
 73
     1
 44
1.0
  0
POINT
  5
334
330
32A
100
AcDbEntity
  8
Defpoints
 62
     0
440
 16777216
100
AcDbPoint
 10
329.585938
 20
188.726563
 30
0.0
  0
POINT
  5
335
330
32A
100
AcDbEntity
  8
Defpoints
 62
     0
440
 16777216
100
AcDbPoint
 10
327.585938
 20
186.726563
 30
0.0
  0
POINT
  5
336
330
32A
100
AcDbEntity
  8
Defpoints
 62
     0
440
 16777216
100
AcDbPoint
 10
302.979668
 20
211.332832
 30
0.0
  0
ENDBLK
  5
337
330
32A
100
AcDbEntity
  8
0
100
AcDbBlockEnd
  0
BLOCK
  5
33A
330
339
100
AcDbEntity
  8
0
100
AcDbBlockBegin
  2
*D34
 70
     1
 10
0.0
 20
0.0
 30
0.0
  3
*D34
  1

  0
LINE
  5
7AA
330
339
100
AcDbEntity
  8
FD_Dimensions
 62
     0
440
 16777216
370
    -2
100
AcDbLine
 10
105.585938
 20
143.626563
 30
0.0
 11
105.585938
 21
62.415625
 31
0.0
  0
LINE
  5
7AB
330
339
100
AcDbEntity
  8
FD_Dimensions
 62
     0
440
 16777216
370
    -2
100
AcDbLine
 10
345.585938
 20
143.626563
 30
0.0
 11
345.585938
 21
62.415625
 31
0.0
  0
LINE
  5
7AC
330
339
100
AcDbEntity
  8
FD_Dimensions
 62
     0
440
 16777216
370
    -2
100
AcDbLine
 10
109.085938
 20
64.515625
 30
0.0
 11
342.085938
 21
64.515625
 31
0.0
  0
SOLID
  5
7AD
330
339
100
AcDbEntity
  8
FD_Dimensions
 62
     0
440
 16777216
100
AcDbTrace
 10
109.085938
 20
65.098958
 30
0.0
 11
109.085938
 21
63.932292
 31
0.0
 12
105.585938
 22
64.515625
 32
0.0
 13
105.585938
 23
64.515625
 33
0.0
  0
SOLID
  5
7AE
330
339
100
AcDbEntity
  8
FD_Dimensions
 62
     0
440
 16777216
100
AcDbTrace
 10
342.085938
 20
65.098958
 30
0.0
 11
342.085938
 21
63.932292
 31
0.0
 12
345.585938
 22
64.515625
 32
0.0
 13
345.585938
 23
64.515625
 33
0.0
  0
MTEXT
  5
7AF
330
339
100
AcDbEntity
  8
FD_Dimensions
 62
     0
440
 16777216
100
AcDbMText
 10
225.585938
 20
67.70263
 30
0.0
 40
3.5
 41
0.0
 46
0.0
 71
     5
 72
     1
  1
120
 73
     1
 44
1.0
  0
POINT
  5
7B0
330
339
100
AcDbEntity
  8
Defpoints
 62
     0
440
 16777216
100
AcDbPoint
 10
105.585938
 20
145.726563
 30
0.0
  0
POINT
  5
7B1
330
339
100
AcDbEntity
  8
Defpoints
 62
     0
440
 16777216
100
AcDbPoint
 10
345.585938
 20
145.726563
 30
0.0
  0
POINT
  5
7B2
330
339
100
AcDbEntity
  8
Defpoints
 62
     0
440
 16777216
100
AcDbPoint
 10
345.585938
 20
64.515625
 30
0.0
  0
ENDBLK
  5
33B
330
339
100
AcDbEntity
  8
0
100
AcDbBlockEnd
  0
BLOCK
  5
346
330
345
100
AcDbEntity
  8
0
100
AcDbBlockBegin
  2
*D35
 70
     1
 10
0.0
 20
0.0
 30
0.0
  3
*D35
  1

  0
LINE
  5
7B3
330
345
100
AcDbEntity
  8
FD_Dimensions
 62
     0
440
 16777216
370
    -2
100
AcDbLine
 10
115.485938
 20
133.726563
 30
0.0
 11
36.735938
 21
133.726563
 31
0.0
  0
LINE
  5
7B4
330
345
100
AcDbEntity
  8
FD_Dimensions
 62
     0
440
 16777216
370
    -2
100
AcDbLine
 10
115.485938
 20
197.726563
 30
0.0
 11
36.735938
 21
197.726563
 31
0.0
  0
LINE
  5
7B5
330
345
100
AcDbEntity
  8
FD_Dimensions
 62
     0
440
 16777216
370
    -2
100
AcDbLine
 10
38.835938
 20
137.226563
 30
0.0
 11
38.835938
 21
194.226563
 31
0.0
  0
SOLID
  5
7B6
330
345
100
AcDbEntity
  8
FD_Dimensions
 62
     0
440
 16777216
100
AcDbTrace
 10
38.252604
 20
137.226563
 30
0.0
 11
39.419271
 21
137.226563
 31
0.0
 12
38.835938
 22
133.726563
 32
0.0
 13
38.835938
 23
133.726563
 33
0.0
  0
SOLID
  5
7B7
330
345
100
AcDbEntity
  8
FD_Dimensions
 62
     0
440
 16777216
100
AcDbTrace
 10
38.252604
 20
194.226563
 30
0.0
 11
39.419271
 21
194.226563
 31
0.0
 12
38.835938
 22
197.726563
 32
0.0
 13
38.835938
 23
197.726563
 33
0.0
  0
MTEXT
  5
7B8
330
345
100
AcDbEntity
  8
FD_Dimensions
 62
     0
440
 16777216
100
AcDbMText
 10
35.647738
 20
165.726563
 30
0.0
 40
3.5
 41
0.0
 46
0.0
 71
     5
 72
     1
  1
32
 11
0.0
 21
1.0
 31
0.0
 73
     1
 44
1.0
  0
POINT
  5
7B9
330
345
100
AcDbEntity
  8
Defpoints
 62
     0
440
 16777216
100
AcDbPoint
 10
117.585938
 20
133.726563
 30
0.0
  0
POINT
  5
7BA
330
345
100
AcDbEntity
  8
Defpoints
 62
     0
440
 16777216
100
AcDbPoint
 10
117.585938
 20
197.726563
 30
0.0
  0
POINT
  5
7BB
330
345
100
AcDbEntity
  8
Defpoints
 62
     0
440
 16777216
100
AcDbPoint
 10
38.835938
 20
197.726563
 30
0.0
  0
ENDBLK
  5
347
330
345
100
AcDbEntity
  8
0
100
AcDbBlockEnd
  0
BLOCK
  5
352
330
351
100
AcDbEntity
  8
0
100
AcDbBlockBegin
  2
*D36
 70
     1
 10
0.0
 20
0.0
 30
0.0
  3
*D36
  1

  0
LINE
  5
7BC
330
351
100
AcDbEntity
  8
FD_Dimensions
 62
     0
440
 16777216
370
    -2
100
AcDbLine
 10
105.485938
 20
240.359375
 30
0.0
 11
93.18125
 21
240.359375
 31
0.0
  0
LINE
  5
7BD
330
351
100
AcDbEntity
  8
FD_Dimensions
 62
     0
440
 16777216
370
    -2
100
AcDbLine
 10
105.485938
 20
248.359375
 30
0.0
 11
93.18125
 21
248.359375
 31
0.0
  0
LINE
  5
7BE
330
351
100
AcDbEntity
  8
FD_Dimensions
 62
     0
440
 16777216
370
    -2
100
AcDbLine
 10
95.28125
 20
236.859375
 30
0.0
 11
95.28125
 21
233.359375
 31
0.0
  0
LINE
  5
7BF
330
351
100
AcDbEntity
  8
FD_Dimensions
 62
     0
440
 16777216
370
    -2
100
AcDbLine
 10
95.28125
 20
251.859375
 30
0.0
 11
95.28125
 21
255.359375
 31
0.0
  0
LINE
  5
7C0
330
351
100
AcDbEntity
  8
FD_Dimensions
 62
     0
440
 16777216
370
    -2
100
AcDbLine
 10
95.28125
 20
240.359375
 30
0.0
 11
95.28125
 21
248.359375
 31
0.0
  0
SOLID
  5
7C1
330
351
100
AcDbEntity
  8
FD_Dimensions
 62
     0
440
 16777216
100
AcDbTrace
 10
94.697917
 20
236.859375
 30
0.0
 11
95.864583
 21
236.859375
 31
0.0
 12
95.28125
 22
240.359375
 32
0.0
 13
95.28125
 23
240.359375
 33
0.0
  0
SOLID
  5
7C2
330
351
100
AcDbEntity
  8
FD_Dimensions
 62
     0
440
 16777216
100
AcDbTrace
 10
94.697917
 20
251.859375
 30
0.0
 11
95.864583
 21
251.859375
 31
0.0
 12
95.28125
 22
248.359375
 32
0.0
 13
95.28125
 23
248.359375
 33
0.0
  0
MTEXT
  5
7C3
330
351
100
AcDbEntity
  8
FD_Dimensions
 62
     0
440
 16777216
100
AcDbMText
 10
92.13125
 20
244.359375
 30
0.0
 40
3.5
 41
0.0
 46
0.0
 71
     5
 72
     1
  1
4
 11
0.0
 21
1.0
 31
0.0
 73
     1
 44
1.0
  0
POINT
  5
7C4
330
351
100
AcDbEntity
  8
Defpoints
 62
     0
440
 16777216
100
AcDbPoint
 10
107.585938
 20
240.359375
 30
0.0
  0
POINT
  5
7C5
330
351
100
AcDbEntity
  8
Defpoints
 62
     0
440
 16777216
100
AcDbPoint
 10
107.585938
 20
248.359375
 30
0.0
  0
POINT
  5
7C6
330
351
100
AcDbEntity
  8
Defpoints
 62
     0
440
 16777216
100
AcDbPoint
 10
95.28125
 20
248.359375
 30
0.0
  0
ENDBLK
  5
353
330
351
100
AcDbEntity
  8
0
100
AcDbBlockEnd
  0
BLOCK
  5
360
330
35F
100
AcDbEntity
  8
0
100
AcDbBlockBegin
  2
*D37
 70
     1
 10
0.0
 20
0.0
 30
0.0
  3
*D37
  1

  0
LINE
  5
7C7
330
35F
100
AcDbEntity
  8
FD_Dimensions
 62
     0
440
 16777216
370
    -2
100
AcDbLine
 10
359.71676
 20
162.32055
 30
0.0
 11
340.743465
 21
172.861269
 31
0.0
  0
LINE
  5
7C8
330
35F
100
AcDbEntity
  8
FD_Dimensions
 62
     0
440
 16777216
370
    -2
100
AcDbLine
 10
330.42841
 20
178.591856
 30
0.0
 11
327.368859
 21
180.291606
 31
0.0
  0
MTEXT
  5
7C9
330
35F
100
AcDbEntity
  8
FD_Dimensions
 62
     0
440
 16777216
100
AcDbMText
 10
355.644989
 20
168.340425
 30
0.0
 40
3.5
 41
0.0
 46
0.0
 71
     5
 72
     1
  1
∅2.4
 11
0.874157
 21
-0.485643
 31
0.0
 73
     1
 44
1.0
  0
LINE
  5
7CA
330
35F
100
AcDbEntity
  8
FD_Dimensions
 62
     0
440
 16777216
370
    -2
100
AcDbLine
 10
333.48796
 20
176.892106
 30
0.0
 11
337.683915
 21
174.561019
 31
0.0
  0
SOLID
  5
7CB
330
35F
100
AcDbEntity
  8
FD_Dimensions
 62
     0
440
 16777216
100
AcDbTrace
 10
330.711701
 20
179.101781
 30
0.0
 11
330.145118
 21
178.081931
 31
0.0
 12
333.48796
 22
176.892106
 32
0.0
 13
333.48796
 23
176.892106
 33
0.0
  0
SOLID
  5
7CC
330
35F
100
AcDbEntity
  8
FD_Dimensions
 62
     0
440
 16777216
100
AcDbTrace
 10
341.026757
 20
173.371194
 30
0.0
 11
340.460174
 21
172.351344
 31
0.0
 12
337.683915
 22
174.561019
 32
0.0
 13
337.683915
 23
174.561019
 33
0.0
  0
POINT
  5
7CD
330
35F
100
AcDbEntity
  8
Defpoints
 62
     0
440
 16777216
100
AcDbPoint
 10
337.683915
 20
174.561019
 30
0.0
  0
POINT
  5
7CE
330
35F
100
AcDbEntity
  8
Defpoints
 62
     0
440
 16777216
100
AcDbPoint
 10
333.48796
 20
176.892106
 30
0.0
  0
ENDBLK
  5
361
330
35F
100
AcDbEntity
  8
0
100
AcDbBlockEnd
  0
BLOCK
  5
36B
330
36A
100
AcDbEntity
  8
0
100
AcDbBlockBegin
  2
*D38
 70
     1
 10
0.0
 20
0.0
 30
0.0
  3
*D38
  1

  0
LINE
  5
7CF
330
36A
100
AcDbEntity
  8
FD_Dimensions
 62
     0
440
 16777216
370
    -2
100
AcDbLine
 10
105.585938
 20
143.626563
 30
0.0
 11
105.585938
 21
72.257813
 31
0.0
  0
LINE
  5
7D0
330
36A
100
AcDbEntity
  8
FD_Dimensions
 62
     0
440
 16777216
370
    -2
100
AcDbLine
 10
335.585938
 20
147.726563
 30
0.0
 11
335.585938
 21
72.257813
 31
0.0
  0
LINE
  5
7D1
330
36A
100
AcDbEntity
  8
FD_Dimensions
 62
     0
440
 16777216
370
    -2
100
AcDbLine
 10
109.085938
 20
74.357813
 30
0.0
 11
332.085938
 21
74.357813
 31
0.0
  0
SOLID
  5
7D2
330
36A
100
AcDbEntity
  8
FD_Dimensions
 62
     0
440
 16777216
100
AcDbTrace
 10
109.085938
 20
74.941146
 30
0.0
 11
109.085938
 21
73.774479
 31
0.0
 12
105.585938
 22
74.357813
 32
0.0
 13
105.585938
 23
74.357813
 33
0.0
  0
SOLID
  5
7D3
330
36A
100
AcDbEntity
  8
FD_Dimensions
 62
     0
440
 16777216
100
AcDbTrace
 10
332.085938
 20
74.941146
 30
0.0
 11
332.085938
 21
73.774479
 31
0.0
 12
335.585938
 22
74.357813
 32
0.0
 13
335.585938
 23
74.357813
 33
0.0
  0
MTEXT
  5
7D4
330
36A
100
AcDbEntity
  8
FD_Dimensions
 62
     0
440
 16777216
100
AcDbMText
 10
220.585938
 20
77.544818
 30
0.0
 40
3.5
 41
0.0
 46
0.0
 71
     5
 72
     1
  1
115
 73
     1
 44
1.0
  0
POINT
  5
7D5
330
36A
100
AcDbEntity
  8
Defpoints
 62
     0
440
 16777216
100
AcDbPoint
 10
105.585938
 20
145.726563
 30
0.0
  0
POINT
  5
7D6
330
36A
100
AcDbEntity
  8
Defpoints
 62
     0
440
 16777216
100
AcDbPoint
 10
335.585938
 20
149.826563
 30
0.0
  0
POINT
  5
7D7
330
36A
100
AcDbEntity
  8
Defpoints
 62
     0
440
 16777216
100
AcDbPoint
 10
335.585938
 20
74.357813
 30
0.0
  0
ENDBLK
  5
36C
330
36A
100
AcDbEntity
  8
0
100
AcDbBlockEnd
  0
BLOCK
  5
377
330
376
100
AcDbEntity
  8
0
100
AcDbBlockBegin
  2
*D39
 70
     1
 10
0.0
 20
0.0
 30
0.0
  3
*D39
  1

  0
LINE
  5
7D8
330
376
100
AcDbEntity
  8
FD_Dimensions
 62
     0
440
 16777216
370
    -2
100
AcDbLine
 10
105.585938
 20
143.626563
 30
0.0
 11
105.585938
 21
102.071875
 31
0.0
  0
LINE
  5
7D9
330
376
100
AcDbEntity
  8
FD_Dimensions
 62
     0
440
 16777216
370
    -2
100
AcDbLine
 10
241.585938
 20
140.626563
 30
0.0
 11
241.585938
 21
102.071875
 31
0.0
  0
LINE
  5
7DA
330
376
100
AcDbEntity
  8
FD_Dimensions
 62
     0
440
 16777216
370
    -2
100
AcDbLine
 10
109.085938
 20
104.171875
 30
0.0
 11
238.085938
 21
104.171875
 31
0.0
  0
SOLID
  5
7DB
330
376
100
AcDbEntity
  8
FD_Dimensions
 62
     0
440
 16777216
100
AcDbTrace
 10
109.085938
 20
104.755208
 30
0.0
 11
109.085938
 21
103.588542
 31
0.0
 12
105.585938
 22
104.171875
 32
0.0
 13
105.585938
 23
104.171875
 33
0.0
  0
SOLID
  5
7DC
330
376
100
AcDbEntity
  8
FD_Dimensions
 62
     0
440
 16777216
100
AcDbTrace
 10
238.085938
 20
104.755208
 30
0.0
 11
238.085938
 21
103.588542
 31
0.0
 12
241.585938
 22
104.171875
 32
0.0
 13
241.585938
 23
104.171875
 33
0.0
  0
MTEXT
  5
7DD
330
376
100
AcDbEntity
  8
FD_Dimensions
 62
     0
440
 16777216
100
AcDbMText
 10
173.585938
 20
107.35888
 30
0.0
 40
3.5
 41
0.0
 46
0.0
 71
     5
 72
     1
  1
68
 73
     1
 44
1.0
  0
POINT
  5
7DE
330
376
100
AcDbEntity
  8
Defpoints
 62
     0
440
 16777216
100
AcDbPoint
 10
105.585938
 20
145.726563
 30
0.0
  0
POINT
  5
7DF
330
376
100
AcDbEntity
  8
Defpoints
 62
     0
440
 16777216
100
AcDbPoint
 10
241.585938
 20
142.726563
 30
0.0
  0
POINT
  5
7E0
330
376
100
AcDbEntity
  8
Defpoints
 62
     0
440
 16777216
100
AcDbPoint
 10
241.585938
 20
104.171875
 30
0.0
  0
ENDBLK
  5
378
330
376
100
AcDbEntity
  8
0
100
AcDbBlockEnd
  0
BLOCK
  5
383
330
382
100
AcDbEntity
  8
0
100
AcDbBlockBegin
  2
*D40
 70
     1
 10
0.0
 20
0.0
 30
0.0
  3
*D40
  1

  0
LINE
  5
7E1
330
382
100
AcDbEntity
  8
FD_Dimensions
 62
     0
440
 16777216
370
    -2
100
AcDbLine
 10
105.585938
 20
143.626563
 30
0.0
 11
105.585938
 21
111.632813
 31
0.0
  0
LINE
  5
7E2
330
382
100
AcDbEntity
  8
FD_Dimensions
 62
     0
440
 16777216
370
    -2
100
AcDbLine
 10
235.585938
 20
147.726563
 30
0.0
 11
235.585938
 21
111.632813
 31
0.0
  0
LINE
  5
7E3
330
382
100
AcDbEntity
  8
FD_Dimensions
 62
     0
440
 16777216
370
    -2
100
AcDbLine
 10
109.085938
 20
113.732813
 30
0.0
 11
232.085938
 21
113.732813
 31
0.0
  0
SOLID
  5
7E4
330
382
100
AcDbEntity
  8
FD_Dimensions
 62
     0
440
 16777216
100
AcDbTrace
 10
109.085938
 20
114.316146
 30
0.0
 11
109.085938
 21
113.149479
 31
0.0
 12
105.585938
 22
113.732813
 32
0.0
 13
105.585938
 23
113.732813
 33
0.0
  0
SOLID
  5
7E5
330
382
100
AcDbEntity
  8
FD_Dimensions
 62
     0
440
 16777216
100
AcDbTrace
 10
232.085938
 20
114.316146
 30
0.0
 11
232.085938
 21
113.149479
 31
0.0
 12
235.585938
 22
113.732813
 32
0.0
 13
235.585938
 23
113.732813
 33
0.0
  0
MTEXT
  5
7E6
330
382
100
AcDbEntity
  8
FD_Dimensions
 62
     0
440
 16777216
100
AcDbMText
 10
170.585938
 20
116.919818
 30
0.0
 40
3.5
 41
0.0
 46
0.0
 71
     5
 72
     1
  1
65
 73
     1
 44
1.0
  0
POINT
  5
7E7
330
382
100
AcDbEntity
  8
Defpoints
 62
     0
440
 16777216
100
AcDbPoint
 10
105.585938
 20
145.726563
 30
0.0
  0
POINT
  5
7E8
330
382
100
AcDbEntity
  8
Defpoints
 62
     0
440
 16777216
100
AcDbPoint
 10
235.585938
 20
149.826563
 30
0.0
  0
POINT
  5
7E9
330
382
100
AcDbEntity
  8
Defpoints
 62
     0
440
 16777216
100
AcDbPoint
 10
235.585938
 20
113.732813
 30
0.0
  0
ENDBLK
  5
384
330
382
100
AcDbEntity
  8
0
100
AcDbBlockEnd
  0
BLOCK
  5
38F
330
38E
100
AcDbEntity
  8
0
100
AcDbBlockBegin
  2
*D41
 70
     1
 10
0.0
 20
0.0
 30
0.0
  3
*D41
  1

  0
LINE
  5
7EA
330
38E
100
AcDbEntity
  8
FD_Dimensions
 62
     0
440
 16777216
370
    -2
100
AcDbLine
 10
115.485938
 20
133.726563
 30
0.0
 11
80.83125
 21
133.726563
 31
0.0
  0
LINE
  5
7EB
330
38E
100
AcDbEntity
  8
FD_Dimensions
 62
     0
440
 16777216
370
    -2
100
AcDbLine
 10
119.385938
 20
175.726563
 30
0.0
 11
80.83125
 21
175.726563
 31
0.0
  0
LINE
  5
7EC
330
38E
100
AcDbEntity
  8
FD_Dimensions
 62
     0
440
 16777216
370
    -2
100
AcDbLine
 10
82.93125
 20
137.226563
 30
0.0
 11
82.93125
 21
172.226563
 31
0.0
  0
SOLID
  5
7ED
330
38E
100
AcDbEntity
  8
FD_Dimensions
 62
     0
440
 16777216
100
AcDbTrace
 10
82.347917
 20
137.226563
 30
0.0
 11
83.514583
 21
137.226563
 31
0.0
 12
82.93125
 22
133.726563
 32
0.0
 13
82.93125
 23
133.726563
 33
0.0
  0
SOLID
  5
7EE
330
38E
100
AcDbEntity
  8
FD_Dimensions
 62
     0
440
 16777216
100
AcDbTrace
 10
82.347917
 20
172.226563
 30
0.0
 11
83.514583
 21
172.226563
 31
0.0
 12
82.93125
 22
175.726563
 32
0.0
 13
82.93125
 23
175.726563
 33
0.0
  0
MTEXT
  5
7EF
330
38E
100
AcDbEntity
  8
FD_Dimensions
 62
     0
440
 16777216
100
AcDbMText
 10
79.774088
 20
154.726563
 30
0.0
 40
3.5
 41
0.0
 46
0.0
 71
     5
 72
     1
  1
21
 11
0.0
 21
1.0
 31
0.0
 73
     1
 44
1.0
  0
POINT
  5
7F0
330
38E
100
AcDbEntity
  8
Defpoints
 62
     0
440
 16777216
100
AcDbPoint
 10
117.585938
 20
133.726563
 30
0.0
  0
POINT
  5
7F1
330
38E
100
AcDbEntity
  8
Defpoints
 62
     0
440
 16777216
100
AcDbPoint
 10
121.485938
 20
175.726563
 30
0.0
  0
POINT
  5
7F2
330
38E
100
AcDbEntity
  8
Defpoints
 62
     0
440
 16777216
100
AcDbPoint
 10
82.93125
 20
175.726563
 30
0.0
  0
ENDBLK
  5
390
330
38E
100
AcDbEntity
  8
0
100
AcDbBlockEnd
  0
BLOCK
  5
39B
330
39A
100
AcDbEntity
  8
0
100
AcDbBlockBegin
  2
*D42
 70
     1
 10
0.0
 20
0.0
 30
0.0
  3
*D42
  1

  0
LINE
  5
7F3
330
39A
100
AcDbEntity
  8
FD_Dimensions
 62
     0
440
 16777216
370
    -2
100
AcDbLine
 10
105.585938
 20
143.626563
 30
0.0
 11
105.585938
 21
121.759375
 31
0.0
  0
LINE
  5
7F4
330
39A
100
AcDbEntity
  8
FD_Dimensions
 62
     0
440
 16777216
370
    -2
100
AcDbLine
 10
121.585938
 20
140.626563
 30
0.0
 11
121.585938
 21
121.759375
 31
0.0
  0
LINE
  5
7F5
330
39A
100
AcDbEntity
  8
FD_Dimensions
 62
     0
440
 16777216
370
    -2
100
AcDbLine
 10
109.085938
 20
123.859375
 30
0.0
 11
118.085938
 21
123.859375
 31
0.0
  0
SOLID
  5
7F6
330
39A
100
AcDbEntity
  8
FD_Dimensions
 62
     0
440
 16777216
100
AcDbTrace
 10
109.085938
 20
124.442708
 30
0.0
 11
109.085938
 21
123.276042
 31
0.0
 12
105.585938
 22
123.859375
 32
0.0
 13
105.585938
 23
123.859375
 33
0.0
  0
SOLID
  5
7F7
330
39A
100
AcDbEntity
  8
FD_Dimensions
 62
     0
440
 16777216
100
AcDbTrace
 10
118.085938
 20
124.442708
 30
0.0
 11
118.085938
 21
123.276042
 31
0.0
 12
121.585938
 22
123.859375
 32
0.0
 13
121.585938
 23
123.859375
 33
0.0
  0
MTEXT
  5
7F8
330
39A
100
AcDbEntity
  8
FD_Dimensions
 62
     0
440
 16777216
100
AcDbMText
 10
113.585938
 20
127.04638
 30
0.0
 40
3.5
 41
0.0
 46
0.0
 71
     5
 72
     1
  1
8
 73
     1
 44
1.0
  0
POINT
  5
7F9
330
39A
100
AcDbEntity
  8
Defpoints
 62
     0
440
 16777216
100
AcDbPoint
 10
105.585938
 20
145.726563
 30
0.0
  0
POINT
  5
7FA
330
39A
100
AcDbEntity
  8
Defpoints
 62
     0
440
 16777216
100
AcDbPoint
 10
121.585938
 20
142.726563
 30
0.0
  0
POINT
  5
7FB
330
39A
100
AcDbEntity
  8
Defpoints
 62
     0
440
 16777216
100
AcDbPoint
 10
121.585938
 20
123.859375
 30
0.0
  0
ENDBLK
  5
39C
330
39A
100
AcDbEntity
  8
0
100
AcDbBlockEnd
  0
BLOCK
  5
3A7
330
3A6
100
AcDbEntity
  8
0
100
AcDbBlockBegin
  2
*D43
 70
     1
 10
0.0
 20
0.0
 30
0.0
  3
*D43
  1

  0
ARC
  5
7FC
330
3A6
100
AcDbEntity
  8
FD_Dimensions
 62
     0
440
 16777216
370
    -2
100
AcDbCircle
 10
343.585938
 20
187.726563
 30
0.0
 40
9.050966799187849
100
AcDbArc
 50
157.296645
 51
247.703355
  0
SOLID
  5
7FD
330
3A6
100
AcDbEntity
  8
FD_Dimensions
 62
     0
440
 16777216
100
AcDbTrace
 10
334.751832
 20
191.544817
 30
0.0
 11
335.720728
 21
190.894931
 31
0.0
 12
337.185938
 22
194.126563
 32
0.0
 13
337.185938
 23
194.126563
 33
0.0
  0
SOLID
  5
7FE
330
3A6
100
AcDbEntity
  8
FD_Dimensions
 62
     0
440
 16777216
100
AcDbTrace
 10
340.26477
 20
179.924645
 30
0.0
 11
340.039195
 21
178.779993
 31
0.0
 12
343.585938
 22
178.675596
 32
0.0
 13
343.585938
 23
178.675596
 33
0.0
  0
MTEXT
  5
7FF
330
3A6
100
AcDbEntity
  8
FD_Dimensions
 62
     0
440
 16777216
100
AcDbMText
 10
338.169446
 20
185.482978
 30
0.0
 40
3.5
 41
0.0
 46
0.0
 71
     5
 72
     1
  1
135\U+00B0
 11
0.382683
 21
-0.92388
 31
0.0
 73
     1
 44
1.0
  0
POINT
  5
800
330
3A6
100
AcDbEntity
  8
Defpoints
 62
     0
440
 16777216
100
AcDbPoint
 10
334.534971
 20
187.726563
 30
0.0
  0
POINT
  5
801
330
3A6
100
AcDbEntity
  8
Defpoints
 62
     0
440
 16777216
100
AcDbPoint
 10
343.585938
 20
143.726563
 30
0.0
  0
POINT
  5
802
330
3A6
100
AcDbEntity
  8
Defpoints
 62
     0
440
 16777216
100
AcDbPoint
 10
335.585938
 20
195.726563
 30
0.0
  0
POINT
  5
803
330
3A6
100
AcDbEntity
  8
Defpoints
 62
     0
440
 16777216
100
AcDbPoint
 10
343.585938
 20
187.726563
 30
0.0
  0
POINT
  5
804
330
3A6
100
AcDbEntity
  8
Defpoints
 62
     0
440
 16777216
100
AcDbPoint
 10
343.585938
 20
187.726563
 30
0.0
  0
ENDBLK
  5
3A8
330
3A6
100
AcDbEntity
  8
0
100
AcDbBlockEnd
  0
BLOCK
  5
3B3
330
3B2
100
AcDbEntity
  8
0
100
AcDbBlockBegin
  2
*D44
 70
     1
 10
0.0
 20
0.0
 30
0.0
  3
*D44
  1

  0
LINE
  5
805
330
3B2
100
AcDbEntity
  8
FD_Dimensions
 62
     0
440
 16777216
370
    -2
100
AcDbLine
 10
204.101013
 20
141.241638
 30
0.0
 11
193.251771
 21
130.392396
 31
0.0
  0
ARC
  5
806
330
3B2
100
AcDbEntity
  8
FD_Dimensions
 62
     0
440
 16777216
370
    -2
100
AcDbCircle
 10
209.585938
 20
146.726563
 30
0.0
 40
21.0
100
AcDbArc
 50
99.560384
 51
215.439616
  0
SOLID
  5
807
330
3B2
100
AcDbEntity
  8
FD_Dimensions
 62
     0
440
 16777216
100
AcDbTrace
 10
206.0495
 20
168.0162
 30
0.0
 11
206.146723
 21
166.853591
 31
0.0
 12
209.585938
 22
167.726563
 32
0.0
 13
209.585938
 23
167.726563
 33
0.0
  0
SOLID
  5
808
330
3B2
100
AcDbEntity
  8
FD_Dimensions
 62
     0
440
 16777216
100
AcDbTrace
 10
192.922087
 20
134.926496
 30
0.0
 11
192.031252
 21
134.173154
 31
0.0
 12
194.736695
 22
131.87732
 32
0.0
 13
194.736695
 23
131.87732
 33
0.0
  0
MTEXT
  5
809
330
3B2
100
AcDbEntity
  8
FD_Dimensions
 62
     0
440
 16777216
100
AcDbMText
 10
187.238955
 20
155.982986
 30
0.0
 40
3.5
 41
0.0
 46
0.0
 71
     5
 72
     1
  1
135\U+00B0
 11
0.382683
 21
0.92388
 31
0.0
 73
     1
 44
1.0
  0
POINT
  5
80A
330
3B2
100
AcDbEntity
  8
Defpoints
 62
     0
440
 16777216
100
AcDbPoint
 10
194.736695
 20
161.575805
 30
0.0
  0
POINT
  5
80B
330
3B2
100
AcDbEntity
  8
Defpoints
 62
     0
440
 16777216
100
AcDbPoint
 10
209.585938
 20
188.726563
 30
0.0
  0
POINT
  5
80C
330
3B2
100
AcDbEntity
  8
Defpoints
 62
     0
440
 16777216
100
AcDbPoint
 10
205.585938
 20
142.726563
 30
0.0
  0
POINT
  5
80D
330
3B2
100
AcDbEntity
  8
Defpoints
 62
     0
440
 16777216
100
AcDbPoint
 10
209.585938
 20
146.726563
 30
0.0
  0
POINT
  5
80E
330
3B2
100
AcDbEntity
  8
Defpoints
 62
     0
440
 16777216
100
AcDbPoint
 10
209.585938
 20
146.726563
 30
0.0
  0
ENDBLK
  5
3B4
330
3B2
100
AcDbEntity
  8
0
100
AcDbBlockEnd
  0
BLOCK
  5
3C0
330
3BF
100
AcDbEntity
  8
0
100
AcDbBlockBegin
  2
*D45
 70
     1
 10
0.0
 20
0.0
 30
0.0
  3
*D45
  1

  0
LINE
  5
80F
330
3BF
100
AcDbEntity
  8
FD_Dimensions
 62
     0
440
 16777216
370
    -2
100
AcDbLine
 10
115.585938
 20
147.726563
 30
0.0
 11
115.585938
 21
82.101563
 31
0.0
  0
LINE
  5
810
330
3BF
100
AcDbEntity
  8
FD_Dimensions
 62
     0
440
 16777216
370
    -2
100
AcDbLine
 10
335.585938
 20
147.726563
 30
0.0
 11
335.585938
 21
82.101563
 31
0.0
  0
LINE
  5
811
330
3BF
100
AcDbEntity
  8
FD_Dimensions
 62
     0
440
 16777216
370
    -2
100
AcDbLine
 10
119.085938
 20
84.201563
 30
0.0
 11
332.085938
 21
84.201563
 31
0.0
  0
SOLID
  5
812
330
3BF
100
AcDbEntity
  8
FD_Dimensions
 62
     0
440
 16777216
100
AcDbTrace
 10
119.085938
 20
84.784896
 30
0.0
 11
119.085938
 21
83.618229
 31
0.0
 12
115.585938
 22
84.201563
 32
0.0
 13
115.585938
 23
84.201563
 33
0.0
  0
SOLID
  5
813
330
3BF
100
AcDbEntity
  8
FD_Dimensions
 62
     0
440
 16777216
100
AcDbTrace
 10
332.085938
 20
84.784896
 30
0.0
 11
332.085938
 21
83.618229
 31
0.0
 12
335.585938
 22
84.201563
 32
0.0
 13
335.585938
 23
84.201563
 33
0.0
  0
MTEXT
  5
814
330
3BF
100
AcDbEntity
  8
FD_Dimensions
 62
     0
440
 16777216
100
AcDbMText
 10
225.585938
 20
87.388568
 30
0.0
 40
3.5
 41
0.0
 46
0.0
 71
     5
 72
     1
  1
110
 73
     1
 44
1.0
  0
POINT
  5
815
330
3BF
100
AcDbEntity
  8
Defpoints
 62
     0
440
 16777216
100
AcDbPoint
 10
115.585938
 20
149.826563
 30
0.0
  0
POINT
  5
816
330
3BF
100
AcDbEntity
  8
Defpoints
 62
     0
440
 16777216
100
AcDbPoint
 10
335.585938
 20
149.826563
 30
0.0
  0
POINT
  5
817
330
3BF
100
AcDbEntity
  8
Defpoints
 62
     0
440
 16777216
100
AcDbPoint
 10
335.585938
 20
84.201563
 30
0.0
  0
ENDBLK
  5
3C1
330
3BF
100
AcDbEntity
  8
0
100
AcDbBlockEnd
  0
BLOCK
  5
3CC
330
3CB
100
AcDbEntity
  8
0
100
AcDbBlockBegin
  2
*D46
 70
     1
 10
0.0
 20
0.0
 30
0.0
  3
*D46
  1

  0
LINE
  5
818
330
3CB
100
AcDbEntity
  8
FD_Dimensions
 62
     0
440
 16777216
370
    -2
100
AcDbLine
 10
117.585938
 20
131.626563
 30
0.0
 11
117.585938
 21
92.251562
 31
0.0
  0
LINE
  5
819
330
3CB
100
AcDbEntity
  8
FD_Dimensions
 62
     0
440
 16777216
370
    -2
100
AcDbLine
 10
333.585938
 20
131.626563
 30
0.0
 11
333.585938
 21
92.251562
 31
0.0
  0
LINE
  5
81A
330
3CB
100
AcDbEntity
  8
FD_Dimensions
 62
     0
440
 16777216
370
    -2
100
AcDbLine
 10
121.085938
 20
94.351562
 30
0.0
 11
330.085938
 21
94.351562
 31
0.0
  0
SOLID
  5
81B
330
3CB
100
AcDbEntity
  8
FD_Dimensions
 62
     0
440
 16777216
100
AcDbTrace
 10
121.085938
 20
94.934896
 30
0.0
 11
121.085938
 21
93.768229
 31
0.0
 12
117.585938
 22
94.351562
 32
0.0
 13
117.585938
 23
94.351562
 33
0.0
  0
SOLID
  5
81C
330
3CB
100
AcDbEntity
  8
FD_Dimensions
 62
     0
440
 16777216
100
AcDbTrace
 10
330.085938
 20
94.934896
 30
0.0
 11
330.085938
 21
93.768229
 31
0.0
 12
333.585938
 22
94.351562
 32
0.0
 13
333.585938
 23
94.351562
 33
0.0
  0
MTEXT
  5
81D
330
3CB
100
AcDbEntity
  8
FD_Dimensions
 62
     0
440
 16777216
100
AcDbMText
 10
225.585938
 20
97.538568
 30
0.0
 40
3.5
 41
0.0
 46
0.0
 71
     5
 72
     1
  1
108
 73
     1
 44
1.0
  0
POINT
  5
81E
330
3CB
100
AcDbEntity
  8
Defpoints
 62
     0
440
 16777216
100
AcDbPoint
 10
117.585938
 20
133.726563
 30
0.0
  0
POINT
  5
81F
330
3CB
100
AcDbEntity
  8
Defpoints
 62
     0
440
 16777216
100
AcDbPoint
 10
333.585938
 20
133.726563
 30
0.0
  0
POINT
  5
820
330
3CB
100
AcDbEntity
  8
Defpoints
 62
     0
440
 16777216
100
AcDbPoint
 10
333.585938
 20
94.351562
 30
0.0
  0
ENDBLK
  5
3CD
330
3CB
100
AcDbEntity
  8
0
100
AcDbBlockEnd
  0
BLOCK
  5
3D8
330
3D7
100
AcDbEntity
  8
0
100
AcDbBlockBegin
  2
*D47
 70
     1
 10
0.0
 20
0.0
 30
0.0
  3
*D47
  1

  0
LINE
  5
821
330
3D7
100
AcDbEntity
  8
FD_Dimensions
 62
     0
440
 16777216
370
    -2
100
AcDbLine
 10
241.585938
 20
140.626563
 30
0.0
 11
241.585938
 21
111.915625
 31
0.0
  0
LINE
  5
822
330
3D7
100
AcDbEntity
  8
FD_Dimensions
 62
     0
440
 16777216
370
    -2
100
AcDbLine
 10
329.585938
 20
140.626563
 30
0.0
 11
329.585938
 21
111.915625
 31
0.0
  0
LINE
  5
823
330
3D7
100
AcDbEntity
  8
FD_Dimensions
 62
     0
440
 16777216
370
    -2
100
AcDbLine
 10
245.085938
 20
114.015625
 30
0.0
 11
326.085938
 21
114.015625
 31
0.0
  0
SOLID
  5
824
330
3D7
100
AcDbEntity
  8
FD_Dimensions
 62
     0
440
 16777216
100
AcDbTrace
 10
245.085938
 20
114.598958
 30
0.0
 11
245.085938
 21
113.432292
 31
0.0
 12
241.585938
 22
114.015625
 32
0.0
 13
241.585938
 23
114.015625
 33
0.0
  0
SOLID
  5
825
330
3D7
100
AcDbEntity
  8
FD_Dimensions
 62
     0
440
 16777216
100
AcDbTrace
 10
326.085938
 20
114.598958
 30
0.0
 11
326.085938
 21
113.432292
 31
0.0
 12
329.585938
 22
114.015625
 32
0.0
 13
329.585938
 23
114.015625
 33
0.0
  0
MTEXT
  5
826
330
3D7
100
AcDbEntity
  8
FD_Dimensions
 62
     0
440
 16777216
100
AcDbMText
 10
285.585938
 20
117.165625
 30
0.0
 40
3.5
 41
0.0
 46
0.0
 71
     5
 72
     1
  1
44
 73
     1
 44
1.0
  0
POINT
  5
827
330
3D7
100
AcDbEntity
  8
Defpoints
 62
     0
440
 16777216
100
AcDbPoint
 10
241.585938
 20
142.726563
 30
0.0
  0
POINT
  5
828
330
3D7
100
AcDbEntity
  8
Defpoints
 62
     0
440
 16777216
100
AcDbPoint
 10
329.585938
 20
142.726563
 30
0.0
  0
POINT
  5
829
330
3D7
100
AcDbEntity
  8
Defpoints
 62
     0
440
 16777216
100
AcDbPoint
 10
329.585938
 20
114.015625
 30
0.0
  0
ENDBLK
  5
3D9
330
3D7
100
AcDbEntity
  8
0
100
AcDbBlockEnd
  0
BLOCK
  5
3E4
330
3E3
100
AcDbEntity
  8
0
100
AcDbBlockBegin
  2
*D48
 70
     1
 10
0.0
 20
0.0
 30
0.0
  3
*D48
  1

  0
LINE
  5
82A
330
3E3
100
AcDbEntity
  8
FD_Dimensions
 62
     0
440
 16777216
370
    -2
100
AcDbLine
 10
119.485938
 20
142.726563
 30
0.0
 11
51.4
 21
142.726563
 31
0.0
  0
LINE
  5
82B
330
3E3
100
AcDbEntity
  8
FD_Dimensions
 62
     0
440
 16777216
370
    -2
100
AcDbLine
 10
119.485938
 20
188.726563
 30
0.0
 11
51.4
 21
188.726563
 31
0.0
  0
LINE
  5
82C
330
3E3
100
AcDbEntity
  8
FD_Dimensions
 62
     0
440
 16777216
370
    -2
100
AcDbLine
 10
53.5
 20
146.226563
 30
0.0
 11
53.5
 21
185.226563
 31
0.0
  0
SOLID
  5
82D
330
3E3
100
AcDbEntity
  8
FD_Dimensions
 62
     0
440
 16777216
100
AcDbTrace
 10
52.916667
 20
146.226563
 30
0.0
 11
54.083333
 21
146.226563
 31
0.0
 12
53.5
 22
142.726563
 32
0.0
 13
53.5
 23
142.726563
 33
0.0
  0
SOLID
  5
82E
330
3E3
100
AcDbEntity
  8
FD_Dimensions
 62
     0
440
 16777216
100
AcDbTrace
 10
52.916667
 20
185.226563
 30
0.0
 11
54.083333
 21
185.226563
 31
0.0
 12
53.5
 22
188.726563
 32
0.0
 13
53.5
 23
188.726563
 33
0.0
  0
MTEXT
  5
82F
330
3E3
100
AcDbEntity
  8
FD_Dimensions
 62
     0
440
 16777216
100
AcDbMText
 10
50.311801
 20
165.726563
 30
0.0
 40
3.5
 41
0.0
 46
0.0
 71
     5
 72
     1
  1
23
 11
0.0
 21
1.0
 31
0.0
 73
     1
 44
1.0
  0
POINT
  5
830
330
3E3
100
AcDbEntity
  8
Defpoints
 62
     0
440
 16777216
100
AcDbPoint
 10
121.585938
 20
142.726563
 30
0.0
  0
POINT
  5
831
330
3E3
100
AcDbEntity
  8
Defpoints
 62
     0
440
 16777216
100
AcDbPoint
 10
121.585938
 20
188.726563
 30
0.0
  0
POINT
  5
832
330
3E3
100
AcDbEntity
  8
Defpoints
 62
     0
440
 16777216
100
AcDbPoint
 10
53.5
 20
188.726563
 30
0.0
  0
ENDBLK
  5
3E5
330
3E3
100
AcDbEntity
  8
0
100
AcDbBlockEnd
  0
BLOCK
  5
3F0
330
3EF
100
AcDbEntity
  8
0
100
AcDbBlockBegin
  2
*D49
 70
     1
 10
0.0
 20
0.0
 30
0.0
  3
*D49
  1

  0
LINE
  5
833
330
3EF
100
AcDbEntity
  8
FD_Dimensions
 62
     0
440
 16777216
370
    -2
100
AcDbLine
 10
121.485938
 20
144.726563
 30
0.0
 11
65.704688
 21
144.726563
 31
0.0
  0
LINE
  5
834
330
3EF
100
AcDbEntity
  8
FD_Dimensions
 62
     0
440
 16777216
370
    -2
100
AcDbLine
 10
121.485938
 20
186.726563
 30
0.0
 11
65.704688
 21
186.726563
 31
0.0
  0
LINE
  5
835
330
3EF
100
AcDbEntity
  8
FD_Dimensions
 62
     0
440
 16777216
370
    -2
100
AcDbLine
 10
67.804688
 20
148.226563
 30
0.0
 11
67.804688
 21
183.226563
 31
0.0
  0
SOLID
  5
836
330
3EF
100
AcDbEntity
  8
FD_Dimensions
 62
     0
440
 16777216
100
AcDbTrace
 10
67.221354
 20
148.226563
 30
0.0
 11
68.388021
 21
148.226563
 31
0.0
 12
67.804688
 22
144.726563
 32
0.0
 13
67.804688
 23
144.726563
 33
0.0
  0
SOLID
  5
837
330
3EF
100
AcDbEntity
  8
FD_Dimensions
 62
     0
440
 16777216
100
AcDbTrace
 10
67.221354
 20
183.226563
 30
0.0
 11
68.388021
 21
183.226563
 31
0.0
 12
67.804688
 22
186.726563
 32
0.0
 13
67.804688
 23
186.726563
 33
0.0
  0
MTEXT
  5
838
330
3EF
100
AcDbEntity
  8
FD_Dimensions
 62
     0
440
 16777216
100
AcDbMText
 10
64.647525
 20
165.726563
 30
0.0
 40
3.5
 41
0.0
 46
0.0
 71
     5
 72
     1
  1
21
 11
0.0
 21
1.0
 31
0.0
 73
     1
 44
1.0
  0
POINT
  5
839
330
3EF
100
AcDbEntity
  8
Defpoints
 62
     0
440
 16777216
100
AcDbPoint
 10
123.585938
 20
144.726563
 30
0.0
  0
POINT
  5
83A
330
3EF
100
AcDbEntity
  8
Defpoints
 62
     0
440
 16777216
100
AcDbPoint
 10
123.585938
 20
186.726563
 30
0.0
  0
POINT
  5
83B
330
3EF
100
AcDbEntity
  8
Defpoints
 62
     0
440
 16777216
100
AcDbPoint
 10
67.804688
 20
186.726563
 30
0.0
  0
ENDBLK
  5
3F1
330
3EF
100
AcDbEntity
  8
0
100
AcDbBlockEnd
  0
BLOCK
  5
3FC
330
3FB
100
AcDbEntity
  8
0
100
AcDbBlockBegin
  2
*D50
 70
     1
 10
0.0
 20
0.0
 30
0.0
  3
*D50
  1

  0
LINE
  5
83C
330
3FB
100
AcDbEntity
  8
FD_Dimensions
 62
     0
440
 16777216
370
    -2
100
AcDbLine
 10
115.485938
 20
133.726563
 30
0.0
 11
95.696875
 21
133.726563
 31
0.0
  0
LINE
  5
83D
330
3FB
100
AcDbEntity
  8
FD_Dimensions
 62
     0
440
 16777216
370
    -2
100
AcDbLine
 10
119.485938
 20
142.726563
 30
0.0
 11
95.696875
 21
142.726563
 31
0.0
  0
LINE
  5
83E
330
3FB
100
AcDbEntity
  8
FD_Dimensions
 62
     0
440
 16777216
370
    -2
100
AcDbLine
 10
97.796875
 20
130.226563
 30
0.0
 11
97.796875
 21
126.726563
 31
0.0
  0
LINE
  5
83F
330
3FB
100
AcDbEntity
  8
FD_Dimensions
 62
     0
440
 16777216
370
    -2
100
AcDbLine
 10
97.796875
 20
146.226563
 30
0.0
 11
97.796875
 21
159.065785
 31
0.0
  0
LINE
  5
840
330
3FB
100
AcDbEntity
  8
FD_Dimensions
 62
     0
440
 16777216
370
    -2
100
AcDbLine
 10
97.796875
 20
133.726563
 30
0.0
 11
97.796875
 21
142.726563
 31
0.0
  0
SOLID
  5
841
330
3FB
100
AcDbEntity
  8
FD_Dimensions
 62
     0
440
 16777216
100
AcDbTrace
 10
97.213542
 20
130.226563
 30
0.0
 11
98.380208
 21
130.226563
 31
0.0
 12
97.796875
 22
133.726563
 32
0.0
 13
97.796875
 23
133.726563
 33
0.0
  0
SOLID
  5
842
330
3FB
100
AcDbEntity
  8
FD_Dimensions
 62
     0
440
 16777216
100
AcDbTrace
 10
97.213542
 20
146.226563
 30
0.0
 11
98.380208
 21
146.226563
 31
0.0
 12
97.796875
 22
142.726563
 32
0.0
 13
97.796875
 23
142.726563
 33
0.0
  0
MTEXT
  5
843
330
3FB
100
AcDbEntity
  8
FD_Dimensions
 62
     0
440
 16777216
100
AcDbMText
 10
94.617032
 20
154.396174
 30
0.0
 40
3.5
 41
0.0
 46
0.0
 71
     5
 72
     1
  1
4.5
 11
0.0
 21
1.0
 31
0.0
 73
     1
 44
1.0
  0
POINT
  5
844
330
3FB
100
AcDbEntity
  8
Defpoints
 62
     0
440
 16777216
100
AcDbPoint
 10
117.585938
 20
133.726563
 30
0.0
  0
POINT
  5
845
330
3FB
100
AcDbEntity
  8
Defpoints
 62
     0
440
 16777216
100
AcDbPoint
 10
121.585938
 20
142.726563
 30
0.0
  0
POINT
  5
846
330
3FB
100
AcDbEntity
  8
Defpoints
 62
     0
440
 16777216
100
AcDbPoint
 10
97.796875
 20
142.726563
 30
0.0
  0
ENDBLK
  5
3FD
330
3FB
100
AcDbEntity
  8
0
100
AcDbBlockEnd
  0
BLOCK
  5
40A
330
409
100
AcDbEntity
  8
0
100
AcDbBlockBegin
  2
*D51
 70
     1
 10
0.0
 20
0.0
 30
0.0
  3
*D51
  1

  0
LINE
  5
847
330
409
100
AcDbEntity
  8
FD_Dimensions
 62
     0
440
 16777216
370
    -2
100
AcDbLine
 10
243.585938
 20
142.626563
 30
0.0
 11
243.585938
 21
121.298438
 31
0.0
  0
LINE
  5
848
330
409
100
AcDbEntity
  8
FD_Dimensions
 62
     0
440
 16777216
370
    -2
100
AcDbLine
 10
327.585938
 20
142.626563
 30
0.0
 11
327.585938
 21
121.298438
 31
0.0
  0
LINE
  5
849
330
409
100
AcDbEntity
  8
FD_Dimensions
 62
     0
440
 16777216
370
    -2
100
AcDbLine
 10
247.085938
 20
123.398438
 30
0.0
 11
324.085938
 21
123.398438
 31
0.0
  0
SOLID
  5
84A
330
409
100
AcDbEntity
  8
FD_Dimensions
 62
     0
440
 16777216
100
AcDbTrace
 10
247.085938
 20
123.981771
 30
0.0
 11
247.085938
 21
122.815104
 31
0.0
 12
243.585938
 22
123.398438
 32
0.0
 13
243.585938
 23
123.398438
 33
0.0
  0
SOLID
  5
84B
330
409
100
AcDbEntity
  8
FD_Dimensions
 62
     0
440
 16777216
100
AcDbTrace
 10
324.085938
 20
123.981771
 30
0.0
 11
324.085938
 21
122.815104
 31
0.0
 12
327.585938
 22
123.398438
 32
0.0
 13
327.585938
 23
123.398438
 33
0.0
  0
MTEXT
  5
84C
330
409
100
AcDbEntity
  8
FD_Dimensions
 62
     0
440
 16777216
100
AcDbMText
 10
285.585938
 20
126.5556
 30
0.0
 40
3.5
 41
0.0
 46
0.0
 71
     5
 72
     1
  1
42
 73
     1
 44
1.0
  0
POINT
  5
84D
330
409
100
AcDbEntity
  8
Defpoints
 62
     0
440
 16777216
100
AcDbPoint
 10
243.585938
 20
144.726563
 30
0.0
  0
POINT
  5
84E
330
409
100
AcDbEntity
  8
Defpoints
 62
     0
440
 16777216
100
AcDbPoint
 10
327.585938
 20
144.726563
 30
0.0
  0
POINT
  5
84F
330
409
100
AcDbEntity
  8
Defpoints
 62
     0
440
 16777216
100
AcDbPoint
 10
327.585938
 20
123.398438
 30
0.0
  0
ENDBLK
  5
40B
330
409
100
AcDbEntity
  8
0
100
AcDbBlockEnd
  0
BLOCK
  5
416
330
415
100
AcDbEntity
  8
0
100
AcDbBlockBegin
  2
*D52
 70
     1
 10
0.0
 20
0.0
 30
0.0
  3
*D52
  1

  0
LINE
  5
850
330
415
100
AcDbEntity
  8
FD_Dimensions
 62
     0
440
 16777216
370
    -2
100
AcDbLine
 10
206.101013
 20
188.211487
 30
0.0
 11
187.661402
 21
206.651098
 31
0.0
  0
LINE
  5
851
330
415
100
AcDbEntity
  8
FD_Dimensions
 62
     0
440
 16777216
370
    -2
100
AcDbLine
 10
208.101013
 20
190.211487
 30
0.0
 11
189.661402
 21
208.651098
 31
0.0
  0
LINE
  5
852
330
415
100
AcDbEntity
  8
FD_Dimensions
 62
     0
440
 16777216
370
    -2
100
AcDbLine
 10
186.671453
 20
202.6913
 30
0.0
 11
184.196579
 21
200.216426
 31
0.0
  0
LINE
  5
853
330
415
100
AcDbEntity
  8
FD_Dimensions
 62
     0
440
 16777216
370
    -2
100
AcDbLine
 10
193.6212
 20
209.641047
 30
0.0
 11
203.793843
 21
219.81369
 31
0.0
  0
LINE
  5
854
330
415
100
AcDbEntity
  8
FD_Dimensions
 62
     0
440
 16777216
370
    -2
100
AcDbLine
 10
189.146327
 20
205.166173
 30
0.0
 11
191.146327
 21
207.166173
 31
0.0
  0
SOLID
  5
855
330
415
100
AcDbEntity
  8
FD_Dimensions
 62
     0
440
 16777216
100
AcDbTrace
 10
186.258974
 20
203.103779
 30
0.0
 11
187.083932
 21
202.278821
 31
0.0
 12
189.146327
 22
205.166173
 32
0.0
 13
189.146327
 23
205.166173
 33
0.0
  0
SOLID
  5
856
330
415
100
AcDbEntity
  8
FD_Dimensions
 62
     0
440
 16777216
100
AcDbTrace
 10
193.208721
 20
210.053526
 30
0.0
 11
194.033679
 21
209.228568
 31
0.0
 12
191.146327
 22
207.166173
 32
0.0
 13
191.146327
 23
207.166173
 33
0.0
  0
MTEXT
  5
857
330
415
100
AcDbEntity
  8
FD_Dimensions
 62
     0
440
 16777216
100
AcDbMText
 10
197.712508
 20
218.197256
 30
0.0
 40
3.5
 41
0.0
 46
0.0
 71
     5
 72
     1
  1
1.41
 11
0.707107
 21
0.707107
 31
0.0
 73
     1
 44
1.0
  0
POINT
  5
858
330
415
100
AcDbEntity
  8
Defpoints
 62
     0
440
 16777216
100
AcDbPoint
 10
207.585938
 20
186.726563
 30
0.0
  0
POINT
  5
859
330
415
100
AcDbEntity
  8
Defpoints
 62
     0
440
 16777216
100
AcDbPoint
 10
209.585938
 20
188.726563
 30
0.0
  0
POINT
  5
85A
330
415
100
AcDbEntity
  8
Defpoints
 62
     0
440
 16777216
100
AcDbPoint
 10
191.146327
 20
207.166173
 30
0.0
  0
ENDBLK
  5
417
330
415
100
AcDbEntity
  8
0
100
AcDbBlockEnd
  0
BLOCK
  5
424
330
423
100
AcDbEntity
  8
0
100
AcDbBlockBegin
  2
*D53
 70
     1
 10
0.0
 20
0.0
 30
0.0
  3
*D53
  1

  0
LINE
  5
85B
330
423
100
AcDbEntity
  8
FD_Dimensions
 62
     0
440
 16777216
370
    -2
100
AcDbLine
 10
328.101013
 20
190.211487
 30
0.0
 11
303.494744
 21
214.817756
 31
0.0
  0
LINE
  5
85C
330
423
100
AcDbEntity
  8
FD_Dimensions
 62
     0
440
 16777216
370
    -2
100
AcDbLine
 10
326.101013
 20
188.211487
 30
0.0
 11
301.494744
 21
212.817756
 31
0.0
  0
LINE
  5
85D
330
423
100
AcDbEntity
  8
FD_Dimensions
 62
     0
440
 16777216
370
    -2
100
AcDbLine
 10
307.454542
 20
215.807706
 30
0.0
 11
309.929416
 21
218.282579
 31
0.0
  0
LINE
  5
85E
330
423
100
AcDbEntity
  8
FD_Dimensions
 62
     0
440
 16777216
370
    -2
100
AcDbLine
 10
300.504794
 20
208.857958
 30
0.0
 11
290.332152
 21
198.685315
 31
0.0
  0
LINE
  5
85F
330
423
100
AcDbEntity
  8
FD_Dimensions
 62
     0
440
 16777216
370
    -2
100
AcDbLine
 10
304.979668
 20
213.332832
 30
0.0
 11
302.979668
 21
211.332832
 31
0.0
  0
SOLID
  5
860
330
423
100
AcDbEntity
  8
FD_Dimensions
 62
     0
440
 16777216
100
AcDbTrace
 10
307.042063
 20
216.220184
 30
0.0
 11
307.867021
 21
215.395227
 31
0.0
 12
304.979668
 22
213.332832
 32
0.0
 13
304.979668
 23
213.332832
 33
0.0
  0
SOLID
  5
861
330
423
100
AcDbEntity
  8
FD_Dimensions
 62
     0
440
 16777216
100
AcDbTrace
 10
300.092316
 20
209.270437
 30
0.0
 11
300.917273
 21
208.445479
 31
0.0
 12
302.979668
 22
211.332832
 32
0.0
 13
302.979668
 23
211.332832
 33
0.0
  0
MTEXT
  5
862
330
423
100
AcDbEntity
  8
FD_Dimensions
 62
     0
440
 16777216
100
AcDbMText
 10
291.948585
 20
204.766651
 30
0.0
 40
3.5
 41
0.0
 46
0.0
 71
     5
 72
     1
  1
1.41
 11
0.707107
 21
0.707107
 31
0.0
 73
     1
 44
1.0
  0
POINT
  5
863
330
423
100
AcDbEntity
  8
Defpoints
 62
     0
440
 16777216
100
AcDbPoint
 10
329.585938
 20
188.726563
 30
0.0
  0
POINT
  5
864
330
423
100
AcDbEntity
  8
Defpoints
 62
     0
440
 16777216
100
AcDbPoint
 10
327.585938
 20
186.726563
 30
0.0
  0
POINT
  5
865
330
423
100
AcDbEntity
  8
Defpoints
 62
     0
440
 16777216
100
AcDbPoint
 10
302.979668
 20
211.332832
 30
0.0
  0
ENDBLK
  5
425
330
423
100
AcDbEntity
  8
0
100
AcDbBlockEnd
  0
ENDSEC
  0
SECTION
  2
ENTITIES
  0
INSERT
  5
148
330
70
100
AcDbEntity
  8
BORDER
100
AcDbBlockReference
  2
ISO_A3_SHEET
 10
0.0
 20
0.0
 30
0.0
  0
INSERT
  5
18E
330
70
100
AcDbEntity
  8
TITLEBLOCK
100
AcDbBlockReference
 66
     1
  2
ISO_TITLEBLOCK
 10
410.0
 20
10.0
 30
0.0
  0
ATTRIB
  5
1CA
330
18E
100
AcDbEntity
  8
TITLEBLOCK
100
AcDbText
 10
360.0
 20
11.5
 30
0.0
 40
3.5
  1

  7
FusionTitle
 11
360.0
 21
15.0
 31
0.0
100
AcDbAttribute
280
     0
  2
DATE_OF_ISSUE
 70
     0
 74
     3
280
     1
  0
ATTRIB
  5
1CB
330
18E
100
AcDbEntity
  8
TITLEBLOCK
100
AcDbText
 10
354.0
 20
11.35
 30
0.0
 40
3.5
  1

  7
FusionTitle
 72
     1
 11
354.0
 21
14.85
 31
0.0
100
AcDbAttribute
280
     0
  2
REV
 70
     0
 74
     3
280
     1
  0
ATTRIB
  5
1CC
330
18E
100
AcDbEntity
  8
TITLEBLOCK
100
AcDbText
 10
289.0
 20
11.5
 30
0.0
 40
5.0
  1

  7
FusionTitle
 11
289.0
 21
16.5
 31
0.0
100
AcDbAttribute
280
     0
  2
TITLE_3
 70
     0
 74
     3
280
     1
  0
ATTRIB
  5
1CD
330
18E
100
AcDbEntity
  8
TITLEBLOCK
100
AcDbText
 10
350.0
 20
38.5
 30
0.0
 40
3.5
  1

  7
FusionTitle
 11
350.0
 21
42.0
 31
0.0
100
AcDbAttribute
280
     0
  2
DOCUMENT_STATUS
 70
     0
 74
     3
280
     1
  0
ATTRIB
  5
1CE
330
18E
100
AcDbEntity
  8
TITLEBLOCK
100
AcDbText
 10
289.0
 20
38.5
 30
0.0
 40
3.5
  1

  7
FusionTitle
 11
289.0
 21
42.0
 31
0.0
100
AcDbAttribute
280
     0
  2
DOCUMENT_TYPE
 70
     0
 74
     3
280
     1
  0
ATTRIB
  5
1CF
330
18E
100
AcDbEntity
  8
TITLEBLOCK
100
AcDbText
 10
409.007162
 20
48.5
 30
0.0
 40
3.5
  1

  7
FusionTitle
 72
     2
 11
409.007162
 21
52.0
 31
0.0
100
AcDbAttribute
280
     0
  2
APPROVED_DATE
 70
     0
 74
     3
280
     1
  0
ATTRIB
  5
1D0
330
18E
100
AcDbEntity
  8
TITLEBLOCK
100
AcDbText
 10
328.967258
 20
48.5
 30
0.0
 40
3.5
  1
20.04.26
  7
FusionTitle
 72
     2
 11
348.0
 21
52.0
 31
0.0
100
AcDbAttribute
280
     0
  2
CREATED_DATE
 70
     0
 74
     3
280
     1
  0
ATTRIB
  5
1D1
330
18E
100
AcDbEntity
  8
TITLEBLOCK
100
AcDbText
 10
399.101467
 20
11.35
 30
0.0
 40
3.5
  1
1/1
  7
FusionTitle
 72
     1
 11
402.5
 21
14.85
 31
0.0
100
AcDbAttribute
280
     0
  2
SHEET
 70
     0
 74
     3
280
     1
  0
ATTRIB
  5
1D2
330
18E
100
AcDbEntity
  8
TITLEBLOCK
100
AcDbText
 10
289.0
 20
19.0
 30
0.0
 40
5.0
  1

  7
FusionTitle
 11
289.0
 21
24.0
 31
0.0
100
AcDbAttribute
280
     0
  2
TITLE_2
 70
     0
 74
     3
280
     1
  0
ATTRIB
  5
1D3
330
18E
100
AcDbEntity
  8
TITLEBLOCK
100
AcDbText
 10
379.5
 20
24.751432
 30
0.0
 40
5.0
  1

  7
FusionTitle
 72
     1
 11
379.5
 21
29.751432
 31
0.0
100
AcDbAttribute
280
     0
  2
DRAWING_NUMBER
 70
     0
 74
     3
280
     1
  0
ATTRIB
  5
1D4
330
18E
100
AcDbEntity
  8
TITLEBLOCK
100
AcDbText
 10
289.0
 20
26.5
 30
0.0
 40
5.0
  1
arm_1
  7
FusionTitle
 11
289.0
 21
31.5
 31
0.0
100
AcDbAttribute
280
     0
  2
TITLE_1
 70
     0
 74
     3
280
     1
  0
ATTRIB
  5
1D5
330
18E
100
AcDbEntity
  8
TITLEBLOCK
100
AcDbText
 10
350.0
 20
48.5
 30
0.0
 40
3.5
  1

  7
FusionTitle
 11
350.0
 21
52.0
 31
0.0
100
AcDbAttribute
280
     0
  2
APPROVED_BY
 70
     0
 74
     3
280
     1
  0
ATTRIB
  5
1D6
330
18E
100
AcDbEntity
  8
TITLEBLOCK
100
AcDbText
 10
289.0
 20
48.5
 30
0.0
 40
3.5
  1
Shrikar Nakhye
  7
FusionTitle
 11
289.0
 21
52.0
 31
0.0
100
AcDbAttribute
280
     0
  2
CREATED_BY
 70
     0
 74
     3
280
     1
  0
ATTRIB
  5
1D7
330
18E
100
AcDbEntity
  8
TITLEBLOCK
100
AcDbText
 10
255.0
 20
48.5
 30
0.0
 40
3.5
  1

  7
FusionTitle
 11
255.0
 21
52.0
 31
0.0
100
AcDbAttribute
280
     0
  2
TECHNICAL_REFERENCE
 70
     0
 74
     3
280
     1
  0
ATTRIB
  5
1D8
330
18E
100
AcDbEntity
  8
TITLEBLOCK
100
AcDbText
 10
231.0
 20
48.5
 30
0.0
 40
3.5
  1

  7
FusionTitle
 11
231.0
 21
52.0
 31
0.0
100
AcDbAttribute
280
     0
  2
DEPT
 70
     0
 74
     3
280
     1
  0
SEQEND
  5
1D9
330
18E
100
AcDbEntity
  8
TITLEBLOCK
  0
INSERT
  5
1DA
330
70
100
AcDbEntity
  8
Smart Centers
 48
0.75
100
AcDbBlockReference
  2
*U6
 10
235.585938
 20
155.726563
 30
0.0
  0
INSERT
  5
1E5
330
70
100
AcDbEntity
  8
Smart Centers
 48
0.75
100
AcDbBlockReference
  2
*U7
 10
335.585938
 20
155.726563
 30
0.0
  0
INSERT
  5
1EF
330
70
100
AcDbEntity
  8
Smart Centers
 48
0.75
100
AcDbBlockReference
  2
*U8
 10
215.585938
 20
175.726563
 30
0.0
  0
INSERT
  5
1F9
330
70
100
AcDbEntity
  8
Smart Centers
 48
0.75
100
AcDbBlockReference
  2
*U9
 10
215.585938
 20
155.726563
 30
0.0
  0
INSERT
  5
203
330
70
100
AcDbEntity
  8
Smart Centers
 48
0.75
100
AcDbBlockReference
  2
*U10
 10
115.585938
 20
175.726563
 30
0.0
  0
INSERT
  5
20D
330
70
100
AcDbEntity
  8
Smart Centers
 48
0.75
100
AcDbBlockReference
  2
*U11
 10
115.585938
 20
155.726563
 30
0.0
  0
INSERT
  5
217
330
70
100
AcDbEntity
  8
Smart Centers
 48
0.75
100
AcDbBlockReference
  2
*U12
 10
335.585938
 20
175.726563
 30
0.0
  0
INSERT
  5
221
330
70
100
AcDbEntity
  8
Smart Centers
 48
0.75
100
AcDbBlockReference
  2
*U13
 10
235.585938
 20
175.726563
 30
0.0
  0
DIMENSION
  5
22B
330
70
100
AcDbEntity
  8
FD_Dimensions
100
AcDbDimension
280
     0
  2
*D34
 10
345.585938
 20
64.515625
 30
0.0
 11
225.585938
 21
67.70263
 31
0.0
 70
    32
 71
     5
 42
120.0
 73
     0
 74
     0
 75
     0
  3
Dim-ISO-25
100
AcDbAlignedDimension
 13
105.585938
 23
145.726563
 33
0.0
 14
345.585938
 24
145.726563
 34
0.0
100
AcDbRotatedDimension
1001
FUSDOC_AUTODIM_XDATA
1070
     1
1071
        0
1071
     4000
1071
        0
1071
  1573888
1071
        0
1071
        0
1001
ACAD_DIMASSOC_CALC_DIMLFAC
1040
-0.5
1001
ACAD_DIMASSOC_DIMLFAC
1040
-0.5
1001
ACAD_DIMASSOC_OVERRIDDEN_DIMLFAC
1040
0.0
1001
AUTO_ARRANGE_XDATA
1070
     1
1071
        4
1040
81.210938
1040
0.0
1001
ACAD_DSTYLE_DIMJAG_POSITION
1070
   387
1070
     0
1070
   389
1010
0.0
1020
0.0
1030
0.0
1001
ACAD
1000
DSTYLE
1002
{
1070
   144
1040
0.5
1002
}
  0
DIMENSION
  5
239
330
70
100
AcDbEntity
  8
FD_Dimensions
100
AcDbDimension
280
     0
  2
*D35
 10
38.835938
 20
197.726563
 30
0.0
 11
35.647738
 21
165.726563
 31
0.0
 70
    32
 71
     5
 42
32.0
 73
     0
 74
     0
 75
     0
  3
Dim-ISO-25
100
AcDbAlignedDimension
 13
117.585938
 23
133.726563
 33
0.0
 14
117.585938
 24
197.726563
 34
0.0
 50
90.0
100
AcDbRotatedDimension
1001
FUSDOC_AUTODIM_XDATA
1070
     1
1071
        0
1071
     4000
1071
        0
1071
  1573888
1071
        0
1071
        0
1001
ACAD_DIMASSOC_CALC_DIMLFAC
1040
-0.5
1001
ACAD_DIMASSOC_DIMLFAC
1040
-0.5
1001
ACAD_DIMASSOC_OVERRIDDEN_DIMLFAC
1040
0.0
1001
AUTO_ARRANGE_XDATA
1070
     1
1071
        7
1040
78.75
1040
0.0
1001
ACAD_DSTYLE_DIMJAG_POSITION
1070
   387
1070
     0
1070
   389
1010
0.0
1020
0.0
1030
0.0
1001
ACAD
1000
DSTYLE
1002
{
1070
   144
1040
0.5
1002
}
  0
DIMENSION
  5
246
330
70
100
AcDbEntity
  8
FD_Dimensions
100
AcDbDimension
280
     0
  2
*D36
 10
95.28125
 20
248.359375
 30
0.0
 11
92.13125
 21
244.359375
 31
0.0
 70
    32
 71
     5
 42
4.0
 73
     0
 74
     0
 75
     0
  3
Dim-ISO-25
100
AcDbAlignedDimension
 13
107.585938
 23
240.359375
 33
0.0
 14
107.585938
 24
248.359375
 34
0.0
 50
90.0
100
AcDbRotatedDimension
1001
FUSDOC_AUTODIM_XDATA
1070
     1
1071
        0
1071
     4000
1071
        0
1071
  1049600
1071
        0
1071
        0
1001
ACAD_DIMASSOC_CALC_DIMLFAC
1040
-0.5
1001
ACAD_DIMASSOC_DIMLFAC
1040
-0.5
1001
ACAD_DIMASSOC_OVERRIDDEN_DIMLFAC
1040
0.0
1001
AUTO_ARRANGE_XDATA
1070
     1
1071
        7
1040
12.304688
1040
0.0
1001
ACAD_DSTYLE_DIMJAG_POSITION
1070
   387
1070
     0
1070
   389
1010
0.0
1020
0.0
1030
0.0
1001
ACAD
1000
DSTYLE
1002
{
1070
   144
1040
0.5
1002
}
  0
DIMENSION
  5
255
330
70
100
AcDbEntity
  8
FD_Dimensions
100
AcDbDimension
280
     0
  2
*D37
 10
333.48796
 20
176.892106
 30
0.0
 11
354.049705
 21
165.468914
 31
0.0
 70
   163
 71
     5
 42
2.4
 73
     0
 74
     0
 75
     0
  3
Dim-ISO-25
100
AcDbDiametricDimension
 15
337.683915
 25
174.561019
 35
0.0
 40
0.0
1001
FUSDOC_AUTODIM_XDATA
1070
     1
1071
        0
1071
     3000
1071
        0
1071
       32
1071
        0
1071
        0
1001
ACAD_DIMASSOC_CALC_DIMLFAC
1040
-0.5
1001
ACAD_DIMASSOC_DIMLFAC
1040
-0.5
1001
ACAD_DIMASSOC_OVERRIDDEN_DIMLFAC
1040
0.0
1001
AUTO_ARRANGE_XDATA
1070
     2
1040
0.507099
1070
     0
1040
18.721791
1001
ACAD_DSTYLE_DIMJAG_POSITION
1070
   387
1070
     0
1070
   389
1010
0.0
1020
0.0
1030
0.0
1001
ACAD_DSTYLE_DIMRADIAL_EXTENSION
1070
   387
1070
     1
1070
   388
1040
0.0
1070
   390
1040
0.0
1001
ACAD
1000
DSTYLE
1002
{
1070
   144
1040
0.5
1002
}
  0
DIMENSION
  5
261
330
70
100
AcDbEntity
  8
FD_Dimensions
100
AcDbDimension
280
     0
  2
*D38
 10
335.585938
 20
74.357813
 30
0.0
 11
220.585938
 21
77.544818
 31
0.0
 70
    32
 71
     5
 42
115.0
 73
     0
 74
     0
 75
     0
  3
Dim-ISO-25
100
AcDbAlignedDimension
 13
105.585938
 23
145.726563
 33
0.0
 14
335.585938
 24
149.826563
 34
0.0
100
AcDbRotatedDimension
1001
FUSDOC_AUTODIM_XDATA
1070
     1
1071
        0
1071
     1500
1071
        0
1071
   197632
1071
        0
1071
        0
1001
ACAD_DIMASSOC_CALC_DIMLFAC
1040
-0.5
1001
ACAD_DIMASSOC_DIMLFAC
1040
-0.5
1001
ACAD_DIMASSOC_OVERRIDDEN_DIMLFAC
1040
0.0
1001
AUTO_ARRANGE_XDATA
1070
     1
1071
        4
1040
71.36875
1040
0.0
1001
ACAD_DSTYLE_DIMJAG_POSITION
1070
   387
1070
     0
1070
   389
1010
0.0
1020
0.0
1030
0.0
1001
ACAD
1000
DSTYLE
1002
{
1070
   144
1040
0.5
1002
}
  0
DIMENSION
  5
26E
330
70
100
AcDbEntity
  8
FD_Dimensions
100
AcDbDimension
280
     0
  2
*D39
 10
241.585938
 20
104.171875
 30
0.0
 11
173.585938
 21
107.35888
 31
0.0
 70
    32
 71
     5
 42
68.0
 73
     0
 74
     0
 75
     0
  3
Dim-ISO-25
100
AcDbAlignedDimension
 13
105.585938
 23
145.726563
 33
0.0
 14
241.585938
 24
142.726563
 34
0.0
100
AcDbRotatedDimension
1001
FUSDOC_AUTODIM_XDATA
1070
     1
1071
        0
1071
     1500
1071
        0
1071
   132096
1071
        0
1071
        0
1001
ACAD_DIMASSOC_CALC_DIMLFAC
1040
-0.5
1001
ACAD_DIMASSOC_DIMLFAC
1040
-0.5
1001
ACAD_DIMASSOC_OVERRIDDEN_DIMLFAC
1040
0.0
1001
AUTO_ARRANGE_XDATA
1070
     1
1071
        4
1040
38.554688
1040
0.0
1001
ACAD_DSTYLE_DIMJAG_POSITION
1070
   387
1070
     0
1070
   389
1010
0.0
1020
0.0
1030
0.0
1001
ACAD
1000
DSTYLE
1002
{
1070
   144
1040
0.5
1002
}
  0
DIMENSION
  5
27B
330
70
100
AcDbEntity
  8
FD_Dimensions
100
AcDbDimension
280
     0
  2
*D40
 10
235.585938
 20
113.732813
 30
0.0
 11
170.585938
 21
116.919818
 31
0.0
 70
    32
 71
     5
 42
65.0
 73
     0
 74
     0
 75
     0
  3
Dim-ISO-25
100
AcDbAlignedDimension
 13
105.585938
 23
145.726563
 33
0.0
 14
235.585938
 24
149.826563
 34
0.0
100
AcDbRotatedDimension
1001
FUSDOC_AUTODIM_XDATA
1070
     1
1071
        0
1071
     1500
1071
        0
1071
   197632
1071
        0
1071
        0
1001
ACAD_DIMASSOC_CALC_DIMLFAC
1040
-0.5
1001
ACAD_DIMASSOC_DIMLFAC
1040
-0.5
1001
ACAD_DIMASSOC_OVERRIDDEN_DIMLFAC
1040
0.0
1001
AUTO_ARRANGE_XDATA
1070
     1
1071
        4
1040
31.99375
1040
0.0
1001
ACAD_DSTYLE_DIMJAG_POSITION
1070
   387
1070
     0
1070
   389
1010
0.0
1020
0.0
1030
0.0
1001
ACAD
1000
DSTYLE
1002
{
1070
   144
1040
0.5
1002
}
  0
DIMENSION
  5
288
330
70
100
AcDbEntity
  8
FD_Dimensions
100
AcDbDimension
280
     0
  2
*D41
 10
82.93125
 20
175.726563
 30
0.0
 11
79.774088
 21
154.726563
 31
0.0
 70
    32
 71
     5
 42
21.0
 73
     0
 74
     0
 75
     0
  3
Dim-ISO-25
100
AcDbAlignedDimension
 13
117.585938
 23
133.726563
 33
0.0
 14
121.485938
 24
175.726563
 34
0.0
 50
90.0
100
AcDbRotatedDimension
1001
FUSDOC_AUTODIM_XDATA
1070
     1
1071
        0
1071
     1500
1071
        0
1071
   197632
1071
        0
1071
        0
1001
ACAD_DIMASSOC_CALC_DIMLFAC
1040
-0.5
1001
ACAD_DIMASSOC_DIMLFAC
1040
-0.5
1001
ACAD_DIMASSOC_OVERRIDDEN_DIMLFAC
1040
0.0
1001
AUTO_ARRANGE_XDATA
1070
     1
1071
        7
1040
34.654687
1040
0.0
1001
ACAD_DSTYLE_DIMJAG_POSITION
1070
   387
1070
     0
1070
   389
1010
0.0
1020
0.0
1030
0.0
1001
ACAD
1000
DSTYLE
1002
{
1070
   144
1040
0.5
1002
}
  0
DIMENSION
  5
295
330
70
100
AcDbEntity
  8
FD_Dimensions
100
AcDbDimension
280
     0
  2
*D42
 10
121.585938
 20
123.859375
 30
0.0
 11
113.585938
 21
127.04638
 31
0.0
 70
    32
 71
     5
 42
8.0
 73
     0
 74
     0
 75
     0
  3
Dim-ISO-25
100
AcDbAlignedDimension
 13
105.585938
 23
145.726563
 33
0.0
 14
121.585938
 24
142.726563
 34
0.0
100
AcDbRotatedDimension
1001
FUSDOC_AUTODIM_XDATA
1070
     1
1071
        0
1071
     1500
1071
        0
1071
   197632
1071
        0
1071
        0
1001
ACAD_DIMASSOC_CALC_DIMLFAC
1040
-0.5
1001
ACAD_DIMASSOC_DIMLFAC
1040
-0.5
1001
ACAD_DIMASSOC_OVERRIDDEN_DIMLFAC
1040
0.0
1001
AUTO_ARRANGE_XDATA
1070
     1
1071
        4
1040
18.867187
1040
0.0
1001
ACAD_DSTYLE_DIMJAG_POSITION
1070
   387
1070
     0
1070
   389
1010
0.0
1020
0.0
1030
0.0
1001
ACAD
1000
DSTYLE
1002
{
1070
   144
1040
0.5
1002
}
  0
DIMENSION
  5
2A2
330
70
100
AcDbEntity
  8
FD_Dimensions
100
AcDbDimension
280
     0
  2
*D43
 10
343.585938
 20
187.726563
 30
0.0
 11
338.169446
 21
185.482978
 31
0.0
 70
    34
 71
     5
 42
2.356194
 73
     0
 74
     0
 75
     0
  3
Dim-ISO-25
100
AcDb2LineAngularDimension
 13
335.585938
 23
195.726563
 33
0.0
 14
343.585938
 24
187.726563
 34
0.0
 15
343.585938
 25
143.726563
 35
0.0
 16
334.534971
 26
187.726563
 36
0.0
1001
FUSDOC_AUTODIM_XDATA
1070
     1
1071
        0
1071
      100
1071
       64
1071
        0
1071
        0
1071
        0
1001
ACAD_DSTYLE_DIMJAG_POSITION
1070
   387
1070
     0
1070
   389
1010
0.0
1020
0.0
1030
0.0
1001
ACAD
1000
DSTYLE
1002
{
1070
   144
1040
1.0
1070
     3
1000

1002
}
  0
DIMENSION
  5
2AF
330
70
100
AcDbEntity
  8
FD_Dimensions
100
AcDbDimension
280
     0
  2
*D44
 10
209.585938
 20
146.726563
 30
0.0
 11
187.238955
 21
155.982986
 31
0.0
 70
    34
 71
     5
 42
2.356194
 73
     0
 74
     0
 75
     0
  3
Dim-ISO-25
100
AcDb2LineAngularDimension
 13
205.585938
 23
142.726563
 33
0.0
 14
209.585938
 24
146.726563
 34
0.0
 15
209.585938
 25
188.726563
 35
0.0
 16
194.736695
 26
161.575805
 36
0.0
1001
FUSDOC_AUTODIM_XDATA
1070
     1
1071
        0
1071
      100
1071
       64
1071
        0
1071
        0
1071
        0
1001
ACAD_DSTYLE_DIMJAG_POSITION
1070
   387
1070
     0
1070
   389
1010
0.0
1020
0.0
1030
0.0
1001
ACAD
1000
DSTYLE
1002
{
1070
   144
1040
1.0
1070
     3
1000

1002
}
  0
DIMENSION
  5
2BD
330
70
100
AcDbEntity
  8
FD_Dimensions
100
AcDbDimension
280
     0
  2
*D45
 10
335.585938
 20
84.201563
 30
0.0
 11
225.585938
 21
87.388568
 31
0.0
 70
    32
 71
     5
 42
110.0
 73
     0
 74
     0
 75
     0
  3
Dim-ISO-25
100
AcDbAlignedDimension
 13
115.585938
 23
149.826563
 33
0.0
 14
335.585938
 24
149.826563
 34
0.0
100
AcDbRotatedDimension
1001
FUSDOC_AUTODIM_XDATA
1070
     1
1071
        0
1071
      100
1071
        0
1071
   525312
1071
        0
1071
        0
1001
ACAD_DIMASSOC_CALC_DIMLFAC
1040
-0.5
1001
ACAD_DIMASSOC_DIMLFAC
1040
-0.5
1001
ACAD_DIMASSOC_OVERRIDDEN_DIMLFAC
1040
0.0
1001
AUTO_ARRANGE_XDATA
1070
     1
1071
        4
1040
65.625
1040
0.0
1001
ACAD_DSTYLE_DIMJAG_POSITION
1070
   387
1070
     0
1070
   389
1010
0.0
1020
0.0
1030
0.0
1001
ACAD
1000
DSTYLE
1002
{
1070
   144
1040
0.5
1002
}
  0
DIMENSION
  5
2CA
330
70
100
AcDbEntity
  8
FD_Dimensions
100
AcDbDimension
280
     0
  2
*D46
 10
333.585938
 20
94.351562
 30
0.0
 11
225.585938
 21
97.538568
 31
0.0
 70
    32
 71
     5
 42
108.0
 73
     0
 74
     0
 75
     0
  3
Dim-ISO-25
100
AcDbAlignedDimension
 13
117.585938
 23
133.726563
 33
0.0
 14
333.585938
 24
133.726563
 34
0.0
100
AcDbRotatedDimension
1001
FUSDOC_AUTODIM_XDATA
1070
     1
1071
        0
1071
      100
1071
        0
1071
   525312
1071
        0
1071
        0
1001
ACAD_DIMASSOC_CALC_DIMLFAC
1040
-0.5
1001
ACAD_DIMASSOC_DIMLFAC
1040
-0.5
1001
ACAD_DIMASSOC_OVERRIDDEN_DIMLFAC
1040
0.0
1001
AUTO_ARRANGE_XDATA
1070
     1
1071
        4
1040
39.375
1040
0.0
1001
ACAD_DSTYLE_DIMJAG_POSITION
1070
   387
1070
     0
1070
   389
1010
0.0
1020
0.0
1030
0.0
1001
ACAD
1000
DSTYLE
1002
{
1070
   144
1040
0.5
1002
}
  0
DIMENSION
  5
2D7
330
70
100
AcDbEntity
  8
FD_Dimensions
100
AcDbDimension
280
     0
  2
*D47
 10
329.585938
 20
114.015625
 30
0.0
 11
285.585938
 21
117.165625
 31
0.0
 70
    32
 71
     5
 42
44.0
 73
     0
 74
     0
 75
     0
  3
Dim-ISO-25
100
AcDbAlignedDimension
 13
241.585938
 23
142.726563
 33
0.0
 14
329.585938
 24
142.726563
 34
0.0
100
AcDbRotatedDimension
1001
FUSDOC_AUTODIM_XDATA
1070
     1
1071
        0
1071
      100
1071
        0
1071
   525312
1071
        0
1071
        0
1001
ACAD_DIMASSOC_CALC_DIMLFAC
1040
-0.5
1001
ACAD_DIMASSOC_DIMLFAC
1040
-0.5
1001
ACAD_DIMASSOC_OVERRIDDEN_DIMLFAC
1040
0.0
1001
AUTO_ARRANGE_XDATA
1070
     1
1071
        4
1040
28.710937
1040
0.0
1001
ACAD_DSTYLE_DIMJAG_POSITION
1070
   387
1070
     0
1070
   389
1010
0.0
1020
0.0
1030
0.0
1001
ACAD
1000
DSTYLE
1002
{
1070
   144
1040
0.5
1002
}
  0
DIMENSION
  5
2E4
330
70
100
AcDbEntity
  8
FD_Dimensions
100
AcDbDimension
280
     0
  2
*D48
 10
53.5
 20
188.726563
 30
0.0
 11
50.311801
 21
165.726563
 31
0.0
 70
    32
 71
     5
 42
23.0
 73
     0
 74
     0
 75
     0
  3
Dim-ISO-25
100
AcDbAlignedDimension
 13
121.585938
 23
142.726563
 33
0.0
 14
121.585938
 24
188.726563
 34
0.0
 50
90.0
100
AcDbRotatedDimension
1001
FUSDOC_AUTODIM_XDATA
1070
     1
1071
        0
1071
      100
1071
        0
1071
   525312
1071
        0
1071
        0
1001
ACAD_DIMASSOC_CALC_DIMLFAC
1040
-0.5
1001
ACAD_DIMASSOC_DIMLFAC
1040
-0.5
1001
ACAD_DIMASSOC_OVERRIDDEN_DIMLFAC
1040
0.0
1001
AUTO_ARRANGE_XDATA
1070
     1
1071
        7
1040
68.085938
1040
0.0
1001
ACAD_DSTYLE_DIMJAG_POSITION
1070
   387
1070
     0
1070
   389
1010
0.0
1020
0.0
1030
0.0
1001
ACAD
1000
DSTYLE
1002
{
1070
   144
1040
0.5
1002
}
  0
DIMENSION
  5
2F1
330
70
100
AcDbEntity
  8
FD_Dimensions
100
AcDbDimension
280
     0
  2
*D49
 10
67.804688
 20
186.726563
 30
0.0
 11
64.647525
 21
165.726563
 31
0.0
 70
    32
 71
     5
 42
21.0
 73
     0
 74
     0
 75
     0
  3
Dim-ISO-25
100
AcDbAlignedDimension
 13
123.585938
 23
144.726563
 33
0.0
 14
123.585938
 24
186.726563
 34
0.0
 50
90.0
100
AcDbRotatedDimension
1001
FUSDOC_AUTODIM_XDATA
1070
     1
1071
        0
1071
      100
1071
        0
1071
   525312
1071
        0
1071
        0
1001
ACAD_DIMASSOC_CALC_DIMLFAC
1040
-0.5
1001
ACAD_DIMASSOC_DIMLFAC
1040
-0.5
1001
ACAD_DIMASSOC_OVERRIDDEN_DIMLFAC
1040
0.0
1001
AUTO_ARRANGE_XDATA
1070
     1
1071
        7
1040
55.78125
1040
0.0
1001
ACAD_DSTYLE_DIMJAG_POSITION
1070
   387
1070
     0
1070
   389
1010
0.0
1020
0.0
1030
0.0
1001
ACAD
1000
DSTYLE
1002
{
1070
   144
1040
0.5
1002
}
  0
DIMENSION
  5
2FE
330
70
100
AcDbEntity
  8
FD_Dimensions
100
AcDbDimension
280
     0
  2
*D50
 10
97.796875
 20
142.726563
 30
0.0
 11
94.617032
 21
154.396174
 31
0.0
 70
    32
 71
     5
 42
4.5
 73
     0
 74
     0
 75
     0
  3
Dim-ISO-25
100
AcDbAlignedDimension
 13
117.585938
 23
133.726563
 33
0.0
 14
121.585938
 24
142.726563
 34
0.0
 50
90.0
100
AcDbRotatedDimension
1001
FUSDOC_AUTODIM_XDATA
1070
     1
1071
        0
1071
     1500
1071
        0
1071
-2147286016
1071
        0
1071
        0
1001
ACAD_DIMASSOC_CALC_DIMLFAC
1040
-0.5
1001
ACAD_DIMASSOC_DIMLFAC
1040
-0.5
1001
ACAD_DIMASSOC_OVERRIDDEN_DIMLFAC
1040
0.0
1001
AUTO_ARRANGE_XDATA
1070
     1
1071
        7
1040
19.789062
1040
0.0
1001
ACAD_DSTYLE_DIMJAG_POSITION
1070
   387
1070
     0
1070
   389
1010
0.0
1020
0.0
1030
0.0
1001
ACAD
1000
DSTYLE
1002
{
1070
   144
1040
0.5
1002
}
  0
DIMENSION
  5
30D
330
70
100
AcDbEntity
  8
FD_Dimensions
100
AcDbDimension
280
     0
  2
*D51
 10
327.585938
 20
123.398438
 30
0.0
 11
285.585938
 21
126.5556
 31
0.0
 70
    32
 71
     5
 42
42.0
 73
     0
 74
     0
 75
     0
  3
Dim-ISO-25
100
AcDbAlignedDimension
 13
243.585938
 23
144.726563
 33
0.0
 14
327.585938
 24
144.726563
 34
0.0
100
AcDbRotatedDimension
1001
FUSDOC_AUTODIM_XDATA
1070
     1
1071
        0
1071
      100
1071
        0
1071
   533504
1071
        0
1071
        0
1001
ACAD_DIMASSOC_CALC_DIMLFAC
1040
-0.5
1001
ACAD_DIMASSOC_DIMLFAC
1040
-0.5
1001
ACAD_DIMASSOC_OVERRIDDEN_DIMLFAC
1040
0.0
1001
AUTO_ARRANGE_XDATA
1070
     1
1071
        4
1040
21.328125
1040
0.0
1001
ACAD_DSTYLE_DIMJAG_POSITION
1070
   387
1070
     0
1070
   389
1010
0.0
1020
0.0
1030
0.0
1001
ACAD
1000
DSTYLE
1002
{
1070
   144
1040
0.5
1002
}
  0
DIMENSION
  5
31A
330
70
100
AcDbEntity
  8
FD_Dimensions
100
AcDbDimension
280
     0
  2
*D52
 10
191.146327
 20
207.166173
 30
0.0
 11
197.712508
 21
218.197256
 31
0.0
 70
    32
 71
     5
 42
1.414214
 73
     0
 74
     0
 75
     0
  3
Dim-ISO-25
100
AcDbAlignedDimension
 13
207.585938
 23
186.726563
 33
0.0
 14
209.585938
 24
188.726563
 34
0.0
 50
45.0
100
AcDbRotatedDimension
1001
FUSDOC_AUTODIM_XDATA
1070
     1
1071
        0
1071
      100
1071
      640
1071
-2147474432
1071
        0
1071
        0
1001
ACAD_DIMASSOC_CALC_DIMLFAC
1040
-0.5
1001
ACAD_DIMASSOC_DIMLFAC
1040
-0.5
1001
ACAD_DIMASSOC_OVERRIDDEN_DIMLFAC
1040
0.0
1001
AUTO_ARRANGE_XDATA
1070
     1
1071
        7
1040
26.077548
1040
0.0
1001
ACAD_DSTYLE_DIMJAG_POSITION
1070
   387
1070
     0
1070
   389
1010
0.0
1020
0.0
1030
0.0
1001
ACAD
1000
DSTYLE
1002
{
1070
   144
1040
0.5
1002
}
  0
DIMENSION
  5
329
330
70
100
AcDbEntity
  8
FD_Dimensions
100
AcDbDimension
280
     0
  2
*D53
 10
302.979668
 20
211.332832
 30
0.0
 11
291.948585
 21
204.766651
 31
0.0
 70
    32
 71
     5
 42
1.414214
 73
     0
 74
     0
 75
     0
  3
Dim-ISO-25
100
AcDbAlignedDimension
 13
329.585938
 23
188.726563
 33
0.0
 14
327.585938
 24
186.726563
 34
0.0
 50
225.0
100
AcDbRotatedDimension
1001
FUSDOC_AUTODIM_XDATA
1070
     1
1071
        0
1071
       50
1071
      640
1071
-2139085824
1071
        0
1071
        0
1001
ACAD_DIMASSOC_CALC_DIMLFAC
1040
-0.5
1001
ACAD_DIMASSOC_DIMLFAC
1040
-0.5
1001
ACAD_DIMASSOC_OVERRIDDEN_DIMLFAC
1040
0.0
1001
AUTO_ARRANGE_XDATA
1070
     1
1071
        4
1040
34.79852
1040
0.0
1001
ACAD_DSTYLE_DIMJAG_POSITION
1070
   387
1070
     0
1070
   389
1010
0.0
1020
0.0
1030
0.0
1001
ACAD
1000
DSTYLE
1002
{
1070
   144
1040
0.5
1002
}
  0
LINE
  5
666
330
70
100
AcDbEntity
  8
Visible
100
AcDbLine
 10
335.585938
 20
195.726563
 30
0.0
 11
115.585938
 21
195.726563
 31
0.0
210
0.0
220
1.0
230
0.0
  0
LINE
  5
667
330
70
100
AcDbEntity
  8
Visible
100
AcDbLine
 10
115.585938
 20
195.726563
 30
0.0
 11
107.585938
 21
187.726563
 31
0.0
210
0.0
220
1.0
230
0.0
  0
LINE
  5
668
330
70
100
AcDbEntity
  8
Visible
100
AcDbLine
 10
107.585938
 20
187.726563
 30
0.0
 11
107.585938
 21
143.726563
 31
0.0
210
0.0
220
1.0
230
0.0
  0
LINE
  5
669
330
70
100
AcDbEntity
  8
Visible
100
AcDbLine
 10
107.585938
 20
143.726563
 30
0.0
 11
115.585938
 21
135.726563
 31
0.0
210
0.0
220
1.0
230
0.0
  0
LINE
  5
66A
330
70
100
AcDbEntity
  8
Visible
100
AcDbLine
 10
115.585938
 20
135.726563
 30
0.0
 11
335.585938
 21
135.726563
 31
0.0
210
0.0
220
1.0
230
0.0
  0
LINE
  5
66B
330
70
100
AcDbEntity
  8
Visible
100
AcDbLine
 10
343.585938
 20
143.726563
 30
0.0
 11
335.585938
 21
135.726563
 31
0.0
210
0.0
220
1.0
230
0.0
  0
LINE
  5
66C
330
70
100
AcDbEntity
  8
Visible
100
AcDbLine
 10
343.585938
 20
143.726563
 30
0.0
 11
343.585938
 21
187.726563
 31
0.0
210
0.0
220
1.0
230
0.0
  0
LINE
  5
66D
330
70
100
AcDbEntity
  8
Visible
100
AcDbLine
 10
335.585938
 20
195.726563
 30
0.0
 11
343.585938
 21
187.726563
 31
0.0
210
0.0
220
1.0
230
0.0
  0
LINE
  5
66E
330
70
100
AcDbEntity
  8
Visible
100
AcDbLine
 10
241.585938
 20
188.726563
 30
0.0
 11
329.585938
 21
188.726563
 31
0.0
210
0.0
220
1.0
230
0.0
  0
LINE
  5
66F
330
70
100
AcDbEntity
  8
Visible
100
AcDbLine
 10
329.585938
 20
188.726563
 30
0.0
 11
329.585938
 21
142.726563
 31
0.0
210
0.0
220
1.0
230
0.0
  0
LINE
  5
670
330
70
100
AcDbEntity
  8
Visible
100
AcDbLine
 10
329.585938
 20
142.726563
 30
0.0
 11
241.585938
 21
142.726563
 31
0.0
210
0.0
220
1.0
230
0.0
  0
LINE
  5
671
330
70
100
AcDbEntity
  8
Visible
100
AcDbLine
 10
241.585938
 20
142.726563
 30
0.0
 11
241.585938
 21
188.726563
 31
0.0
210
0.0
220
1.0
230
0.0
  0
LINE
  5
672
330
70
100
AcDbEntity
  8
Visible
100
AcDbLine
 10
121.585938
 20
188.726563
 30
0.0
 11
209.585938
 21
188.726563
 31
0.0
210
0.0
220
1.0
230
0.0
  0
LINE
  5
673
330
70
100
AcDbEntity
  8
Visible
100
AcDbLine
 10
209.585938
 20
188.726563
 30
0.0
 11
209.585938
 21
146.726563
 31
0.0
210
0.0
220
1.0
230
0.0
  0
LINE
  5
674
330
70
100
AcDbEntity
  8
Visible
100
AcDbLine
 10
205.585938
 20
142.726563
 30
0.0
 11
209.585938
 21
146.726563
 31
0.0
210
0.0
220
1.0
230
0.0
  0
LINE
  5
675
330
70
100
AcDbEntity
  8
Visible
100
AcDbLine
 10
205.585938
 20
142.726563
 30
0.0
 11
121.585938
 21
142.726563
 31
0.0
210
0.0
220
1.0
230
0.0
  0
LINE
  5
676
330
70
100
AcDbEntity
  8
Visible
100
AcDbLine
 10
121.585938
 20
142.726563
 30
0.0
 11
121.585938
 21
188.726563
 31
0.0
210
0.0
220
1.0
230
0.0
  0
CIRCLE
  5
677
330
70
100
AcDbEntity
  8
Visible
100
AcDbCircle
 10
-235.585938
 20
155.726563
 30
0.0
 40
2.400000000000001
210
0.0
220
0.0
230
-1.0
  0
CIRCLE
  5
678
330
70
100
AcDbEntity
  8
Visible
100
AcDbCircle
 10
-335.585938
 20
155.726563
 30
0.0
 40
2.4
210
0.0
220
0.0
230
-1.0
  0
CIRCLE
  5
679
330
70
100
AcDbEntity
  8
Visible
100
AcDbCircle
 10
215.585938
 20
175.726563
 30
0.0
 40
2.400000000000001
  0
CIRCLE
  5
67A
330
70
100
AcDbEntity
  8
Visible
100
AcDbCircle
 10
215.585938
 20
155.726563
 30
0.0
 40
2.400000000000001
  0
CIRCLE
  5
67B
330
70
100
AcDbEntity
  8
Visible
100
AcDbCircle
 10
115.585938
 20
175.726563
 30
0.0
 40
2.4
  0
CIRCLE
  5
67C
330
70
100
AcDbEntity
  8
Visible
100
AcDbCircle
 10
115.585938
 20
155.726563
 30
0.0
 40
2.4
  0
CIRCLE
  5
67D
330
70
100
AcDbEntity
  8
Visible
100
AcDbCircle
 10
-335.585938
 20
175.726563
 30
0.0
 40
2.4
210
0.0
220
0.0
230
-1.0
  0
CIRCLE
  5
67E
330
70
100
AcDbEntity
  8
Visible
100
AcDbCircle
 10
-235.585938
 20
175.726563
 30
0.0
 40
2.400000000000001
210
0.0
220
0.0
230
-1.0
  0
LINE
  5
67F
330
70
100
AcDbEntity
  8
Visible
100
AcDbLine
 10
105.585938
 20
145.726563
 30
0.0
 11
105.585938
 21
185.726563
 31
0.0
210
0.0
220
1.0
230
0.0
  0
LINE
  5
680
330
70
100
AcDbEntity
  8
Visible
100
AcDbLine
 10
333.585938
 20
133.726563
 30
0.0
 11
117.585938
 21
133.726563
 31
0.0
210
0.0
220
1.0
230
0.0
  0
LINE
  5
681
330
70
100
AcDbEntity
  8
Visible
100
AcDbLine
 10
117.585938
 20
197.726563
 30
0.0
 11
333.585938
 21
197.726563
 31
0.0
210
0.0
220
1.0
230
0.0
  0
LINE
  5
682
330
70
100
AcDbEntity
  8
Visible
100
AcDbLine
 10
117.585938
 20
197.726563
 30
0.0
 11
115.585938
 21
195.726563
 31
0.0
210
0.0
220
1.0
230
0.0
  0
LINE
  5
683
330
70
100
AcDbEntity
  8
Visible
100
AcDbLine
 10
333.585938
 20
197.726563
 30
0.0
 11
335.585938
 21
195.726563
 31
0.0
210
0.0
220
1.0
230
0.0
  0
LINE
  5
684
330
70
100
AcDbEntity
  8
Visible
100
AcDbLine
 10
107.585938
 20
187.726563
 30
0.0
 11
105.585938
 21
185.726563
 31
0.0
210
0.0
220
1.0
230
0.0
  0
LINE
  5
685
330
70
100
AcDbEntity
  8
Visible
100
AcDbLine
 10
105.585938
 20
145.726563
 30
0.0
 11
107.585938
 21
143.726563
 31
0.0
210
0.0
220
1.0
230
0.0
  0
LINE
  5
686
330
70
100
AcDbEntity
  8
Visible
100
AcDbLine
 10
115.585938
 20
135.726563
 30
0.0
 11
117.585938
 21
133.726563
 31
0.0
210
0.0
220
1.0
230
0.0
  0
LINE
  5
687
330
70
100
AcDbEntity
  8
Visible
100
AcDbLine
 10
335.585938
 20
135.726563
 30
0.0
 11
333.585938
 21
133.726563
 31
0.0
210
0.0
220
1.0
230
0.0
  0
LINE
  5
688
330
70
100
AcDbEntity
  8
Visible
100
AcDbLine
 10
345.585938
 20
185.726563
 30
0.0
 11
345.585938
 21
145.726563
 31
0.0
210
0.0
220
1.0
230
0.0
  0
LINE
  5
689
330
70
100
AcDbEntity
  8
Visible
100
AcDbLine
 10
207.585938
 20
146.726563
 30
0.0
 11
207.585938
 21
186.726563
 31
0.0
210
0.0
220
1.0
230
0.0
  0
LINE
  5
68A
330
70
100
AcDbEntity
  8
Visible
100
AcDbLine
 10
123.585938
 20
144.726563
 30
0.0
 11
205.585938
 21
144.726563
 31
0.0
210
0.0
220
1.0
230
0.0
  0
LINE
  5
68B
330
70
100
AcDbEntity
  8
Visible
100
AcDbLine
 10
123.585938
 20
186.726563
 30
0.0
 11
123.585938
 21
144.726563
 31
0.0
210
0.0
220
1.0
230
0.0
  0
LINE
  5
68C
330
70
100
AcDbEntity
  8
Visible
100
AcDbLine
 10
207.585938
 20
186.726563
 30
0.0
 11
123.585938
 21
186.726563
 31
0.0
210
0.0
220
1.0
230
0.0
  0
LINE
  5
68D
330
70
100
AcDbEntity
  8
Visible
100
AcDbLine
 10
243.585938
 20
186.726563
 30
0.0
 11
243.585938
 21
144.726563
 31
0.0
210
0.0
220
1.0
230
0.0
  0
LINE
  5
68E
330
70
100
AcDbEntity
  8
Visible
100
AcDbLine
 10
327.585938
 20
186.726563
 30
0.0
 11
243.585938
 21
186.726563
 31
0.0
210
0.0
220
1.0
230
0.0
  0
LINE
  5
68F
330
70
100
AcDbEntity
  8
Visible
100
AcDbLine
 10
327.585938
 20
144.726563
 30
0.0
 11
327.585938
 21
186.726563
 31
0.0
210
0.0
220
1.0
230
0.0
  0
LINE
  5
690
330
70
100
AcDbEntity
  8
Visible
100
AcDbLine
 10
243.585938
 20
144.726563
 30
0.0
 11
327.585938
 21
144.726563
 31
0.0
210
0.0
220
1.0
230
0.0
  0
LINE
  5
691
330
70
100
AcDbEntity
  8
Visible
100
AcDbLine
 10
343.585938
 20
187.726563
 30
0.0
 11
345.585938
 21
185.726563
 31
0.0
210
0.0
220
1.0
230
0.0
  0
LINE
  5
692
330
70
100
AcDbEntity
  8
Visible
100
AcDbLine
 10
345.585938
 20
145.726563
 30
0.0
 11
343.585938
 21
143.726563
 31
0.0
210
0.0
220
1.0
230
0.0
  0
LINE
  5
693
330
70
100
AcDbEntity
  8
Visible
100
AcDbLine
 10
243.585938
 20
144.726563
 30
0.0
 11
241.585938
 21
142.726563
 31
0.0
210
0.0
220
1.0
230
0.0
  0
LINE
  5
694
330
70
100
AcDbEntity
  8
Visible
100
AcDbLine
 10
241.585938
 20
188.726563
 30
0.0
 11
243.585938
 21
186.726563
 31
0.0
210
0.0
220
1.0
230
0.0
  0
LINE
  5
695
330
70
100
AcDbEntity
  8
Visible
100
AcDbLine
 10
329.585938
 20
188.726563
 30
0.0
 11
327.585938
 21
186.726563
 31
0.0
210
0.0
220
1.0
230
0.0
  0
LINE
  5
696
330
70
100
AcDbEntity
  8
Visible
100
AcDbLine
 10
327.585938
 20
144.726563
 30
0.0
 11
329.585938
 21
142.726563
 31
0.0
210
0.0
220
1.0
230
0.0
  0
LINE
  5
697
330
70
100
AcDbEntity
  8
Visible
100
AcDbLine
 10
209.585938
 20
188.726563
 30
0.0
 11
207.585938
 21
186.726563
 31
0.0
210
0.0
220
1.0
230
0.0
  0
LINE
  5
698
330
70
100
AcDbEntity
  8
Visible
100
AcDbLine
 10
123.585938
 20
186.726563
 30
0.0
 11
121.585938
 21
188.726563
 31
0.0
210
0.0
220
1.0
230
0.0
  0
LINE
  5
699
330
70
100
AcDbEntity
  8
Visible
100
AcDbLine
 10
123.585938
 20
144.726563
 30
0.0
 11
121.585938
 21
142.726563
 31
0.0
210
0.0
220
1.0
230
0.0
  0
LINE
  5
69A
330
70
100
AcDbEntity
  8
Visible
100
AcDbLine
 10
209.585938
 20
146.726563
 30
0.0
 11
207.585938
 21
146.726563
 31
0.0
210
0.0
220
1.0
230
0.0
  0
LINE
  5
69B
330
70
100
AcDbEntity
  8
Visible
100
AcDbLine
 10
205.585938
 20
144.726563
 30
0.0
 11
205.585938
 21
142.726563
 31
0.0
210
0.0
220
1.0
230
0.0
  0
LINE
  5
69C
330
70
100
AcDbEntity
  8
Visible
100
AcDbLine
 10
205.585938
 20
144.726563
 30
0.0
 11
207.585938
 21
146.726563
 31
0.0
210
0.0
220
1.0
230
0.0
  0
LINE
  5
69D
330
70
100
AcDbEntity
  8
Visible
100
AcDbLine
 10
383.09375
 20
195.726563
 30
0.0
 11
383.09375
 21
187.726563
 31
0.0
210
0.0
220
1.0
230
0.0
  0
LINE
  5
69E
330
70
100
AcDbEntity
  8
Visible
100
AcDbLine
 10
383.09375
 20
187.726563
 30
0.0
 11
383.09375
 21
143.726563
 31
0.0
210
0.0
220
1.0
230
0.0
  0
LINE
  5
69F
330
70
100
AcDbEntity
  8
Visible
100
AcDbLine
 10
383.09375
 20
143.726563
 30
0.0
 11
383.09375
 21
135.726563
 31
0.0
210
0.0
220
1.0
230
0.0
  0
LINE
  5
6A0
330
70
100
AcDbEntity
  8
Visible
100
AcDbLine
 10
375.09375
 20
187.726563
 30
0.0
 11
375.09375
 21
195.726563
 31
0.0
210
0.0
220
1.0
230
0.0
  0
LINE
  5
6A1
330
70
100
AcDbEntity
  8
Visible
100
AcDbLine
 10
375.09375
 20
135.726563
 30
0.0
 11
375.09375
 21
143.726563
 31
0.0
210
0.0
220
1.0
230
0.0
  0
LINE
  5
6A2
330
70
100
AcDbEntity
  8
Visible
100
AcDbLine
 10
375.09375
 20
143.726563
 30
0.0
 11
375.09375
 21
187.726563
 31
0.0
210
0.0
220
1.0
230
0.0
  0
LINE
  5
6A3
330
70
100
AcDbEntity
  8
Visible
100
AcDbLine
 10
381.09375
 20
185.726563
 30
0.0
 11
377.09375
 21
185.726563
 31
0.0
210
0.0
220
1.0
230
0.0
  0
LINE
  5
6A4
330
70
100
AcDbEntity
  8
Visible
100
AcDbLine
 10
377.09375
 20
185.726563
 30
0.0
 11
377.09375
 21
145.726563
 31
0.0
210
0.0
220
1.0
230
0.0
  0
LINE
  5
6A5
330
70
100
AcDbEntity
  8
Visible
100
AcDbLine
 10
381.09375
 20
145.726563
 30
0.0
 11
377.09375
 21
145.726563
 31
0.0
210
0.0
220
1.0
230
0.0
  0
LINE
  5
6A6
330
70
100
AcDbEntity
  8
Visible
100
AcDbLine
 10
381.09375
 20
145.726563
 30
0.0
 11
381.09375
 21
185.726563
 31
0.0
210
0.0
220
1.0
230
0.0
  0
LINE
  5
6A7
330
70
100
AcDbEntity
  8
Visible
100
AcDbLine
 10
381.09375
 20
133.726563
 30
0.0
 11
377.09375
 21
133.726563
 31
0.0
210
0.0
220
1.0
230
0.0
  0
LINE
  5
6A8
330
70
100
AcDbEntity
  8
Visible
100
AcDbLine
 10
381.09375
 20
197.726563
 30
0.0
 11
377.09375
 21
197.726563
 31
0.0
210
0.0
220
1.0
230
0.0
  0
LINE
  5
6A9
330
70
100
AcDbEntity
  8
Visible
100
AcDbLine
 10
381.09375
 20
197.726563
 30
0.0
 11
383.09375
 21
195.726563
 31
0.0
210
0.0
220
1.0
230
0.0
  0
LINE
  5
6AA
330
70
100
AcDbEntity
  8
Visible
100
AcDbLine
 10
383.09375
 20
187.726563
 30
0.0
 11
381.09375
 21
185.726563
 31
0.0
210
0.0
220
1.0
230
0.0
  0
LINE
  5
6AB
330
70
100
AcDbEntity
  8
Visible
100
AcDbLine
 10
381.09375
 20
145.726563
 30
0.0
 11
383.09375
 21
143.726563
 31
0.0
210
0.0
220
1.0
230
0.0
  0
LINE
  5
6AC
330
70
100
AcDbEntity
  8
Visible
100
AcDbLine
 10
383.09375
 20
135.726563
 30
0.0
 11
381.09375
 21
133.726563
 31
0.0
210
0.0
220
1.0
230
0.0
  0
LINE
  5
6AD
330
70
100
AcDbEntity
  8
Visible
100
AcDbLine
 10
375.09375
 20
195.726563
 30
0.0
 11
377.09375
 21
197.726563
 31
0.0
210
0.0
220
1.0
230
0.0
  0
LINE
  5
6AE
330
70
100
AcDbEntity
  8
Visible
100
AcDbLine
 10
377.09375
 20
133.726563
 30
0.0
 11
375.09375
 21
135.726563
 31
0.0
210
0.0
220
1.0
230
0.0
  0
LINE
  5
6AF
330
70
100
AcDbEntity
  8
Visible
100
AcDbLine
 10
377.09375
 20
185.726563
 30
0.0
 11
375.09375
 21
187.726563
 31
0.0
210
0.0
220
1.0
230
0.0
  0
LINE
  5
6B0
330
70
100
AcDbEntity
  8
Visible
100
AcDbLine
 10
375.09375
 20
143.726563
 30
0.0
 11
377.09375
 21
145.726563
 31
0.0
210
0.0
220
1.0
230
0.0
  0
LINE
  5
6B1
330
70
100
AcDbEntity
  8
Hidden
100
AcDbLine
 10
377.09375
 20
185.726563
 30
0.0
 11
375.09375
 21
185.726563
 31
0.0
210
0.0
220
1.0
230
0.0
  0
LINE
  5
6B2
330
70
100
AcDbEntity
  8
Hidden
100
AcDbLine
 10
377.09375
 20
145.726563
 30
0.0
 11
375.09375
 21
145.726563
 31
0.0
210
0.0
220
1.0
230
0.0
  0
LINE
  5
6B3
330
70
100
AcDbEntity
  8
Hidden
100
AcDbLine
 10
377.09375
 20
146.726563
 30
0.0
 11
381.09375
 21
146.726563
 31
0.0
210
0.0
220
1.0
230
0.0
  0
LINE
  5
6B4
330
70
100
AcDbEntity
  8
Hidden
100
AcDbLine
 10
377.09375
 20
144.726563
 30
0.0
 11
381.09375
 21
144.726563
 31
0.0
210
0.0
220
1.0
230
0.0
  0
LINE
  5
6B5
330
70
100
AcDbEntity
  8
Hidden
100
AcDbLine
 10
377.09375
 20
144.726563
 30
0.0
 11
377.09375
 21
145.726563
 31
0.0
210
0.0
220
1.0
230
0.0
  0
LINE
  5
6B6
330
70
100
AcDbEntity
  8
Hidden
100
AcDbLine
 10
377.09375
 20
185.726563
 30
0.0
 11
377.09375
 21
186.726563
 31
0.0
210
0.0
220
1.0
230
0.0
  0
LINE
  5
6B7
330
70
100
AcDbEntity
  8
Hidden
100
AcDbLine
 10
377.09375
 20
186.726563
 30
0.0
 11
381.09375
 21
186.726563
 31
0.0
210
0.0
220
1.0
230
0.0
  0
LINE
  5
6B8
330
70
100
AcDbEntity
  8
Hidden
100
AcDbLine
 10
381.09375
 20
186.726563
 30
0.0
 11
381.09375
 21
185.726563
 31
0.0
210
0.0
220
1.0
230
0.0
  0
LINE
  5
6B9
330
70
100
AcDbEntity
  8
Hidden
100
AcDbLine
 10
381.09375
 20
145.726563
 30
0.0
 11
381.09375
 21
144.726563
 31
0.0
210
0.0
220
1.0
230
0.0
  0
LINE
  5
6BA
330
70
100
AcDbEntity
  8
Hidden
100
AcDbLine
 10
381.09375
 20
186.726563
 30
0.0
 11
383.09375
 21
188.726563
 31
0.0
210
0.0
220
1.0
230
0.0
  0
LINE
  5
6BB
330
70
100
AcDbEntity
  8
Hidden
100
AcDbLine
 10
381.09375
 20
144.726563
 30
0.0
 11
383.09375
 21
142.726563
 31
0.0
210
0.0
220
1.0
230
0.0
  0
LINE
  5
6BC
330
70
100
AcDbEntity
  8
Hidden
100
AcDbLine
 10
383.09375
 20
146.726563
 30
0.0
 11
381.09375
 21
146.726563
 31
0.0
210
0.0
220
1.0
230
0.0
  0
LINE
  5
6BD
330
70
100
AcDbEntity
  8
Hidden
100
AcDbLine
 10
375.09375
 20
146.726563
 30
0.0
 11
377.09375
 21
146.726563
 31
0.0
210
0.0
220
1.0
230
0.0
  0
LINE
  5
6BE
330
70
100
AcDbEntity
  8
Hidden
100
AcDbLine
 10
377.09375
 20
144.726563
 30
0.0
 11
375.09375
 21
142.726563
 31
0.0
210
0.0
220
1.0
230
0.0
  0
LINE
  5
6BF
330
70
100
AcDbEntity
  8
Hidden
100
AcDbLine
 10
377.09375
 20
186.726563
 30
0.0
 11
375.09375
 21
188.726563
 31
0.0
210
0.0
220
1.0
230
0.0
  0
LINE
  5
6C0
330
70
100
AcDbEntity
  8
Hidden
100
AcDbLine
 10
375.09375
 20
158.126563
 30
0.0
 11
383.09375
 21
158.126563
 31
0.0
210
0.0
220
1.0
230
0.0
  0
LINE
  5
6C1
330
70
100
AcDbEntity
  8
Hidden
100
AcDbLine
 10
375.09375
 20
153.326563
 30
0.0
 11
383.09375
 21
153.326563
 31
0.0
210
0.0
220
1.0
230
0.0
  0
LINE
  5
6C2
330
70
100
AcDbEntity
  8
Hidden
100
AcDbLine
 10
375.09375
 20
178.126563
 30
0.0
 11
383.09375
 21
178.126563
 31
0.0
210
0.0
220
1.0
230
0.0
  0
LINE
  5
6C3
330
70
100
AcDbEntity
  8
Hidden
100
AcDbLine
 10
375.09375
 20
173.326563
 30
0.0
 11
383.09375
 21
173.326563
 31
0.0
210
0.0
220
1.0
230
0.0
  0
LINE
  5
6C4
330
70
100
AcDbEntity
  8
Visible
100
AcDbLine
 10
107.585938
 20
248.359375
 30
0.0
 11
115.585938
 21
248.359375
 31
0.0
210
0.0
220
0.0000000000002967
230
-1.0
  0
LINE
  5
6C5
330
70
100
AcDbEntity
  8
Visible
100
AcDbLine
 10
115.585938
 20
248.359375
 30
0.0
 11
335.585938
 21
248.359375
 31
0.0
210
0.0
220
0.0000000000002967
230
-1.0
  0
LINE
  5
6C6
330
70
100
AcDbEntity
  8
Visible
100
AcDbLine
 10
343.585938
 20
248.359375
 30
0.0
 11
335.585938
 21
248.359375
 31
0.0
210
0.0
220
0.0000000000002967
230
-1.0
  0
LINE
  5
6C7
330
70
100
AcDbEntity
  8
Visible
100
AcDbLine
 10
335.585938
 20
240.359375
 30
0.0
 11
345.585938
 21
240.359375
 31
0.0
210
0.0
220
0.0000000000002967
230
-1.0
  0
LINE
  5
6C8
330
70
100
AcDbEntity
  8
Visible
100
AcDbLine
 10
335.585938
 20
240.359375
 30
0.0
 11
115.585938
 21
240.359375
 31
0.0
210
0.0
220
0.0000000000002967
230
-1.0
  0
LINE
  5
6C9
330
70
100
AcDbEntity
  8
Visible
100
AcDbLine
 10
115.585938
 20
240.359375
 30
0.0
 11
107.585938
 21
240.359375
 31
0.0
210
0.0
220
0.0000000000002967
230
-1.0
  0
LINE
  5
6CA
330
70
100
AcDbEntity
  8
Visible
100
AcDbLine
 10
105.585938
 20
246.359375
 30
0.0
 11
105.585938
 21
242.359375
 31
0.0
210
0.0
220
0.0000000000002967
230
-1.0
  0
LINE
  5
6CB
330
70
100
AcDbEntity
  8
Visible
100
AcDbLine
 10
117.585938
 20
246.359375
 30
0.0
 11
117.585938
 21
242.359375
 31
0.0
210
0.0
220
0.0000000000002967
230
-1.0
  0
LINE
  5
6CC
330
70
100
AcDbEntity
  8
Visible
100
AcDbLine
 10
117.585938
 20
242.359375
 30
0.0
 11
333.585938
 21
242.359375
 31
0.0
210
0.0
220
0.0000000000002967
230
-1.0
  0
LINE
  5
6CD
330
70
100
AcDbEntity
  8
Visible
100
AcDbLine
 10
333.585938
 20
246.359375
 30
0.0
 11
333.585938
 21
242.359375
 31
0.0
210
0.0
220
0.0000000000002967
230
-1.0
  0
LINE
  5
6CE
330
70
100
AcDbEntity
  8
Visible
100
AcDbLine
 10
333.585938
 20
246.359375
 30
0.0
 11
117.585938
 21
246.359375
 31
0.0
210
0.0
220
0.0000000000002967
230
-1.0
  0
LINE
  5
6CF
330
70
100
AcDbEntity
  8
Visible
100
AcDbLine
 10
105.585938
 20
246.359375
 30
0.0
 11
107.585938
 21
248.359375
 31
0.0
210
0.0
220
0.0000000000002967
230
-1.0
  0
LINE
  5
6D0
330
70
100
AcDbEntity
  8
Visible
100
AcDbLine
 10
115.585938
 20
248.359375
 30
0.0
 11
117.585938
 21
246.359375
 31
0.0
210
0.0
220
0.0000000000002967
230
-1.0
  0
LINE
  5
6D1
330
70
100
AcDbEntity
  8
Visible
100
AcDbLine
 10
335.585938
 20
248.359375
 30
0.0
 11
333.585938
 21
246.359375
 31
0.0
210
0.0
220
0.0000000000002967
230
-1.0
  0
LINE
  5
6D2
330
70
100
AcDbEntity
  8
Visible
100
AcDbLine
 10
117.585938
 20
242.359375
 30
0.0
 11
115.585938
 21
240.359375
 31
0.0
210
0.0
220
0.0000000000002967
230
-1.0
  0
LINE
  5
6D3
330
70
100
AcDbEntity
  8
Visible
100
AcDbLine
 10
333.585938
 20
242.359375
 30
0.0
 11
335.585938
 21
240.359375
 31
0.0
210
0.0
220
0.0000000000002967
230
-1.0
  0
LINE
  5
6D4
330
70
100
AcDbEntity
  8
Visible
100
AcDbLine
 10
107.585938
 20
240.359375
 30
0.0
 11
105.585938
 21
242.359375
 31
0.0
210
0.0
220
0.0000000000002967
230
-1.0
  0
LINE
  5
6D5
330
70
100
AcDbEntity
  8
Visible
100
AcDbLine
 10
345.585938
 20
246.359375
 30
0.0
 11
345.585938
 21
240.359375
 31
0.0
210
0.0
220
0.0000000000002967
230
-1.0
  0
LINE
  5
6D6
330
70
100
AcDbEntity
  8
Hidden
100
AcDbLine
 10
207.585938
 20
242.359375
 30
0.0
 11
207.585938
 21
246.359375
 31
0.0
210
0.0
220
0.0000000000002967
230
-1.0
  0
LINE
  5
6D7
330
70
100
AcDbEntity
  8
Hidden
100
AcDbLine
 10
205.585938
 20
246.359375
 30
0.0
 11
205.585938
 21
242.359375
 31
0.0
210
0.0
220
0.0000000000002967
230
-1.0
  0
LINE
  5
6D8
330
70
100
AcDbEntity
  8
Hidden
100
AcDbLine
 10
123.585938
 20
242.359375
 30
0.0
 11
123.585938
 21
246.359375
 31
0.0
210
0.0
220
0.0000000000002967
230
-1.0
  0
LINE
  5
6D9
330
70
100
AcDbEntity
  8
Hidden
100
AcDbLine
 10
243.585938
 20
242.359375
 30
0.0
 11
243.585938
 21
246.359375
 31
0.0
210
0.0
220
0.0000000000002967
230
-1.0
  0
LINE
  5
6DA
330
70
100
AcDbEntity
  8
Hidden
100
AcDbLine
 10
327.585938
 20
242.359375
 30
0.0
 11
327.585938
 21
246.359375
 31
0.0
210
0.0
220
0.0000000000002967
230
-1.0
  0
LINE
  5
6DB
330
70
100
AcDbEntity
  8
Hidden
100
AcDbLine
 10
241.585938
 20
240.359375
 30
0.0
 11
243.585938
 21
242.359375
 31
0.0
210
0.0
220
0.0000000000002967
230
-1.0
  0
LINE
  5
6DC
330
70
100
AcDbEntity
  8
Hidden
100
AcDbLine
 10
329.585938
 20
240.359375
 30
0.0
 11
327.585938
 21
242.359375
 31
0.0
210
0.0
220
0.0000000000002967
230
-1.0
  0
LINE
  5
6DD
330
70
100
AcDbEntity
  8
Visible
100
AcDbLine
 10
345.585938
 20
246.359375
 30
0.0
 11
343.585938
 21
248.359375
 31
0.0
210
0.0
220
0.0000000000002967
230
-1.0
  0
LINE
  5
6DE
330
70
100
AcDbEntity
  8
Hidden
100
AcDbLine
 10
243.585938
 20
246.359375
 30
0.0
 11
241.585938
 21
248.359375
 31
0.0
210
0.0
220
0.0000000000002967
230
-1.0
  0
LINE
  5
6DF
330
70
100
AcDbEntity
  8
Hidden
100
AcDbLine
 10
327.585938
 20
246.359375
 30
0.0
 11
329.585938
 21
248.359375
 31
0.0
210
0.0
220
0.0000000000002967
230
-1.0
  0
LINE
  5
6E0
330
70
100
AcDbEntity
  8
Hidden
100
AcDbLine
 10
123.585938
 20
246.359375
 30
0.0
 11
121.585938
 21
248.359375
 31
0.0
210
0.0
220
0.0000000000002967
230
-1.0
  0
LINE
  5
6E1
330
70
100
AcDbEntity
  8
Hidden
100
AcDbLine
 10
209.585938
 20
248.359375
 30
0.0
 11
207.585938
 21
246.359375
 31
0.0
210
0.0
220
0.0000000000002967
230
-1.0
  0
LINE
  5
6E2
330
70
100
AcDbEntity
  8
Hidden
100
AcDbLine
 10
205.585938
 20
246.359375
 30
0.0
 11
205.585938
 21
248.359375
 31
0.0
210
0.0
220
0.0000000000002967
230
-1.0
  0
LINE
  5
6E3
330
70
100
AcDbEntity
  8
Hidden
100
AcDbLine
 10
205.585938
 20
242.359375
 30
0.0
 11
205.585938
 21
240.359375
 31
0.0
210
0.0
220
0.0000000000002967
230
-1.0
  0
LINE
  5
6E4
330
70
100
AcDbEntity
  8
Hidden
100
AcDbLine
 10
209.585938
 20
240.359375
 30
0.0
 11
207.585938
 21
242.359375
 31
0.0
210
0.0
220
0.0000000000002967
230
-1.0
  0
LINE
  5
6E5
330
70
100
AcDbEntity
  8
Hidden
100
AcDbLine
 10
123.585938
 20
242.359375
 30
0.0
 11
121.585938
 21
240.359375
 31
0.0
210
0.0
220
0.0000000000002967
230
-1.0
  0
LINE
  5
6E6
330
70
100
AcDbEntity
  8
Hidden
100
AcDbLine
 10
113.185937
 20
240.359375
 30
0.0
 11
113.185937
 21
248.359375
 31
0.0
210
0.0
220
0.0000000000002967
230
-1.0
  0
LINE
  5
6E7
330
70
100
AcDbEntity
  8
Hidden
100
AcDbLine
 10
117.985938
 20
240.359375
 30
0.0
 11
117.985938
 21
248.359375
 31
0.0
210
0.0
220
0.0000000000002967
230
-1.0
  0
LINE
  5
6E8
330
70
100
AcDbEntity
  8
Hidden
100
AcDbLine
 10
213.185937
 20
240.359375
 30
0.0
 11
213.185937
 21
248.359375
 31
0.0
210
0.0
220
0.0000000000002967
230
-1.0
  0
LINE
  5
6E9
330
70
100
AcDbEntity
  8
Hidden
100
AcDbLine
 10
217.985938
 20
240.359375
 30
0.0
 11
217.985938
 21
248.359375
 31
0.0
210
0.0
220
0.0000000000002967
230
-1.0
  0
LINE
  5
6EA
330
70
100
AcDbEntity
  8
Hidden
100
AcDbLine
 10
333.185937
 20
240.359375
 30
0.0
 11
333.185937
 21
248.359375
 31
0.0
210
0.0
220
0.0000000000002967
230
-1.0
  0
LINE
  5
6EB
330
70
100
AcDbEntity
  8
Hidden
100
AcDbLine
 10
337.985938
 20
240.359375
 30
0.0
 11
337.985938
 21
248.359375
 31
0.0
210
0.0
220
0.0000000000002967
230
-1.0
  0
LINE
  5
6EC
330
70
100
AcDbEntity
  8
Hidden
100
AcDbLine
 10
233.185937
 20
240.359375
 30
0.0
 11
233.185937
 21
248.359375
 31
0.0
210
0.0
220
0.0000000000002967
230
-1.0
  0
LINE
  5
6ED
330
70
100
AcDbEntity
  8
Hidden
100
AcDbLine
 10
237.985938
 20
240.359375
 30
0.0
 11
237.985938
 21
248.359375
 31
0.0
210
0.0
220
0.0000000000002967
230
-1.0
  0
ENDSEC
  0
SECTION
  2
OBJECTS
  0
DICTIONARY
  5
C
330
0
100
AcDbDictionary
281
     1
  3
ACAD_COLOR
350
63
  3
ACAD_DETAILVIEWSTYLE
350
6A
  3
ACAD_GROUP
350
D
  3
ACAD_LAYOUT
350
62
  3
ACAD_MATERIAL
350
10
  3
ACAD_MLEADERSTYLE
350
66
  3
ACAD_MLINESTYLE
350
5F
  3
ACAD_PLOTSETTINGS
350
61
  3
ACAD_PLOTSTYLENAME
350
E
  3
ACAD_SCALELIST
350
42
  3
ACAD_SECTIONVIEWSTYLE
350
68
  3
ACAD_TABLESTYLE
350
64
  3
ACAD_VISUALSTYLE
350
29
  3
ACDB_RECOMPOSE_DATA
350
86F
  3
AcDbVariableDictionary
350
866
  0
DICTIONARY
  5
AD
330
70
100
AcDbDictionary
280
     1
281
     1
  3
ACAD_SORTENTS
360
AE
  0
DICTIONARY
  5
14B
330
14A
100
AcDbDictionary
280
     1
281
     1
  0
DICTIONARY
  5
191
330
190
100
AcDbDictionary
280
     1
281
     1
  3
ACAD_SORTENTS
360
665
  0
DICTIONARY
  5
1AC
330
1AB
100
AcDbDictionary
280
     1
281
     1
  0
DICTIONARY
  5
1AE
330
1AD
100
AcDbDictionary
280
     1
281
     1
  0
DICTIONARY
  5
1B0
330
1AF
100
AcDbDictionary
280
     1
281
     1
  0
DICTIONARY
  5
1B2
330
1B1
100
AcDbDictionary
280
     1
281
     1
  0
DICTIONARY
  5
1B4
330
1B3
100
AcDbDictionary
280
     1
281
     1
  0
DICTIONARY
  5
1B6
330
1B5
100
AcDbDictionary
280
     1
281
     1
  0
DICTIONARY
  5
1B8
330
1B7
100
AcDbDictionary
280
     1
281
     1
  0
DICTIONARY
  5
1BA
330
1B9
100
AcDbDictionary
280
     1
281
     1
  0
DICTIONARY
  5
1BC
330
1BB
100
AcDbDictionary
280
     1
281
     1
  0
DICTIONARY
  5
1BE
330
1BD
100
AcDbDictionary
280
     1
281
     1
  0
DICTIONARY
  5
1C0
330
1BF
100
AcDbDictionary
280
     1
281
     1
  0
DICTIONARY
  5
1C2
330
1C1
100
AcDbDictionary
280
     1
281
     1
  0
DICTIONARY
  5
1C4
330
1C3
100
AcDbDictionary
280
     1
281
     1
  0
DICTIONARY
  5
1C6
330
1C5
100
AcDbDictionary
280
     1
281
     1
  0
DICTIONARY
  5
1C8
330
1C7
100
AcDbDictionary
280
     1
281
     1
  0
DICTIONARY
  5
63
102
{ACAD_REACTORS
330
C
102
}
330
C
100
AcDbDictionary
281
     1
  0
DICTIONARY
  5
6A
102
{ACAD_REACTORS
330
C
102
}
330
C
100
AcDbDictionary
281
     1
  3
Imperial24
350
6B
  0
DICTIONARY
  5
D
102
{ACAD_REACTORS
330
C
102
}
330
C
100
AcDbDictionary
281
     1
  0
DICTIONARY
  5
62
102
{ACAD_REACTORS
330
C
102
}
330
C
100
AcDbDictionary
281
     1
  3
Model
350
73
  3
Sheet1
350
6F
  3
Sheet2
350
77
  0
DICTIONARY
  5
10
102
{ACAD_REACTORS
330
C
102
}
330
C
100
AcDbDictionary
281
     1
  3
ByBlock
350
19
  3
ByLayer
350
11
  3
Global
350
21
  0
DICTIONARY
  5
66
102
{ACAD_REACTORS
330
C
102
}
330
C
100
AcDbDictionary
281
     1
  3
Standard
350
67
  0
DICTIONARY
  5
5F
102
{ACAD_REACTORS
330
C
102
}
330
C
100
AcDbDictionary
281
     1
  3
Standard
350
60
  0
DICTIONARY
  5
61
102
{ACAD_REACTORS
330
C
102
}
330
C
100
AcDbDictionary
281
     1
  0
ACDBDICTIONARYWDFLT
  5
E
102
{ACAD_REACTORS
330
C
102
}
330
C
100
AcDbDictionary
281
     1
  3
Normal
350
F
100
AcDbDictionaryWithDefault
340
F
  0
DICTIONARY
  5
42
102
{ACAD_REACTORS
330
C
102
}
330
C
100
AcDbDictionary
281
     1
  3
A0
350
43
  3
A1
350
44
  3
A2
350
45
  3
A3
350
46
  3
A4
350
47
  3
A5
350
48
  3
A6
350
49
  3
A7
350
4A
  3
A8
350
4B
  3
A9
350
4C
  3
B0
350
4D
  3
B1
350
4E
  3
B2
350
4F
  3
B3
350
50
  3
B4
350
51
  3
B5
350
52
  3
B6
350
53
  0
DICTIONARY
  5
68
102
{ACAD_REACTORS
330
C
102
}
330
C
100
AcDbDictionary
281
     1
  3
Imperial24
350
69
  0
DICTIONARY
  5
64
102
{ACAD_REACTORS
330
C
102
}
330
C
100
AcDbDictionary
281
     1
  3
Standard
350
65
  0
DICTIONARY
  5
29
102
{ACAD_REACTORS
330
C
102
}
330
C
100
AcDbDictionary
281
     1
  3
2dWireframe
350
2F
  3
Basic
350
2E
  3
Brighten
350
35
  3
ColorChange
350
39
  3
Conceptual
350
32
  3
Dim
350
34
  3
EdgeColorOff
350
41
  3
Facepattern
350
38
  3
Flat
350
2A
  3
FlatWithEdges
350
2B
  3
Gouraud
350
2C
  3
GouraudWithEdges
350
2D
  3
Hidden
350
31
  3
JitterOff
350
3F
  3
Linepattern
350
37
  3
OverhangOff
350
40
  3
Realistic
350
33
  3
Shaded
350
3E
  3
Shaded with edges
350
3D
  3
Shades of Gray
350
3A
  3
Sketchy
350
3B
  3
Thicken
350
36
  3
Wireframe
350
30
  3
X-Ray
350
3C
  0
XRECORD
  5
86F
102
{ACAD_REACTORS
330
C
102
}
330
C
100
AcDbXrecord
280
     1
 90
        1
330
65
  0
DICTIONARY
  5
866
102
{ACAD_REACTORS
330
C
102
}
330
C
100
AcDbDictionary
281
     1
  3
ANNOALLVISIBLE
350
86B
  3
CANNOSCALE
350
86C
  3
CMLEADERSTYLE
350
868
  3
CTABLESTYLE
350
867
  3
CVIEWDETAILSTYLE
350
869
  3
CVIEWSECTIONSTYLE
350
86A
  0
SORTENTSTABLE
  5
AE
102
{ACAD_REACTORS
330
AD
102
}
330
AD
100
AcDbSortentsTable
330
70
  0
SORTENTSTABLE
  5
665
102
{ACAD_REACTORS
330
191
102
}
330
191
100
AcDbSortentsTable
330
190
  0
ACDBDETAILVIEWSTYLE
  5
6B
102
{ACAD_XDICTIONARY
360
872
102
}
102
{ACAD_REACTORS
330
6A
102
}
330
6A
100
AcDbModelDocViewStyle
 70
     0
  3
Imperial24
290
     0
100
AcDbDetailViewStyle
 70
     0
 71
     0
 90
        3
 71
     1
340
55
 62
   256
 40
0.24
340
0
 62
   256
 40
0.24
300

 40
0.36
280
     3
 71
     2
340
5D
 90
       25
 62
   256
 71
     3
340
55
 62
   256
 40
0.24
 90
        1
 40
0.75
 90
        1
300
%<\AcVar ViewType \f "%tc1">% %<\AcVar ViewDetailId>%\PSCALE %<\AcVar ViewScale \f "%sn">%
 71
     4
340
5D
 90
       25
 62
   256
340
5D
 90
       25
 62
   256
280
     0
  0
LAYOUT
  5
73
102
{ACAD_REACTORS
330
62
102
}
330
62
100
AcDbPlotSettings
  1

  2
AutoCAD PDF (High Quality Print).pc3
  4
ISO_full_bleed_A3_(420.00_x_297.00_MM)
  6

 40
0.0
 41
0.0
 42
0.0
 43
0.0
 44
420.0
 45
297.0
 46
0.0
 47
0.0
 48
0.0
 49
0.0
140
0.0
141
0.0
142
1.0
143
1.352753
 70
 11952
 72
     1
 73
     0
 74
     0
  7

 75
     0
147
0.739233
 76
     0
 77
     2
 78
   300
148
74.078165
149
13.64
100
AcDbLayout
  1
Model
 70
     1
 71
     0
 10
0.0
 20
0.0
 11
12.0
 21
9.0
 12
0.0
 22
0.0
 32
0.0
 14
0.0
 24
0.0
 34
0.0
 15
0.0
 25
0.0
 35
0.0
146
0.0
 13
0.0
 23
0.0
 33
0.0
 16
1.0
 26
0.0
 36
0.0
 17
0.0
 27
1.0
 37
0.0
 76
     0
330
70
1001
ACAD_PSEXT
1000
AutoCAD PDF (High Quality Print).pc3
1000
DWG To PDF
1000
File
1000

1070
     0
  0
LAYOUT
  5
6F
102
{ACAD_REACTORS
330
62
102
}
330
62
100
AcDbPlotSettings
  1

  2

  4

  6

 40
0.0
 41
0.0
 42
0.0
 43
0.0
 44
0.0
 45
0.0
 46
0.0
 47
0.0
 48
0.0
 49
0.0
140
0.0
141
0.0
142
1.0
143
1.0
 70
   688
 72
     0
 73
     0
 74
     5
  7

 75
    16
147
1.0
 76
     0
 77
     2
 78
   300
148
0.0
149
0.0
100
AcDbLayout
  1
Sheet1
 70
     1
 71
     1
 10
0.0
 20
0.0
 11
12.0
 21
9.0
 12
0.0
 22
0.0
 32
0.0
 14
0.0
 24
0.0
 34
0.0
 15
0.0
 25
0.0
 35
0.0
146
0.0
 13
0.0
 23
0.0
 33
0.0
 16
1.0
 26
0.0
 36
0.0
 17
0.0
 27
1.0
 37
0.0
 76
     0
330
6C
  0
LAYOUT
  5
77
102
{ACAD_REACTORS
330
62
102
}
330
62
100
AcDbPlotSettings
  1

  2

  4

  6

 40
0.0
 41
0.0
 42
0.0
 43
0.0
 44
0.0
 45
0.0
 46
0.0
 47
0.0
 48
0.0
 49
0.0
140
0.0
141
0.0
142
1.0
143
1.0
 70
   688
 72
     0
 73
     0
 74
     5
  7

 75
    16
147
1.0
 76
     0
 77
     2
 78
   300
148
0.0
149
0.0
100
AcDbLayout
  1
Sheet2
 70
     1
 71
     2
 10
0.0
 20
0.0
 11
12.0
 21
9.0
 12
0.0
 22
0.0
 32
0.0
 14
0.0
 24
0.0
 34
0.0
 15
0.0
 25
0.0
 35
0.0
146
0.0
 13
0.0
 23
0.0
 33
0.0
 16
1.0
 26
0.0
 36
0.0
 17
0.0
 27
1.0
 37
0.0
 76
     0
330
74
  0
MATERIAL
  5
19
102
{ACAD_XDICTIONARY
360
1A
102
}
102
{ACAD_REACTORS
330
10
102
}
330
10
100
AcDbMaterial
  1
ByBlock
 72
     0
 43
0.020833
 43
0.0
 43
0.0
 43
0.0
 43
0.0
 43
0.020833
 43
0.0
 43
0.0
 43
0.0
 43
0.0
 43
1.0
 43
0.0
 43
0.0
 43
0.0
 43
0.0
 43
1.0
 77
     0
 47
0.020833
 47
0.0
 47
0.0
 47
0.0
 47
0.0
 47
0.020833
 47
0.0
 47
0.0
 47
0.0
 47
0.0
 47
1.0
 47
0.0
 47
0.0
 47
0.0
 47
0.0
 47
1.0
171
     0
 49
0.020833
 49
0.0
 49
0.0
 49
0.0
 49
0.0
 49
0.020833
 49
0.0
 49
0.0
 49
0.0
 49
0.0
 49
1.0
 49
0.0
 49
0.0
 49
0.0
 49
0.0
 49
1.0
175
     0
142
0.020833
142
0.0
142
0.0
142
0.0
142
0.0
142
0.020833
142
0.0
142
0.0
142
0.0
142
0.0
142
1.0
142
0.0
142
0.0
142
0.0
142
0.0
142
1.0
179
     0
144
0.020833
144
0.0
144
0.0
144
0.0
144
0.0
144
0.020833
144
0.0
144
0.0
144
0.0
144
0.0
144
1.0
144
0.0
144
0.0
144
0.0
144
0.0
144
1.0
147
0.020833
147
0.0
147
0.0
147
0.0
147
0.0
147
0.020833
147
0.0
147
0.0
147
0.0
147
0.0
147
1.0
147
0.0
147
0.0
147
0.0
147
0.0
147
1.0
  0
MATERIAL
  5
11
102
{ACAD_XDICTIONARY
360
12
102
}
102
{ACAD_REACTORS
330
10
102
}
330
10
100
AcDbMaterial
  1
ByLayer
 72
     0
 43
0.020833
 43
0.0
 43
0.0
 43
0.0
 43
0.0
 43
0.020833
 43
0.0
 43
0.0
 43
0.0
 43
0.0
 43
1.0
 43
0.0
 43
0.0
 43
0.0
 43
0.0
 43
1.0
 77
     0
 47
0.020833
 47
0.0
 47
0.0
 47
0.0
 47
0.0
 47
0.020833
 47
0.0
 47
0.0
 47
0.0
 47
0.0
 47
1.0
 47
0.0
 47
0.0
 47
0.0
 47
0.0
 47
1.0
171
     0
 49
0.020833
 49
0.0
 49
0.0
 49
0.0
 49
0.0
 49
0.020833
 49
0.0
 49
0.0
 49
0.0
 49
0.0
 49
1.0
 49
0.0
 49
0.0
 49
0.0
 49
0.0
 49
1.0
175
     0
142
0.020833
142
0.0
142
0.0
142
0.0
142
0.0
142
0.020833
142
0.0
142
0.0
142
0.0
142
0.0
142
1.0
142
0.0
142
0.0
142
0.0
142
0.0
142
1.0
179
     0
144
0.020833
144
0.0
144
0.0
144
0.0
144
0.0
144
0.020833
144
0.0
144
0.0
144
0.0
144
0.0
144
1.0
144
0.0
144
0.0
144
0.0
144
0.0
144
1.0
147
0.020833
147
0.0
147
0.0
147
0.0
147
0.0
147
0.020833
147
0.0
147
0.0
147
0.0
147
0.0
147
1.0
147
0.0
147
0.0
147
0.0
147
0.0
147
1.0
  0
MATERIAL
  5
21
102
{ACAD_XDICTIONARY
360
22
102
}
102
{ACAD_REACTORS
330
10
102
}
330
10
100
AcDbMaterial
  1
Global
 72
     0
 43
0.020833
 43
0.0
 43
0.0
 43
0.0
 43
0.0
 43
0.020833
 43
0.0
 43
0.0
 43
0.0
 43
0.0
 43
1.0
 43
0.0
 43
0.0
 43
0.0
 43
0.0
 43
1.0
 77
     0
 47
0.020833
 47
0.0
 47
0.0
 47
0.0
 47
0.0
 47
0.020833
 47
0.0
 47
0.0
 47
0.0
 47
0.0
 47
1.0
 47
0.0
 47
0.0
 47
0.0
 47
0.0
 47
1.0
171
     0
 49
0.020833
 49
0.0
 49
0.0
 49
0.0
 49
0.0
 49
0.020833
 49
0.0
 49
0.0
 49
0.0
 49
0.0
 49
1.0
 49
0.0
 49
0.0
 49
0.0
 49
0.0
 49
1.0
175
     0
142
0.020833
142
0.0
142
0.0
142
0.0
142
0.0
142
0.020833
142
0.0
142
0.0
142
0.0
142
0.0
142
1.0
142
0.0
142
0.0
142
0.0
142
0.0
142
1.0
179
     0
144
0.020833
144
0.0
144
0.0
144
0.0
144
0.0
144
0.020833
144
0.0
144
0.0
144
0.0
144
0.0
144
1.0
144
0.0
144
0.0
144
0.0
144
0.0
144
1.0
147
0.020833
147
0.0
147
0.0
147
0.0
147
0.0
147
0.020833
147
0.0
147
0.0
147
0.0
147
0.0
147
1.0
147
0.0
147
0.0
147
0.0
147
0.0
147
1.0
  0
MLEADERSTYLE
  5
67
102
{ACAD_REACTORS
330
66
102
}
330
66
100
AcDbMLeaderStyle
179
     2
170
     2
171
     1
172
     0
 90
        2
 40
0.0
 41
0.0
173
     1
 91
-1056964608
340
5B
 92
       -2
290
     1
 42
0.09
291
     1
 43
0.36
  3
Standard
 44
0.18
300

342
55
174
     1
178
     6
175
     1
176
     0
 93
-1056964608
 45
0.18
292
     0
297
     0
 46
0.18
 94
-1056964608
 47
1.0
 49
1.0
140
1.0
293
     1
141
0.0
294
     1
177
     0
142
1.0
295
     0
296
     0
143
0.125
271
     0
272
     9
273
     9
298
     1
  0
MLINESTYLE
  5
60
102
{ACAD_REACTORS
330
5F
102
}
330
5F
100
AcDbMlineStyle
  2
STANDARD
 70
     0
  3

 62
   256
 51
90.0
 52
90.0
 71
     0
  0
ACDBPLACEHOLDER
  5
F
102
{ACAD_REACTORS
330
E
102
}
330
E
  0
SCALE
  5
43
102
{ACAD_REACTORS
330
42
102
}
330
42
100
AcDbScale
 70
     0
300
1:1
140
1.0
141
1.0
290
     1
  0
SCALE
  5
44
102
{ACAD_REACTORS
330
42
102
}
330
42
100
AcDbScale
 70
     0
300
1:2
140
1.0
141
2.0
290
     0
  0
SCALE
  5
45
102
{ACAD_REACTORS
330
42
102
}
330
42
100
AcDbScale
 70
     0
300
1:4
140
1.0
141
4.0
290
     0
  0
SCALE
  5
46
102
{ACAD_REACTORS
330
42
102
}
330
42
100
AcDbScale
 70
     0
300
1:5
140
1.0
141
5.0
290
     0
  0
SCALE
  5
47
102
{ACAD_REACTORS
330
42
102
}
330
42
100
AcDbScale
 70
     0
300
1:8
140
1.0
141
8.0
290
     0
  0
SCALE
  5
48
102
{ACAD_REACTORS
330
42
102
}
330
42
100
AcDbScale
 70
     0
300
1:10
140
1.0
141
10.0
290
     0
  0
SCALE
  5
49
102
{ACAD_REACTORS
330
42
102
}
330
42
100
AcDbScale
 70
     0
300
1:16
140
1.0
141
16.0
290
     0
  0
SCALE
  5
4A
102
{ACAD_REACTORS
330
42
102
}
330
42
100
AcDbScale
 70
     0
300
1:20
140
1.0
141
20.0
290
     0
  0
SCALE
  5
4B
102
{ACAD_REACTORS
330
42
102
}
330
42
100
AcDbScale
 70
     0
300
1:30
140
1.0
141
30.0
290
     0
  0
SCALE
  5
4C
102
{ACAD_REACTORS
330
42
102
}
330
42
100
AcDbScale
 70
     0
300
1:40
140
1.0
141
40.0
290
     0
  0
SCALE
  5
4D
102
{ACAD_REACTORS
330
42
102
}
330
42
100
AcDbScale
 70
     0
300
1:50
140
1.0
141
50.0
290
     0
  0
SCALE
  5
4E
102
{ACAD_REACTORS
330
42
102
}
330
42
100
AcDbScale
 70
     0
300
1:100
140
1.0
141
100.0
290
     0
  0
SCALE
  5
4F
102
{ACAD_REACTORS
330
42
102
}
330
42
100
AcDbScale
 70
     0
300
2:1
140
2.0
141
1.0
290
     0
  0
SCALE
  5
50
102
{ACAD_REACTORS
330
42
102
}
330
42
100
AcDbScale
 70
     0
300
4:1
140
4.0
141
1.0
290
     0
  0
SCALE
  5
51
102
{ACAD_REACTORS
330
42
102
}
330
42
100
AcDbScale
 70
     0
300
8:1
140
8.0
141
1.0
290
     0
  0
SCALE
  5
52
102
{ACAD_REACTORS
330
42
102
}
330
42
100
AcDbScale
 70
     0
300
10:1
140
10.0
141
1.0
290
     0
  0
SCALE
  5
53
102
{ACAD_REACTORS
330
42
102
}
330
42
100
AcDbScale
 70
     0
300
100:1
140
100.0
141
1.0
290
     0
  0
ACDBSECTIONVIEWSTYLE
  5
69
102
{ACAD_XDICTIONARY
360
870
102
}
102
{ACAD_REACTORS
330
68
102
}
330
68
100
AcDbModelDocViewStyle
 70
     0
  3
Imperial24
290
     0
100
AcDbSectionViewStyle
 70
     0
 71
     0
 90
       78
 71
     1
340
55
 62
   256
 40
0.24
340
0
340
0
 62
   256
 40
0.24
300
I, O, Q, S, X, Z
 40
0.48
 90
        3
 40
0.18
 90
        1
 71
     2
340
5D
 90
       25
 62
   256
340
5D
 90
       50
 62
   256
 40
0.24
 40
0.0
 40
0.24
 71
     3
340
55
 62
   256
 40
0.24
 90
        1
 40
0.75
 90
        1
300
%<\AcVar ViewType \f "%tc1">% %<\AcVar ViewSectionStartId>%-%<\AcVar ViewSectionEndId>%\PSCALE %<\AcVar ViewScale \f "%sn">%
 71
     4
 62
   256
 62
   257
300
ANSI31
 40
1.0
 90
        0
290
     0
290
     0
 90
        6
 40
0.0
 40
1.570796
 40
0.261799
 40
1.308997
 40
-0.261799
 40
1.832596
  0
TABLESTYLE
  5
65
102
{ACAD_XDICTIONARY
360
86D
102
}
102
{ACAD_REACTORS
330
64
102
}
330
64
100
AcDbTableStyle
280
     0
  3
Standard
 70
     0
 71
     0
 40
1.5
 41
1.5
280
     0
281
     0
  7
Standard
140
0.18
170
     2
 62
     0
 63
     7
283
     0
 90
      512
 91
        0
  1

274
    -2
284
     1
 64
     0
275
    -2
285
     1
 65
     0
276
    -2
286
     1
 66
     0
277
    -2
287
     1
 67
     0
278
    -2
288
     1
 68
     0
279
    -2
289
     1
 69
     0
  7
Standard
140
0.25
170
     5
 62
     0
 63
     7
283
     0
 90
      512
 91
        0
  1

274
    -2
284
     1
 64
     0
275
    -2
285
     1
 65
     0
276
    -2
286
     1
 66
     0
277
    -2
287
     1
 67
     0
278
    -2
288
     1
 68
     0
279
    -2
289
     1
 69
     0
  7
Standard
140
0.18
170
     5
 62
     0
 63
     7
283
     0
 90
      512
 91
        0
  1

274
    -2
284
     1
 64
     0
275
    -2
285
     1
 65
     0
276
    -2
286
     1
 66
     0
277
    -2
287
     1
 67
     0
278
    -2
288
     1
 68
     0
279
    -2
289
     1
 69
     0
  0
VISUALSTYLE
  5
2F
102
{ACAD_REACTORS
330
29
102
}
330
29
100
AcDbVisualStyle
  2
2dWireframe
 70
     4
177
     3
291
     0
 70
    58
 90
        0
176
     1
 90
        2
176
     1
 90
        0
176
     1
 90
        0
176
     1
 40
0.6
176
     1
 40
30.0
176
     1
 62
     7
420
 16777215
176
     1
 90
        1
176
     1
 90
        4
176
     1
 62
     7
176
     1
 62
   257
176
     1
 90
        1
176
     1
 90
        1
176
     1
 40
1.0
176
     1
 90
        0
176
     1
 62
   257
176
     1
 40
1.0
176
     1
 90
        1
176
     1
 90
        6
176
     1
 90
        2
176
     1
 62
     7
176
     1
 90
        5
176
     1
 90
        0
176
     1
 90
        0
176
     1
290
     0
176
     1
 90
        1
176
     1
 40
0.0
176
     1
 90
        0
176
     1
290
     1
176
     1
290
     1
176
     1
290
     0
176
     1
290
     0
176
     1
290
     0
176
     1
290
     0
176
     1
290
     0
176
     1
290
     0
176
     1
290
     0
176
     1
 90
       50
176
     1
 40
0.0
176
     1
 40
1.0
176
     1
 90
        0
176
     1
 62
    18
420
        0
176
     1
 90
       50
176
     1
 90
        3
176
     1
 62
     5
420
      255
176
     1
290
     0
176
     1
 90
       50
176
     1
 90
       50
176
     1
 90
       50
176
     1
290
     0
176
     1
 90
       50
176
     1
 62
   256
176
     0
 40
1.0
176
     0
 90
        2
176
     1
  1
strokes_ogs.tif
176
     1
290
     0
176
     1
 40
1.0
176
     1
 40
1.0
176
     1
1001
ACAD
1000
AcDbSavedByObjectVersion
1070
     0
  0
VISUALSTYLE
  5
2E
102
{ACAD_REACTORS
330
29
102
}
330
29
100
AcDbVisualStyle
  2
Basic
 70
     7
177
     3
291
     1
 70
    58
 90
        1
176
     1
 90
        0
176
     1
 90
        1
176
     1
 90
        0
176
     1
 40
0.6
176
     1
 40
30.0
176
     1
 62
     7
420
 16777215
176
     1
 90
        0
176
     1
 90
        4
176
     1
 62
     7
176
     1
 62
   257
176
     1
 90
        1
176
     1
 90
        1
176
     1
 40
1.0
176
     1
 90
        8
176
     1
 62
     7
176
     1
 40
1.0
176
     1
 90
        1
176
     1
 90
        6
176
     1
 90
        2
176
     1
 62
     7
176
     1
 90
        5
176
     1
 90
        0
176
     1
 90
        0
176
     1
290
     0
176
     1
 90
        1
176
     1
 40
0.0
176
     1
 90
        0
176
     1
290
     0
176
     1
290
     1
176
     1
290
     1
176
     1
290
     0
176
     1
290
     0
176
     1
290
     0
176
     1
290
     0
176
     1
290
     0
176
     1
290
     0
176
     1
 90
       50
176
     1
 40
0.0
176
     1
 40
1.0
176
     1
 90
        0
176
     1
 62
    18
420
        0
176
     1
 90
       50
176
     1
 90
        3
176
     1
 62
     5
420
      255
176
     1
290
     0
176
     1
 90
       50
176
     1
 90
       50
176
     1
 90
       50
176
     1
290
     0
176
     1
 90
       50
176
     1
 62
   256
176
     0
 40
1.0
176
     0
 90
        2
176
     1
  1
strokes_ogs.tif
176
     1
290
     0
176
     1
 40
1.0
176
     1
 40
1.0
176
     1
1001
ACAD
1000
AcDbSavedByObjectVersion
1070
     0
  0
VISUALSTYLE
  5
35
102
{ACAD_REACTORS
330
29
102
}
330
29
100
AcDbVisualStyle
  2
Brighten
 70
    12
177
     3
291
     1
 70
    58
 90
        2
176
     1
 90
        2
176
     1
 90
        0
176
     1
 90
        0
176
     1
 40
0.6
176
     1
 40
30.0
176
     1
 62
     7
420
 16777215
176
     1
 90
        1
176
     1
 90
        4
176
     1
 62
     7
176
     1
 62
   257
176
     1
 90
        1
176
     1
 90
        1
176
     1
 40
1.0
176
     1
 90
        8
176
     1
 62
     7
176
     1
 40
1.0
176
     1
 90
        1
176
     1
 90
        6
176
     1
 90
        2
176
     1
 62
     7
176
     1
 90
        5
176
     1
 90
        0
176
     1
 90
        0
176
     1
290
     0
176
     1
 90
        1
176
     1
 40
50.0
176
     1
 90
        0
176
     1
290
     0
176
     1
290
     1
176
     1
290
     1
176
     1
290
     0
176
     1
290
     0
176
     1
290
     0
176
     1
290
     0
176
     1
290
     0
176
     1
290
     0
176
     1
 90
       50
176
     1
 40
0.0
176
     1
 40
1.0
176
     1
 90
        0
176
     1
 62
    18
420
        0
176
     1
 90
       50
176
     1
 90
        3
176
     1
 62
     5
420
      255
176
     1
290
     0
176
     1
 90
       50
176
     1
 90
       50
176
     1
 90
       50
176
     1
290
     0
176
     1
 90
       50
176
     1
 62
   256
176
     0
 40
1.0
176
     0
 90
        2
176
     1
  1
strokes_ogs.tif
176
     1
290
     0
176
     1
 40
1.0
176
     1
 40
1.0
176
     1
1001
ACAD
1000
AcDbSavedByObjectVersion
1070
     0
  0
VISUALSTYLE
  5
39
102
{ACAD_REACTORS
330
29
102
}
330
29
100
AcDbVisualStyle
  2
ColorChange
 70
    16
177
     3
291
     1
 70
    58
 90
        2
176
     1
 90
        2
176
     1
 90
        3
176
     1
 90
        0
176
     1
 40
0.6
176
     1
 40
30.0
176
     1
 62
     8
420
  8421504
176
     1
 90
        1
176
     1
 90
        4
176
     1
 62
     7
176
     1
 62
   257
176
     1
 90
        1
176
     1
 90
        1
176
     1
 40
1.0
176
     1
 90
        8
176
     1
 62
     8
420
  8421504
176
     1
 40
1.0
176
     1
 90
        1
176
     1
 90
        6
176
     1
 90
        2
176
     1
 62
     7
176
     1
 90
        5
176
     1
 90
        0
176
     1
 90
        0
176
     1
290
     0
176
     1
 90
        1
176
     1
 40
0.0
176
     1
 90
        0
176
     1
290
     0
176
     1
290
     1
176
     1
290
     1
176
     1
290
     0
176
     1
290
     0
176
     1
290
     0
176
     1
290
     0
176
     1
290
     0
176
     1
290
     0
176
     1
 90
       50
176
     1
 40
0.0
176
     1
 40
1.0
176
     1
 90
        0
176
     1
 62
    18
420
        0
176
     1
 90
       50
176
     1
 90
        3
176
     1
 62
     5
420
      255
176
     1
290
     0
176
     1
 90
       50
176
     1
 90
       50
176
     1
 90
       50
176
     1
290
     0
176
     1
 90
       50
176
     1
 62
   256
176
     0
 40
1.0
176
     0
 90
        2
176
     1
  1
strokes_ogs.tif
176
     1
290
     0
176
     1
 40
1.0
176
     1
 40
1.0
176
     1
1001
ACAD
1000
AcDbSavedByObjectVersion
1070
     0
  0
VISUALSTYLE
  5
32
102
{ACAD_REACTORS
330
29
102
}
330
29
100
AcDbVisualStyle
  2
Conceptual
 70
     9
177
     3
291
     0
 70
    58
 90
        3
176
     1
 90
        2
176
     1
 90
        0
176
     1
 90
        0
176
     1
 40
0.6
176
     1
 40
30.0
176
     1
 62
     7
420
 16777215
176
     1
 90
        2
176
     1
 90
        2
176
     1
 62
     7
176
     1
 62
   257
176
     1
 90
        1
176
     1
 90
        1
176
     1
 40
179.0
176
     1
 90
        8
176
     1
 62
     7
176
     1
 40
1.0
176
     1
 90
        1
176
     1
 90
        6
176
     1
 90
        2
176
     1
 62
     7
176
     1
 90
        3
176
     1
 90
        0
176
     1
 90
        0
176
     1
290
     0
176
     1
 90
        1
176
     1
 40
0.0
176
     1
 90
        0
176
     1
290
     0
176
     1
290
     1
176
     1
290
     1
176
     1
290
     0
176
     1
290
     0
176
     1
290
     0
176
     1
290
     0
176
     1
290
     0
176
     1
290
     0
176
     1
 90
       50
176
     1
 40
0.0
176
     1
 40
1.0
176
     1
 90
        0
176
     1
 62
    18
420
        0
176
     1
 90
       50
176
     1
 90
        3
176
     1
 62
     5
420
      255
176
     1
290
     0
176
     1
 90
       50
176
     1
 90
       50
176
     1
 90
       50
176
     1
290
     0
176
     1
 90
       50
176
     1
 62
   256
176
     0
 40
1.0
176
     0
 90
        2
176
     1
  1
strokes_ogs.tif
176
     1
290
     0
176
     1
 40
1.0
176
     1
 40
1.0
176
     1
1001
ACAD
1000
AcDbSavedByObjectVersion
1070
     0
  0
VISUALSTYLE
  5
34
102
{ACAD_REACTORS
330
29
102
}
330
29
100
AcDbVisualStyle
  2
Dim
 70
    11
177
     3
291
     1
 70
    58
 90
        2
176
     1
 90
        2
176
     1
 90
        0
176
     1
 90
        0
176
     1
 40
0.6
176
     1
 40
30.0
176
     1
 62
     7
420
 16777215
176
     1
 90
        1
176
     1
 90
        4
176
     1
 62
     7
176
     1
 62
   257
176
     1
 90
        1
176
     1
 90
        1
176
     1
 40
1.0
176
     1
 90
        8
176
     1
 62
     7
176
     1
 40
1.0
176
     1
 90
        1
176
     1
 90
        6
176
     1
 90
        2
176
     1
 62
     7
176
     1
 90
        5
176
     1
 90
        0
176
     1
 90
        0
176
     1
290
     0
176
     1
 90
        1
176
     1
 40
-50.0
176
     1
 90
        0
176
     1
290
     0
176
     1
290
     1
176
     1
290
     1
176
     1
290
     0
176
     1
290
     0
176
     1
290
     0
176
     1
290
     0
176
     1
290
     0
176
     1
290
     0
176
     1
 90
       50
176
     1
 40
0.0
176
     1
 40
1.0
176
     1
 90
        0
176
     1
 62
    18
420
        0
176
     1
 90
       50
176
     1
 90
        3
176
     1
 62
     5
420
      255
176
     1
290
     0
176
     1
 90
       50
176
     1
 90
       50
176
     1
 90
       50
176
     1
290
     0
176
     1
 90
       50
176
     1
 62
   256
176
     0
 40
1.0
176
     0
 90
        2
176
     1
  1
strokes_ogs.tif
176
     1
290
     0
176
     1
 40
1.0
176
     1
 40
1.0
176
     1
1001
ACAD
1000
AcDbSavedByObjectVersion
1070
     0
  0
VISUALSTYLE
  5
41
102
{ACAD_REACTORS
330
29
102
}
330
29
100
AcDbVisualStyle
  2
EdgeColorOff
 70
    22
177
     3
291
     1
 70
    58
 90
        2
176
     0
 90
        2
176
     0
 90
        0
176
     0
 90
        0
176
     0
 40
0.6
176
     0
 40
30.0
176
     0
 62
     7
420
 16777215
176
     0
 90
        1
176
     0
 90
        4
176
     0
 62
     7
176
     0
 62
   257
176
     0
 90
        1
176
     0
 90
        1
176
     0
 40
1.0
176
     0
 90
        8
176
     2
 62
     7
176
     0
 40
1.0
176
     0
 90
        1
176
     0
 90
        6
176
     0
 90
        2
176
     0
 62
     7
176
     0
 90
        5
176
     0
 90
        0
176
     0
 90
        0
176
     0
290
     0
176
     0
 90
        1
176
     0
 40
0.0
176
     0
 90
        0
176
     0
290
     0
176
     0
290
     1
176
     0
290
     1
176
     0
290
     0
176
     0
290
     0
176
     0
290
     0
176
     0
290
     0
176
     0
290
     0
176
     0
290
     0
176
     0
 90
       50
176
     0
 40
0.0
176
     0
 40
1.0
176
     0
 90
        0
176
     0
 62
    18
420
        0
176
     0
 90
       50
176
     0
 90
        3
176
     0
 62
     5
420
      255
176
     0
290
     0
176
     0
 90
       50
176
     0
 90
       50
176
     0
 90
       50
176
     0
290
     0
176
     0
 90
       50
176
     0
 62
   256
176
     0
 40
1.0
176
     0
 90
        2
176
     0
  1
strokes_ogs.tif
176
     0
290
     0
176
     0
 40
1.0
176
     0
 40
1.0
176
     0
1001
ACAD
1000
AcDbSavedByObjectVersion
1070
     0
  0
VISUALSTYLE
  5
38
102
{ACAD_REACTORS
330
29
102
}
330
29
100
AcDbVisualStyle
  2
Facepattern
 70
    15
177
     3
291
     1
 70
    58
 90
        2
176
     1
 90
        2
176
     1
 90
        0
176
     1
 90
        0
176
     1
 40
0.6
176
     1
 40
30.0
176
     1
 62
     7
420
 16777215
176
     1
 90
        1
176
     1
 90
        4
176
     1
 62
     7
176
     1
 62
   257
176
     1
 90
        1
176
     1
 90
        1
176
     1
 40
1.0
176
     1
 90
        8
176
     1
 62
     7
176
     1
 40
1.0
176
     1
 90
        1
176
     1
 90
        6
176
     1
 90
        2
176
     1
 62
     7
176
     1
 90
        5
176
     1
 90
        0
176
     1
 90
        0
176
     1
290
     0
176
     1
 90
        1
176
     1
 40
0.0
176
     1
 90
        0
176
     1
290
     0
176
     1
290
     1
176
     1
290
     1
176
     1
290
     0
176
     1
290
     0
176
     1
290
     0
176
     1
290
     0
176
     1
290
     0
176
     1
290
     0
176
     1
 90
       50
176
     1
 40
0.0
176
     1
 40
1.0
176
     1
 90
        0
176
     1
 62
    18
420
        0
176
     1
 90
       50
176
     1
 90
        3
176
     1
 62
     5
420
      255
176
     1
290
     0
176
     1
 90
       50
176
     1
 90
       50
176
     1
 90
       50
176
     1
290
     0
176
     1
 90
       50
176
     1
 62
   256
176
     0
 40
1.0
176
     0
 90
        2
176
     1
  1
strokes_ogs.tif
176
     1
290
     0
176
     1
 40
1.0
176
     1
 40
1.0
176
     1
1001
ACAD
1000
AcDbSavedByObjectVersion
1070
     0
  0
VISUALSTYLE
  5
2A
102
{ACAD_REACTORS
330
29
102
}
330
29
100
AcDbVisualStyle
  2
Flat
 70
     0
177
     3
291
     1
 70
    58
 90
        2
176
     1
 90
        1
176
     1
 90
        1
176
     1
 90
        2
176
     1
 40
0.6
176
     1
 40
30.0
176
     1
 62
     7
420
 16777215
176
     1
 90
        0
176
     1
 90
        0
176
     1
 62
     7
176
     1
 62
   257
176
     1
 90
        1
176
     1
 90
        1
176
     1
 40
1.0
176
     1
 90
        8
176
     1
 62
     7
176
     1
 40
1.0
176
     1
 90
        1
176
     1
 90
        6
176
     1
 90
        2
176
     1
 62
     7
176
     1
 90
        5
176
     1
 90
        0
176
     1
 90
        0
176
     1
290
     0
176
     1
 90
       13
176
     1
 40
0.0
176
     1
 90
        0
176
     1
290
     0
176
     1
290
     1
176
     1
290
     1
176
     1
290
     0
176
     1
290
     0
176
     1
290
     0
176
     1
290
     0
176
     1
290
     0
176
     1
290
     0
176
     1
 90
       50
176
     1
 40
0.0
176
     1
 40
1.0
176
     1
 90
        0
176
     1
 62
    18
420
        0
176
     1
 90
       50
176
     1
 90
        3
176
     1
 62
     5
420
      255
176
     1
290
     0
176
     1
 90
       50
176
     1
 90
       50
176
     1
 90
       50
176
     1
290
     0
176
     1
 90
       50
176
     1
 62
   256
176
     0
 40
1.0
176
     0
 90
        2
176
     1
  1
strokes_ogs.tif
176
     1
290
     0
176
     1
 40
1.0
176
     1
 40
1.0
176
     1
1001
ACAD
1000
AcDbSavedByObjectVersion
1070
     0
  0
VISUALSTYLE
  5
2B
102
{ACAD_REACTORS
330
29
102
}
330
29
100
AcDbVisualStyle
  2
FlatWithEdges
 70
     1
177
     3
291
     1
 70
    58
 90
        2
176
     1
 90
        1
176
     1
 90
        1
176
     1
 90
        2
176
     1
 40
0.6
176
     1
 40
30.0
176
     1
 62
     7
420
 16777215
176
     1
 90
        1
176
     1
 90
        0
176
     1
 62
     7
176
     1
 62
   257
176
     1
 90
        1
176
     1
 90
        1
176
     1
 40
1.0
176
     1
 90
        0
176
     1
 62
   257
176
     1
 40
1.0
176
     1
 90
        1
176
     1
 90
        6
176
     1
 90
        2
176
     1
 62
     7
176
     1
 90
        5
176
     1
 90
        0
176
     1
 90
        0
176
     1
290
     0
176
     1
 90
       13
176
     1
 40
0.0
176
     1
 90
        0
176
     1
290
     0
176
     1
290
     1
176
     1
290
     1
176
     1
290
     0
176
     1
290
     0
176
     1
290
     0
176
     1
290
     0
176
     1
290
     0
176
     1
290
     0
176
     1
 90
       50
176
     1
 40
0.0
176
     1
 40
1.0
176
     1
 90
        0
176
     1
 62
    18
420
        0
176
     1
 90
       50
176
     1
 90
        3
176
     1
 62
     5
420
      255
176
     1
290
     0
176
     1
 90
       50
176
     1
 90
       50
176
     1
 90
       50
176
     1
290
     0
176
     1
 90
       50
176
     1
 62
   256
176
     0
 40
1.0
176
     0
 90
        2
176
     1
  1
strokes_ogs.tif
176
     1
290
     0
176
     1
 40
1.0
176
     1
 40
1.0
176
     1
1001
ACAD
1000
AcDbSavedByObjectVersion
1070
     0
  0
VISUALSTYLE
  5
2C
102
{ACAD_REACTORS
330
29
102
}
330
29
100
AcDbVisualStyle
  2
Gouraud
 70
     2
177
     3
291
     1
 70
    58
 90
        2
176
     1
 90
        2
176
     1
 90
        1
176
     1
 90
        2
176
     1
 40
0.6
176
     1
 40
30.0
176
     1
 62
     7
420
 16777215
176
     1
 90
        0
176
     1
 90
        0
176
     1
 62
     7
176
     1
 62
   257
176
     1
 90
        1
176
     1
 90
        1
176
     1
 40
1.0
176
     1
 90
        0
176
     1
 62
     7
176
     1
 40
1.0
176
     1
 90
        1
176
     1
 90
        6
176
     1
 90
        2
176
     1
 62
     7
176
     1
 90
        5
176
     1
 90
        0
176
     1
 90
        0
176
     1
290
     0
176
     1
 90
       13
176
     1
 40
0.0
176
     1
 90
        0
176
     1
290
     0
176
     1
290
     1
176
     1
290
     1
176
     1
290
     0
176
     1
290
     0
176
     1
290
     0
176
     1
290
     0
176
     1
290
     0
176
     1
290
     0
176
     1
 90
       50
176
     1
 40
0.0
176
     1
 40
1.0
176
     1
 90
        0
176
     1
 62
    18
420
        0
176
     1
 90
       50
176
     1
 90
        3
176
     1
 62
     5
420
      255
176
     1
290
     0
176
     1
 90
       50
176
     1
 90
       50
176
     1
 90
       50
176
     1
290
     0
176
     1
 90
       50
176
     1
 62
   256
176
     0
 40
1.0
176
     0
 90
        2
176
     1
  1
strokes_ogs.tif
176
     1
290
     0
176
     1
 40
1.0
176
     1
 40
1.0
176
     1
1001
ACAD
1000
AcDbSavedByObjectVersion
1070
     0
  0
VISUALSTYLE
  5
2D
102
{ACAD_REACTORS
330
29
102
}
330
29
100
AcDbVisualStyle
  2
GouraudWithEdges
 70
     3
177
     3
291
     1
 70
    58
 90
        2
176
     1
 90
        2
176
     1
 90
        1
176
     1
 90
        2
176
     1
 40
0.6
176
     1
 40
30.0
176
     1
 62
     7
420
 16777215
176
     1
 90
        1
176
     1
 90
        0
176
     1
 62
     7
176
     1
 62
   257
176
     1
 90
        1
176
     1
 90
        1
176
     1
 40
1.0
176
     1
 90
        0
176
     1
 62
   257
176
     1
 40
1.0
176
     1
 90
        1
176
     1
 90
        6
176
     1
 90
        2
176
     1
 62
     7
176
     1
 90
        5
176
     1
 90
        0
176
     1
 90
        0
176
     1
290
     0
176
     1
 90
       13
176
     1
 40
0.0
176
     1
 90
        0
176
     1
290
     0
176
     1
290
     1
176
     1
290
     1
176
     1
290
     0
176
     1
290
     0
176
     1
290
     0
176
     1
290
     0
176
     1
290
     0
176
     1
290
     0
176
     1
 90
       50
176
     1
 40
0.0
176
     1
 40
1.0
176
     1
 90
        0
176
     1
 62
    18
420
        0
176
     1
 90
       50
176
     1
 90
        3
176
     1
 62
     5
420
      255
176
     1
290
     0
176
     1
 90
       50
176
     1
 90
       50
176
     1
 90
       50
176
     1
290
     0
176
     1
 90
       50
176
     1
 62
   256
176
     0
 40
1.0
176
     0
 90
        2
176
     1
  1
strokes_ogs.tif
176
     1
290
     0
176
     1
 40
1.0
176
     1
 40
1.0
176
     1
1001
ACAD
1000
AcDbSavedByObjectVersion
1070
     0
  0
VISUALSTYLE
  5
31
102
{ACAD_REACTORS
330
29
102
}
330
29
100
AcDbVisualStyle
  2
Hidden
 70
     6
177
     3
291
     0
 70
    58
 90
        1
176
     1
 90
        2
176
     1
 90
        2
176
     1
 90
        0
176
     1
 40
0.6
176
     1
 40
30.0
176
     1
 62
     7
420
 16777215
176
     1
 90
        2
176
     1
 90
        2
176
     1
 62
     7
176
     1
 62
   257
176
     1
 90
        2
176
     1
 90
        1
176
     1
 40
40.0
176
     1
 90
        0
176
     1
 62
   257
176
     1
 40
1.0
176
     1
 90
        1
176
     1
 90
        6
176
     1
 90
        2
176
     1
 62
     7
176
     1
 90
        3
176
     1
 90
        0
176
     1
 90
        0
176
     1
290
     0
176
     1
 90
        1
176
     1
 40
0.0
176
     1
 90
        0
176
     1
290
     0
176
     1
290
     1
176
     1
290
     1
176
     1
290
     0
176
     1
290
     0
176
     1
290
     0
176
     1
290
     0
176
     1
290
     0
176
     1
290
     0
176
     1
 90
       50
176
     1
 40
0.0
176
     1
 40
1.0
176
     1
 90
        0
176
     1
 62
    18
420
        0
176
     1
 90
       50
176
     1
 90
        3
176
     1
 62
     5
420
      255
176
     1
290
     0
176
     1
 90
       50
176
     1
 90
       50
176
     1
 90
       50
176
     1
290
     0
176
     1
 90
       50
176
     1
 62
   256
176
     0
 40
1.0
176
     0
 90
        2
176
     1
  1
strokes_ogs.tif
176
     1
290
     0
176
     1
 40
1.0
176
     1
 40
1.0
176
     1
1001
ACAD
1000
AcDbSavedByObjectVersion
1070
     0
  0
VISUALSTYLE
  5
3F
102
{ACAD_REACTORS
330
29
102
}
330
29
100
AcDbVisualStyle
  2
JitterOff
 70
    20
177
     3
291
     1
 70
    58
 90
        2
176
     0
 90
        2
176
     0
 90
        0
176
     0
 90
        0
176
     0
 40
0.6
176
     0
 40
30.0
176
     0
 62
     7
420
 16777215
176
     0
 90
        1
176
     0
 90
        4
176
     0
 62
     7
176
     0
 62
   257
176
     0
 90
        1
176
     0
 90
        1
176
     0
 40
1.0
176
     0
 90
       10
176
     2
 62
     7
176
     0
 40
1.0
176
     0
 90
        1
176
     0
 90
        6
176
     0
 90
        2
176
     0
 62
     7
176
     0
 90
        5
176
     0
 90
        0
176
     0
 90
        0
176
     0
290
     0
176
     0
 90
        1
176
     0
 40
0.0
176
     0
 90
        0
176
     0
290
     0
176
     0
290
     1
176
     0
290
     1
176
     0
290
     0
176
     0
290
     0
176
     0
290
     0
176
     0
290
     0
176
     0
290
     0
176
     0
290
     0
176
     0
 90
       50
176
     0
 40
0.0
176
     0
 40
1.0
176
     0
 90
        0
176
     0
 62
    18
420
        0
176
     0
 90
       50
176
     0
 90
        3
176
     0
 62
     5
420
      255
176
     0
290
     0
176
     0
 90
       50
176
     0
 90
       50
176
     0
 90
       50
176
     0
290
     0
176
     0
 90
       50
176
     0
 62
   256
176
     0
 40
1.0
176
     0
 90
        2
176
     0
  1
strokes_ogs.tif
176
     0
290
     0
176
     0
 40
1.0
176
     0
 40
1.0
176
     0
1001
ACAD
1000
AcDbSavedByObjectVersion
1070
     0
  0
VISUALSTYLE
  5
37
102
{ACAD_REACTORS
330
29
102
}
330
29
100
AcDbVisualStyle
  2
Linepattern
 70
    14
177
     3
291
     1
 70
    58
 90
        2
176
     1
 90
        2
176
     1
 90
        0
176
     1
 90
        0
176
     1
 40
0.6
176
     1
 40
30.0
176
     1
 62
     7
420
 16777215
176
     1
 90
        1
176
     1
 90
        4
176
     1
 62
     7
176
     1
 62
   257
176
     1
 90
        7
176
     1
 90
        7
176
     1
 40
1.0
176
     1
 90
        8
176
     1
 62
     7
176
     1
 40
1.0
176
     1
 90
        1
176
     1
 90
        6
176
     1
 90
        2
176
     1
 62
     7
176
     1
 90
        5
176
     1
 90
        0
176
     1
 90
        0
176
     1
290
     0
176
     1
 90
        1
176
     1
 40
0.0
176
     1
 90
        0
176
     1
290
     0
176
     1
290
     1
176
     1
290
     1
176
     1
290
     0
176
     1
290
     0
176
     1
290
     0
176
     1
290
     0
176
     1
290
     0
176
     1
290
     0
176
     1
 90
       50
176
     1
 40
0.0
176
     1
 40
1.0
176
     1
 90
        0
176
     1
 62
    18
420
        0
176
     1
 90
       50
176
     1
 90
        3
176
     1
 62
     5
420
      255
176
     1
290
     0
176
     1
 90
       50
176
     1
 90
       50
176
     1
 90
       50
176
     1
290
     0
176
     1
 90
       50
176
     1
 62
   256
176
     0
 40
1.0
176
     0
 90
        2
176
     1
  1
strokes_ogs.tif
176
     1
290
     0
176
     1
 40
1.0
176
     1
 40
1.0
176
     1
1001
ACAD
1000
AcDbSavedByObjectVersion
1070
     0
  0
VISUALSTYLE
  5
40
102
{ACAD_REACTORS
330
29
102
}
330
29
100
AcDbVisualStyle
  2
OverhangOff
 70
    21
177
     3
291
     1
 70
    58
 90
        2
176
     0
 90
        2
176
     0
 90
        0
176
     0
 90
        0
176
     0
 40
0.6
176
     0
 40
30.0
176
     0
 62
     7
420
 16777215
176
     0
 90
        1
176
     0
 90
        4
176
     0
 62
     7
176
     0
 62
   257
176
     0
 90
        1
176
     0
 90
        1
176
     0
 40
1.0
176
     0
 90
        9
176
     2
 62
     7
176
     0
 40
1.0
176
     0
 90
        1
176
     0
 90
        6
176
     0
 90
        2
176
     0
 62
     7
176
     0
 90
        5
176
     0
 90
        0
176
     0
 90
        0
176
     0
290
     0
176
     0
 90
        1
176
     0
 40
0.0
176
     0
 90
        0
176
     0
290
     0
176
     0
290
     1
176
     0
290
     1
176
     0
290
     0
176
     0
290
     0
176
     0
290
     0
176
     0
290
     0
176
     0
290
     0
176
     0
290
     0
176
     0
 90
       50
176
     0
 40
0.0
176
     0
 40
1.0
176
     0
 90
        0
176
     0
 62
    18
420
        0
176
     0
 90
       50
176
     0
 90
        3
176
     0
 62
     5
420
      255
176
     0
290
     0
176
     0
 90
       50
176
     0
 90
       50
176
     0
 90
       50
176
     0
290
     0
176
     0
 90
       50
176
     0
 62
   256
176
     0
 40
1.0
176
     0
 90
        2
176
     0
  1
strokes_ogs.tif
176
     0
290
     0
176
     0
 40
1.0
176
     0
 40
1.0
176
     0
1001
ACAD
1000
AcDbSavedByObjectVersion
1070
     0
  0
VISUALSTYLE
  5
33
102
{ACAD_REACTORS
330
29
102
}
330
29
100
AcDbVisualStyle
  2
Realistic
 70
     8
177
     3
291
     0
 70
    58
 90
        2
176
     1
 90
        3
176
     1
 90
        0
176
     1
 90
        2
176
     1
 40
0.6
176
     1
 40
30.0
176
     1
 62
     7
420
 16777215
176
     1
 90
        0
176
     1
 90
        0
176
     1
 62
     7
176
     1
 62
   257
176
     1
 90
        1
176
     1
 90
        1
176
     1
 40
1.0
176
     1
 90
        8
176
     1
 62
   257
176
     1
 40
1.0
176
     1
 90
        1
176
     1
 90
        6
176
     1
 90
        2
176
     1
 62
     7
176
     1
 90
        3
176
     1
 90
        0
176
     1
 90
        0
176
     1
290
     0
176
     1
 90
       13
176
     1
 40
0.0
176
     1
 90
        0
176
     1
290
     0
176
     1
290
     1
176
     1
290
     1
176
     1
290
     0
176
     1
290
     0
176
     1
290
     0
176
     1
290
     0
176
     1
290
     0
176
     1
290
     0
176
     1
 90
       50
176
     1
 40
0.0
176
     1
 40
1.0
176
     1
 90
        0
176
     1
 62
    18
420
        0
176
     1
 90
       50
176
     1
 90
        3
176
     1
 62
     5
420
      255
176
     1
290
     0
176
     1
 90
       50
176
     1
 90
       50
176
     1
 90
       50
176
     1
290
     0
176
     1
 90
       50
176
     1
 62
   256
176
     0
 40
1.0
176
     0
 90
        2
176
     1
  1
strokes_ogs.tif
176
     1
290
     0
176
     1
 40
1.0
176
     1
 40
1.0
176
     1
1001
ACAD
1000
AcDbSavedByObjectVersion
1070
     0
  0
VISUALSTYLE
  5
3E
102
{ACAD_REACTORS
330
29
102
}
330
29
100
AcDbVisualStyle
  2
Shaded
 70
    27
177
     3
291
     0
 70
    58
 90
        2
176
     1
 90
        2
176
     1
 90
        1
176
     1
 90
        2
176
     1
 40
0.6
176
     1
 40
30.0
176
     1
 62
     7
420
 16777215
176
     1
 90
        0
176
     1
 90
        4
176
     1
 62
     7
176
     1
 62
   257
176
     1
 90
        1
176
     1
 90
        1
176
     1
 40
1.0
176
     1
 90
        8
176
     1
 62
   257
176
     1
 40
1.0
176
     1
 90
        1
176
     1
 90
        6
176
     1
 90
        2
176
     1
 62
     8
420
  7895160
176
     1
 90
        3
176
     1
 90
        0
176
     1
 90
        0
176
     1
290
     0
176
     1
 90
        5
176
     1
 40
0.0
176
     1
 90
        0
176
     1
290
     0
176
     1
290
     1
176
     1
290
     1
176
     1
290
     0
176
     1
290
     0
176
     1
290
     0
176
     1
290
     0
176
     1
290
     0
176
     1
290
     0
176
     1
 90
       50
176
     1
 40
0.0
176
     1
 40
1.0
176
     1
 90
        0
176
     1
 62
    18
420
        0
176
     1
 90
       50
176
     1
 90
        3
176
     1
 62
     5
420
      255
176
     1
290
     0
176
     1
 90
       50
176
     1
 90
       50
176
     1
 90
       50
176
     1
290
     0
176
     1
 90
       50
176
     1
 62
   256
176
     0
 40
1.0
176
     0
 90
        2
176
     1
  1
strokes_ogs.tif
176
     1
290
     0
176
     1
 40
1.0
176
     1
 40
1.0
176
     1
1001
ACAD
1000
AcDbSavedByObjectVersion
1070
     0
  0
VISUALSTYLE
  5
3D
102
{ACAD_REACTORS
330
29
102
}
330
29
100
AcDbVisualStyle
  2
Shaded with edges
 70
    26
177
     3
291
     0
 70
    58
 90
        2
176
     1
 90
        2
176
     1
 90
        1
176
     1
 90
        2
176
     1
 40
0.6
176
     1
 40
30.0
176
     1
 62
     7
420
 16777215
176
     1
 90
        1
176
     1
 90
        2
176
     1
 62
     7
176
     1
 62
   257
176
     1
 90
        2
176
     1
 90
        1
176
     1
 40
1.0
176
     1
 90
        8
176
     1
 62
   257
176
     1
 40
1.0
176
     1
 90
        1
176
     1
 90
        6
176
     1
 90
        2
176
     1
 62
     7
176
     1
 90
        3
176
     1
 90
        0
176
     1
 90
        0
176
     1
290
     0
176
     1
 90
        5
176
     1
 40
0.0
176
     1
 90
        0
176
     1
290
     0
176
     1
290
     1
176
     1
290
     1
176
     1
290
     0
176
     1
290
     0
176
     1
290
     0
176
     1
290
     0
176
     1
290
     0
176
     1
290
     0
176
     1
 90
       50
176
     1
 40
0.0
176
     1
 40
1.0
176
     1
 90
        0
176
     1
 62
    18
420
        0
176
     1
 90
       50
176
     1
 90
        3
176
     1
 62
     5
420
      255
176
     1
290
     0
176
     1
 90
       50
176
     1
 90
       50
176
     1
 90
       50
176
     1
290
     0
176
     1
 90
       50
176
     1
 62
   256
176
     0
 40
1.0
176
     0
 90
        2
176
     1
  1
strokes_ogs.tif
176
     1
290
     0
176
     1
 40
1.0
176
     1
 40
1.0
176
     1
1001
ACAD
1000
AcDbSavedByObjectVersion
1070
     0
  0
VISUALSTYLE
  5
3A
102
{ACAD_REACTORS
330
29
102
}
330
29
100
AcDbVisualStyle
  2
Shades of Gray
 70
    23
177
     3
291
     0
 70
    58
 90
        2
176
     1
 90
        2
176
     1
 90
        3
176
     1
 90
        0
176
     1
 40
0.6
176
     1
 40
30.0
176
     1
 62
     7
420
 16777215
176
     1
 90
        2
176
     1
 90
        2
176
     1
 62
     7
176
     1
 62
     7
176
     1
 90
        1
176
     1
 90
        1
176
     1
 40
40.0
176
     1
 90
        8
176
     1
 62
     7
176
     1
 40
1.0
176
     1
 90
        1
176
     1
 90
        6
176
     1
 90
        2
176
     1
 62
     7
176
     1
 90
        3
176
     1
 90
        0
176
     1
 90
        0
176
     1
290
     0
176
     1
 90
        1
176
     1
 40
0.0
176
     1
 90
        0
176
     1
290
     0
176
     1
290
     1
176
     1
290
     1
176
     1
290
     0
176
     1
290
     0
176
     1
290
     0
176
     1
290
     0
176
     1
290
     0
176
     1
290
     0
176
     1
 90
       50
176
     1
 40
0.0
176
     1
 40
1.0
176
     1
 90
        0
176
     1
 62
    18
420
        0
176
     1
 90
       50
176
     1
 90
        3
176
     1
 62
     5
420
      255
176
     1
290
     0
176
     1
 90
       50
176
     1
 90
       50
176
     1
 90
       50
176
     1
290
     0
176
     1
 90
       50
176
     1
 62
   256
176
     0
 40
1.0
176
     0
 90
        2
176
     1
  1
strokes_ogs.tif
176
     1
290
     0
176
     1
 40
1.0
176
     1
 40
1.0
176
     1
1001
ACAD
1000
AcDbSavedByObjectVersion
1070
     0
  0
VISUALSTYLE
  5
3B
102
{ACAD_REACTORS
330
29
102
}
330
29
100
AcDbVisualStyle
  2
Sketchy
 70
    24
177
     3
291
     0
 70
    58
 90
        1
176
     1
 90
        2
176
     1
 90
        2
176
     1
 90
        0
176
     1
 40
0.6
176
     1
 40
30.0
176
     1
 62
     7
420
 16777215
176
     1
 90
        2
176
     1
 90
        2
176
     1
 62
     7
176
     1
 62
     7
176
     1
 90
        1
176
     1
 90
        1
176
     1
 40
40.0
176
     1
 90
       11
176
     1
 62
     7
176
     1
 40
1.0
176
     1
 90
        1
176
     1
 90
        6
176
     1
 90
        2
176
     1
 62
     7
176
     1
 90
        6
176
     1
 90
        0
176
     1
 90
        0
176
     1
290
     0
176
     1
 90
        1
176
     1
 40
0.0
176
     1
 90
        0
176
     1
290
     0
176
     1
290
     1
176
     1
290
     1
176
     1
290
     0
176
     1
290
     0
176
     1
290
     0
176
     1
290
     0
176
     1
290
     0
176
     1
290
     0
176
     1
 90
       50
176
     1
 40
0.0
176
     1
 40
1.0
176
     1
 90
        0
176
     1
 62
    18
420
        0
176
     1
 90
       50
176
     1
 90
        3
176
     1
 62
     5
420
      255
176
     1
290
     0
176
     1
 90
       50
176
     1
 90
       50
176
     1
 90
       50
176
     1
290
     0
176
     1
 90
       50
176
     1
 62
   256
176
     0
 40
1.0
176
     0
 90
        2
176
     1
  1
strokes_ogs.tif
176
     1
290
     0
176
     1
 40
1.0
176
     1
 40
1.0
176
     1
1001
ACAD
1000
AcDbSavedByObjectVersion
1070
     0
  0
VISUALSTYLE
  5
36
102
{ACAD_REACTORS
330
29
102
}
330
29
100
AcDbVisualStyle
  2
Thicken
 70
    13
177
     3
291
     1
 70
    58
 90
        2
176
     1
 90
        2
176
     1
 90
        0
176
     1
 90
        0
176
     1
 40
0.6
176
     1
 40
30.0
176
     1
 62
     7
420
 16777215
176
     1
 90
        1
176
     1
 90
        4
176
     1
 62
     7
176
     1
 62
   257
176
     1
 90
        1
176
     1
 90
        1
176
     1
 40
1.0
176
     1
 90
       12
176
     1
 62
     7
176
     1
 40
1.0
176
     1
 90
        1
176
     1
 90
        6
176
     1
 90
        2
176
     1
 62
     7
176
     1
 90
        5
176
     1
 90
        0
176
     1
 90
        0
176
     1
290
     0
176
     1
 90
        1
176
     1
 40
0.0
176
     1
 90
        0
176
     1
290
     0
176
     1
290
     1
176
     1
290
     1
176
     1
290
     0
176
     1
290
     0
176
     1
290
     0
176
     1
290
     0
176
     1
290
     0
176
     1
290
     0
176
     1
 90
       50
176
     1
 40
0.0
176
     1
 40
1.0
176
     1
 90
        0
176
     1
 62
    18
420
        0
176
     1
 90
       50
176
     1
 90
        3
176
     1
 62
     5
420
      255
176
     1
290
     0
176
     1
 90
       50
176
     1
 90
       50
176
     1
 90
       50
176
     1
290
     0
176
     1
 90
       50
176
     1
 62
   256
176
     0
 40
1.0
176
     0
 90
        2
176
     1
  1
strokes_ogs.tif
176
     1
290
     0
176
     1
 40
1.0
176
     1
 40
1.0
176
     1
1001
ACAD
1000
AcDbSavedByObjectVersion
1070
     0
  0
VISUALSTYLE
  5
30
102
{ACAD_REACTORS
330
29
102
}
330
29
100
AcDbVisualStyle
  2
Wireframe
 70
     5
177
     3
291
     0
 70
    58
 90
        0
176
     1
 90
        2
176
     1
 90
        0
176
     1
 90
        0
176
     1
 40
0.6
176
     1
 40
30.0
176
     1
 62
     7
420
 16777215
176
     1
 90
        1
176
     1
 90
        4
176
     1
 62
     7
176
     1
 62
   257
176
     1
 90
        1
176
     1
 90
        1
176
     1
 40
1.0
176
     1
 90
        0
176
     1
 62
   257
176
     1
 40
1.0
176
     1
 90
        1
176
     1
 90
        6
176
     1
 90
        2
176
     1
 62
     7
176
     1
 90
        3
176
     1
 90
        0
176
     1
 90
        0
176
     1
290
     0
176
     1
 90
        1
176
     1
 40
0.0
176
     1
 90
        0
176
     1
290
     0
176
     1
290
     1
176
     1
290
     1
176
     1
290
     0
176
     1
290
     0
176
     1
290
     0
176
     1
290
     0
176
     1
290
     0
176
     1
290
     0
176
     1
 90
       50
176
     1
 40
0.0
176
     1
 40
1.0
176
     1
 90
        0
176
     1
 62
    18
420
        0
176
     1
 90
       50
176
     1
 90
        3
176
     1
 62
     5
420
      255
176
     1
290
     0
176
     1
 90
       50
176
     1
 90
       50
176
     1
 90
       50
176
     1
290
     0
176
     1
 90
       50
176
     1
 62
   256
176
     0
 40
1.0
176
     0
 90
        2
176
     1
  1
strokes_ogs.tif
176
     1
290
     0
176
     1
 40
1.0
176
     1
 40
1.0
176
     1
1001
ACAD
1000
AcDbSavedByObjectVersion
1070
     0
  0
VISUALSTYLE
  5
3C
102
{ACAD_REACTORS
330
29
102
}
330
29
100
AcDbVisualStyle
  2
X-Ray
 70
    25
177
     3
291
     0
 70
    58
 90
        2
176
     1
 90
        2
176
     1
 90
        1
176
     1
 90
        1
176
     1
 40
0.5
176
     1
 40
30.0
176
     1
 62
     7
420
 16777215
176
     1
 90
        1
176
     1
 90
        0
176
     1
 62
     7
176
     1
 62
   257
176
     1
 90
        1
176
     1
 90
        1
176
     1
 40
1.0
176
     1
 90
        8
176
     1
 62
     7
176
     1
 40
1.0
176
     1
 90
        1
176
     1
 90
        6
176
     1
 90
        2
176
     1
 62
     7
176
     1
 90
        3
176
     1
 90
        0
176
     1
 90
        0
176
     1
290
     0
176
     1
 90
       13
176
     1
 40
0.0
176
     1
 90
        0
176
     1
290
     0
176
     1
290
     1
176
     1
290
     1
176
     1
290
     0
176
     1
290
     0
176
     1
290
     0
176
     1
290
     0
176
     1
290
     0
176
     1
290
     0
176
     1
 90
       50
176
     1
 40
0.0
176
     1
 40
1.0
176
     1
 90
        0
176
     1
 62
    18
420
        0
176
     1
 90
       50
176
     1
 90
        3
176
     1
 62
     5
420
      255
176
     1
290
     0
176
     1
 90
       50
176
     1
 90
       50
176
     1
 90
       50
176
     1
290
     0
176
     1
 90
       50
176
     1
 62
   256
176
     0
 40
1.0
176
     0
 90
        2
176
     1
  1
strokes_ogs.tif
176
     1
290
     0
176
     1
 40
1.0
176
     1
 40
1.0
176
     1
1001
ACAD
1000
AcDbSavedByObjectVersion
1070
     0
  0
DICTIONARYVAR
  5
86B
102
{ACAD_REACTORS
330
866
102
}
330
866
100
DictionaryVariables
280
     0
  1
0
  0
DICTIONARYVAR
  5
86C
102
{ACAD_REACTORS
330
866
102
}
330
866
100
DictionaryVariables
280
     0
  1
1:1
  0
DICTIONARYVAR
  5
868
102
{ACAD_REACTORS
330
866
102
}
330
866
100
DictionaryVariables
280
     0
  1
STANDARD
  0
DICTIONARYVAR
  5
867
102
{ACAD_REACTORS
330
866
102
}
330
866
100
DictionaryVariables
280
     0
  1
STANDARD
  0
DICTIONARYVAR
  5
869
102
{ACAD_REACTORS
330
866
102
}
330
866
100
DictionaryVariables
280
     0
  1
Imperial24
  0
DICTIONARYVAR
  5
86A
102
{ACAD_REACTORS
330
866
102
}
330
866
100
DictionaryVariables
280
     0
  1
Imperial24
  0
DICTIONARY
  5
872
330
6B
100
AcDbDictionary
280
     1
281
     1
  3
ACAD_XREC_ROUNDTRIP
360
873
  0
DICTIONARY
  5
1A
330
19
100
AcDbDictionary
280
     1
281
     1
  3
BUMPTILE
360
1C
  3
DIFFUSETILE
360
1B
  3
OPACITYTILE
360
1F
  3
REFLECTIONTILE
360
1E
  3
REFRACTIONTILE
360
20
  3
SPECULARTILE
360
1D
  0
DICTIONARY
  5
12
330
11
100
AcDbDictionary
280
     1
281
     1
  3
BUMPTILE
360
14
  3
DIFFUSETILE
360
13
  3
OPACITYTILE
360
17
  3
REFLECTIONTILE
360
16
  3
REFRACTIONTILE
360
18
  3
SPECULARTILE
360
15
  0
DICTIONARY
  5
22
330
21
100
AcDbDictionary
280
     1
281
     1
  3
BUMPTILE
360
24
  3
DIFFUSETILE
360
23
  3
OPACITYTILE
360
27
  3
REFLECTIONTILE
360
26
  3
REFRACTIONTILE
360
28
  3
SPECULARTILE
360
25
  0
DICTIONARY
  5
870
330
69
100
AcDbDictionary
280
     1
281
     1
  3
ACAD_XREC_ROUNDTRIP
360
871
  0
DICTIONARY
  5
86D
330
65
100
AcDbDictionary
280
     1
281
     1
  3
ACAD_ROUNDTRIP_2008_TABLESTYLE_CELLSTYLEMAP
360
86E
  0
XRECORD
  5
873
102
{ACAD_REACTORS
330
872
102
}
330
872
100
AcDbXrecord
280
     1
102
DISPLAYNAME
  1
Imperial24
102
FLAGS
 90
        0
  0
XRECORD
  5
1C
102
{ACAD_REACTORS
330
1A
102
}
330
1A
100
AcDbXrecord
280
     1
270
     1
271
     1
  0
XRECORD
  5
1B
102
{ACAD_REACTORS
330
1A
102
}
330
1A
100
AcDbXrecord
280
     1
270
     1
271
     1
  0
XRECORD
  5
1F
102
{ACAD_REACTORS
330
1A
102
}
330
1A
100
AcDbXrecord
280
     1
270
     1
271
     1
  0
XRECORD
  5
1E
102
{ACAD_REACTORS
330
1A
102
}
330
1A
100
AcDbXrecord
280
     1
270
     1
271
     1
  0
XRECORD
  5
20
102
{ACAD_REACTORS
330
1A
102
}
330
1A
100
AcDbXrecord
280
     1
270
     1
271
     1
  0
XRECORD
  5
1D
102
{ACAD_REACTORS
330
1A
102
}
330
1A
100
AcDbXrecord
280
     1
270
     1
271
     1
  0
XRECORD
  5
14
102
{ACAD_REACTORS
330
12
102
}
330
12
100
AcDbXrecord
280
     1
270
     1
271
     1
  0
XRECORD
  5
13
102
{ACAD_REACTORS
330
12
102
}
330
12
100
AcDbXrecord
280
     1
270
     1
271
     1
  0
XRECORD
  5
17
102
{ACAD_REACTORS
330
12
102
}
330
12
100
AcDbXrecord
280
     1
270
     1
271
     1
  0
XRECORD
  5
16
102
{ACAD_REACTORS
330
12
102
}
330
12
100
AcDbXrecord
280
     1
270
     1
271
     1
  0
XRECORD
  5
18
102
{ACAD_REACTORS
330
12
102
}
330
12
100
AcDbXrecord
280
     1
270
     1
271
     1
  0
XRECORD
  5
15
102
{ACAD_REACTORS
330
12
102
}
330
12
100
AcDbXrecord
280
     1
270
     1
271
     1
  0
XRECORD
  5
24
102
{ACAD_REACTORS
330
22
102
}
330
22
100
AcDbXrecord
280
     1
270
     1
271
     1
  0
XRECORD
  5
23
102
{ACAD_REACTORS
330
22
102
}
330
22
100
AcDbXrecord
280
     1
270
     1
271
     1
  0
XRECORD
  5
27
102
{ACAD_REACTORS
330
22
102
}
330
22
100
AcDbXrecord
280
     1
270
     1
271
     1
  0
XRECORD
  5
26
102
{ACAD_REACTORS
330
22
102
}
330
22
100
AcDbXrecord
280
     1
270
     1
271
     1
  0
XRECORD
  5
28
102
{ACAD_REACTORS
330
22
102
}
330
22
100
AcDbXrecord
280
     1
270
     1
271
     1
  0
XRECORD
  5
25
102
{ACAD_REACTORS
330
22
102
}
330
22
100
AcDbXrecord
280
     1
270
     1
271
     1
  0
XRECORD
  5
871
102
{ACAD_REACTORS
330
870
102
}
330
870
100
AcDbXrecord
280
     1
102
DISPLAYNAME
  1
Imperial24
102
FLAGS
 90
        0
  0
CELLSTYLEMAP
  5
86E
102
{ACAD_REACTORS
330
86D
102
}
330
86D
100
AcDbCellStyleMap
 90
        3
300
CELLSTYLE
  1
TABLEFORMAT_BEGIN
 90
        5
170
     1
 91
        0
 92
    32768
 62
   257
 93
        1
300
CONTENTFORMAT
  1
CONTENTFORMAT_BEGIN
 90
        0
 91
        0
 92
      512
 93
        0
300

 40
0.0
140
1.0
 94
        5
 62
     0
340
55
144
0.25
309
CONTENTFORMAT_END
171
     1
301
MARGIN
  1
CELLMARGIN_BEGIN
 40
1.5
 40
1.5
 40
1.5
 40
1.5
 40
0.18
 40
0.18
309
CELLMARGIN_END
 94
        0
309
TABLEFORMAT_END
  1
CELLSTYLE_BEGIN
 90
        1
 91
        1
300
_TITLE
309
CELLSTYLE_END
300
CELLSTYLE
  1
TABLEFORMAT_BEGIN
 90
        5
170
     1
 91
        0
 92
        0
 62
   257
 93
        1
300
CONTENTFORMAT
  1
CONTENTFORMAT_BEGIN
 90
        0
 91
        0
 92
      512
 93
        0
300

 40
0.0
140
1.0
 94
        5
 62
     0
340
55
144
0.18
309
CONTENTFORMAT_END
171
     1
301
MARGIN
  1
CELLMARGIN_BEGIN
 40
1.5
 40
1.5
 40
1.5
 40
1.5
 40
0.18
 40
0.18
309
CELLMARGIN_END
 94
        0
309
TABLEFORMAT_END
  1
CELLSTYLE_BEGIN
 90
        2
 91
        1
300
_HEADER
309
CELLSTYLE_END
300
CELLSTYLE
  1
TABLEFORMAT_BEGIN
 90
        5
170
     1
 91
        0
 92
        0
 62
   257
 93
        1
300
CONTENTFORMAT
  1
CONTENTFORMAT_BEGIN
 90
        0
 91
        0
 92
      512
 93
        0
300

 40
0.0
140
1.0
 94
        2
 62
     0
340
55
144
0.18
309
CONTENTFORMAT_END
171
     1
301
MARGIN
  1
CELLMARGIN_BEGIN
 40
1.5
 40
1.5
 40
1.5
 40
1.5
 40
0.18
 40
0.18
309
CELLMARGIN_END
 94
        0
309
TABLEFORMAT_END
  1
CELLSTYLE_BEGIN
 90
        3
 91
        2
300
_DATA
309
CELLSTYLE_END
  0
ENDSEC
  0
EOF
