  0
SECTION
  2
HEADER
  9
$ACADVER
  1
AC1027
  9
$ACADMAINTVER
 70
   125
  9
$DWGCODEPAGE
  3
ANSI_1252
  9
$LASTSAVEDBY
  1
kaley
  9
$REQUIREDVERSIONS
160
                 0
  9
$INSBASE
 10
0.0
 20
0.0
 30
0.0
  9
$EXTMIN
 10
0.0
 20
0.0
 30
0.0
  9
$EXTMAX
 10
420.0
 20
297.0
 30
0.0
  9
$LIMMIN
 10
0.0
 20
0.0
  9
$LIMMAX
 10
420.0
 20
297.0
  9
$ORTHOMODE
 70
     0
  9
$REGENMODE
 70
     1
  9
$FILLMODE
 70
     1
  9
$QTEXTMODE
 70
     0
  9
$MIRRTEXT
 70
     0
  9
$LTSCALE
 40
0.75
  9
$ATTMODE
 70
     1
  9
$TEXTSIZE
 40
3.5
  9
$TRACEWID
 40
1.0
  9
$TEXTSTYLE
  7
Standard
  9
$CLAYER
  8
0
  9
$CELTYPE
  6
ByLayer
  9
$CECOLOR
 62
   256
  9
$CELTSCALE
 40
1.0
  9
$DISPSILH
 70
     0
  9
$DIMSCALE
 40
1.0
  9
$DIMASZ
 40
3.5
  9
$DIMEXO
 40
2.1
  9
$DIMDLI
 40
10.5
  9
$DIMRND
 40
0.0
  9
$DIMDLE
 40
0.0
  9
$DIMEXE
 40
2.1
  9
$DIMTP
 40
0.1
  9
$DIMTM
 40
0.1
  9
$DIMTXT
 40
3.5
  9
$DIMCEN
 40
0.0
  9
$DIMTSZ
 40
0.0
  9
$DIMTOL
 70
     0
  9
$DIMLIM
 70
     0
  9
$DIMTIH
 70
     0
  9
$DIMTOH
 70
     0
  9
$DIMSE1
 70
     0
  9
$DIMSE2
 70
     0
  9
$DIMTAD
 70
     1
  9
$DIMZIN
 70
    12
  9
$DIMBLK
  1

  9
$DIMASO
 70
     1
  9
$DIMSHO
 70
     1
  9
$DIMPOST
  1

  9
$DIMAPOST
  1

  9
$DIMALT
 70
     0
  9
$DIMALTD
 70
     2
  9
$DIMALTF
 40
0.03937
  9
$DIMLFAC
 40
1.0
  9
$DIMTOFL
 70
     1
  9
$DIMTVP
 40
0.0
  9
$DIMTIX
 70
     0
  9
$DIMSOXD
 70
     0
  9
$DIMSAH
 70
     0
  9
$DIMBLK1
  1

  9
$DIMBLK2
  1

  9
$DIMSTYLE
  2
Dim-ISO-25
  9
$DIMCLRD
 70
     0
  9
$DIMCLRE
 70
     0
  9
$DIMCLRT
 70
     0
  9
$DIMTFAC
 40
0.714286
  9
$DIMGAP
 40
1.4
  9
$DIMJUST
 70
     0
  9
$DIMSD1
 70
     0
  9
$DIMSD2
 70
     0
  9
$DIMTOLJ
 70
     0
  9
$DIMTZIN
 70
    12
  9
$DIMALTZ
 70
    12
  9
$DIMALTTZ
 70
    12
  9
$DIMUPT
 70
     0
  9
$DIMDEC
 70
     2
  9
$DIMTDEC
 70
     2
  9
$DIMALTU
 70
     2
  9
$DIMALTTD
 70
     2
  9
$DIMTXSTY
  7
Standard
  9
$DIMAUNIT
 70
     0
  9
$DIMADEC
 70
     2
  9
$DIMALTRND
 40
0.0
  9
$DIMAZIN
 70
     3
  9
$DIMDSEP
 70
    46
  9
$DIMATFIT
 70
     3
  9
$DIMFRAC
 70
     0
  9
$DIMLDRBLK
  1

  9
$DIMLUNIT
 70
     2
  9
$DIMLWD
 70
    -2
  9
$DIMLWE
 70
    -2
  9
$DIMTMOVE
 70
     0
  9
$DIMFXL
 40
1.0
  9
$DIMFXLON
 70
     0
  9
$DIMJOGANG
 40
0.785398
  9
$DIMTFILL
 70
     0
  9
$DIMTFILLCLR
 70
     0
  9
$DIMARCSYM
 70
     0
  9
$DIMLTYPE
  6

  9
$DIMLTEX1
  6

  9
$DIMLTEX2
  6

  9
$DIMTXTDIRECTION
 70
     0
  9
$LUNITS
 70
     2
  9
$LUPREC
 70
     4
  9
$SKETCHINC
 40
1.0
  9
$FILLETRAD
 40
0.0
  9
$AUNITS
 70
     0
  9
$AUPREC
 70
     0
  9
$MENU
  1
.
  9
$ELEVATION
 40
0.0
  9
$PELEVATION
 40
0.0
  9
$THICKNESS
 40
0.0
  9
$LIMCHECK
 70
     0
  9
$CHAMFERA
 40
0.0
  9
$CHAMFERB
 40
0.0
  9
$CHAMFERC
 40
0.0
  9
$CHAMFERD
 40
0.0
  9
$SKPOLY
 70
     0
  9
$TDCREATE
 40
2461158.773888889
  9
$TDUCREATE
 40
2461158.690555556
  9
$TDUPDATE
 40
2461158.773888889
  9
$TDUUPDATE
 40
2461158.690555556
  9
$TDINDWG
 40
0.0000000000
  9
$TDUSRTIMER
 40
0.0000000000
  9
$USRTIMER
 70
     1
  9
$ANGBASE
 50
0.0
  9
$ANGDIR
 70
     0
  9
$PDMODE
 70
     0
  9
$PDSIZE
 40
0.0
  9
$PLINEWID
 40
0.0
  9
$SPLFRAME
 70
     0
  9
$SPLINETYPE
 70
     6
  9
$SPLINESEGS
 70
     8
  9
$HANDSEED
  5
C90
  9
$SURFTAB1
 70
     6
  9
$SURFTAB2
 70
     6
  9
$SURFTYPE
 70
     6
  9
$SURFU
 70
     6
  9
$SURFV
 70
     6
  9
$UCSBASE
  2

  9
$UCSNAME
  2

  9
$UCSORG
 10
0.0
 20
0.0
 30
0.0
  9
$UCSXDIR
 10
1.0
 20
0.0
 30
0.0
  9
$UCSYDIR
 10
0.0
 20
1.0
 30
0.0
  9
$UCSORTHOREF
  2

  9
$UCSORTHOVIEW
 70
     0
  9
$UCSORGTOP
 10
0.0
 20
0.0
 30
0.0
  9
$UCSORGBOTTOM
 10
0.0
 20
0.0
 30
0.0
  9
$UCSORGLEFT
 10
0.0
 20
0.0
 30
0.0
  9
$UCSORGRIGHT
 10
0.0
 20
0.0
 30
0.0
  9
$UCSORGFRONT
 10
0.0
 20
0.0
 30
0.0
  9
$UCSORGBACK
 10
0.0
 20
0.0
 30
0.0
  9
$PUCSBASE
  2

  9
$PUCSNAME
  2

  9
$PUCSORG
 10
0.0
 20
0.0
 30
0.0
  9
$PUCSXDIR
 10
1.0
 20
0.0
 30
0.0
  9
$PUCSYDIR
 10
0.0
 20
1.0
 30
0.0
  9
$PUCSORTHOREF
  2

  9
$PUCSORTHOVIEW
 70
     0
  9
$PUCSORGTOP
 10
0.0
 20
0.0
 30
0.0
  9
$PUCSORGBOTTOM
 10
0.0
 20
0.0
 30
0.0
  9
$PUCSORGLEFT
 10
0.0
 20
0.0
 30
0.0
  9
$PUCSORGRIGHT
 10
0.0
 20
0.0
 30
0.0
  9
$PUCSORGFRONT
 10
0.0
 20
0.0
 30
0.0
  9
$PUCSORGBACK
 10
0.0
 20
0.0
 30
0.0
  9
$USERI1
 70
     0
  9
$USERI2
 70
     0
  9
$USERI3
 70
     0
  9
$USERI4
 70
     0
  9
$USERI5
 70
     0
  9
$USERR1
 40
0.0
  9
$USERR2
 40
0.0
  9
$USERR3
 40
0.0
  9
$USERR4
 40
0.0
  9
$USERR5
 40
0.0
  9
$WORLDVIEW
 70
     1
  9
$SHADEDGE
 70
     3
  9
$SHADEDIF
 70
    70
  9
$TILEMODE
 70
     1
  9
$MAXACTVP
 70
    64
  9
$PINSBASE
 10
0.0
 20
0.0
 30
0.0
  9
$PLIMCHECK
 70
     0
  9
$PEXTMIN
 10
1.000000E+20
 20
1.000000E+20
 30
1.000000E+20
  9
$PEXTMAX
 10
-1.000000E+20
 20
-1.000000E+20
 30
-1.000000E+20
  9
$PLIMMIN
 10
0.0
 20
0.0
  9
$PLIMMAX
 10
12.0
 20
9.0
  9
$UNITMODE
 70
     0
  9
$VISRETAIN
 70
     1
  9
$PLINEGEN
 70
     0
  9
$PSLTSCALE
 70
     1
  9
$TREEDEPTH
 70
  3020
  9
$CMLSTYLE
  2
Standard
  9
$CMLJUST
 70
     0
  9
$CMLSCALE
 40
20.0
  9
$PROXYGRAPHICS
 70
     1
  9
$MEASUREMENT
 70
     1
  9
$CELWEIGHT
370
    -1
  9
$ENDCAPS
280
     0
  9
$JOINSTYLE
280
     0
  9
$LWDISPLAY
290
     0
  9
$INSUNITS
 70
     4
  9
$HYPERLINKBASE
  1

  9
$STYLESHEET
  1

  9
$XEDIT
290
     1
  9
$CEPSNTYPE
380
     0
  9
$PSTYLEMODE
290
     1
  9
$FINGERPRINTGUID
  2
{B62D78E2-6440-DA4C-8BED-8F144A1FDAE9}
  9
$VERSIONGUID
  2
{C4D1A4C1-2A0A-414D-836C-8DE6C3028C1A}
  9
$EXTNAMES
290
     1
  9
$PSVPSCALE
 40
0.0
  9
$OLESTARTUP
290
     0
  9
$SORTENTS
280
   127
  9
$INDEXCTL
280
     0
  9
$HIDETEXT
280
     1
  9
$XCLIPFRAME
280
     0
  9
$HALOGAP
280
     0
  9
$OBSCOLOR
 70
   257
  9
$OBSLTYPE
280
     0
  9
$INTERSECTIONDISPLAY
280
     0
  9
$INTERSECTIONCOLOR
 70
   257
  9
$DIMASSOC
280
     2
  9
$PROJECTNAME
  1

  9
$CAMERADISPLAY
290
     0
  9
$LENSLENGTH
 40
50.0
  9
$CAMERAHEIGHT
 40
0.0
  9
$STEPSPERSEC
 40
2.0
  9
$STEPSIZE
 40
6.0
  9
$3DDWFPREC
 40
2.0
  9
$PSOLWIDTH
 40
5.0
  9
$PSOLHEIGHT
 40
80.0
  9
$LOFTANG1
 40
1.570796
  9
$LOFTANG2
 40
1.570796
  9
$LOFTMAG1
 40
0.0
  9
$LOFTMAG2
 40
0.0
  9
$LOFTPARAM
 70
     7
  9
$LOFTNORMALS
280
     1
  9
$LATITUDE
 40
37.795
  9
$LONGITUDE
 40
-122.394
  9
$NORTHDIRECTION
 40
0.0
  9
$TIMEZONE
 70
 -8000
  9
$LIGHTGLYPHDISPLAY
280
     1
  9
$TILEMODELIGHTSYNCH
280
     1
  9
$CMATERIAL
347
11
  9
$SOLIDHIST
280
     0
  9
$SHOWHIST
280
     1
  9
$DWFFRAME
280
     2
  9
$DGNFRAME
280
     0
  9
$REALWORLDSCALE
290
     1
  9
$INTERFERECOLOR
 62
     1
  9
$INTERFEREOBJVS
345
33
  9
$INTERFEREVPVS
346
30
  9
$CSHADOW
280
     0
  9
$SHADOWPLANELOCATION
 40
0.0
  0
ENDSEC
  0
SECTION
  2
CLASSES
  0
CLASS
  1
ACDBDICTIONARYWDFLT
  2
AcDbDictionaryWithDefault
  3
ObjectDBX Classes
 90
        0
 91
        1
280
     0
281
     0
  0
CLASS
  1
MATERIAL
  2
AcDbMaterial
  3
ObjectDBX Classes
 90
     1153
 91
        3
280
     0
281
     0
  0
CLASS
  1
VISUALSTYLE
  2
AcDbVisualStyle
  3
ObjectDBX Classes
 90
     4095
 91
       24
280
     0
281
     0
  0
CLASS
  1
SCALE
  2
AcDbScale
  3
ObjectDBX Classes
 90
     1153
 91
       17
280
     0
281
     0
  0
CLASS
  1
TABLESTYLE
  2
AcDbTableStyle
  3
ObjectDBX Classes
 90
     4095
 91
        1
280
     0
281
     0
  0
CLASS
  1
MLEADERSTYLE
  2
AcDbMLeaderStyle
  3
ACDB_MLEADERSTYLE_CLASS
 90
     4095
 91
        1
280
     0
281
     0
  0
CLASS
  1
ACDBSECTIONVIEWSTYLE
  2
AcDbSectionViewStyle
  3
ObjectDBX Classes
 90
     1025
 91
        1
280
     0
281
     0
  0
CLASS
  1
ACDBDETAILVIEWSTYLE
  2
AcDbDetailViewStyle
  3
ObjectDBX Classes
 90
     1025
 91
        1
280
     0
281
     0
  0
CLASS
  1
ACMESCOPE
  2
AcMeScope
  3
AcMeServices
 90
     1024
 91
        1
280
     0
281
     0
  0
CLASS
  1
ACMECOMMANDHISTORY
  2
AcMeCommandHistory
  3
AcMeServices
 90
     1024
 91
        1
280
     0
281
     0
  0
CLASS
  1
ACIMSYSVARMAN
  2
AcImSysVarManager
  3
AcMeServices
 90
     1024
 91
        1
280
     0
281
     0
  0
CLASS
  1
ACIMINTSYSVAR
  2
AcImIntSysVar
  3
AcMeServices
 90
     1024
 91
        1
280
     0
281
     0
  0
CLASS
  1
ACMESTATEMGR
  2
AcMeStateMgr
  3
AcMeServices
 90
     1024
 91
        1
280
     0
281
     0
  0
CLASS
  1
ACGREFMASTER
  2
AcGrefMaster
  3
AcAttribServices
 90
     1024
 91
        1
280
     0
281
     0
  0
CLASS
  1
SORTENTSTABLE
  2
AcDbSortentsTable
  3
ObjectDBX Classes
 90
        0
 91
        3
280
     0
281
     0
  0
CLASS
  1
DICTIONARYVAR
  2
AcDbDictionaryVar
  3
ObjectDBX Classes
 90
        0
 91
        6
280
     0
281
     0
  0
CLASS
  1
CELLSTYLEMAP
  2
AcDbCellStyleMap
  3
ObjectDBX Classes
 90
     1152
 91
        1
280
     0
281
     0
  0
ENDSEC
  0
SECTION
  2
TABLES
  0
TABLE
  2
VPORT
  5
8
330
0
100
AcDbSymbolTable
 70
     1
1001
ACAD
1000
DbSaveVer
1071
      428
  0
VPORT
  5
57
330
8
100
AcDbSymbolTableRecord
100
AcDbViewportTableRecord
  2
*Active
 70
     0
 10
0.0
 20
0.0
 11
1.0
 21
1.0
 12
210.0
 22
148.5
 13
0.0
 23
0.0
 14
10.0
 24
10.0
 15
0.0
 25
0.0
 16
0.0
 26
0.0
 36
1.0
 17
0.0
 27
0.0
 37
0.0
 40
297.0
 41
1.751026
 42
50.0
 43
0.0
 44
0.0
 50
0.0
 51
0.0
 71
     0
 72
 20000
 73
     1
 74
     0
 75
     0
 76
     0
 77
     0
 78
     0
281
     0
 65
     1
110
0.0
120
0.0
130
0.0
111
1.0
121
0.0
131
0.0
112
0.0
122
1.0
132
0.0
 79
     0
146
0.0
348
2F
 60
     3
 61
     5
292
     1
282
     1
141
0.0
142
0.0
 63
   250
421
  3355443
  0
ENDTAB
  0
TABLE
  2
LTYPE
  5
5
330
0
100
AcDbSymbolTable
 70
    16
  0
LTYPE
  5
5B
330
5
100
AcDbSymbolTableRecord
100
AcDbLinetypeTableRecord
  2
ByBlock
 70
     0
  3

 72
    65
 73
     0
 40
0.0
  0
LTYPE
  5
5C
330
5
100
AcDbSymbolTableRecord
100
AcDbLinetypeTableRecord
  2
ByLayer
 70
     0
  3

 72
    65
 73
     0
 40
0.0
  0
LTYPE
  5
5D
330
5
100
AcDbSymbolTableRecord
100
AcDbLinetypeTableRecord
  2
Continuous
 70
     0
  3
Solid line
 72
    65
 73
     0
 40
0.0
  0
LTYPE
  5
81
330
5
100
AcDbSymbolTableRecord
100
AcDbLinetypeTableRecord
  2
HIDDEN
 70
     0
  3
Hidden __ __ __ __ __ __ __ __ __ __ __ __ __ _
 72
    65
 73
     2
 40
9.525
 49
6.35
 74
     0
 49
-3.175
 74
     0
  0
LTYPE
  5
82
330
5
100
AcDbSymbolTableRecord
100
AcDbLinetypeTableRecord
  2
PHANTOM2
 70
     0
  3
Phantom (.5x) ___ _ _ ___ _ _ ___ _ _ ___ _ _
 72
    65
 73
     6
 40
31.75
 49
15.875
 74
     0
 49
-3.175
 74
     0
 49
3.175
 74
     0
 49
-3.175
 74
     0
 49
3.175
 74
     0
 49
-3.175
 74
     0
  0
LTYPE
  5
83
330
5
100
AcDbSymbolTableRecord
100
AcDbLinetypeTableRecord
  2
CENTER
 70
     0
  3
Center ____ _ ____ _ ____ _ ____ _ ____ _ ____
 72
    65
 73
     4
 40
50.8
 49
31.75
 74
     0
 49
-6.35
 74
     0
 49
6.35
 74
     0
 49
-6.35
 74
     0
  0
LTYPE
  5
9D
330
5
100
AcDbSymbolTableRecord
100
AcDbLinetypeTableRecord
  2
CENTER2
 70
     0
  3
Center (.5x) ___ _ ___ _ ___ _ ___ _ ___ _ ___
 72
    65
 73
     4
 40
28.575
 49
19.05
 74
     0
 49
-3.175
 74
     0
 49
3.175
 74
     0
 49
-3.175
 74
     0
  0
LTYPE
  5
9E
330
5
100
AcDbSymbolTableRecord
100
AcDbLinetypeTableRecord
  2
HIDDEN2
 70
     0
  3
Hidden (.5x) _ _ _ _ _ _ _ _ _ _ _ _ _ _ _ _ _
 72
    65
 73
     2
 40
4.7625
 49
3.175
 74
     0
 49
-1.5875
 74
     0
  0
LTYPE
  5
9F
330
5
100
AcDbSymbolTableRecord
100
AcDbLinetypeTableRecord
  2
AM_ISO02W050
 70
     0
  3
__ __ __ __ __ __ __ __ __ __ __ __ __ __ __
 72
    65
 73
     2
 40
7.5
 49
6.0
 74
     0
 49
-1.5
 74
     0
  0
LTYPE
  5
A0
330
5
100
AcDbSymbolTableRecord
100
AcDbLinetypeTableRecord
  2
AM_ISO08W050
 70
     0
  3
____ . ____ . ____ . ____ . ____ . ____ . ____
 72
    65
 73
     4
 40
18.0
 49
12.0
 74
     0
 49
-1.5
 74
     0
 49
3.0
 74
     0
 49
-1.5
 74
     0
  0
LTYPE
  5
A1
330
5
100
AcDbSymbolTableRecord
100
AcDbLinetypeTableRecord
  2
AM_ISO09W050
 70
     0
  3
_____ . . _____ . . _____ . . ____ .. ____
 72
    65
 73
     6
 40
22.5
 49
12.0
 74
     0
 49
-1.5
 74
     0
 49
3.0
 74
     0
 49
-1.5
 74
     0
 49
3.0
 74
     0
 49
-1.5
 74
     0
  0
LTYPE
  5
A2
330
5
100
AcDbSymbolTableRecord
100
AcDbLinetypeTableRecord
  2
Amconstr
 70
     0
  3
_______________________
 72
    65
 73
     2
 40
9999.0
 49
9999.0
 74
     0
 49
0.0
 74
     0
  0
LTYPE
  5
A3
330
5
100
AcDbSymbolTableRecord
100
AcDbLinetypeTableRecord
  2
AM_ISO08W050x2
 70
     0
  3
__ . __ . __ . __ . __ . __
 72
    65
 73
     4
 40
9.0
 49
6.0
 74
     0
 49
-0.75
 74
     0
 49
1.5
 74
     0
 49
-0.75
 74
     0
  0
LTYPE
  5
A4
330
5
100
AcDbSymbolTableRecord
100
AcDbLinetypeTableRecord
  2
AM_ISO02W050x2
 70
     0
  3
 _ _ _ _ _ _ _ _ _ _ _ _
 72
    65
 73
     2
 40
3.75
 49
3.0
 74
     0
 49
-0.75
 74
     0
  0
LTYPE
  5
A5
330
5
100
AcDbSymbolTableRecord
100
AcDbLinetypeTableRecord
  2
Amzigzag
 70
     0
  3
/\/-/\/-/\/-/\/-/\/-/\/
 72
    65
 73
     2
 40
11.0001
 49
0.0001
 74
     4
 75
   136
340
9A
 46
0.04
 50
0.0
 44
0.0
 45
0.0
 49
-11.0
 74
     0
  0
LTYPE
  5
A6
330
5
100
AcDbSymbolTableRecord
100
AcDbLinetypeTableRecord
  2
ACISOWELD
 70
     0
  3
_ _ _ _ _
 72
    65
 73
     2
 40
2.0
 49
2.0
 74
     0
 49
-1.0
 74
     0
  0
LTYPE
  5
A7
330
5
100
AcDbSymbolTableRecord
100
AcDbLinetypeTableRecord
  2
ACISOTGL
 70
     0
  3
_ _ _ _ _
 72
    65
 73
     2
 40
3.0
 49
2.0
 74
     0
 49
-1.0
 74
     0
  0
LTYPE
  5
A8
330
5
100
AcDbSymbolTableRecord
100
AcDbLinetypeTableRecord
  2
ACISOTGB
 70
     0
  3
__ . . __ . .
 72
    65
 73
     6
 40
9.0
 49
4.0
 74
     0
 49
-1.0
 74
     0
 49
1.0
 74
     0
 49
-1.0
 74
     0
 49
1.0
 74
     0
 49
-1.0
 74
     0
  0
ENDTAB
  0
TABLE
  2
LAYER
  5
2
330
0
100
AcDbSymbolTable
 70
    11
  0
LAYER
  5
54
330
2
100
AcDbSymbolTableRecord
100
AcDbLayerTableRecord
  2
0
 70
     0
 62
     7
  6
Continuous
370
    -3
390
F
347
21
348
0
1001
AcAecLayerStandard
1000

1000

  0
LAYER
  5
79
330
2
100
AcDbSymbolTableRecord
100
AcDbLayerTableRecord
  2
Defpoints
 70
     0
 62
     7
  6
Continuous
290
     0
370
    -3
390
F
347
21
348
0
1001
AcAecLayerStandard
1000

1000

  0
LAYER
  5
B4
330
2
100
AcDbSymbolTableRecord
100
AcDbLayerTableRecord
  2
Visible
 70
     0
 62
     7
  6
Continuous
370
    50
390
F
347
21
348
0
  0
LAYER
  5
BD
330
2
100
AcDbSymbolTableRecord
100
AcDbLayerTableRecord
  2
Hidden
 70
     0
 62
     7
  6
HIDDEN2
370
    25
390
F
347
21
348
0
  0
LAYER
  5
2CD
330
2
100
AcDbSymbolTableRecord
100
AcDbLayerTableRecord
  2
BORDER
 70
     0
 62
     7
  6
Continuous
370
    25
390
F
347
21
348
0
1001
AcAecLayerStandard
1000

1000

1001
AcCmTransparency
1071
        0
  0
LAYER
  5
313
330
2
100
AcDbSymbolTableRecord
100
AcDbLayerTableRecord
  2
TITLEBLOCK
 70
     0
 62
     7
  6
Continuous
370
    35
390
F
347
21
348
0
1001
AcAecLayerStandard
1000

1000

1001
AcCmTransparency
1071
        0
  0
LAYER
  5
35F
330
2
100
AcDbSymbolTableRecord
100
AcDbLayerTableRecord
  2
Smart Centers
 70
     0
 62
     7
  6
CENTER2
370
    25
390
F
347
21
348
0
  0
LAYER
  5
400
330
2
100
AcDbSymbolTableRecord
100
AcDbLayerTableRecord
  2
FD_Dimensions
 70
     0
 62
     7
  6
Continuous
370
    25
390
F
347
21
348
0
  0
ENDTAB
  0
TABLE
  2
STYLE
  5
3
330
0
100
AcDbSymbolTable
 70
     5
  0
STYLE
  5
55
330
3
100
AcDbSymbolTableRecord
100
AcDbTextStyleTableRecord
  2
Standard
 70
     0
 40
0.0
 41
1.0
 50
0.0
 71
     0
 42
3.5
  3
Arial.ttf
  4

1001
ACAD
1000
Arial
1071
       34
  0
STYLE
  5
5A
330
3
100
AcDbSymbolTableRecord
100
AcDbTextStyleTableRecord
  2
Annotative
 70
     0
 40
0.0
 41
1.0
 50
0.0
 71
     0
 42
0.2
  3
txt
  4

1001
AcadAnnotative
1000
AnnotativeData
1002
{
1070
     1
1070
     1
1002
}
  0
STYLE
  5
99
330
3
100
AcDbSymbolTableRecord
100
AcDbTextStyleTableRecord
  2
FusionTitle
 70
     0
 40
0.0
 41
1.0
 50
0.0
 71
     0
 42
2.5
  3
Arial.ttf
  4

1001
ACAD
1000
Arial
1071
       34
  0
STYLE
  5
9A
330
3
100
AcDbSymbolTableRecord
100
AcDbTextStyleTableRecord
  2

 70
     1
 40
0.0
 41
1.0
 50
0.0
 71
     0
 42
10.0
  3
genltshp.shx
  4

  0
STYLE
  5
9B
330
3
100
AcDbSymbolTableRecord
100
AcDbTextStyleTableRecord
  2
ACISOGDT
 70
     0
 40
0.0
 41
1.0
 50
0.0
 71
     0
 42
10.0
  3
amgdt.shx
  4

  0
ENDTAB
  0
TABLE
  2
VIEW
  5
6
330
0
100
AcDbSymbolTable
 70
     0
  0
ENDTAB
  0
TABLE
  2
UCS
  5
7
330
0
100
AcDbSymbolTable
 70
     0
  0
ENDTAB
  0
TABLE
  2
APPID
  5
9
330
0
100
AcDbSymbolTable
 70
    26
  0
APPID
  5
56
330
9
100
AcDbSymbolTableRecord
100
AcDbRegAppTableRecord
  2
ACAD
 70
     0
  0
APPID
  5
5E
330
9
100
AcDbSymbolTableRecord
100
AcDbRegAppTableRecord
  2
AcadAnnotative
 70
     0
  0
APPID
  5
78
330
9
100
AcDbSymbolTableRecord
100
AcDbRegAppTableRecord
  2
ACAD_PSEXT
 70
     0
  0
APPID
  5
7A
330
9
100
AcDbSymbolTableRecord
100
AcDbRegAppTableRecord
  2
MCAD_NO_VIS
 70
     0
  0
APPID
  5
7B
330
9
100
AcDbSymbolTableRecord
100
AcDbRegAppTableRecord
  2
ACAD_TEMP_GRAPHIC
 70
     0
  0
APPID
  5
84
330
9
100
AcDbSymbolTableRecord
100
AcDbRegAppTableRecord
  2
ACAD_DSTYLE_DIMJAG
 70
     0
  0
APPID
  5
85
330
9
100
AcDbSymbolTableRecord
100
AcDbRegAppTableRecord
  2
ACAD_DSTYLE_DIMTALN
 70
     0
  0
APPID
  5
86
330
9
100
AcDbSymbolTableRecord
100
AcDbRegAppTableRecord
  2
ACAD_NAV_VCDISPLAY
 70
     0
  0
APPID
  5
87
330
9
100
AcDbSymbolTableRecord
100
AcDbRegAppTableRecord
  2
AcAecLayerStandard
 70
     0
  0
APPID
  5
88
330
9
100
AcDbSymbolTableRecord
100
AcDbRegAppTableRecord
  2
AcCmTransparency
 70
     0
  0
APPID
  5
89
330
9
100
AcDbSymbolTableRecord
100
AcDbRegAppTableRecord
  2
AcDbDynamicBlockGUID
 70
     0
  0
APPID
  5
8A
330
9
100
AcDbSymbolTableRecord
100
AcDbRegAppTableRecord
  2
ACAD_DSTYLE_DIMBREAK
 70
     0
  0
APPID
  5
8B
330
9
100
AcDbSymbolTableRecord
100
AcDbRegAppTableRecord
  2
ACAD_DSTYLE_DIMRADIAL_EXTENSION
 70
     0
  0
APPID
  5
8C
330
9
100
AcDbSymbolTableRecord
100
AcDbRegAppTableRecord
  2
FUSIONTITLEBLOCK
 70
     0
  0
APPID
  5
8D
330
9
100
AcDbSymbolTableRecord
100
AcDbRegAppTableRecord
  2
FUSIONCURRENTTITLEBLOCK
 70
     0
  0
APPID
  5
8E
330
9
100
AcDbSymbolTableRecord
100
AcDbRegAppTableRecord
  2
AcSynergy
 70
     0
  0
APPID
  5
8F
330
9
100
AcDbSymbolTableRecord
100
AcDbRegAppTableRecord
  2
FUSDOC_AUTODIM_XDATA
 70
     0
  0
APPID
  5
90
330
9
100
AcDbSymbolTableRecord
100
AcDbRegAppTableRecord
  2
ACAD_DSTYLE_DIMJAG_POSITION
 70
     0
  0
APPID
  5
91
330
9
100
AcDbSymbolTableRecord
100
AcDbRegAppTableRecord
  2
ACAD_DIMASSOC_CALC_DIMLFAC
 70
     0
  0
APPID
  5
92
330
9
100
AcDbSymbolTableRecord
100
AcDbRegAppTableRecord
  2
ACAD_DIMASSOC_DIMLFAC
 70
     0
  0
APPID
  5
93
330
9
100
AcDbSymbolTableRecord
100
AcDbRegAppTableRecord
  2
ACAD_DIMASSOC_OVERRIDDEN_DIMLFAC
 70
     0
  0
APPID
  5
94
330
9
100
AcDbSymbolTableRecord
100
AcDbRegAppTableRecord
  2
AUTO_ARRANGE_XDATA
 70
     0
  0
APPID
  5
95
330
9
100
AcDbSymbolTableRecord
100
AcDbRegAppTableRecord
  2
FUSDOC_XDATA_AUTO_CREATED_LAYOUT
 70
     0
  0
APPID
  5
96
330
9
100
AcDbSymbolTableRecord
100
AcDbRegAppTableRecord
  2
FUSDOC_XDATA_AUTO_DIM_CMD_USED_IN_LAYOUT
 70
     0
  0
APPID
  5
97
330
9
100
AcDbSymbolTableRecord
100
AcDbRegAppTableRecord
  2
FUSDOC_XDATA_AUTO_TIDY_UP_CMD_USED_IN_LAYOUT
 70
     0
  0
APPID
  5
98
330
9
100
AcDbSymbolTableRecord
100
AcDbRegAppTableRecord
  2
ACATTRIBSERVICES
 70
     0
  0
ENDTAB
  0
TABLE
  2
DIMSTYLE
  5
A
330
0
100
AcDbSymbolTable
 70
     4
100
AcDbDimStyleTable
 71
     1
340
AC
  0
DIMSTYLE
105
58
330
A
100
AcDbSymbolTableRecord
100
AcDbDimStyleTableRecord
  2
Standard
 70
     0
 41
3.5
 42
2.1
 43
10.5
 44
2.1
 78
    12
 79
     3
140
3.5
143
0.03937
146
0.714286
147
1.4
179
     2
271
     2
272
     2
284
    12
340
55
  0
DIMSTYLE
105
59
330
A
100
AcDbSymbolTableRecord
100
AcDbDimStyleTableRecord
  2
Annotative
 70
     0
 40
0.0
 41
3.5
 42
2.1
 43
10.5
 44
2.1
 73
     0
 74
     0
 77
     1
 78
    12
 79
     3
140
3.5
141
2.5
143
0.03937
146
0.714286
147
1.4
171
     3
172
     1
179
     2
271
     2
272
     2
274
     3
278
    44
283
     0
284
    12
340
55
1001
AcadAnnotative
1000
AnnotativeData
1002
{
1070
     1
1070
     1
1002
}
  0
DIMSTYLE
105
AB
330
A
100
AcDbSymbolTableRecord
100
AcDbDimStyleTableRecord
  2
ISO-25
 70
     0
  4
in
 41
3.5
 42
2.1
 43
10.5
 44
2.1
 47
0.1
 48
0.1
 73
     0
 74
     0
 77
     1
 78
    12
 79
     3
140
3.5
141
0.0
143
0.03937
146
0.714286
147
1.4
171
     4
172
     1
176
   256
177
   256
178
   256
179
     2
271
     2
272
     2
274
     4
283
     0
284
    12
285
     8
340
55
1001
ACAD_DSTYLE_DIMJAG
1070
   388
1040
1.5
1001
ACAD_DSTYLE_DIMTALN
1070
   392
1070
     1
1001
ACAD_DSTYLE_DIMBREAK
1070
   391
1040
3.5
  0
DIMSTYLE
105
AC
102
{ACAD_REACTORS
330
3FF
330
40D
330
41A
330
427
330
433
330
43F
330
44B
330
457
330
463
330
46D
330
47A
330
487
330
494
330
4A1
330
4AE
330
4BB
330
4CA
330
4D7
330
4E4
330
4F1
330
4FE
330
50B
330
518
330
525
102
}
330
A
100
AcDbSymbolTableRecord
100
AcDbDimStyleTableRecord
  2
Dim-ISO-25
 70
     0
 41
3.5
 42
2.1
 43
10.5
 44
2.1
 47
0.1
 48
0.1
 73
     0
 74
     0
 77
     1
 78
    12
 79
     3
140
3.5
141
0.0
143
0.03937
146
0.714286
147
1.4
172
     1
179
     2
271
     2
272
     2
283
     0
284
    12
285
    12
286
    12
340
55
1001
ACAD_DSTYLE_DIMJAG
1070
   388
1040
1.5
1001
ACAD_DSTYLE_DIMTALN
1070
   392
1070
     1
1001
ACAD_DSTYLE_DIMBREAK
1070
   391
1040
3.5
  0
ENDTAB
  0
TABLE
  2
BLOCK_RECORD
  5
1
330
0
100
AcDbSymbolTable
 70
    70
  0
BLOCK_RECORD
  5
70
102
{ACAD_XDICTIONARY
360
AD
102
}
330
1
100
AcDbSymbolTableRecord
100
AcDbBlockTableRecord
  2
*Model_Space
340
73
 70
     0
280
     1
281
     0
  0
BLOCK_RECORD
  5
6C
330
1
100
AcDbSymbolTableRecord
100
AcDbBlockTableRecord
  2
*Paper_Space
340
6F
 70
     0
280
     1
281
     0
  0
BLOCK_RECORD
  5
74
330
1
100
AcDbSymbolTableRecord
100
AcDbBlockTableRecord
  2
*Paper_Space0
340
77
 70
     0
280
     1
281
     0
  0
BLOCK_RECORD
  5
2CE
102
{ACAD_XDICTIONARY
360
2CF
102
}
330
1
100
AcDbSymbolTableRecord
100
AcDbBlockTableRecord
  2
ISO_A3_SHEET
340
0
310
2800000020000000200000000100080000000000000400000000000000000000000000000000000000000000000080000080000000808000800000008000800080800000C0C0C000C0DCC000F0CAA6000020400000206000002080000020A0000020C0000020E00000400000004020000040400000406000004080000040A0
310
000040C0000040E00000600000006020000060400000606000006080000060A0000060C0000060E00000800000008020000080400000806000008080000080A0000080C0000080E00000A0000000A0200000A0400000A0600000A0800000A0A00000A0C00000A0E00000C0000000C0200000C0400000C0600000C0800000C0
310
A00000C0C00000C0E00000E0000000E0200000E0400000E0600000E0800000E0A00000E0C00000E0E00040000000400020004000400040006000400080004000A0004000C0004000E00040200000402020004020400040206000402080004020A0004020C0004020E000404000004040200040404000404060004040800040
310
40A0004040C0004040E00040600000406020004060400040606000406080004060A0004060C0004060E00040800000408020004080400040806000408080004080A0004080C0004080E00040A0000040A0200040A0400040A0600040A0800040A0A00040A0C00040A0E00040C0000040C0200040C0400040C0600040C08000
310
40C0A00040C0C00040C0E00040E0000040E0200040E0400040E0600040E0800040E0A00040E0C00040E0E00080000000800020008000400080006000800080008000A0008000C0008000E00080200000802020008020400080206000802080008020A0008020C0008020E00080400000804020008040400080406000804080
310
008040A0008040C0008040E00080600000806020008060400080606000806080008060A0008060C0008060E00080800000808020008080400080806000808080008080A0008080C0008080E00080A0000080A0200080A0400080A0600080A0800080A0A00080A0C00080A0E00080C0000080C0200080C0400080C0600080C0
310
800080C0A00080C0C00080C0E00080E0000080E0200080E0400080E0600080E0800080E0A00080E0C00080E0E000C0000000C0002000C0004000C0006000C0008000C000A000C000C000C000E000C0200000C0202000C0204000C0206000C0208000C020A000C020C000C020E000C0400000C0402000C0404000C0406000C0
310
408000C040A000C040C000C040E000C0600000C0602000C0604000C0606000C0608000C060A000C060C000C060E000C0800000C0802000C0804000C0806000C0808000C080A000C080C000C080E000C0A00000C0A02000C0A04000C0A06000C0A08000C0A0A000C0A0C000C0A0E000C0C00000C0C02000C0C04000C0C06000
310
C0C08000C0C0A000F0FBFF00A4A0A000808080000000FF0000FF000000FFFF00FF000000FF00FF00FFFF0000FFFFFF0049494949494949494949494949494949494949494949494949494949494949494949494949494949494949494949494949494949494949494949494949494949494949494949494949494949494949
310
494949494949494949494949494949494949494949494949494949494949494949494949494949494949494949494949494949494949494949494949494949494949494949494949494949494949494949494949494949494949494949494949494949494949494949494949494949494949FFFFFFFFFFFFFFFFFFFFFFFFFF
310
FFFFFFFFFFFFFFFFFFFFFFFFFFFFFFFFFF4949FF49FF494949494949494949494949FF494949494949494949494949FFFF49494949FF49494949494949494949494949494949494949494949494949FF49494949FFFF49494949494949494949494949494949494949494949494949FF4949494949FF494949494949494949
310
49494949494949494949494949494949FF4949494949FF49494949494949494949494949494949494949494949494949FF49494949FFFF49494949494949494949494949494949494949494949494949FF4949494949FF49494949494949494949494949494949494949494949494949FF4949494949FF4949494949494949
310
4949494949494949494949494949494949FF4949494949FF49494949494949494949494949494949494949494949494949FF49494949FFFF49494949494949494949494949494949494949494949494949FF4949494949FF49494949494949494949494949494949494949494949494949FF4949494949FF49494949494949
310
494949494949494949494949494949494949FF49494949FFFF49494949494949494949494949494949494949494949494949FF4949494949FF49494949494949494949494949494949494949494949494949FF4949494949FF49494949494949494949494949494949494949494949494949FF49494949FFFF494949494949
310
49494949494949494949494949494949494949FF4949494949FF49494949494949494949494949494949494949494949494949FF494949FF49FF494949494949494949494949FF494949494949494949494949FFFF4949FFFFFFFFFFFFFFFFFFFFFFFFFFFFFFFFFFFFFFFFFFFFFFFFFFFFFFFFFFFF49494949494949494949
310
49494949494949494949494949494949494949494949494949494949494949494949494949494949494949494949494949494949494949494949494949494949494949494949494949494949494949494949494949494949494949494949494949494949494949494949494949494949494949494949494949494949494949
310
4949494949494949494949494949494949494949494949494949494949494949494949494949494949494949494949494949494949494949
102
{BLKREFS
331
2CC
102
}
 70
     4
280
     1
281
     0
1001
AcDbDynamicBlockGUID
1000
{B4874B5E-8040-BF49-A9B6-B81412F7B0AC}
  0
BLOCK_RECORD
  5
314
102
{ACAD_XDICTIONARY
360
315
102
}
330
1
100
AcDbSymbolTableRecord
100
AcDbBlockTableRecord
  2
ISO_TITLEBLOCK
340
0
310
2800000020000000200000000100080000000000000400000000000000000000000000000000000000000000000080000080000000808000800000008000800080800000C0C0C000C0DCC000F0CAA6000020400000206000002080000020A0000020C0000020E00000400000004020000040400000406000004080000040A0
310
000040C0000040E00000600000006020000060400000606000006080000060A0000060C0000060E00000800000008020000080400000806000008080000080A0000080C0000080E00000A0000000A0200000A0400000A0600000A0800000A0A00000A0C00000A0E00000C0000000C0200000C0400000C0600000C0800000C0
310
A00000C0C00000C0E00000E0000000E0200000E0400000E0600000E0800000E0A00000E0C00000E0E00040000000400020004000400040006000400080004000A0004000C0004000E00040200000402020004020400040206000402080004020A0004020C0004020E000404000004040200040404000404060004040800040
310
40A0004040C0004040E00040600000406020004060400040606000406080004060A0004060C0004060E00040800000408020004080400040806000408080004080A0004080C0004080E00040A0000040A0200040A0400040A0600040A0800040A0A00040A0C00040A0E00040C0000040C0200040C0400040C0600040C08000
310
40C0A00040C0C00040C0E00040E0000040E0200040E0400040E0600040E0800040E0A00040E0C00040E0E00080000000800020008000400080006000800080008000A0008000C0008000E00080200000802020008020400080206000802080008020A0008020C0008020E00080400000804020008040400080406000804080
310
008040A0008040C0008040E00080600000806020008060400080606000806080008060A0008060C0008060E00080800000808020008080400080806000808080008080A0008080C0008080E00080A0000080A0200080A0400080A0600080A0800080A0A00080A0C00080A0E00080C0000080C0200080C0400080C0600080C0
310
800080C0A00080C0C00080C0E00080E0000080E0200080E0400080E0600080E0800080E0A00080E0C00080E0E000C0000000C0002000C0004000C0006000C0008000C000A000C000C000C000E000C0200000C0202000C0204000C0206000C0208000C020A000C020C000C020E000C0400000C0402000C0404000C0406000C0
310
408000C040A000C040C000C040E000C0600000C0602000C0604000C0606000C0608000C060A000C060C000C060E000C0800000C0802000C0804000C0806000C0808000C080A000C080C000C080E000C0A00000C0A02000C0A04000C0A06000C0A08000C0A0A000C0A0C000C0A0E000C0C00000C0C02000C0C04000C0C06000
310
C0C08000C0C0A000F0FBFF00A4A0A000808080000000FF0000FF000000FFFF00FF000000FF00FF00FFFF0000FFFFFF0049494949494949494949494949494949494949494949494949494949494949494949494949494949494949494949494949494949494949494949494949494949494949494949494949494949494949
310
49494949494949494949494949494949494949494949494949494949494949494949494949494949494949494949494949494949494949494949494949494949494949494949494949494949494949494949494949494949494949494949494949494949494949494949494949494949494949494949494949494949494949
310
49494949494949494949494949494949494949494949494949494949494949494949494949494949494949494949494949494949494949494949494949494949494949494949494949494949494949494949494949494949494949494949494949494949494949494949494949494949494949494949494949494949494949
310
49494949494949494949494949494949494949494949494949494949494949494949494949494949494949494949494949494949FFFFFFFFFFFFFFFFFFFFFFFFFFFFFFFFFFFFFFFFFFFFFFFFFFFFFF4949494949FF4949494949494949FFFFFFFFFF49494949FFFFFFFFFFFFFFFFFFFF49494949FF4949494949494949FFFF
310
FFFFFF494949FFFFFFFFFFFFFFFFFFFF4949494949FF4949494949494949FFFFFFFFFF494949FFFFFFFFFFFFFFFFFFFF4949494949FF4949494949494949FFFFFFFFFFFFFFFFFFFFFFFFFFFFFFFFFFFF4949494949FFFFFFFFFFFFFFFFFFFFFFFFFFFFFFFFFFFFFFFFFFFFFFFFFFFFFF4949494949FFFFFF49FFFFFFFFFFFF
310
FFFFFFFFFFFFFFFFFFFFFFFFFFFFFFFFFFFFFFFF4949FFFFFFFFFFFFFFFFFFFFFFFFFFFFFFFFFFFFFFFFFFFFFFFFFFFFFF494949494949494949494949494949494949494949494949494949494949494949494949494949494949494949494949494949494949494949494949494949494949494949494949494949494949
310
49494949494949494949494949494949494949494949494949494949494949494949494949494949494949494949494949494949494949494949494949494949494949494949494949494949494949494949494949494949494949494949494949494949494949494949494949494949494949494949494949494949494949
310
49494949494949494949494949494949494949494949494949494949494949494949494949494949494949494949494949494949494949494949494949494949494949494949494949494949494949494949494949494949494949494949494949494949494949494949494949494949494949494949494949494949494949
310
4949494949494949494949494949494949494949494949494949494949494949494949494949494949494949494949494949494949494949
102
{BLKREFS
331
312
102
}
 70
     4
280
     1
281
     0
1001
AcDbDynamicBlockGUID
1000
{BCD52D05-323A-B54A-8A21-1B84008CF9CB}
1001
FUSIONTITLEBLOCK
1000
TitleBlock
  0
BLOCK_RECORD
  5
360
330
1
100
AcDbSymbolTableRecord
100
AcDbBlockTableRecord
  2
*U6
340
0
102
{BLKREFS
331
35E
102
}
 70
     0
280
     1
281
     0
  0
BLOCK_RECORD
  5
36A
330
1
100
AcDbSymbolTableRecord
100
AcDbBlockTableRecord
  2
*U7
340
0
102
{BLKREFS
331
369
102
}
 70
     0
280
     1
281
     0
  0
BLOCK_RECORD
  5
374
330
1
100
AcDbSymbolTableRecord
100
AcDbBlockTableRecord
  2
*U8
340
0
102
{BLKREFS
331
373
102
}
 70
     0
280
     1
281
     0
  0
BLOCK_RECORD
  5
37E
330
1
100
AcDbSymbolTableRecord
100
AcDbBlockTableRecord
  2
*U9
340
0
102
{BLKREFS
331
37D
102
}
 70
     0
280
     1
281
     0
  0
BLOCK_RECORD
  5
388
330
1
100
AcDbSymbolTableRecord
100
AcDbBlockTableRecord
  2
*U10
340
0
102
{BLKREFS
331
387
102
}
 70
     0
280
     1
281
     0
  0
BLOCK_RECORD
  5
392
330
1
100
AcDbSymbolTableRecord
100
AcDbBlockTableRecord
  2
*U11
340
0
102
{BLKREFS
331
391
102
}
 70
     0
280
     1
281
     0
  0
BLOCK_RECORD
  5
39C
330
1
100
AcDbSymbolTableRecord
100
AcDbBlockTableRecord
  2
*U12
340
0
102
{BLKREFS
331
39B
102
}
 70
     0
280
     1
281
     0
  0
BLOCK_RECORD
  5
3A6
330
1
100
AcDbSymbolTableRecord
100
AcDbBlockTableRecord
  2
*U13
340
0
102
{BLKREFS
331
3A5
102
}
 70
     0
280
     1
281
     0
  0
BLOCK_RECORD
  5
3B0
330
1
100
AcDbSymbolTableRecord
100
AcDbBlockTableRecord
  2
*U14
340
0
102
{BLKREFS
331
3AF
102
}
 70
     0
280
     1
281
     0
  0
BLOCK_RECORD
  5
3BA
330
1
100
AcDbSymbolTableRecord
100
AcDbBlockTableRecord
  2
*U15
340
0
102
{BLKREFS
331
3B9
102
}
 70
     0
280
     1
281
     0
  0
BLOCK_RECORD
  5
3C4
330
1
100
AcDbSymbolTableRecord
100
AcDbBlockTableRecord
  2
*U16
340
0
102
{BLKREFS
331
3C3
102
}
 70
     0
280
     1
281
     0
  0
BLOCK_RECORD
  5
3CE
330
1
100
AcDbSymbolTableRecord
100
AcDbBlockTableRecord
  2
*U17
340
0
102
{BLKREFS
331
3CD
102
}
 70
     0
280
     1
281
     0
  0
BLOCK_RECORD
  5
3D8
330
1
100
AcDbSymbolTableRecord
100
AcDbBlockTableRecord
  2
*U18
340
0
102
{BLKREFS
331
3D7
102
}
 70
     0
280
     1
281
     0
  0
BLOCK_RECORD
  5
3E2
330
1
100
AcDbSymbolTableRecord
100
AcDbBlockTableRecord
  2
*U19
340
0
102
{BLKREFS
331
3E1
102
}
 70
     0
280
     1
281
     0
  0
BLOCK_RECORD
  5
3EC
330
1
100
AcDbSymbolTableRecord
100
AcDbBlockTableRecord
  2
*U20
340
0
102
{BLKREFS
331
3EB
102
}
 70
     0
280
     1
281
     0
  0
BLOCK_RECORD
  5
3F6
330
1
100
AcDbSymbolTableRecord
100
AcDbBlockTableRecord
  2
*U21
340
0
102
{BLKREFS
331
3F5
102
}
 70
     0
280
     1
281
     0
  0
BLOCK_RECORD
  5
401
330
1
100
AcDbSymbolTableRecord
100
AcDbBlockTableRecord
  2
*D22
340
0
 70
     0
280
     1
281
     0
  0
BLOCK_RECORD
  5
40E
330
1
100
AcDbSymbolTableRecord
100
AcDbBlockTableRecord
  2
*D23
340
0
 70
     0
280
     1
281
     0
  0
BLOCK_RECORD
  5
41B
330
1
100
AcDbSymbolTableRecord
100
AcDbBlockTableRecord
  2
*D24
340
0
 70
     0
280
     1
281
     0
  0
BLOCK_RECORD
  5
428
330
1
100
AcDbSymbolTableRecord
100
AcDbBlockTableRecord
  2
*D25
340
0
 70
     0
280
     1
281
     0
  0
BLOCK_RECORD
  5
434
330
1
100
AcDbSymbolTableRecord
100
AcDbBlockTableRecord
  2
*D26
340
0
 70
     0
280
     1
281
     0
  0
BLOCK_RECORD
  5
440
330
1
100
AcDbSymbolTableRecord
100
AcDbBlockTableRecord
  2
*D27
340
0
 70
     0
280
     1
281
     0
  0
BLOCK_RECORD
  5
44C
330
1
100
AcDbSymbolTableRecord
100
AcDbBlockTableRecord
  2
*D28
340
0
 70
     0
280
     1
281
     0
  0
BLOCK_RECORD
  5
458
330
1
100
AcDbSymbolTableRecord
100
AcDbBlockTableRecord
  2
*D29
340
0
 70
     0
280
     1
281
     0
  0
BLOCK_RECORD
  5
464
330
1
100
AcDbSymbolTableRecord
100
AcDbBlockTableRecord
  2
*D30
340
0
 70
     0
280
     1
281
     0
  0
BLOCK_RECORD
  5
46E
330
1
100
AcDbSymbolTableRecord
100
AcDbBlockTableRecord
  2
*D31
340
0
 70
     0
280
     1
281
     0
  0
BLOCK_RECORD
  5
47B
330
1
100
AcDbSymbolTableRecord
100
AcDbBlockTableRecord
  2
*D32
340
0
 70
     0
280
     1
281
     0
  0
BLOCK_RECORD
  5
488
330
1
100
AcDbSymbolTableRecord
100
AcDbBlockTableRecord
  2
*D33
340
0
 70
     0
280
     1
281
     0
  0
BLOCK_RECORD
  5
495
330
1
100
AcDbSymbolTableRecord
100
AcDbBlockTableRecord
  2
*D34
340
0
 70
     0
280
     1
281
     0
  0
BLOCK_RECORD
  5
4A2
330
1
100
AcDbSymbolTableRecord
100
AcDbBlockTableRecord
  2
*D35
340
0
 70
     0
280
     1
281
     0
  0
BLOCK_RECORD
  5
4AF
330
1
100
AcDbSymbolTableRecord
100
AcDbBlockTableRecord
  2
*D36
340
0
 70
     0
280
     1
281
     0
  0
BLOCK_RECORD
  5
4BC
330
1
100
AcDbSymbolTableRecord
100
AcDbBlockTableRecord
  2
*D37
340
0
 70
     0
280
     1
281
     0
  0
BLOCK_RECORD
  5
4CB
330
1
100
AcDbSymbolTableRecord
100
AcDbBlockTableRecord
  2
*D38
340
0
 70
     0
280
     1
281
     0
  0
BLOCK_RECORD
  5
4D8
330
1
100
AcDbSymbolTableRecord
100
AcDbBlockTableRecord
  2
*D39
340
0
 70
     0
280
     1
281
     0
  0
BLOCK_RECORD
  5
4E5
330
1
100
AcDbSymbolTableRecord
100
AcDbBlockTableRecord
  2
*D40
340
0
 70
     0
280
     1
281
     0
  0
BLOCK_RECORD
  5
4F2
330
1
100
AcDbSymbolTableRecord
100
AcDbBlockTableRecord
  2
*D41
340
0
 70
     0
280
     1
281
     0
  0
BLOCK_RECORD
  5
4FF
330
1
100
AcDbSymbolTableRecord
100
AcDbBlockTableRecord
  2
*D42
340
0
 70
     0
280
     1
281
     0
  0
BLOCK_RECORD
  5
50C
330
1
100
AcDbSymbolTableRecord
100
AcDbBlockTableRecord
  2
*D43
340
0
 70
     0
280
     1
281
     0
  0
BLOCK_RECORD
  5
519
330
1
100
AcDbSymbolTableRecord
100
AcDbBlockTableRecord
  2
*D44
340
0
 70
     0
280
     1
281
     0
  0
BLOCK_RECORD
  5
526
330
1
100
AcDbSymbolTableRecord
100
AcDbBlockTableRecord
  2
*D45
340
0
 70
     0
280
     1
281
     0
  0
BLOCK_RECORD
  5
535
330
1
100
AcDbSymbolTableRecord
100
AcDbBlockTableRecord
  2
*D46
340
0
 70
     0
280
     1
281
     0
  0
BLOCK_RECORD
  5
541
330
1
100
AcDbSymbolTableRecord
100
AcDbBlockTableRecord
  2
*D47
340
0
 70
     0
280
     1
281
     0
  0
BLOCK_RECORD
  5
54D
330
1
100
AcDbSymbolTableRecord
100
AcDbBlockTableRecord
  2
*D48
340
0
 70
     0
280
     1
281
     0
  0
BLOCK_RECORD
  5
559
330
1
100
AcDbSymbolTableRecord
100
AcDbBlockTableRecord
  2
*D49
340
0
 70
     0
280
     1
281
     0
  0
BLOCK_RECORD
  5
564
330
1
100
AcDbSymbolTableRecord
100
AcDbBlockTableRecord
  2
*D50
340
0
 70
     0
280
     1
281
     0
  0
BLOCK_RECORD
  5
56F
330
1
100
AcDbSymbolTableRecord
100
AcDbBlockTableRecord
  2
*D51
340
0
 70
     0
280
     1
281
     0
  0
BLOCK_RECORD
  5
57A
330
1
100
AcDbSymbolTableRecord
100
AcDbBlockTableRecord
  2
*D52
340
0
 70
     0
280
     1
281
     0
  0
BLOCK_RECORD
  5
585
330
1
100
AcDbSymbolTableRecord
100
AcDbBlockTableRecord
  2
*D53
340
0
 70
     0
280
     1
281
     0
  0
BLOCK_RECORD
  5
590
330
1
100
AcDbSymbolTableRecord
100
AcDbBlockTableRecord
  2
*D54
340
0
 70
     0
280
     1
281
     0
  0
BLOCK_RECORD
  5
599
330
1
100
AcDbSymbolTableRecord
100
AcDbBlockTableRecord
  2
*D55
340
0
 70
     0
280
     1
281
     0
  0
BLOCK_RECORD
  5
5A5
330
1
100
AcDbSymbolTableRecord
100
AcDbBlockTableRecord
  2
*D56
340
0
 70
     0
280
     1
281
     0
  0
BLOCK_RECORD
  5
5B1
330
1
100
AcDbSymbolTableRecord
100
AcDbBlockTableRecord
  2
*D57
340
0
 70
     0
280
     1
281
     0
  0
BLOCK_RECORD
  5
5BD
330
1
100
AcDbSymbolTableRecord
100
AcDbBlockTableRecord
  2
*D58
340
0
 70
     0
280
     1
281
     0
  0
BLOCK_RECORD
  5
5C9
330
1
100
AcDbSymbolTableRecord
100
AcDbBlockTableRecord
  2
*D59
340
0
 70
     0
280
     1
281
     0
  0
BLOCK_RECORD
  5
5D5
330
1
100
AcDbSymbolTableRecord
100
AcDbBlockTableRecord
  2
*D60
340
0
 70
     0
280
     1
281
     0
  0
BLOCK_RECORD
  5
5E1
330
1
100
AcDbSymbolTableRecord
100
AcDbBlockTableRecord
  2
*D61
340
0
 70
     0
280
     1
281
     0
  0
BLOCK_RECORD
  5
5EF
330
1
100
AcDbSymbolTableRecord
100
AcDbBlockTableRecord
  2
*D62
340
0
 70
     0
280
     1
281
     0
  0
BLOCK_RECORD
  5
5FB
330
1
100
AcDbSymbolTableRecord
100
AcDbBlockTableRecord
  2
*D63
340
0
 70
     0
280
     1
281
     0
  0
BLOCK_RECORD
  5
607
330
1
100
AcDbSymbolTableRecord
100
AcDbBlockTableRecord
  2
*D64
340
0
 70
     0
280
     1
281
     0
  0
BLOCK_RECORD
  5
613
330
1
100
AcDbSymbolTableRecord
100
AcDbBlockTableRecord
  2
*D65
340
0
 70
     0
280
     1
281
     0
  0
BLOCK_RECORD
  5
61F
330
1
100
AcDbSymbolTableRecord
100
AcDbBlockTableRecord
  2
*D66
340
0
 70
     0
280
     1
281
     0
  0
BLOCK_RECORD
  5
62B
330
1
100
AcDbSymbolTableRecord
100
AcDbBlockTableRecord
  2
*D67
340
0
 70
     0
280
     1
281
     0
  0
BLOCK_RECORD
  5
637
330
1
100
AcDbSymbolTableRecord
100
AcDbBlockTableRecord
  2
*D68
340
0
 70
     0
280
     1
281
     0
  0
BLOCK_RECORD
  5
643
330
1
100
AcDbSymbolTableRecord
100
AcDbBlockTableRecord
  2
*D69
340
0
 70
     0
280
     1
281
     0
  0
ENDTAB
  0
ENDSEC
  0
SECTION
  2
BLOCKS
  0
BLOCK
  5
71
330
70
100
AcDbEntity
  8
0
100
AcDbBlockBegin
  2
*Model_Space
 70
     0
 10
0.0
 20
0.0
 30
0.0
  3
*Model_Space
  1

  0
ENDBLK
  5
72
330
70
100
AcDbEntity
  8
0
100
AcDbBlockEnd
  0
BLOCK
  5
6D
330
6C
100
AcDbEntity
 67
     1
  8
0
100
AcDbBlockBegin
  2
*Paper_Space
 70
     0
 10
0.0
 20
0.0
 30
0.0
  3
*Paper_Space
  1

  0
ENDBLK
  5
6E
330
6C
100
AcDbEntity
 67
     1
  8
0
100
AcDbBlockEnd
  0
BLOCK
  5
75
330
74
100
AcDbEntity
 67
     1
  8
0
100
AcDbBlockBegin
  2
*Paper_Space0
 70
     0
 10
0.0
 20
0.0
 30
0.0
  3
*Paper_Space0
  1

  0
ENDBLK
  5
76
330
74
100
AcDbEntity
 67
     1
  8
0
100
AcDbBlockEnd
  0
BLOCK
  5
2D0
330
2CE
100
AcDbEntity
  8
0
100
AcDbBlockBegin
  2
ISO_A3_SHEET
 70
     0
 10
0.0
 20
0.0
 30
0.0
  3
ISO_A3_SHEET
  1

  0
LINE
  5
2D1
330
2CE
100
AcDbEntity
  8
Defpoints
100
AcDbLine
 10
0.0
 20
0.0
 30
0.0
 11
15.0
 21
0.0
 31
0.0
  0
LINE
  5
2D2
330
2CE
100
AcDbEntity
  8
Defpoints
100
AcDbLine
 10
405.0
 20
0.0
 30
0.0
 11
420.0
 21
0.0
 31
0.0
  0
LINE
  5
2D3
330
2CE
100
AcDbEntity
  8
BORDER
100
AcDbLine
 10
20.0
 20
10.0
 30
0.0
 11
410.0
 21
10.0
 31
0.0
  0
LINE
  5
2D4
330
2CE
100
AcDbEntity
  8
Defpoints
100
AcDbLine
 10
420.0
 20
0.0
 30
0.0
 11
420.0
 21
15.0
 31
0.0
  0
LINE
  5
2D5
330
2CE
100
AcDbEntity
  8
Defpoints
100
AcDbLine
 10
420.0
 20
282.0
 30
0.0
 11
420.0
 21
297.0
 31
0.0
  0
LINE
  5
2D6
330
2CE
100
AcDbEntity
  8
Defpoints
100
AcDbLine
 10
420.0
 20
297.0
 30
0.0
 11
405.0
 21
297.0
 31
0.0
  0
LINE
  5
2D7
330
2CE
100
AcDbEntity
  8
Defpoints
100
AcDbLine
 10
15.0
 20
297.0
 30
0.0
 11
0.0
 21
297.0
 31
0.0
  0
LINE
  5
2D8
330
2CE
100
AcDbEntity
  8
BORDER
100
AcDbLine
 10
410.0
 20
287.0
 30
0.0
 11
20.0
 21
287.0
 31
0.0
  0
LINE
  5
2D9
330
2CE
100
AcDbEntity
  8
Defpoints
100
AcDbLine
 10
0.0
 20
297.0
 30
0.0
 11
0.0
 21
282.0
 31
0.0
  0
LINE
  5
2DA
330
2CE
100
AcDbEntity
  8
Defpoints
100
AcDbLine
 10
0.0
 20
15.0
 30
0.0
 11
0.0
 21
0.0
 31
0.0
  0
LINE
  5
2DB
330
2CE
100
AcDbEntity
  8
BORDER
100
AcDbLine
 10
20.0
 20
287.0
 30
0.0
 11
20.0
 21
10.0
 31
0.0
  0
LINE
  5
2DC
330
2CE
100
AcDbEntity
  8
BORDER
100
AcDbLine
 10
410.0
 20
287.0
 30
0.0
 11
410.0
 21
10.0
 31
0.0
  0
LINE
  5
2DD
330
2CE
100
AcDbEntity
  8
BORDER
100
AcDbLine
 10
215.0
 20
5.0
 30
0.0
 11
215.0
 21
15.0
 31
0.0
  0
LINE
  5
2DE
330
2CE
100
AcDbEntity
  8
BORDER
100
AcDbLine
 10
215.0
 20
292.0
 30
0.0
 11
215.0
 21
282.0
 31
0.0
  0
LINE
  5
2DF
330
2CE
100
AcDbEntity
  8
BORDER
100
AcDbLine
 10
265.0
 20
292.0
 30
0.0
 11
265.0
 21
287.0
 31
0.0
  0
LINE
  5
2E0
330
2CE
100
AcDbEntity
  8
BORDER
100
AcDbLine
 10
315.0
 20
292.0
 30
0.0
 11
315.0
 21
287.0
 31
0.0
  0
LINE
  5
2E1
330
2CE
100
AcDbEntity
  8
BORDER
100
AcDbLine
 10
365.0
 20
292.0
 30
0.0
 11
365.0
 21
287.0
 31
0.0
  0
LINE
  5
2E2
330
2CE
100
AcDbEntity
  8
BORDER
100
AcDbLine
 10
165.0
 20
292.0
 30
0.0
 11
165.0
 21
287.0
 31
0.0
  0
LINE
  5
2E3
330
2CE
100
AcDbEntity
  8
BORDER
100
AcDbLine
 10
115.0
 20
292.0
 30
0.0
 11
115.0
 21
287.0
 31
0.0
  0
LINE
  5
2E4
330
2CE
100
AcDbEntity
  8
BORDER
100
AcDbLine
 10
65.0
 20
292.0
 30
0.0
 11
65.0
 21
287.0
 31
0.0
  0
LINE
  5
2E5
330
2CE
100
AcDbEntity
  8
BORDER
100
AcDbLine
 10
15.0
 20
148.5
 30
0.0
 11
25.0
 21
148.5
 31
0.0
  0
LINE
  5
2E6
330
2CE
100
AcDbEntity
  8
BORDER
100
AcDbLine
 10
15.0
 20
100.66667
 30
0.0
 11
20.0
 21
100.66667
 31
0.0
  0
LINE
  5
2E7
330
2CE
100
AcDbEntity
  8
BORDER
100
AcDbLine
 10
15.0
 20
52.83334
 30
0.0
 11
20.0
 21
52.83334
 31
0.0
  0
LINE
  5
2E8
330
2CE
100
AcDbEntity
  8
BORDER
100
AcDbLine
 10
15.0
 20
196.33333
 30
0.0
 11
20.0
 21
196.33333
 31
0.0
  0
LINE
  5
2E9
330
2CE
100
AcDbEntity
  8
BORDER
100
AcDbLine
 10
15.0
 20
244.16666
 30
0.0
 11
20.0
 21
244.16666
 31
0.0
  0
LINE
  5
2EA
330
2CE
100
AcDbEntity
  8
BORDER
100
AcDbLine
 10
415.0
 20
148.5
 30
0.0
 11
405.0
 21
148.5
 31
0.0
  0
LINE
  5
2EB
330
2CE
100
AcDbEntity
  8
BORDER
100
AcDbLine
 10
265.0
 20
5.0
 30
0.0
 11
265.0
 21
10.0
 31
0.0
  0
LINE
  5
2EC
330
2CE
100
AcDbEntity
  8
BORDER
100
AcDbLine
 10
315.0
 20
5.0
 30
0.0
 11
315.0
 21
10.0
 31
0.0
  0
LINE
  5
2ED
330
2CE
100
AcDbEntity
  8
BORDER
100
AcDbLine
 10
365.0
 20
5.0
 30
0.0
 11
365.0
 21
10.0
 31
0.0
  0
LINE
  5
2EE
330
2CE
100
AcDbEntity
  8
BORDER
100
AcDbLine
 10
165.0
 20
5.0
 30
0.0
 11
165.0
 21
10.0
 31
0.0
  0
LINE
  5
2EF
330
2CE
100
AcDbEntity
  8
BORDER
100
AcDbLine
 10
115.0
 20
5.0
 30
0.0
 11
115.0
 21
10.0
 31
0.0
  0
LINE
  5
2F0
330
2CE
100
AcDbEntity
  8
BORDER
100
AcDbLine
 10
65.0
 20
5.0
 30
0.0
 11
65.0
 21
10.0
 31
0.0
  0
LINE
  5
2F1
330
2CE
100
AcDbEntity
  8
BORDER
100
AcDbLine
 10
415.0
 20
100.66667
 30
0.0
 11
410.0
 21
100.66667
 31
0.0
  0
LINE
  5
2F2
330
2CE
100
AcDbEntity
  8
BORDER
100
AcDbLine
 10
415.0
 20
52.83334
 30
0.0
 11
410.0
 21
52.83334
 31
0.0
  0
LINE
  5
2F3
330
2CE
100
AcDbEntity
  8
BORDER
100
AcDbLine
 10
415.0
 20
196.33333
 30
0.0
 11
410.0
 21
196.33333
 31
0.0
  0
LINE
  5
2F4
330
2CE
100
AcDbEntity
  8
BORDER
100
AcDbLine
 10
415.0
 20
244.16666
 30
0.0
 11
410.0
 21
244.16666
 31
0.0
  0
TEXT
  5
2F5
330
2CE
100
AcDbEntity
  8
BORDER
100
AcDbText
 10
39.02882
 20
288.244884
 30
0.0
 40
2.5
  1
1
  7
FusionTitle
 72
     4
 11
40.0
 21
289.5
 31
0.0
100
AcDbText
  0
TEXT
  5
2F6
330
2CE
100
AcDbEntity
  8
BORDER
100
AcDbText
 10
16.335266
 20
266.83333
 30
0.0
 40
2.5
  1
A
  7
FusionTitle
 72
     4
 11
17.5
 21
268.08333
 31
0.0
100
AcDbText
  0
TEXT
  5
2F7
330
2CE
100
AcDbEntity
  8
BORDER
100
AcDbText
 10
89.02882
 20
288.244884
 30
0.0
 40
2.5
  1
2
  7
FusionTitle
 72
     4
 11
90.0
 21
289.5
 31
0.0
100
AcDbText
  0
TEXT
  5
2F8
330
2CE
100
AcDbEntity
  8
BORDER
100
AcDbText
 10
139.02882
 20
288.267053
 30
0.0
 40
2.5
  1
3
  7
FusionTitle
 72
     4
 11
140.0
 21
289.5
 31
0.0
100
AcDbText
  0
TEXT
  5
2F9
330
2CE
100
AcDbEntity
  8
BORDER
100
AcDbText
 10
189.02882
 20
288.25
 30
0.0
 40
2.5
  1
4
  7
FusionTitle
 72
     4
 11
190.0
 21
289.5
 31
0.0
100
AcDbText
  0
TEXT
  5
2FA
330
2CE
100
AcDbEntity
  8
BORDER
100
AcDbText
 10
239.02882
 20
288.28837
 30
0.0
 40
2.5
  1
5
  7
FusionTitle
 72
     4
 11
240.0
 21
289.5
 31
0.0
100
AcDbText
  0
TEXT
  5
2FB
330
2CE
100
AcDbEntity
  8
BORDER
100
AcDbText
 10
289.02882
 20
288.266201
 30
0.0
 40
2.5
  1
6
  7
FusionTitle
 72
     4
 11
290.0
 21
289.5
 31
0.0
100
AcDbText
  0
TEXT
  5
2FC
330
2CE
100
AcDbEntity
  8
BORDER
100
AcDbText
 10
339.02882
 20
288.266201
 30
0.0
 40
2.5
  1
7
  7
FusionTitle
 72
     4
 11
340.0
 21
289.5
 31
0.0
100
AcDbText
  0
TEXT
  5
2FD
330
2CE
100
AcDbEntity
  8
BORDER
100
AcDbText
 10
389.02882
 20
288.266201
 30
0.0
 40
2.5
  1
8
  7
FusionTitle
 72
     4
 11
390.0
 21
289.5
 31
0.0
100
AcDbText
  0
TEXT
  5
2FE
330
2CE
100
AcDbEntity
  8
BORDER
100
AcDbText
 10
39.02882
 20
6.244884
 30
0.0
 40
2.5
  1
1
  7
FusionTitle
 72
     4
 11
40.0
 21
7.5
 31
0.0
100
AcDbText
  0
TEXT
  5
2FF
330
2CE
100
AcDbEntity
  8
BORDER
100
AcDbText
 10
89.02882
 20
6.244884
 30
0.0
 40
2.5
  1
2
  7
FusionTitle
 72
     4
 11
90.0
 21
7.5
 31
0.0
100
AcDbText
  0
TEXT
  5
300
330
2CE
100
AcDbEntity
  8
BORDER
100
AcDbText
 10
139.02882
 20
6.267053
 30
0.0
 40
2.5
  1
3
  7
FusionTitle
 72
     4
 11
140.0
 21
7.5
 31
0.0
100
AcDbText
  0
TEXT
  5
301
330
2CE
100
AcDbEntity
  8
BORDER
100
AcDbText
 10
189.02882
 20
6.25
 30
0.0
 40
2.5
  1
4
  7
FusionTitle
 72
     4
 11
190.0
 21
7.5
 31
0.0
100
AcDbText
  0
TEXT
  5
302
330
2CE
100
AcDbEntity
  8
BORDER
100
AcDbText
 10
239.02882
 20
6.28837
 30
0.0
 40
2.5
  1
5
  7
FusionTitle
 72
     4
 11
240.0
 21
7.5
 31
0.0
100
AcDbText
  0
TEXT
  5
303
330
2CE
100
AcDbEntity
  8
BORDER
100
AcDbText
 10
289.02882
 20
6.266201
 30
0.0
 40
2.5
  1
6
  7
FusionTitle
 72
     4
 11
290.0
 21
7.5
 31
0.0
100
AcDbText
  0
TEXT
  5
304
330
2CE
100
AcDbEntity
  8
BORDER
100
AcDbText
 10
339.02882
 20
6.266201
 30
0.0
 40
2.5
  1
7
  7
FusionTitle
 72
     4
 11
340.0
 21
7.5
 31
0.0
100
AcDbText
  0
TEXT
  5
305
330
2CE
100
AcDbEntity
  8
BORDER
100
AcDbText
 10
389.02882
 20
6.266201
 30
0.0
 40
2.5
  1
8
  7
FusionTitle
 72
     4
 11
390.0
 21
7.5
 31
0.0
100
AcDbText
  0
TEXT
  5
306
330
2CE
100
AcDbEntity
  8
BORDER
100
AcDbText
 10
16.335266
 20
219.0
 30
0.0
 40
2.5
  1
B
  7
FusionTitle
 72
     4
 11
17.5
 21
220.25
 31
0.0
100
AcDbText
  0
TEXT
  5
307
330
2CE
100
AcDbEntity
  8
BORDER
100
AcDbText
 10
16.238915
 20
171.16667
 30
0.0
 40
2.5
  1
C
  7
FusionTitle
 72
     4
 11
17.5
 21
172.41667
 31
0.0
100
AcDbText
  0
TEXT
  5
308
330
2CE
100
AcDbEntity
  8
BORDER
100
AcDbText
 10
16.238915
 20
123.33334
 30
0.0
 40
2.5
  1
D
  7
FusionTitle
 72
     4
 11
17.5
 21
124.58334
 31
0.0
100
AcDbText
  0
TEXT
  5
309
330
2CE
100
AcDbEntity
  8
BORDER
100
AcDbText
 10
16.335266
 20
75.50001
 30
0.0
 40
2.5
  1
E
  7
FusionTitle
 72
     4
 11
17.5
 21
76.75001
 31
0.0
100
AcDbText
  0
TEXT
  5
30A
330
2CE
100
AcDbEntity
  8
BORDER
100
AcDbText
 10
16.433322
 20
27.66668
 30
0.0
 40
2.5
  1
F
  7
FusionTitle
 72
     4
 11
17.5
 21
28.91668
 31
0.0
100
AcDbText
  0
TEXT
  5
30B
330
2CE
100
AcDbEntity
  8
BORDER
100
AcDbText
 10
411.335266
 20
266.83333
 30
0.0
 40
2.5
  1
A
  7
FusionTitle
 72
     4
 11
412.5
 21
268.08333
 31
0.0
100
AcDbText
  0
TEXT
  5
30C
330
2CE
100
AcDbEntity
  8
BORDER
100
AcDbText
 10
411.335266
 20
219.0
 30
0.0
 40
2.5
  1
B
  7
FusionTitle
 72
     4
 11
412.5
 21
220.25
 31
0.0
100
AcDbText
  0
TEXT
  5
30D
330
2CE
100
AcDbEntity
  8
BORDER
100
AcDbText
 10
411.238915
 20
171.16667
 30
0.0
 40
2.5
  1
C
  7
FusionTitle
 72
     4
 11
412.5
 21
172.41667
 31
0.0
100
AcDbText
  0
TEXT
  5
30E
330
2CE
100
AcDbEntity
  8
BORDER
100
AcDbText
 10
411.238915
 20
123.33334
 30
0.0
 40
2.5
  1
D
  7
FusionTitle
 72
     4
 11
412.5
 21
124.58334
 31
0.0
100
AcDbText
  0
TEXT
  5
30F
330
2CE
100
AcDbEntity
  8
BORDER
100
AcDbText
 10
411.335266
 20
75.50001
 30
0.0
 40
2.5
  1
E
  7
FusionTitle
 72
     4
 11
412.5
 21
76.75001
 31
0.0
100
AcDbText
  0
TEXT
  5
310
330
2CE
100
AcDbEntity
  8
BORDER
100
AcDbText
 10
411.433322
 20
27.66668
 30
0.0
 40
2.5
  1
F
  7
FusionTitle
 72
     4
 11
412.5
 21
28.91668
 31
0.0
100
AcDbText
  0
ENDBLK
  5
311
330
2CE
100
AcDbEntity
  8
0
100
AcDbBlockEnd
  0
BLOCK
  5
317
330
314
100
AcDbEntity
  8
0
100
AcDbBlockBegin
  2
ISO_TITLEBLOCK
 70
     2
 10
0.0
 20
0.0
 30
0.0
  3
ISO_TITLEBLOCK
  1

  0
LINE
  5
318
330
314
100
AcDbEntity
  8
TITLEBLOCK
100
AcDbLine
 10
-180.0
 20
0.0
 30
0.0
 11
0.0
 21
0.0
 31
0.0
  0
LINE
  5
319
330
314
100
AcDbEntity
  8
TITLEBLOCK
100
AcDbLine
 10
-61.0
 20
10.0
 30
0.0
 11
0.0
 21
10.0
 31
0.0
  0
LINE
  5
31A
330
314
100
AcDbEntity
  8
TITLEBLOCK
100
AcDbLine
 10
-122.0
 20
27.0
 30
0.0
 11
0.0
 21
27.0
 31
0.0
  0
LINE
  5
31B
330
314
100
AcDbEntity
  8
TITLEBLOCK
100
AcDbLine
 10
-180.0
 20
37.0
 30
0.0
 11
0.0
 21
37.0
 31
0.0
  0
LINE
  5
31C
330
314
100
AcDbEntity
  8
TITLEBLOCK
100
AcDbLine
 10
0.0
 20
0.0
 30
0.0
 11
0.0
 21
47.0
 31
0.0
  0
LINE
  5
31D
330
314
100
AcDbEntity
  8
TITLEBLOCK
100
AcDbLine
 10
-15.0
 20
0.0
 30
0.0
 11
-15.0
 21
10.0
 31
0.0
  0
LINE
  5
31E
330
314
100
AcDbEntity
  8
TITLEBLOCK
100
AcDbLine
 10
-51.0
 20
0.0
 30
0.0
 11
-51.0
 21
10.0
 31
0.0
  0
LINE
  5
31F
330
314
100
AcDbEntity
  8
TITLEBLOCK
100
AcDbLine
 10
-61.0
 20
0.0
 30
0.0
 11
-61.0
 21
47.0
 31
0.0
  0
LINE
  5
320
330
314
100
AcDbEntity
  8
TITLEBLOCK
100
AcDbLine
 10
-122.0
 20
0.0
 30
0.0
 11
-122.0
 21
47.0
 31
0.0
  0
LINE
  5
321
330
314
100
AcDbEntity
  8
TITLEBLOCK
100
AcDbLine
 10
-156.0
 20
37.0
 30
0.0
 11
-156.0
 21
47.0
 31
0.0
  0
LINE
  5
322
330
314
100
AcDbEntity
  8
TITLEBLOCK
100
AcDbLine
 10
0.0
 20
47.0
 30
0.0
 11
-180.0
 21
47.0
 31
0.0
  0
LINE
  5
323
330
314
100
AcDbEntity
  8
TITLEBLOCK
100
AcDbLine
 10
-180.0
 20
47.0
 30
0.0
 11
-180.0
 21
0.0
 31
0.0
  0
TEXT
  5
324
330
314
100
AcDbEntity
  8
TITLEBLOCK
100
AcDbText
 10
-179.0
 20
44.2
 30
0.0
 40
1.8
  1
Dept.
  7
FusionTitle
 11
-179.0
 21
46.0
 31
0.0
100
AcDbText
 73
     3
  0
TEXT
  5
325
330
314
100
AcDbEntity
  8
TITLEBLOCK
100
AcDbText
 10
-155.0
 20
44.2
 30
0.0
 40
1.8
  1
Technical reference
  7
FusionTitle
 11
-155.0
 21
46.0
 31
0.0
100
AcDbText
 73
     3
  0
TEXT
  5
326
330
314
100
AcDbEntity
  8
TITLEBLOCK
100
AcDbText
 10
-121.0
 20
44.2
 30
0.0
 40
1.8
  1
Created by
  7
FusionTitle
 11
-121.0
 21
46.0
 31
0.0
100
AcDbText
 73
     3
  0
TEXT
  5
327
330
314
100
AcDbEntity
  8
TITLEBLOCK
100
AcDbText
 10
-60.0
 20
44.2
 30
0.0
 40
1.8
  1
Approved by
  7
FusionTitle
 11
-60.0
 21
46.0
 31
0.0
100
AcDbText
 73
     3
  0
TEXT
  5
328
330
314
100
AcDbEntity
  8
TITLEBLOCK
100
AcDbText
 10
-121.0
 20
34.2
 30
0.0
 40
1.8
  1
Document type
  7
FusionTitle
 11
-121.0
 21
36.0
 31
0.0
100
AcDbText
 73
     3
  0
TEXT
  5
329
330
314
100
AcDbEntity
  8
TITLEBLOCK
100
AcDbText
 10
-60.0
 20
34.2
 30
0.0
 40
1.8
  1
Document status
  7
FusionTitle
 11
-60.0
 21
36.0
 31
0.0
100
AcDbText
 73
     3
  0
TEXT
  5
32A
330
314
100
AcDbEntity
  8
TITLEBLOCK
100
AcDbText
 10
-121.0
 20
24.2
 30
0.0
 40
1.8
  1
Title
  7
FusionTitle
 11
-121.0
 21
26.0
 31
0.0
100
AcDbText
 73
     3
  0
TEXT
  5
32B
330
314
100
AcDbEntity
  8
TITLEBLOCK
100
AcDbText
 10
-60.0
 20
24.2
 30
0.0
 40
1.8
  1
DWG No.
  7
FusionTitle
 11
-60.0
 21
26.0
 31
0.0
100
AcDbText
 73
     3
  0
TEXT
  5
32C
330
314
100
AcDbEntity
  8
TITLEBLOCK
100
AcDbText
 10
-60.0
 20
7.2
 30
0.0
 40
1.8
  1
Rev.
  7
FusionTitle
 11
-60.0
 21
9.0
 31
0.0
100
AcDbText
 73
     3
  0
TEXT
  5
32D
330
314
100
AcDbEntity
  8
TITLEBLOCK
100
AcDbText
 10
-50.0
 20
7.2
 30
0.0
 40
1.8
  1
Date of issue
  7
FusionTitle
 11
-50.0
 21
9.0
 31
0.0
100
AcDbText
 73
     3
  0
TEXT
  5
32E
330
314
100
AcDbEntity
  8
TITLEBLOCK
100
AcDbText
 10
-14.0
 20
7.2
 30
0.0
 40
1.8
  1
Sheet
  7
FusionTitle
 11
-14.0
 21
9.0
 31
0.0
100
AcDbText
 73
     3
  0
ATTDEF
  5
32F
102
{ACAD_XDICTIONARY
360
330
102
}
330
314
100
AcDbEntity
  8
TITLEBLOCK
100
AcDbText
 10
-50.0
 20
1.5
 30
0.0
 40
3.5
  1

  7
FusionTitle
 11
-50.0
 21
5.0
 31
0.0
100
AcDbAttributeDefinition
280
     0
  3
Date of issue
  2
DATE_OF_ISSUE
 70
     0
 74
     3
280
     1
  0
ATTDEF
  5
331
102
{ACAD_XDICTIONARY
360
332
102
}
330
314
100
AcDbEntity
  8
TITLEBLOCK
100
AcDbText
 10
-61.026774
 20
1.35
 30
0.0
 40
3.5
  1

  7
FusionTitle
 72
     1
 11
-56.0
 21
4.85
 31
0.0
100
AcDbAttributeDefinition
280
     0
  3
Revision
  2
REV
 70
     0
 74
     3
280
     1
  0
ATTDEF
  5
333
102
{ACAD_XDICTIONARY
360
334
102
}
330
314
100
AcDbEntity
  8
TITLEBLOCK
100
AcDbText
 10
-121.0
 20
1.5
 30
0.0
 40
5.0
  1

  7
FusionTitle
 11
-121.0
 21
6.5
 31
0.0
100
AcDbAttributeDefinition
280
     0
  3
3rd Title
  2
TITLE_3
 70
     0
 74
     3
280
     1
  0
ATTDEF
  5
335
102
{ACAD_XDICTIONARY
360
336
102
}
330
314
100
AcDbEntity
  8
TITLEBLOCK
100
AcDbText
 10
-60.0
 20
28.5
 30
0.0
 40
3.5
  1

  7
FusionTitle
 11
-60.0
 21
32.0
 31
0.0
100
AcDbAttributeDefinition
280
     0
  3
Document status
  2
DOCUMENT_STATUS
 70
     0
 74
     3
280
     1
  0
ATTDEF
  5
337
102
{ACAD_XDICTIONARY
360
338
102
}
330
314
100
AcDbEntity
  8
TITLEBLOCK
100
AcDbText
 10
-121.0
 20
28.5
 30
0.0
 40
3.5
  1

  7
FusionTitle
 11
-121.0
 21
32.0
 31
0.0
100
AcDbAttributeDefinition
280
     0
  3
Document type
  2
DOCUMENT_TYPE
 70
     0
 74
     3
280
     1
  0
ATTDEF
  5
339
102
{ACAD_XDICTIONARY
360
33A
102
}
330
314
100
AcDbEntity
  8
TITLEBLOCK
100
AcDbText
 10
-43.923943
 20
38.5
 30
0.0
 40
3.5
  1

  7
FusionTitle
 72
     2
 11
-0.992838
 21
42.0
 31
0.0
100
AcDbAttributeDefinition
280
     0
  3
Approved date
  2
APPROVED_DATE
 70
     0
 74
     3
280
     1
  0
ATTDEF
  5
33B
102
{ACAD_XDICTIONARY
360
33C
102
}
330
314
100
AcDbEntity
  8
TITLEBLOCK
100
AcDbText
 10
-101.123124
 20
38.5
 30
0.0
 40
3.5
  1

  7
FusionTitle
 72
     2
 11
-62.0
 21
42.0
 31
0.0
100
AcDbAttributeDefinition
280
     0
  3
Created date
  2
CREATED_DATE
 70
     0
 74
     3
280
     1
  0
ATTDEF
  5
33D
102
{ACAD_XDICTIONARY
360
33E
102
}
330
314
100
AcDbEntity
  8
TITLEBLOCK
100
AcDbText
 10
-15.65075
 20
1.35
 30
0.0
 40
3.5
  1

  7
FusionTitle
 72
     1
 11
-7.5
 21
4.85
 31
0.0
100
AcDbAttributeDefinition
280
     0
  3
Sheet
  2
SHEET
 70
     0
 74
     3
280
     1
  0
ATTDEF
  5
33F
102
{ACAD_XDICTIONARY
360
340
102
}
330
314
100
AcDbEntity
  8
TITLEBLOCK
100
AcDbText
 10
-121.0
 20
9.0
 30
0.0
 40
5.0
  1

  7
FusionTitle
 11
-121.0
 21
14.0
 31
0.0
100
AcDbAttributeDefinition
280
     0
  3
2nd Title
  2
TITLE_2
 70
     0
 74
     3
280
     1
  0
ATTDEF
  5
341
102
{ACAD_XDICTIONARY
360
342
102
}
330
314
100
AcDbEntity
  8
TITLEBLOCK
100
AcDbText
 10
-64.456344
 20
14.751432
 30
0.0
 40
5.0
  1

  7
FusionTitle
 72
     1
 11
-30.5
 21
19.751432
 31
0.0
100
AcDbAttributeDefinition
280
     0
  3
Drawing number
  2
DRAWING_NUMBER
 70
     0
 74
     3
280
     1
  0
ATTDEF
  5
343
102
{ACAD_XDICTIONARY
360
344
102
}
330
314
100
AcDbEntity
  8
TITLEBLOCK
100
AcDbText
 10
-121.0
 20
16.5
 30
0.0
 40
5.0
  1

  7
FusionTitle
 11
-121.0
 21
21.5
 31
0.0
100
AcDbAttributeDefinition
280
     0
  3
1st Title
  2
TITLE_1
 70
     0
 74
     3
280
     1
  0
ATTDEF
  5
345
102
{ACAD_XDICTIONARY
360
346
102
}
330
314
100
AcDbEntity
  8
TITLEBLOCK
100
AcDbText
 10
-60.0
 20
38.5
 30
0.0
 40
3.5
  1

  7
FusionTitle
 11
-60.0
 21
42.0
 31
0.0
100
AcDbAttributeDefinition
280
     0
  3
Approved by
  2
APPROVED_BY
 70
     0
 74
     3
280
     1
  0
ATTDEF
  5
347
102
{ACAD_XDICTIONARY
360
348
102
}
330
314
100
AcDbEntity
  8
TITLEBLOCK
100
AcDbText
 10
-121.0
 20
38.5
 30
0.0
 40
3.5
  1

  7
FusionTitle
 11
-121.0
 21
42.0
 31
0.0
100
AcDbAttributeDefinition
280
     0
  3
Created by
  2
CREATED_BY
 70
     0
 74
     3
280
     1
  0
ATTDEF
  5
349
102
{ACAD_XDICTIONARY
360
34A
102
}
330
314
100
AcDbEntity
  8
TITLEBLOCK
100
AcDbText
 10
-155.0
 20
38.5
 30
0.0
 40
3.5
  1

  7
FusionTitle
 11
-155.0
 21
42.0
 31
0.0
100
AcDbAttributeDefinition
280
     0
  3
Technical reference
  2
TECHNICAL_REFERENCE
 70
     0
 74
     3
280
     1
  0
ATTDEF
  5
34B
102
{ACAD_XDICTIONARY
360
34C
102
}
330
314
100
AcDbEntity
  8
TITLEBLOCK
100
AcDbText
 10
-179.0
 20
38.5
 30
0.0
 40
3.5
  1

  7
FusionTitle
 11
-179.0
 21
42.0
 31
0.0
100
AcDbAttributeDefinition
280
     0
  3
Department
  2
DEPT
 70
     0
 74
     3
280
     1
  0
ENDBLK
  5
34D
330
314
100
AcDbEntity
  8
0
100
AcDbBlockEnd
  0
BLOCK
  5
361
330
360
100
AcDbEntity
  8
0
100
AcDbBlockBegin
  2
*U6
 70
     1
 10
0.0
 20
0.0
 30
0.0
  3
*U6
  1

  0
LINE
  5
362
330
360
100
AcDbEntity
  8
Smart Centers
  6
Continuous
 62
     0
440
 16777216
 48
0.75
100
AcDbLine
 10
-0.892969
 20
0.0
 30
0.0
 11
0.892969
 21
0.0
 31
0.0
  0
LINE
  5
363
330
360
100
AcDbEntity
  8
Smart Centers
  6
Continuous
 62
     0
440
 16777216
 48
0.75
100
AcDbLine
 10
0.0
 20
-0.892969
 30
0.0
 11
0.0
 21
0.892969
 31
0.0
  0
LINE
  5
364
330
360
100
AcDbEntity
  8
Smart Centers
 62
     0
440
 16777216
 48
0.75
100
AcDbLine
 10
-4.35
 20
0.0
 30
0.0
 11
-2.678906
 21
0.0
 31
0.0
  0
LINE
  5
365
330
360
100
AcDbEntity
  8
Smart Centers
 62
     0
440
 16777216
 48
0.75
100
AcDbLine
 10
2.678906
 20
0.0
 30
0.0
 11
4.35
 21
0.0
 31
0.0
  0
LINE
  5
366
330
360
100
AcDbEntity
  8
Smart Centers
 62
     0
440
 16777216
 48
0.75
100
AcDbLine
 10
0.0
 20
-4.35
 30
0.0
 11
0.0
 21
-2.678906
 31
0.0
  0
LINE
  5
367
330
360
100
AcDbEntity
  8
Smart Centers
 62
     0
440
 16777216
 48
0.75
100
AcDbLine
 10
0.0
 20
2.678906
 30
0.0
 11
0.0
 21
4.35
 31
0.0
  0
ENDBLK
  5
368
330
360
100
AcDbEntity
  8
0
100
AcDbBlockEnd
  0
BLOCK
  5
36B
330
36A
100
AcDbEntity
  8
0
100
AcDbBlockBegin
  2
*U7
 70
     1
 10
0.0
 20
0.0
 30
0.0
  3
*U7
  1

  0
LINE
  5
36C
330
36A
100
AcDbEntity
  8
Smart Centers
  6
Continuous
 62
     0
440
 16777216
 48
0.75
100
AcDbLine
 10
-0.892969
 20
0.0
 30
0.0
 11
0.892969
 21
0.0
 31
0.0
  0
LINE
  5
36D
330
36A
100
AcDbEntity
  8
Smart Centers
  6
Continuous
 62
     0
440
 16777216
 48
0.75
100
AcDbLine
 10
0.0
 20
-0.892969
 30
0.0
 11
0.0
 21
0.892969
 31
0.0
  0
LINE
  5
36E
330
36A
100
AcDbEntity
  8
Smart Centers
 62
     0
440
 16777216
 48
0.75
100
AcDbLine
 10
-4.35
 20
0.0
 30
0.0
 11
-2.678906
 21
0.0
 31
0.0
  0
LINE
  5
36F
330
36A
100
AcDbEntity
  8
Smart Centers
 62
     0
440
 16777216
 48
0.75
100
AcDbLine
 10
2.678906
 20
0.0
 30
0.0
 11
4.35
 21
0.0
 31
0.0
  0
LINE
  5
370
330
36A
100
AcDbEntity
  8
Smart Centers
 62
     0
440
 16777216
 48
0.75
100
AcDbLine
 10
0.0
 20
-4.35
 30
0.0
 11
0.0
 21
-2.678906
 31
0.0
  0
LINE
  5
371
330
36A
100
AcDbEntity
  8
Smart Centers
 62
     0
440
 16777216
 48
0.75
100
AcDbLine
 10
0.0
 20
2.678906
 30
0.0
 11
0.0
 21
4.35
 31
0.0
  0
ENDBLK
  5
372
330
36A
100
AcDbEntity
  8
0
100
AcDbBlockEnd
  0
BLOCK
  5
375
330
374
100
AcDbEntity
  8
0
100
AcDbBlockBegin
  2
*U8
 70
     1
 10
0.0
 20
0.0
 30
0.0
  3
*U8
  1

  0
LINE
  5
376
330
374
100
AcDbEntity
  8
Smart Centers
  6
Continuous
 62
     0
440
 16777216
 48
0.75
100
AcDbLine
 10
-0.892969
 20
0.0
 30
0.0
 11
0.892969
 21
0.0
 31
0.0
  0
LINE
  5
377
330
374
100
AcDbEntity
  8
Smart Centers
  6
Continuous
 62
     0
440
 16777216
 48
0.75
100
AcDbLine
 10
0.0
 20
-0.892969
 30
0.0
 11
0.0
 21
0.892969
 31
0.0
  0
LINE
  5
378
330
374
100
AcDbEntity
  8
Smart Centers
 62
     0
440
 16777216
 48
0.75
100
AcDbLine
 10
-4.35
 20
0.0
 30
0.0
 11
-2.678906
 21
0.0
 31
0.0
  0
LINE
  5
379
330
374
100
AcDbEntity
  8
Smart Centers
 62
     0
440
 16777216
 48
0.75
100
AcDbLine
 10
2.678906
 20
0.0
 30
0.0
 11
4.35
 21
0.0
 31
0.0
  0
LINE
  5
37A
330
374
100
AcDbEntity
  8
Smart Centers
 62
     0
440
 16777216
 48
0.75
100
AcDbLine
 10
0.0
 20
-4.35
 30
0.0
 11
0.0
 21
-2.678906
 31
0.0
  0
LINE
  5
37B
330
374
100
AcDbEntity
  8
Smart Centers
 62
     0
440
 16777216
 48
0.75
100
AcDbLine
 10
0.0
 20
2.678906
 30
0.0
 11
0.0
 21
4.35
 31
0.0
  0
ENDBLK
  5
37C
330
374
100
AcDbEntity
  8
0
100
AcDbBlockEnd
  0
BLOCK
  5
37F
330
37E
100
AcDbEntity
  8
0
100
AcDbBlockBegin
  2
*U9
 70
     1
 10
0.0
 20
0.0
 30
0.0
  3
*U9
  1

  0
LINE
  5
380
330
37E
100
AcDbEntity
  8
Smart Centers
  6
Continuous
 62
     0
440
 16777216
 48
0.75
100
AcDbLine
 10
-0.892969
 20
0.0
 30
0.0
 11
0.892969
 21
0.0
 31
0.0
  0
LINE
  5
381
330
37E
100
AcDbEntity
  8
Smart Centers
  6
Continuous
 62
     0
440
 16777216
 48
0.75
100
AcDbLine
 10
0.0
 20
-0.892969
 30
0.0
 11
0.0
 21
0.892969
 31
0.0
  0
LINE
  5
382
330
37E
100
AcDbEntity
  8
Smart Centers
 62
     0
440
 16777216
 48
0.75
100
AcDbLine
 10
-4.35
 20
0.0
 30
0.0
 11
-2.678906
 21
0.0
 31
0.0
  0
LINE
  5
383
330
37E
100
AcDbEntity
  8
Smart Centers
 62
     0
440
 16777216
 48
0.75
100
AcDbLine
 10
2.678906
 20
0.0
 30
0.0
 11
4.35
 21
0.0
 31
0.0
  0
LINE
  5
384
330
37E
100
AcDbEntity
  8
Smart Centers
 62
     0
440
 16777216
 48
0.75
100
AcDbLine
 10
0.0
 20
-4.35
 30
0.0
 11
0.0
 21
-2.678906
 31
0.0
  0
LINE
  5
385
330
37E
100
AcDbEntity
  8
Smart Centers
 62
     0
440
 16777216
 48
0.75
100
AcDbLine
 10
0.0
 20
2.678906
 30
0.0
 11
0.0
 21
4.35
 31
0.0
  0
ENDBLK
  5
386
330
37E
100
AcDbEntity
  8
0
100
AcDbBlockEnd
  0
BLOCK
  5
389
330
388
100
AcDbEntity
  8
0
100
AcDbBlockBegin
  2
*U10
 70
     1
 10
0.0
 20
0.0
 30
0.0
  3
*U10
  1

  0
LINE
  5
38A
330
388
100
AcDbEntity
  8
Smart Centers
  6
Continuous
 62
     0
440
 16777216
 48
0.75
100
AcDbLine
 10
-0.892969
 20
0.0
 30
0.0
 11
0.892969
 21
0.0
 31
0.0
  0
LINE
  5
38B
330
388
100
AcDbEntity
  8
Smart Centers
  6
Continuous
 62
     0
440
 16777216
 48
0.75
100
AcDbLine
 10
0.0
 20
-0.892969
 30
0.0
 11
0.0
 21
0.892969
 31
0.0
  0
LINE
  5
38C
330
388
100
AcDbEntity
  8
Smart Centers
 62
     0
440
 16777216
 48
0.75
100
AcDbLine
 10
-4.35
 20
0.0
 30
0.0
 11
-2.678906
 21
0.0
 31
0.0
  0
LINE
  5
38D
330
388
100
AcDbEntity
  8
Smart Centers
 62
     0
440
 16777216
 48
0.75
100
AcDbLine
 10
2.678906
 20
0.0
 30
0.0
 11
4.35
 21
0.0
 31
0.0
  0
LINE
  5
38E
330
388
100
AcDbEntity
  8
Smart Centers
 62
     0
440
 16777216
 48
0.75
100
AcDbLine
 10
0.0
 20
-4.35
 30
0.0
 11
0.0
 21
-2.678906
 31
0.0
  0
LINE
  5
38F
330
388
100
AcDbEntity
  8
Smart Centers
 62
     0
440
 16777216
 48
0.75
100
AcDbLine
 10
0.0
 20
2.678906
 30
0.0
 11
0.0
 21
4.35
 31
0.0
  0
ENDBLK
  5
390
330
388
100
AcDbEntity
  8
0
100
AcDbBlockEnd
  0
BLOCK
  5
393
330
392
100
AcDbEntity
  8
0
100
AcDbBlockBegin
  2
*U11
 70
     1
 10
0.0
 20
0.0
 30
0.0
  3
*U11
  1

  0
LINE
  5
394
330
392
100
AcDbEntity
  8
Smart Centers
  6
Continuous
 62
     0
440
 16777216
 48
0.75
100
AcDbLine
 10
-0.892969
 20
0.0
 30
0.0
 11
0.892969
 21
0.0
 31
0.0
  0
LINE
  5
395
330
392
100
AcDbEntity
  8
Smart Centers
  6
Continuous
 62
     0
440
 16777216
 48
0.75
100
AcDbLine
 10
0.0
 20
-0.892969
 30
0.0
 11
0.0
 21
0.892969
 31
0.0
  0
LINE
  5
396
330
392
100
AcDbEntity
  8
Smart Centers
 62
     0
440
 16777216
 48
0.75
100
AcDbLine
 10
-4.35
 20
0.0
 30
0.0
 11
-2.678906
 21
0.0
 31
0.0
  0
LINE
  5
397
330
392
100
AcDbEntity
  8
Smart Centers
 62
     0
440
 16777216
 48
0.75
100
AcDbLine
 10
2.678906
 20
0.0
 30
0.0
 11
4.35
 21
0.0
 31
0.0
  0
LINE
  5
398
330
392
100
AcDbEntity
  8
Smart Centers
 62
     0
440
 16777216
 48
0.75
100
AcDbLine
 10
0.0
 20
-4.35
 30
0.0
 11
0.0
 21
-2.678906
 31
0.0
  0
LINE
  5
399
330
392
100
AcDbEntity
  8
Smart Centers
 62
     0
440
 16777216
 48
0.75
100
AcDbLine
 10
0.0
 20
2.678906
 30
0.0
 11
0.0
 21
4.35
 31
0.0
  0
ENDBLK
  5
39A
330
392
100
AcDbEntity
  8
0
100
AcDbBlockEnd
  0
BLOCK
  5
39D
330
39C
100
AcDbEntity
  8
0
100
AcDbBlockBegin
  2
*U12
 70
     1
 10
0.0
 20
0.0
 30
0.0
  3
*U12
  1

  0
LINE
  5
39E
330
39C
100
AcDbEntity
  8
Smart Centers
  6
Continuous
 62
     0
440
 16777216
 48
0.75
100
AcDbLine
 10
-0.892969
 20
0.0
 30
0.0
 11
0.892969
 21
0.0
 31
0.0
  0
LINE
  5
39F
330
39C
100
AcDbEntity
  8
Smart Centers
  6
Continuous
 62
     0
440
 16777216
 48
0.75
100
AcDbLine
 10
0.0
 20
-0.892969
 30
0.0
 11
0.0
 21
0.892969
 31
0.0
  0
LINE
  5
3A0
330
39C
100
AcDbEntity
  8
Smart Centers
 62
     0
440
 16777216
 48
0.75
100
AcDbLine
 10
-4.35
 20
0.0
 30
0.0
 11
-2.678906
 21
0.0
 31
0.0
  0
LINE
  5
3A1
330
39C
100
AcDbEntity
  8
Smart Centers
 62
     0
440
 16777216
 48
0.75
100
AcDbLine
 10
2.678906
 20
0.0
 30
0.0
 11
4.35
 21
0.0
 31
0.0
  0
LINE
  5
3A2
330
39C
100
AcDbEntity
  8
Smart Centers
 62
     0
440
 16777216
 48
0.75
100
AcDbLine
 10
0.0
 20
-4.35
 30
0.0
 11
0.0
 21
-2.678906
 31
0.0
  0
LINE
  5
3A3
330
39C
100
AcDbEntity
  8
Smart Centers
 62
     0
440
 16777216
 48
0.75
100
AcDbLine
 10
0.0
 20
2.678906
 30
0.0
 11
0.0
 21
4.35
 31
0.0
  0
ENDBLK
  5
3A4
330
39C
100
AcDbEntity
  8
0
100
AcDbBlockEnd
  0
BLOCK
  5
3A7
330
3A6
100
AcDbEntity
  8
0
100
AcDbBlockBegin
  2
*U13
 70
     1
 10
0.0
 20
0.0
 30
0.0
  3
*U13
  1

  0
LINE
  5
3A8
330
3A6
100
AcDbEntity
  8
Smart Centers
  6
Continuous
 62
     0
440
 16777216
 48
0.75
100
AcDbLine
 10
-0.892969
 20
0.0
 30
0.0
 11
0.892969
 21
0.0
 31
0.0
  0
LINE
  5
3A9
330
3A6
100
AcDbEntity
  8
Smart Centers
  6
Continuous
 62
     0
440
 16777216
 48
0.75
100
AcDbLine
 10
0.0
 20
-0.892969
 30
0.0
 11
0.0
 21
0.892969
 31
0.0
  0
LINE
  5
3AA
330
3A6
100
AcDbEntity
  8
Smart Centers
 62
     0
440
 16777216
 48
0.75
100
AcDbLine
 10
-4.35
 20
0.0
 30
0.0
 11
-2.678906
 21
0.0
 31
0.0
  0
LINE
  5
3AB
330
3A6
100
AcDbEntity
  8
Smart Centers
 62
     0
440
 16777216
 48
0.75
100
AcDbLine
 10
2.678906
 20
0.0
 30
0.0
 11
4.35
 21
0.0
 31
0.0
  0
LINE
  5
3AC
330
3A6
100
AcDbEntity
  8
Smart Centers
 62
     0
440
 16777216
 48
0.75
100
AcDbLine
 10
0.0
 20
-4.35
 30
0.0
 11
0.0
 21
-2.678906
 31
0.0
  0
LINE
  5
3AD
330
3A6
100
AcDbEntity
  8
Smart Centers
 62
     0
440
 16777216
 48
0.75
100
AcDbLine
 10
0.0
 20
2.678906
 30
0.0
 11
0.0
 21
4.35
 31
0.0
  0
ENDBLK
  5
3AE
330
3A6
100
AcDbEntity
  8
0
100
AcDbBlockEnd
  0
BLOCK
  5
3B1
330
3B0
100
AcDbEntity
  8
0
100
AcDbBlockBegin
  2
*U14
 70
     1
 10
0.0
 20
0.0
 30
0.0
  3
*U14
  1

  0
LINE
  5
3B2
330
3B0
100
AcDbEntity
  8
Smart Centers
  6
Continuous
 62
     0
440
 16777216
 48
0.75
100
AcDbLine
 10
-0.892969
 20
0.0
 30
0.0
 11
0.892969
 21
0.0
 31
0.0
  0
LINE
  5
3B3
330
3B0
100
AcDbEntity
  8
Smart Centers
  6
Continuous
 62
     0
440
 16777216
 48
0.75
100
AcDbLine
 10
0.0
 20
-0.892969
 30
0.0
 11
0.0
 21
0.892969
 31
0.0
  0
LINE
  5
3B4
330
3B0
100
AcDbEntity
  8
Smart Centers
 62
     0
440
 16777216
 48
0.75
100
AcDbLine
 10
-4.1
 20
0.0
 30
0.0
 11
-2.678906
 21
0.0
 31
0.0
  0
LINE
  5
3B5
330
3B0
100
AcDbEntity
  8
Smart Centers
 62
     0
440
 16777216
 48
0.75
100
AcDbLine
 10
2.678906
 20
0.0
 30
0.0
 11
4.1
 21
0.0
 31
0.0
  0
LINE
  5
3B6
330
3B0
100
AcDbEntity
  8
Smart Centers
 62
     0
440
 16777216
 48
0.75
100
AcDbLine
 10
0.0
 20
-4.1
 30
0.0
 11
0.0
 21
-2.678906
 31
0.0
  0
LINE
  5
3B7
330
3B0
100
AcDbEntity
  8
Smart Centers
 62
     0
440
 16777216
 48
0.75
100
AcDbLine
 10
0.0
 20
2.678906
 30
0.0
 11
0.0
 21
4.1
 31
0.0
  0
ENDBLK
  5
3B8
330
3B0
100
AcDbEntity
  8
0
100
AcDbBlockEnd
  0
BLOCK
  5
3BB
330
3BA
100
AcDbEntity
  8
0
100
AcDbBlockBegin
  2
*U15
 70
     1
 10
0.0
 20
0.0
 30
0.0
  3
*U15
  1

  0
LINE
  5
3BC
330
3BA
100
AcDbEntity
  8
Smart Centers
  6
Continuous
 62
     0
440
 16777216
 48
0.75
100
AcDbLine
 10
-0.892969
 20
0.0
 30
0.0
 11
0.892969
 21
0.0
 31
0.0
  0
LINE
  5
3BD
330
3BA
100
AcDbEntity
  8
Smart Centers
  6
Continuous
 62
     0
440
 16777216
 48
0.75
100
AcDbLine
 10
0.0
 20
-0.892969
 30
0.0
 11
0.0
 21
0.892969
 31
0.0
  0
LINE
  5
3BE
330
3BA
100
AcDbEntity
  8
Smart Centers
 62
     0
440
 16777216
 48
0.75
100
AcDbLine
 10
-4.1
 20
0.0
 30
0.0
 11
-2.678906
 21
0.0
 31
0.0
  0
LINE
  5
3BF
330
3BA
100
AcDbEntity
  8
Smart Centers
 62
     0
440
 16777216
 48
0.75
100
AcDbLine
 10
2.678906
 20
0.0
 30
0.0
 11
4.1
 21
0.0
 31
0.0
  0
LINE
  5
3C0
330
3BA
100
AcDbEntity
  8
Smart Centers
 62
     0
440
 16777216
 48
0.75
100
AcDbLine
 10
0.0
 20
-4.1
 30
0.0
 11
0.0
 21
-2.678906
 31
0.0
  0
LINE
  5
3C1
330
3BA
100
AcDbEntity
  8
Smart Centers
 62
     0
440
 16777216
 48
0.75
100
AcDbLine
 10
0.0
 20
2.678906
 30
0.0
 11
0.0
 21
4.1
 31
0.0
  0
ENDBLK
  5
3C2
330
3BA
100
AcDbEntity
  8
0
100
AcDbBlockEnd
  0
BLOCK
  5
3C5
330
3C4
100
AcDbEntity
  8
0
100
AcDbBlockBegin
  2
*U16
 70
     1
 10
0.0
 20
0.0
 30
0.0
  3
*U16
  1

  0
LINE
  5
3C6
330
3C4
100
AcDbEntity
  8
Smart Centers
  6
Continuous
 62
     0
440
 16777216
 48
0.75
100
AcDbLine
 10
-0.892969
 20
0.0
 30
0.0
 11
0.892969
 21
0.0
 31
0.0
  0
LINE
  5
3C7
330
3C4
100
AcDbEntity
  8
Smart Centers
  6
Continuous
 62
     0
440
 16777216
 48
0.75
100
AcDbLine
 10
0.0
 20
-0.892969
 30
0.0
 11
0.0
 21
0.892969
 31
0.0
  0
LINE
  5
3C8
330
3C4
100
AcDbEntity
  8
Smart Centers
 62
     0
440
 16777216
 48
0.75
100
AcDbLine
 10
-4.35
 20
0.0
 30
0.0
 11
-2.678906
 21
0.0
 31
0.0
  0
LINE
  5
3C9
330
3C4
100
AcDbEntity
  8
Smart Centers
 62
     0
440
 16777216
 48
0.75
100
AcDbLine
 10
2.678906
 20
0.0
 30
0.0
 11
4.35
 21
0.0
 31
0.0
  0
LINE
  5
3CA
330
3C4
100
AcDbEntity
  8
Smart Centers
 62
     0
440
 16777216
 48
0.75
100
AcDbLine
 10
0.0
 20
-4.35
 30
0.0
 11
0.0
 21
-2.678906
 31
0.0
  0
LINE
  5
3CB
330
3C4
100
AcDbEntity
  8
Smart Centers
 62
     0
440
 16777216
 48
0.75
100
AcDbLine
 10
0.0
 20
2.678906
 30
0.0
 11
0.0
 21
4.35
 31
0.0
  0
ENDBLK
  5
3CC
330
3C4
100
AcDbEntity
  8
0
100
AcDbBlockEnd
  0
BLOCK
  5
3CF
330
3CE
100
AcDbEntity
  8
0
100
AcDbBlockBegin
  2
*U17
 70
     1
 10
0.0
 20
0.0
 30
0.0
  3
*U17
  1

  0
LINE
  5
3D0
330
3CE
100
AcDbEntity
  8
Smart Centers
  6
Continuous
 62
     0
440
 16777216
 48
0.75
100
AcDbLine
 10
-0.892969
 20
0.0
 30
0.0
 11
0.892969
 21
0.0
 31
0.0
  0
LINE
  5
3D1
330
3CE
100
AcDbEntity
  8
Smart Centers
  6
Continuous
 62
     0
440
 16777216
 48
0.75
100
AcDbLine
 10
0.0
 20
-0.892969
 30
0.0
 11
0.0
 21
0.892969
 31
0.0
  0
LINE
  5
3D2
330
3CE
100
AcDbEntity
  8
Smart Centers
 62
     0
440
 16777216
 48
0.75
100
AcDbLine
 10
-4.35
 20
0.0
 30
0.0
 11
-2.678906
 21
0.0
 31
0.0
  0
LINE
  5
3D3
330
3CE
100
AcDbEntity
  8
Smart Centers
 62
     0
440
 16777216
 48
0.75
100
AcDbLine
 10
2.678906
 20
0.0
 30
0.0
 11
4.35
 21
0.0
 31
0.0
  0
LINE
  5
3D4
330
3CE
100
AcDbEntity
  8
Smart Centers
 62
     0
440
 16777216
 48
0.75
100
AcDbLine
 10
0.0
 20
-4.35
 30
0.0
 11
0.0
 21
-2.678906
 31
0.0
  0
LINE
  5
3D5
330
3CE
100
AcDbEntity
  8
Smart Centers
 62
     0
440
 16777216
 48
0.75
100
AcDbLine
 10
0.0
 20
2.678906
 30
0.0
 11
0.0
 21
4.35
 31
0.0
  0
ENDBLK
  5
3D6
330
3CE
100
AcDbEntity
  8
0
100
AcDbBlockEnd
  0
BLOCK
  5
3D9
330
3D8
100
AcDbEntity
  8
0
100
AcDbBlockBegin
  2
*U18
 70
     1
 10
0.0
 20
0.0
 30
0.0
  3
*U18
  1

  0
LINE
  5
3DA
330
3D8
100
AcDbEntity
  8
Smart Centers
  6
Continuous
 62
     0
440
 16777216
 48
0.75
100
AcDbLine
 10
-0.892969
 20
0.0
 30
0.0
 11
0.892969
 21
0.0
 31
0.0
  0
LINE
  5
3DB
330
3D8
100
AcDbEntity
  8
Smart Centers
  6
Continuous
 62
     0
440
 16777216
 48
0.75
100
AcDbLine
 10
0.0
 20
-0.892969
 30
0.0
 11
0.0
 21
0.892969
 31
0.0
  0
LINE
  5
3DC
330
3D8
100
AcDbEntity
  8
Smart Centers
 62
     0
440
 16777216
 48
0.75
100
AcDbLine
 10
-4.125
 20
0.0
 30
0.0
 11
-2.678906
 21
0.0
 31
0.0
  0
LINE
  5
3DD
330
3D8
100
AcDbEntity
  8
Smart Centers
 62
     0
440
 16777216
 48
0.75
100
AcDbLine
 10
2.678906
 20
0.0
 30
0.0
 11
4.125
 21
0.0
 31
0.0
  0
LINE
  5
3DE
330
3D8
100
AcDbEntity
  8
Smart Centers
 62
     0
440
 16777216
 48
0.75
100
AcDbLine
 10
0.0
 20
-4.125
 30
0.0
 11
0.0
 21
-2.678906
 31
0.0
  0
LINE
  5
3DF
330
3D8
100
AcDbEntity
  8
Smart Centers
 62
     0
440
 16777216
 48
0.75
100
AcDbLine
 10
0.0
 20
2.678906
 30
0.0
 11
0.0
 21
4.125
 31
0.0
  0
ENDBLK
  5
3E0
330
3D8
100
AcDbEntity
  8
0
100
AcDbBlockEnd
  0
BLOCK
  5
3E3
330
3E2
100
AcDbEntity
  8
0
100
AcDbBlockBegin
  2
*U19
 70
     1
 10
0.0
 20
0.0
 30
0.0
  3
*U19
  1

  0
LINE
  5
3E4
330
3E2
100
AcDbEntity
  8
Smart Centers
  6
Continuous
 62
     0
440
 16777216
 48
0.75
100
AcDbLine
 10
-0.892969
 20
0.0
 30
0.0
 11
0.892969
 21
0.0
 31
0.0
  0
LINE
  5
3E5
330
3E2
100
AcDbEntity
  8
Smart Centers
  6
Continuous
 62
     0
440
 16777216
 48
0.75
100
AcDbLine
 10
0.0
 20
-0.892969
 30
0.0
 11
0.0
 21
0.892969
 31
0.0
  0
LINE
  5
3E6
330
3E2
100
AcDbEntity
  8
Smart Centers
 62
     0
440
 16777216
 48
0.75
100
AcDbLine
 10
-4.125
 20
0.0
 30
0.0
 11
-2.678906
 21
0.0
 31
0.0
  0
LINE
  5
3E7
330
3E2
100
AcDbEntity
  8
Smart Centers
 62
     0
440
 16777216
 48
0.75
100
AcDbLine
 10
2.678906
 20
0.0
 30
0.0
 11
4.125
 21
0.0
 31
0.0
  0
LINE
  5
3E8
330
3E2
100
AcDbEntity
  8
Smart Centers
 62
     0
440
 16777216
 48
0.75
100
AcDbLine
 10
0.0
 20
-4.125
 30
0.0
 11
0.0
 21
-2.678906
 31
0.0
  0
LINE
  5
3E9
330
3E2
100
AcDbEntity
  8
Smart Centers
 62
     0
440
 16777216
 48
0.75
100
AcDbLine
 10
0.0
 20
2.678906
 30
0.0
 11
0.0
 21
4.125
 31
0.0
  0
ENDBLK
  5
3EA
330
3E2
100
AcDbEntity
  8
0
100
AcDbBlockEnd
  0
BLOCK
  5
3ED
330
3EC
100
AcDbEntity
  8
0
100
AcDbBlockBegin
  2
*U20
 70
     1
 10
0.0
 20
0.0
 30
0.0
  3
*U20
  1

  0
LINE
  5
3EE
330
3EC
100
AcDbEntity
  8
Smart Centers
  6
Continuous
 62
     0
440
 16777216
 48
0.75
100
AcDbLine
 10
-0.892969
 20
0.0
 30
0.0
 11
0.892969
 21
0.0
 31
0.0
  0
LINE
  5
3EF
330
3EC
100
AcDbEntity
  8
Smart Centers
  6
Continuous
 62
     0
440
 16777216
 48
0.75
100
AcDbLine
 10
0.0
 20
-0.892969
 30
0.0
 11
0.0
 21
0.892969
 31
0.0
  0
LINE
  5
3F0
330
3EC
100
AcDbEntity
  8
Smart Centers
 62
     0
440
 16777216
 48
0.75
100
AcDbLine
 10
-4.125
 20
0.0
 30
0.0
 11
-2.678906
 21
0.0
 31
0.0
  0
LINE
  5
3F1
330
3EC
100
AcDbEntity
  8
Smart Centers
 62
     0
440
 16777216
 48
0.75
100
AcDbLine
 10
2.678906
 20
0.0
 30
0.0
 11
4.125
 21
0.0
 31
0.0
  0
LINE
  5
3F2
330
3EC
100
AcDbEntity
  8
Smart Centers
 62
     0
440
 16777216
 48
0.75
100
AcDbLine
 10
0.0
 20
-4.125
 30
0.0
 11
0.0
 21
-2.678906
 31
0.0
  0
LINE
  5
3F3
330
3EC
100
AcDbEntity
  8
Smart Centers
 62
     0
440
 16777216
 48
0.75
100
AcDbLine
 10
0.0
 20
2.678906
 30
0.0
 11
0.0
 21
4.125
 31
0.0
  0
ENDBLK
  5
3F4
330
3EC
100
AcDbEntity
  8
0
100
AcDbBlockEnd
  0
BLOCK
  5
3F7
330
3F6
100
AcDbEntity
  8
0
100
AcDbBlockBegin
  2
*U21
 70
     1
 10
0.0
 20
0.0
 30
0.0
  3
*U21
  1

  0
LINE
  5
3F8
330
3F6
100
AcDbEntity
  8
Smart Centers
  6
Continuous
 62
     0
440
 16777216
 48
0.75
100
AcDbLine
 10
-0.892969
 20
0.0
 30
0.0
 11
0.892969
 21
0.0
 31
0.0
  0
LINE
  5
3F9
330
3F6
100
AcDbEntity
  8
Smart Centers
  6
Continuous
 62
     0
440
 16777216
 48
0.75
100
AcDbLine
 10
0.0
 20
-0.892969
 30
0.0
 11
0.0
 21
0.892969
 31
0.0
  0
LINE
  5
3FA
330
3F6
100
AcDbEntity
  8
Smart Centers
 62
     0
440
 16777216
 48
0.75
100
AcDbLine
 10
-4.125
 20
0.0
 30
0.0
 11
-2.678906
 21
0.0
 31
0.0
  0
LINE
  5
3FB
330
3F6
100
AcDbEntity
  8
Smart Centers
 62
     0
440
 16777216
 48
0.75
100
AcDbLine
 10
2.678906
 20
0.0
 30
0.0
 11
4.125
 21
0.0
 31
0.0
  0
LINE
  5
3FC
330
3F6
100
AcDbEntity
  8
Smart Centers
 62
     0
440
 16777216
 48
0.75
100
AcDbLine
 10
0.0
 20
-4.125
 30
0.0
 11
0.0
 21
-2.678906
 31
0.0
  0
LINE
  5
3FD
330
3F6
100
AcDbEntity
  8
Smart Centers
 62
     0
440
 16777216
 48
0.75
100
AcDbLine
 10
0.0
 20
2.678906
 30
0.0
 11
0.0
 21
4.125
 31
0.0
  0
ENDBLK
  5
3FE
330
3F6
100
AcDbEntity
  8
0
100
AcDbBlockEnd
  0
BLOCK
  5
402
330
401
100
AcDbEntity
  8
0
100
AcDbBlockBegin
  2
*D22
 70
     1
 10
0.0
 20
0.0
 30
0.0
  3
*D22
  1

  0
LINE
  5
403
330
401
100
AcDbEntity
  8
FD_Dimensions
 62
     0
440
 16777216
370
    -2
100
AcDbLine
 10
225.820313
 20
172.220313
 30
0.0
 11
225.820313
 21
130.384375
 31
0.0
  0
LINE
  5
404
330
401
100
AcDbEntity
  8
FD_Dimensions
 62
     0
440
 16777216
370
    -2
100
AcDbLine
 10
300.820313
 20
172.220313
 30
0.0
 11
300.820313
 21
130.384375
 31
0.0
  0
LINE
  5
405
330
401
100
AcDbEntity
  8
FD_Dimensions
 62
     0
440
 16777216
370
    -2
100
AcDbLine
 10
229.320313
 20
132.484375
 30
0.0
 11
297.320313
 21
132.484375
 31
0.0
  0
SOLID
  5
406
330
401
100
AcDbEntity
  8
FD_Dimensions
 62
     0
440
 16777216
100
AcDbTrace
 10
229.320313
 20
133.067708
 30
0.0
 11
229.320313
 21
131.901042
 31
0.0
 12
225.820313
 22
132.484375
 32
0.0
 13
225.820313
 23
132.484375
 33
0.0
  0
SOLID
  5
407
330
401
100
AcDbEntity
  8
FD_Dimensions
 62
     0
440
 16777216
100
AcDbTrace
 10
297.320313
 20
133.067708
 30
0.0
 11
297.320313
 21
131.901042
 31
0.0
 12
300.820313
 22
132.484375
 32
0.0
 13
300.820313
 23
132.484375
 33
0.0
  0
MTEXT
  5
408
330
401
100
AcDbEntity
  8
FD_Dimensions
 62
     0
440
 16777216
100
AcDbMText
 10
263.320313
 20
135.67138
 30
0.0
 40
3.5
 41
0.0
 46
0.0
 71
     5
 72
     1
  1
150
 73
     1
 44
1.0
  0
POINT
  5
409
330
401
100
AcDbEntity
  8
Defpoints
 62
     0
440
 16777216
100
AcDbPoint
 10
225.820313
 20
174.320313
 30
0.0
  0
POINT
  5
40A
330
401
100
AcDbEntity
  8
Defpoints
 62
     0
440
 16777216
100
AcDbPoint
 10
300.820313
 20
174.320313
 30
0.0
  0
POINT
  5
40B
330
401
100
AcDbEntity
  8
Defpoints
 62
     0
440
 16777216
100
AcDbPoint
 10
300.820313
 20
132.484375
 30
0.0
  0
ENDBLK
  5
40C
330
401
100
AcDbEntity
  8
0
100
AcDbBlockEnd
  0
BLOCK
  5
40F
330
40E
100
AcDbEntity
  8
0
100
AcDbBlockBegin
  2
*D23
 70
     1
 10
0.0
 20
0.0
 30
0.0
  3
*D23
  1

  0
LINE
  5
410
330
40E
100
AcDbEntity
  8
FD_Dimensions
 62
     0
440
 16777216
370
    -2
100
AcDbLine
 10
224.220313
 20
171.820313
 30
0.0
 11
198.790625
 21
171.820313
 31
0.0
  0
LINE
  5
411
330
40E
100
AcDbEntity
  8
FD_Dimensions
 62
     0
440
 16777216
370
    -2
100
AcDbLine
 10
224.220313
 20
231.820313
 30
0.0
 11
198.790625
 21
231.820313
 31
0.0
  0
LINE
  5
412
330
40E
100
AcDbEntity
  8
FD_Dimensions
 62
     0
440
 16777216
370
    -2
100
AcDbLine
 10
200.890625
 20
175.320313
 30
0.0
 11
200.890625
 21
228.320313
 31
0.0
  0
SOLID
  5
413
330
40E
100
AcDbEntity
  8
FD_Dimensions
 62
     0
440
 16777216
100
AcDbTrace
 10
200.307292
 20
175.320313
 30
0.0
 11
201.473958
 21
175.320313
 31
0.0
 12
200.890625
 22
171.820313
 32
0.0
 13
200.890625
 23
171.820313
 33
0.0
  0
SOLID
  5
414
330
40E
100
AcDbEntity
  8
FD_Dimensions
 62
     0
440
 16777216
100
AcDbTrace
 10
200.307292
 20
228.320313
 30
0.0
 11
201.473958
 21
228.320313
 31
0.0
 12
200.890625
 22
231.820313
 32
0.0
 13
200.890625
 23
231.820313
 33
0.0
  0
MTEXT
  5
415
330
40E
100
AcDbEntity
  8
FD_Dimensions
 62
     0
440
 16777216
100
AcDbMText
 10
197.70362
 20
201.820313
 30
0.0
 40
3.5
 41
0.0
 46
0.0
 71
     5
 72
     1
  1
120
 11
0.0
 21
1.0
 31
0.0
 73
     1
 44
1.0
  0
POINT
  5
416
330
40E
100
AcDbEntity
  8
Defpoints
 62
     0
440
 16777216
100
AcDbPoint
 10
226.320313
 20
171.820313
 30
0.0
  0
POINT
  5
417
330
40E
100
AcDbEntity
  8
Defpoints
 62
     0
440
 16777216
100
AcDbPoint
 10
226.320313
 20
231.820313
 30
0.0
  0
POINT
  5
418
330
40E
100
AcDbEntity
  8
Defpoints
 62
     0
440
 16777216
100
AcDbPoint
 10
200.890625
 20
231.820313
 30
0.0
  0
ENDBLK
  5
419
330
40E
100
AcDbEntity
  8
0
100
AcDbBlockEnd
  0
BLOCK
  5
41C
330
41B
100
AcDbEntity
  8
0
100
AcDbBlockBegin
  2
*D24
 70
     1
 10
0.0
 20
0.0
 30
0.0
  3
*D24
  1

  0
LINE
  5
41D
330
41B
100
AcDbEntity
  8
FD_Dimensions
 62
     0
440
 16777216
370
    -2
100
AcDbLine
 10
223.970313
 20
74.851563
 30
0.0
 11
169.829688
 21
74.851563
 31
0.0
  0
LINE
  5
41E
330
41B
100
AcDbEntity
  8
FD_Dimensions
 62
     0
440
 16777216
370
    -2
100
AcDbLine
 10
223.970313
 20
104.851563
 30
0.0
 11
169.829688
 21
104.851563
 31
0.0
  0
LINE
  5
41F
330
41B
100
AcDbEntity
  8
FD_Dimensions
 62
     0
440
 16777216
370
    -2
100
AcDbLine
 10
171.929688
 20
78.351563
 30
0.0
 11
171.929688
 21
101.351563
 31
0.0
  0
SOLID
  5
420
330
41B
100
AcDbEntity
  8
FD_Dimensions
 62
     0
440
 16777216
100
AcDbTrace
 10
171.346354
 20
78.351563
 30
0.0
 11
172.513021
 21
78.351563
 31
0.0
 12
171.929688
 22
74.851563
 32
0.0
 13
171.929688
 23
74.851563
 33
0.0
  0
SOLID
  5
421
330
41B
100
AcDbEntity
  8
FD_Dimensions
 62
     0
440
 16777216
100
AcDbTrace
 10
171.346354
 20
101.351563
 30
0.0
 11
172.513021
 21
101.351563
 31
0.0
 12
171.929688
 22
104.851563
 32
0.0
 13
171.929688
 23
104.851563
 33
0.0
  0
MTEXT
  5
422
330
41B
100
AcDbEntity
  8
FD_Dimensions
 62
     0
440
 16777216
100
AcDbMText
 10
168.742682
 20
89.851563
 30
0.0
 40
3.5
 41
0.0
 46
0.0
 71
     5
 72
     1
  1
60
 11
0.0
 21
1.0
 31
0.0
 73
     1
 44
1.0
  0
POINT
  5
423
330
41B
100
AcDbEntity
  8
Defpoints
 62
     0
440
 16777216
100
AcDbPoint
 10
226.070313
 20
74.851563
 30
0.0
  0
POINT
  5
424
330
41B
100
AcDbEntity
  8
Defpoints
 62
     0
440
 16777216
100
AcDbPoint
 10
226.070313
 20
104.851563
 30
0.0
  0
POINT
  5
425
330
41B
100
AcDbEntity
  8
Defpoints
 62
     0
440
 16777216
100
AcDbPoint
 10
171.929688
 20
104.851563
 30
0.0
  0
ENDBLK
  5
426
330
41B
100
AcDbEntity
  8
0
100
AcDbBlockEnd
  0
BLOCK
  5
429
330
428
100
AcDbEntity
  8
0
100
AcDbBlockBegin
  2
*D25
 70
     1
 10
0.0
 20
0.0
 30
0.0
  3
*D25
  1

  0
LINE
  5
42A
330
428
100
AcDbEntity
  8
FD_Dimensions
 62
     0
440
 16777216
370
    -2
100
AcDbLine
 10
317.468571
 20
234.595068
 30
0.0
 11
302.09012
 21
225.740808
 31
0.0
  0
LINE
  5
42B
330
428
100
AcDbEntity
  8
FD_Dimensions
 62
     0
440
 16777216
370
    -2
100
AcDbLine
 10
294.550505
 20
221.399817
 30
0.0
 11
291.517326
 21
219.653442
 31
0.0
  0
MTEXT
  5
42C
330
428
100
AcDbEntity
  8
FD_Dimensions
 62
     0
440
 16777216
100
AcDbMText
 10
310.211319
 20
234.207102
 30
0.0
 40
3.5
 41
0.0
 46
0.0
 71
     5
 72
     1
  1
∅3.4
 11
0.866622
 21
0.498964
 31
0.0
 73
     1
 44
1.0
  0
LINE
  5
42D
330
428
100
AcDbEntity
  8
FD_Dimensions
 62
     0
440
 16777216
370
    -2
100
AcDbLine
 10
297.583683
 20
223.146193
 30
0.0
 11
299.056942
 21
223.994432
 31
0.0
  0
SOLID
  5
42E
330
428
100
AcDbEntity
  8
FD_Dimensions
 62
     0
440
 16777216
100
AcDbTrace
 10
294.259442
 20
221.905347
 30
0.0
 11
294.841567
 21
220.894287
 31
0.0
 12
297.583683
 22
223.146193
 32
0.0
 13
297.583683
 23
223.146193
 33
0.0
  0
SOLID
  5
42F
330
428
100
AcDbEntity
  8
FD_Dimensions
 62
     0
440
 16777216
100
AcDbTrace
 10
301.799058
 20
226.246338
 30
0.0
 11
302.381183
 21
225.235278
 31
0.0
 12
299.056942
 22
223.994432
 32
0.0
 13
299.056942
 23
223.994432
 33
0.0
  0
POINT
  5
430
330
428
100
AcDbEntity
  8
Defpoints
 62
     0
440
 16777216
100
AcDbPoint
 10
299.056942
 20
223.994432
 30
0.0
  0
POINT
  5
431
330
428
100
AcDbEntity
  8
Defpoints
 62
     0
440
 16777216
100
AcDbPoint
 10
297.583683
 20
223.146193
 30
0.0
  0
ENDBLK
  5
432
330
428
100
AcDbEntity
  8
0
100
AcDbBlockEnd
  0
BLOCK
  5
435
330
434
100
AcDbEntity
  8
0
100
AcDbBlockBegin
  2
*D26
 70
     1
 10
0.0
 20
0.0
 30
0.0
  3
*D26
  1

  0
LINE
  5
436
330
434
100
AcDbEntity
  8
FD_Dimensions
 62
     0
440
 16777216
370
    -2
100
AcDbLine
 10
316.298019
 20
213.582698
 30
0.0
 11
301.904357
 21
221.579176
 31
0.0
  0
LINE
  5
437
330
434
100
AcDbEntity
  8
FD_Dimensions
 62
     0
440
 16777216
370
    -2
100
AcDbLine
 10
294.736268
 20
225.561449
 30
0.0
 11
291.676717
 21
227.261199
 31
0.0
  0
MTEXT
  5
438
330
434
100
AcDbEntity
  8
FD_Dimensions
 62
     0
440
 16777216
100
AcDbMText
 10
312.226247
 20
219.602573
 30
0.0
 40
3.5
 41
0.0
 46
0.0
 71
     5
 72
     1
  1
∅2.4
 11
0.874157
 21
-0.485643
 31
0.0
 73
     1
 44
1.0
  0
LINE
  5
439
330
434
100
AcDbEntity
  8
FD_Dimensions
 62
     0
440
 16777216
370
    -2
100
AcDbLine
 10
297.795818
 20
223.861698
 30
0.0
 11
298.844807
 21
223.278927
 31
0.0
  0
SOLID
  5
43A
330
434
100
AcDbEntity
  8
FD_Dimensions
 62
     0
440
 16777216
100
AcDbTrace
 10
295.019559
 20
226.071374
 30
0.0
 11
294.452976
 21
225.051523
 31
0.0
 12
297.795818
 22
223.861698
 32
0.0
 13
297.795818
 23
223.861698
 33
0.0
  0
SOLID
  5
43B
330
434
100
AcDbEntity
  8
FD_Dimensions
 62
     0
440
 16777216
100
AcDbTrace
 10
302.187649
 20
222.089102
 30
0.0
 11
301.621066
 21
221.069251
 31
0.0
 12
298.844807
 22
223.278927
 32
0.0
 13
298.844807
 23
223.278927
 33
0.0
  0
POINT
  5
43C
330
434
100
AcDbEntity
  8
Defpoints
 62
     0
440
 16777216
100
AcDbPoint
 10
298.844807
 20
223.278927
 30
0.0
  0
POINT
  5
43D
330
434
100
AcDbEntity
  8
Defpoints
 62
     0
440
 16777216
100
AcDbPoint
 10
297.795818
 20
223.861698
 30
0.0
  0
ENDBLK
  5
43E
330
434
100
AcDbEntity
  8
0
100
AcDbBlockEnd
  0
BLOCK
  5
441
330
440
100
AcDbEntity
  8
0
100
AcDbBlockBegin
  2
*D27
 70
     1
 10
0.0
 20
0.0
 30
0.0
  3
*D27
  1

  0
LINE
  5
442
330
440
100
AcDbEntity
  8
FD_Dimensions
 62
     0
440
 16777216
370
    -2
100
AcDbLine
 10
265.65147
 20
118.196935
 30
0.0
 11
255.856435
 21
100.939017
 31
0.0
  0
LINE
  5
443
330
440
100
AcDbEntity
  8
FD_Dimensions
 62
     0
440
 16777216
370
    -2
100
AcDbLine
 10
251.78419
 20
93.764108
 30
0.0
 11
250.05657
 21
90.720207
 31
0.0
  0
MTEXT
  5
444
330
440
100
AcDbEntity
  8
FD_Dimensions
 62
     0
440
 16777216
100
AcDbMText
 10
259.584645
 20
114.162658
 30
0.0
 40
3.5
 41
0.0
 46
0.0
 71
     5
 72
     1
  1
∅2.5
 11
0.493606
 21
0.869686
 31
0.0
 73
     1
 44
1.0
  0
LINE
  5
445
330
440
100
AcDbEntity
  8
FD_Dimensions
 62
     0
440
 16777216
370
    -2
100
AcDbLine
 10
253.511809
 20
96.808009
 30
0.0
 11
254.128816
 21
97.895116
 31
0.0
  0
SOLID
  5
446
330
440
100
AcDbEntity
  8
FD_Dimensions
 62
     0
440
 16777216
100
AcDbTrace
 10
251.276873
 20
94.052045
 30
0.0
 11
252.291507
 21
93.476172
 31
0.0
 12
253.511809
 22
96.808009
 32
0.0
 13
253.511809
 23
96.808009
 33
0.0
  0
SOLID
  5
447
330
440
100
AcDbEntity
  8
FD_Dimensions
 62
     0
440
 16777216
100
AcDbTrace
 10
255.349118
 20
101.226953
 30
0.0
 11
256.363752
 21
100.65108
 31
0.0
 12
254.128816
 22
97.895116
 32
0.0
 13
254.128816
 23
97.895116
 33
0.0
  0
POINT
  5
448
330
440
100
AcDbEntity
  8
Defpoints
 62
     0
440
 16777216
100
AcDbPoint
 10
254.128816
 20
97.895116
 30
0.0
  0
POINT
  5
449
330
440
100
AcDbEntity
  8
Defpoints
 62
     0
440
 16777216
100
AcDbPoint
 10
253.511809
 20
96.808009
 30
0.0
  0
ENDBLK
  5
44A
330
440
100
AcDbEntity
  8
0
100
AcDbBlockEnd
  0
BLOCK
  5
44D
330
44C
100
AcDbEntity
  8
0
100
AcDbBlockBegin
  2
*D28
 70
     1
 10
0.0
 20
0.0
 30
0.0
  3
*D28
  1

  0
LINE
  5
44E
330
44C
100
AcDbEntity
  8
FD_Dimensions
 62
     0
440
 16777216
370
    -2
100
AcDbLine
 10
105.462821
 20
223.10863
 30
0.0
 11
113.898614
 21
208.111666
 31
0.0
  0
LINE
  5
44F
330
44C
100
AcDbEntity
  8
FD_Dimensions
 62
     0
440
 16777216
370
    -2
100
AcDbLine
 10
118.163886
 20
200.528959
 30
0.0
 11
119.879801
 21
197.478445
 31
0.0
  0
MTEXT
  5
450
330
44C
100
AcDbEntity
  8
FD_Dimensions
 62
     0
440
 16777216
100
AcDbMText
 10
111.504156
 20
219.068766
 30
0.0
 40
3.5
 41
0.0
 46
0.0
 71
     5
 72
     1
  1
∅3.4
 11
0.490261
 21
-0.871576
 31
0.0
 73
     1
 44
1.0
  0
LINE
  5
451
330
44C
100
AcDbEntity
  8
FD_Dimensions
 62
     0
440
 16777216
370
    -2
100
AcDbLine
 10
116.447972
 20
203.579473
 30
0.0
 11
115.614528
 21
205.061152
 31
0.0
  0
SOLID
  5
452
330
44C
100
AcDbEntity
  8
FD_Dimensions
 62
     0
440
 16777216
100
AcDbTrace
 10
118.672305
 20
200.814945
 30
0.0
 11
117.655467
 21
200.242973
 31
0.0
 12
116.447972
 22
203.579473
 32
0.0
 13
116.447972
 23
203.579473
 33
0.0
  0
SOLID
  5
453
330
44C
100
AcDbEntity
  8
FD_Dimensions
 62
     0
440
 16777216
100
AcDbTrace
 10
114.407033
 20
208.397652
 30
0.0
 11
113.390195
 21
207.82568
 31
0.0
 12
115.614528
 22
205.061152
 32
0.0
 13
115.614528
 23
205.061152
 33
0.0
  0
POINT
  5
454
330
44C
100
AcDbEntity
  8
Defpoints
 62
     0
440
 16777216
100
AcDbPoint
 10
115.614528
 20
205.061152
 30
0.0
  0
POINT
  5
455
330
44C
100
AcDbEntity
  8
Defpoints
 62
     0
440
 16777216
100
AcDbPoint
 10
116.447972
 20
203.579473
 30
0.0
  0
ENDBLK
  5
456
330
44C
100
AcDbEntity
  8
0
100
AcDbBlockEnd
  0
BLOCK
  5
459
330
458
100
AcDbEntity
  8
0
100
AcDbBlockBegin
  2
*D29
 70
     1
 10
0.0
 20
0.0
 30
0.0
  3
*D29
  1

  0
LINE
  5
45A
330
458
100
AcDbEntity
  8
FD_Dimensions
 62
     0
440
 16777216
370
    -2
100
AcDbLine
 10
97.636678
 20
195.123026
 30
0.0
 11
112.364098
 21
202.486737
 31
0.0
  0
LINE
  5
45B
330
458
100
AcDbEntity
  8
FD_Dimensions
 62
     0
440
 16777216
370
    -2
100
AcDbLine
 10
119.698401
 20
206.153888
 30
0.0
 11
122.828897
 21
207.719136
 31
0.0
  0
MTEXT
  5
45C
330
458
100
AcDbEntity
  8
FD_Dimensions
 62
     0
440
 16777216
100
AcDbMText
 10
101.966093
 20
200.960353
 30
0.0
 40
3.5
 41
0.0
 46
0.0
 71
     5
 72
     1
  1
∅2.4
 11
0.894427
 21
0.447214
 31
0.0
 73
     1
 44
1.0
  0
LINE
  5
45D
330
458
100
AcDbEntity
  8
FD_Dimensions
 62
     0
440
 16777216
370
    -2
100
AcDbLine
 10
116.567906
 20
204.588641
 30
0.0
 11
115.494594
 21
204.051984
 31
0.0
  0
SOLID
  5
45E
330
458
100
AcDbEntity
  8
FD_Dimensions
 62
     0
440
 16777216
100
AcDbTrace
 10
119.437527
 20
206.675637
 30
0.0
 11
119.959276
 21
205.632139
 31
0.0
 12
116.567906
 22
204.588641
 32
0.0
 13
116.567906
 23
204.588641
 33
0.0
  0
SOLID
  5
45F
330
458
100
AcDbEntity
  8
FD_Dimensions
 62
     0
440
 16777216
100
AcDbTrace
 10
112.103224
 20
203.008486
 30
0.0
 11
112.624973
 21
201.964988
 31
0.0
 12
115.494594
 22
204.051984
 32
0.0
 13
115.494594
 23
204.051984
 33
0.0
  0
POINT
  5
460
330
458
100
AcDbEntity
  8
Defpoints
 62
     0
440
 16777216
100
AcDbPoint
 10
115.494594
 20
204.051984
 30
0.0
  0
POINT
  5
461
330
458
100
AcDbEntity
  8
Defpoints
 62
     0
440
 16777216
100
AcDbPoint
 10
116.567906
 20
204.588641
 30
0.0
  0
ENDBLK
  5
462
330
458
100
AcDbEntity
  8
0
100
AcDbBlockEnd
  0
BLOCK
  5
465
330
464
100
AcDbEntity
  8
0
100
AcDbBlockBegin
  2
*D30
 70
     1
 10
0.0
 20
0.0
 30
0.0
  3
*D30
  1

  0
LINE
  5
466
330
464
100
AcDbEntity
  8
FD_Dimensions
 62
     0
440
 16777216
370
    -2
100
AcDbLine
 10
121.811178
 20
215.697915
 30
0.0
 11
137.503083
 21
206.408862
 31
0.0
  0
MTEXT
  5
467
330
464
100
AcDbEntity
  8
FD_Dimensions
 62
     0
440
 16777216
100
AcDbMText
 10
128.791671
 20
215.234574
 30
0.0
 40
3.5
 41
0.0
 46
0.0
 71
     5
 72
     1
  1
R1.2
 11
0.860528
 21
-0.509402
 31
0.0
 73
     1
 44
1.0
  0
LINE
  5
468
330
464
100
AcDbEntity
  8
FD_Dimensions
 62
     0
440
 16777216
370
    -2
100
AcDbLine
 10
141.03125
 20
204.320313
 30
0.0
 11
140.514933
 21
204.625954
 31
0.0
  0
SOLID
  5
469
330
464
100
AcDbEntity
  8
FD_Dimensions
 62
     0
440
 16777216
100
AcDbTrace
 10
137.800235
 20
206.910837
 30
0.0
 11
137.205932
 21
205.906887
 31
0.0
 12
140.514933
 22
204.625954
 32
0.0
 13
140.514933
 23
204.625954
 33
0.0
  0
POINT
  5
46A
330
464
100
AcDbEntity
  8
Defpoints
 62
     0
440
 16777216
100
AcDbPoint
 10
140.514933
 20
204.625954
 30
0.0
  0
POINT
  5
46B
330
464
100
AcDbEntity
  8
Defpoints
 62
     0
440
 16777216
100
AcDbPoint
 10
141.03125
 20
204.320313
 30
0.0
  0
ENDBLK
  5
46C
330
464
100
AcDbEntity
  8
0
100
AcDbBlockEnd
  0
BLOCK
  5
46F
330
46E
100
AcDbEntity
  8
0
100
AcDbBlockBegin
  2
*D31
 70
     1
 10
0.0
 20
0.0
 30
0.0
  3
*D31
  1

  0
LINE
  5
470
330
46E
100
AcDbEntity
  8
FD_Dimensions
 62
     0
440
 16777216
370
    -2
100
AcDbLine
 10
225.820313
 20
170.220313
 30
0.0
 11
225.820313
 21
139.9875
 31
0.0
  0
LINE
  5
471
330
46E
100
AcDbEntity
  8
FD_Dimensions
 62
     0
440
 16777216
370
    -2
100
AcDbLine
 10
298.320313
 20
173.620313
 30
0.0
 11
298.320313
 21
139.9875
 31
0.0
  0
LINE
  5
472
330
46E
100
AcDbEntity
  8
FD_Dimensions
 62
     0
440
 16777216
370
    -2
100
AcDbLine
 10
229.320313
 20
142.0875
 30
0.0
 11
294.820313
 21
142.0875
 31
0.0
  0
SOLID
  5
473
330
46E
100
AcDbEntity
  8
FD_Dimensions
 62
     0
440
 16777216
100
AcDbTrace
 10
229.320313
 20
142.670833
 30
0.0
 11
229.320313
 21
141.504167
 31
0.0
 12
225.820313
 22
142.0875
 32
0.0
 13
225.820313
 23
142.0875
 33
0.0
  0
SOLID
  5
474
330
46E
100
AcDbEntity
  8
FD_Dimensions
 62
     0
440
 16777216
100
AcDbTrace
 10
294.820313
 20
142.670833
 30
0.0
 11
294.820313
 21
141.504167
 31
0.0
 12
298.320313
 22
142.0875
 32
0.0
 13
298.320313
 23
142.0875
 33
0.0
  0
MTEXT
  5
475
330
46E
100
AcDbEntity
  8
FD_Dimensions
 62
     0
440
 16777216
100
AcDbMText
 10
262.070313
 20
145.274505
 30
0.0
 40
3.5
 41
0.0
 46
0.0
 71
     5
 72
     1
  1
145
 73
     1
 44
1.0
  0
POINT
  5
476
330
46E
100
AcDbEntity
  8
Defpoints
 62
     0
440
 16777216
100
AcDbPoint
 10
225.820313
 20
172.320313
 30
0.0
  0
POINT
  5
477
330
46E
100
AcDbEntity
  8
Defpoints
 62
     0
440
 16777216
100
AcDbPoint
 10
298.320313
 20
175.720313
 30
0.0
  0
POINT
  5
478
330
46E
100
AcDbEntity
  8
Defpoints
 62
     0
440
 16777216
100
AcDbPoint
 10
298.320313
 20
142.0875
 30
0.0
  0
ENDBLK
  5
479
330
46E
100
AcDbEntity
  8
0
100
AcDbBlockEnd
  0
BLOCK
  5
47C
330
47B
100
AcDbEntity
  8
0
100
AcDbBlockBegin
  2
*D32
 70
     1
 10
0.0
 20
0.0
 30
0.0
  3
*D32
  1

  0
LINE
  5
47D
330
47B
100
AcDbEntity
  8
FD_Dimensions
 62
     0
440
 16777216
370
    -2
100
AcDbLine
 10
282.920313
 20
171.820313
 30
0.0
 11
334.301563
 21
171.820313
 31
0.0
  0
LINE
  5
47E
330
47B
100
AcDbEntity
  8
FD_Dimensions
 62
     0
440
 16777216
370
    -2
100
AcDbLine
 10
304.770313
 20
223.570313
 30
0.0
 11
334.301563
 21
223.570313
 31
0.0
  0
LINE
  5
47F
330
47B
100
AcDbEntity
  8
FD_Dimensions
 62
     0
440
 16777216
370
    -2
100
AcDbLine
 10
332.201563
 20
175.320313
 30
0.0
 11
332.201563
 21
220.070313
 31
0.0
  0
SOLID
  5
480
330
47B
100
AcDbEntity
  8
FD_Dimensions
 62
     0
440
 16777216
100
AcDbTrace
 10
331.618229
 20
175.320313
 30
0.0
 11
332.784896
 21
175.320313
 31
0.0
 12
332.201563
 22
171.820313
 32
0.0
 13
332.201563
 23
171.820313
 33
0.0
  0
SOLID
  5
481
330
47B
100
AcDbEntity
  8
FD_Dimensions
 62
     0
440
 16777216
100
AcDbTrace
 10
331.618229
 20
220.070313
 30
0.0
 11
332.784896
 21
220.070313
 31
0.0
 12
332.201563
 22
223.570313
 32
0.0
 13
332.201563
 23
223.570313
 33
0.0
  0
MTEXT
  5
482
330
47B
100
AcDbEntity
  8
FD_Dimensions
 62
     0
440
 16777216
100
AcDbMText
 10
329.013363
 20
197.695313
 30
0.0
 40
3.5
 41
0.0
 46
0.0
 71
     5
 72
     1
  1
103.5
 11
0.0
 21
1.0
 31
0.0
 73
     1
 44
1.0
  0
POINT
  5
483
330
47B
100
AcDbEntity
  8
Defpoints
 62
     0
440
 16777216
100
AcDbPoint
 10
280.820313
 20
171.820313
 30
0.0
  0
POINT
  5
484
330
47B
100
AcDbEntity
  8
Defpoints
 62
     0
440
 16777216
100
AcDbPoint
 10
302.670313
 20
223.570313
 30
0.0
  0
POINT
  5
485
330
47B
100
AcDbEntity
  8
Defpoints
 62
     0
440
 16777216
100
AcDbPoint
 10
332.201563
 20
223.570313
 30
0.0
  0
ENDBLK
  5
486
330
47B
100
AcDbEntity
  8
0
100
AcDbBlockEnd
  0
BLOCK
  5
489
330
488
100
AcDbEntity
  8
0
100
AcDbBlockBegin
  2
*D33
 70
     1
 10
0.0
 20
0.0
 30
0.0
  3
*D33
  1

  0
LINE
  5
48A
330
488
100
AcDbEntity
  8
FD_Dimensions
 62
     0
440
 16777216
370
    -2
100
AcDbLine
 10
225.820313
 20
170.220313
 30
0.0
 11
225.820313
 21
150.040625
 31
0.0
  0
LINE
  5
48B
330
488
100
AcDbEntity
  8
FD_Dimensions
 62
     0
440
 16777216
370
    -2
100
AcDbLine
 10
276.070313
 20
175.470313
 30
0.0
 11
276.070313
 21
150.040625
 31
0.0
  0
LINE
  5
48C
330
488
100
AcDbEntity
  8
FD_Dimensions
 62
     0
440
 16777216
370
    -2
100
AcDbLine
 10
229.320313
 20
152.140625
 30
0.0
 11
272.570313
 21
152.140625
 31
0.0
  0
SOLID
  5
48D
330
488
100
AcDbEntity
  8
FD_Dimensions
 62
     0
440
 16777216
100
AcDbTrace
 10
229.320313
 20
152.723958
 30
0.0
 11
229.320313
 21
151.557292
 31
0.0
 12
225.820313
 22
152.140625
 32
0.0
 13
225.820313
 23
152.140625
 33
0.0
  0
SOLID
  5
48E
330
488
100
AcDbEntity
  8
FD_Dimensions
 62
     0
440
 16777216
100
AcDbTrace
 10
272.570313
 20
152.723958
 30
0.0
 11
272.570313
 21
151.557292
 31
0.0
 12
276.070313
 22
152.140625
 32
0.0
 13
276.070313
 23
152.140625
 33
0.0
  0
MTEXT
  5
48F
330
488
100
AcDbEntity
  8
FD_Dimensions
 62
     0
440
 16777216
100
AcDbMText
 10
250.945313
 20
155.32763
 30
0.0
 40
3.5
 41
0.0
 46
0.0
 71
     5
 72
     1
  1
100.5
 73
     1
 44
1.0
  0
POINT
  5
490
330
488
100
AcDbEntity
  8
Defpoints
 62
     0
440
 16777216
100
AcDbPoint
 10
225.820313
 20
172.320313
 30
0.0
  0
POINT
  5
491
330
488
100
AcDbEntity
  8
Defpoints
 62
     0
440
 16777216
100
AcDbPoint
 10
276.070313
 20
177.570313
 30
0.0
  0
POINT
  5
492
330
488
100
AcDbEntity
  8
Defpoints
 62
     0
440
 16777216
100
AcDbPoint
 10
276.070313
 20
152.140625
 30
0.0
  0
ENDBLK
  5
493
330
488
100
AcDbEntity
  8
0
100
AcDbBlockEnd
  0
BLOCK
  5
496
330
495
100
AcDbEntity
  8
0
100
AcDbBlockBegin
  2
*D34
 70
     1
 10
0.0
 20
0.0
 30
0.0
  3
*D34
  1

  0
LINE
  5
497
330
495
100
AcDbEntity
  8
FD_Dimensions
 62
     0
440
 16777216
370
    -2
100
AcDbLine
 10
225.820313
 20
170.220313
 30
0.0
 11
225.820313
 21
159.675
 31
0.0
  0
LINE
  5
498
330
495
100
AcDbEntity
  8
FD_Dimensions
 62
     0
440
 16777216
370
    -2
100
AcDbLine
 10
274.320313
 20
173.620313
 30
0.0
 11
274.320313
 21
159.675
 31
0.0
  0
LINE
  5
499
330
495
100
AcDbEntity
  8
FD_Dimensions
 62
     0
440
 16777216
370
    -2
100
AcDbLine
 10
229.320313
 20
161.775
 30
0.0
 11
270.820313
 21
161.775
 31
0.0
  0
SOLID
  5
49A
330
495
100
AcDbEntity
  8
FD_Dimensions
 62
     0
440
 16777216
100
AcDbTrace
 10
229.320313
 20
162.358333
 30
0.0
 11
229.320313
 21
161.191667
 31
0.0
 12
225.820313
 22
161.775
 32
0.0
 13
225.820313
 23
161.775
 33
0.0
  0
SOLID
  5
49B
330
495
100
AcDbEntity
  8
FD_Dimensions
 62
     0
440
 16777216
100
AcDbTrace
 10
270.820313
 20
162.358333
 30
0.0
 11
270.820313
 21
161.191667
 31
0.0
 12
274.320313
 22
161.775
 32
0.0
 13
274.320313
 23
161.775
 33
0.0
  0
MTEXT
  5
49C
330
495
100
AcDbEntity
  8
FD_Dimensions
 62
     0
440
 16777216
100
AcDbMText
 10
250.070313
 20
164.962005
 30
0.0
 40
3.5
 41
0.0
 46
0.0
 71
     5
 72
     1
  1
97
 73
     1
 44
1.0
  0
POINT
  5
49D
330
495
100
AcDbEntity
  8
Defpoints
 62
     0
440
 16777216
100
AcDbPoint
 10
225.820313
 20
172.320313
 30
0.0
  0
POINT
  5
49E
330
495
100
AcDbEntity
  8
Defpoints
 62
     0
440
 16777216
100
AcDbPoint
 10
274.320313
 20
175.720313
 30
0.0
  0
POINT
  5
49F
330
495
100
AcDbEntity
  8
Defpoints
 62
     0
440
 16777216
100
AcDbPoint
 10
274.320313
 20
161.775
 30
0.0
  0
ENDBLK
  5
4A0
330
495
100
AcDbEntity
  8
0
100
AcDbBlockEnd
  0
BLOCK
  5
4A3
330
4A2
100
AcDbEntity
  8
0
100
AcDbBlockBegin
  2
*D35
 70
     1
 10
0.0
 20
0.0
 30
0.0
  3
*D35
  1

  0
LINE
  5
4A4
330
4A2
100
AcDbEntity
  8
FD_Dimensions
 62
     0
440
 16777216
370
    -2
100
AcDbLine
 10
224.220313
 20
171.820313
 30
0.0
 11
213.729688
 21
171.820313
 31
0.0
  0
LINE
  5
4A5
330
4A2
100
AcDbEntity
  8
FD_Dimensions
 62
     0
440
 16777216
370
    -2
100
AcDbLine
 10
267.870313
 20
218.570313
 30
0.0
 11
213.729688
 21
218.570313
 31
0.0
  0
LINE
  5
4A6
330
4A2
100
AcDbEntity
  8
FD_Dimensions
 62
     0
440
 16777216
370
    -2
100
AcDbLine
 10
215.829688
 20
175.320313
 30
0.0
 11
215.829688
 21
215.070313
 31
0.0
  0
SOLID
  5
4A7
330
4A2
100
AcDbEntity
  8
FD_Dimensions
 62
     0
440
 16777216
100
AcDbTrace
 10
215.246354
 20
175.320313
 30
0.0
 11
216.413021
 21
175.320313
 31
0.0
 12
215.829688
 22
171.820313
 32
0.0
 13
215.829688
 23
171.820313
 33
0.0
  0
SOLID
  5
4A8
330
4A2
100
AcDbEntity
  8
FD_Dimensions
 62
     0
440
 16777216
100
AcDbTrace
 10
215.246354
 20
215.070313
 30
0.0
 11
216.413021
 21
215.070313
 31
0.0
 12
215.829688
 22
218.570313
 32
0.0
 13
215.829688
 23
218.570313
 33
0.0
  0
MTEXT
  5
4A9
330
4A2
100
AcDbEntity
  8
FD_Dimensions
 62
     0
440
 16777216
100
AcDbMText
 10
212.641488
 20
195.195313
 30
0.0
 40
3.5
 41
0.0
 46
0.0
 71
     5
 72
     1
  1
93.5
 11
0.0
 21
1.0
 31
0.0
 73
     1
 44
1.0
  0
POINT
  5
4AA
330
4A2
100
AcDbEntity
  8
Defpoints
 62
     0
440
 16777216
100
AcDbPoint
 10
226.320313
 20
171.820313
 30
0.0
  0
POINT
  5
4AB
330
4A2
100
AcDbEntity
  8
Defpoints
 62
     0
440
 16777216
100
AcDbPoint
 10
269.970313
 20
218.570313
 30
0.0
  0
POINT
  5
4AC
330
4A2
100
AcDbEntity
  8
Defpoints
 62
     0
440
 16777216
100
AcDbPoint
 10
215.829688
 20
218.570313
 30
0.0
  0
ENDBLK
  5
4AD
330
4A2
100
AcDbEntity
  8
0
100
AcDbBlockEnd
  0
BLOCK
  5
4B0
330
4AF
100
AcDbEntity
  8
0
100
AcDbBlockBegin
  2
*D36
 70
     1
 10
0.0
 20
0.0
 30
0.0
  3
*D36
  1

  0
LINE
  5
4B1
330
4AF
100
AcDbEntity
  8
FD_Dimensions
 62
     0
440
 16777216
370
    -2
100
AcDbLine
 10
282.920313
 20
171.820313
 30
0.0
 11
323.6
 21
171.820313
 31
0.0
  0
LINE
  5
4B2
330
4AF
100
AcDbEntity
  8
FD_Dimensions
 62
     0
440
 16777216
370
    -2
100
AcDbLine
 10
298.170313
 20
215.570313
 30
0.0
 11
323.6
 21
215.570313
 31
0.0
  0
LINE
  5
4B3
330
4AF
100
AcDbEntity
  8
FD_Dimensions
 62
     0
440
 16777216
370
    -2
100
AcDbLine
 10
321.5
 20
175.320313
 30
0.0
 11
321.5
 21
212.070313
 31
0.0
  0
SOLID
  5
4B4
330
4AF
100
AcDbEntity
  8
FD_Dimensions
 62
     0
440
 16777216
100
AcDbTrace
 10
320.916667
 20
175.320313
 30
0.0
 11
322.083333
 21
175.320313
 31
0.0
 12
321.5
 22
171.820313
 32
0.0
 13
321.5
 23
171.820313
 33
0.0
  0
SOLID
  5
4B5
330
4AF
100
AcDbEntity
  8
FD_Dimensions
 62
     0
440
 16777216
100
AcDbTrace
 10
320.916667
 20
212.070313
 30
0.0
 11
322.083333
 21
212.070313
 31
0.0
 12
321.5
 22
215.570313
 32
0.0
 13
321.5
 23
215.570313
 33
0.0
  0
MTEXT
  5
4B6
330
4AF
100
AcDbEntity
  8
FD_Dimensions
 62
     0
440
 16777216
100
AcDbMText
 10
318.312995
 20
193.695313
 30
0.0
 40
3.5
 41
0.0
 46
0.0
 71
     5
 72
     1
  1
87.5
 11
0.0
 21
1.0
 31
0.0
 73
     1
 44
1.0
  0
POINT
  5
4B7
330
4AF
100
AcDbEntity
  8
Defpoints
 62
     0
440
 16777216
100
AcDbPoint
 10
280.820313
 20
171.820313
 30
0.0
  0
POINT
  5
4B8
330
4AF
100
AcDbEntity
  8
Defpoints
 62
     0
440
 16777216
100
AcDbPoint
 10
296.070313
 20
215.570313
 30
0.0
  0
POINT
  5
4B9
330
4AF
100
AcDbEntity
  8
Defpoints
 62
     0
440
 16777216
100
AcDbPoint
 10
321.5
 20
215.570313
 30
0.0
  0
ENDBLK
  5
4BA
330
4AF
100
AcDbEntity
  8
0
100
AcDbBlockEnd
  0
BLOCK
  5
4BD
330
4BC
100
AcDbEntity
  8
0
100
AcDbBlockBegin
  2
*D37
 70
     1
 10
0.0
 20
0.0
 30
0.0
  3
*D37
  1

  0
LINE
  5
4BE
330
4BC
100
AcDbEntity
  8
FD_Dimensions
 62
     0
440
 16777216
370
    -2
100
AcDbLine
 10
282.920313
 20
171.820313
 30
0.0
 11
312.935938
 21
171.820313
 31
0.0
  0
LINE
  5
4BF
330
4BC
100
AcDbEntity
  8
FD_Dimensions
 62
     0
440
 16777216
370
    -2
100
AcDbLine
 10
298.170313
 20
177.070313
 30
0.0
 11
312.935938
 21
177.070313
 31
0.0
  0
LINE
  5
4C0
330
4BC
100
AcDbEntity
  8
FD_Dimensions
 62
     0
440
 16777216
370
    -2
100
AcDbLine
 10
310.835938
 20
168.320313
 30
0.0
 11
310.835938
 21
164.820313
 31
0.0
  0
LINE
  5
4C1
330
4BC
100
AcDbEntity
  8
FD_Dimensions
 62
     0
440
 16777216
370
    -2
100
AcDbLine
 10
310.835938
 20
180.570313
 30
0.0
 11
310.835938
 21
195.658512
 31
0.0
  0
LINE
  5
4C2
330
4BC
100
AcDbEntity
  8
FD_Dimensions
 62
     0
440
 16777216
370
    -2
100
AcDbLine
 10
310.835938
 20
171.820313
 30
0.0
 11
310.835938
 21
177.070313
 31
0.0
  0
SOLID
  5
4C3
330
4BC
100
AcDbEntity
  8
FD_Dimensions
 62
     0
440
 16777216
100
AcDbTrace
 10
310.252604
 20
168.320313
 30
0.0
 11
311.419271
 21
168.320313
 31
0.0
 12
310.835938
 22
171.820313
 32
0.0
 13
310.835938
 23
171.820313
 33
0.0
  0
SOLID
  5
4C4
330
4BC
100
AcDbEntity
  8
FD_Dimensions
 62
     0
440
 16777216
100
AcDbTrace
 10
310.252604
 20
180.570313
 30
0.0
 11
311.419271
 21
180.570313
 31
0.0
 12
310.835938
 22
177.070313
 32
0.0
 13
310.835938
 23
177.070313
 33
0.0
  0
MTEXT
  5
4C5
330
4BC
100
AcDbEntity
  8
FD_Dimensions
 62
     0
440
 16777216
100
AcDbMText
 10
307.648932
 20
189.864412
 30
0.0
 40
3.5
 41
0.0
 46
0.0
 71
     5
 72
     1
  1
10.5
 11
0.0
 21
1.0
 31
0.0
 73
     1
 44
1.0
  0
POINT
  5
4C6
330
4BC
100
AcDbEntity
  8
Defpoints
 62
     0
440
 16777216
100
AcDbPoint
 10
280.820313
 20
171.820313
 30
0.0
  0
POINT
  5
4C7
330
4BC
100
AcDbEntity
  8
Defpoints
 62
     0
440
 16777216
100
AcDbPoint
 10
296.070313
 20
177.070313
 30
0.0
  0
POINT
  5
4C8
330
4BC
100
AcDbEntity
  8
Defpoints
 62
     0
440
 16777216
100
AcDbPoint
 10
310.835938
 20
177.070313
 30
0.0
  0
ENDBLK
  5
4C9
330
4BC
100
AcDbEntity
  8
0
100
AcDbBlockEnd
  0
BLOCK
  5
4CC
330
4CB
100
AcDbEntity
  8
0
100
AcDbBlockBegin
  2
*D38
 70
     1
 10
0.0
 20
0.0
 30
0.0
  3
*D38
  1

  0
LINE
  5
4CD
330
4CB
100
AcDbEntity
  8
FD_Dimensions
 62
     0
440
 16777216
370
    -2
100
AcDbLine
 10
145.63125
 20
171.820313
 30
0.0
 11
156.114062
 21
171.820313
 31
0.0
  0
LINE
  5
4CE
330
4CB
100
AcDbEntity
  8
FD_Dimensions
 62
     0
440
 16777216
370
    -2
100
AcDbLine
 10
122.48125
 20
204.320313
 30
0.0
 11
156.114062
 21
204.320313
 31
0.0
  0
LINE
  5
4CF
330
4CB
100
AcDbEntity
  8
FD_Dimensions
 62
     0
440
 16777216
370
    -2
100
AcDbLine
 10
154.014062
 20
175.320313
 30
0.0
 11
154.014062
 21
200.820313
 31
0.0
  0
SOLID
  5
4D0
330
4CB
100
AcDbEntity
  8
FD_Dimensions
 62
     0
440
 16777216
100
AcDbTrace
 10
153.430729
 20
175.320313
 30
0.0
 11
154.597396
 21
175.320313
 31
0.0
 12
154.014062
 22
171.820313
 32
0.0
 13
154.014062
 23
171.820313
 33
0.0
  0
SOLID
  5
4D1
330
4CB
100
AcDbEntity
  8
FD_Dimensions
 62
     0
440
 16777216
100
AcDbTrace
 10
153.430729
 20
200.820313
 30
0.0
 11
154.597396
 21
200.820313
 31
0.0
 12
154.014062
 22
204.320313
 32
0.0
 13
154.014062
 23
204.320313
 33
0.0
  0
MTEXT
  5
4D2
330
4CB
100
AcDbEntity
  8
FD_Dimensions
 62
     0
440
 16777216
100
AcDbMText
 10
150.827057
 20
188.070313
 30
0.0
 40
3.5
 41
0.0
 46
0.0
 71
     5
 72
     1
  1
65
 11
0.0
 21
1.0
 31
0.0
 73
     1
 44
1.0
  0
POINT
  5
4D3
330
4CB
100
AcDbEntity
  8
Defpoints
 62
     0
440
 16777216
100
AcDbPoint
 10
143.53125
 20
171.820313
 30
0.0
  0
POINT
  5
4D4
330
4CB
100
AcDbEntity
  8
Defpoints
 62
     0
440
 16777216
100
AcDbPoint
 10
120.38125
 20
204.320313
 30
0.0
  0
POINT
  5
4D5
330
4CB
100
AcDbEntity
  8
Defpoints
 62
     0
440
 16777216
100
AcDbPoint
 10
154.014062
 20
204.320313
 30
0.0
  0
ENDBLK
  5
4D6
330
4CB
100
AcDbEntity
  8
0
100
AcDbBlockEnd
  0
BLOCK
  5
4D9
330
4D8
100
AcDbEntity
  8
0
100
AcDbBlockBegin
  2
*D39
 70
     1
 10
0.0
 20
0.0
 30
0.0
  3
*D39
  1

  0
LINE
  5
4DA
330
4D8
100
AcDbEntity
  8
FD_Dimensions
 62
     0
440
 16777216
370
    -2
100
AcDbLine
 10
225.820313
 20
106.701563
 30
0.0
 11
225.820313
 21
116.701563
 31
0.0
  0
LINE
  5
4DB
330
4D8
100
AcDbEntity
  8
FD_Dimensions
 62
     0
440
 16777216
370
    -2
100
AcDbLine
 10
253.820313
 20
103.576563
 30
0.0
 11
253.820313
 21
116.701563
 31
0.0
  0
LINE
  5
4DC
330
4D8
100
AcDbEntity
  8
FD_Dimensions
 62
     0
440
 16777216
370
    -2
100
AcDbLine
 10
229.320313
 20
114.601563
 30
0.0
 11
250.320313
 21
114.601563
 31
0.0
  0
SOLID
  5
4DD
330
4D8
100
AcDbEntity
  8
FD_Dimensions
 62
     0
440
 16777216
100
AcDbTrace
 10
229.320313
 20
115.184896
 30
0.0
 11
229.320313
 21
114.018229
 31
0.0
 12
225.820313
 22
114.601563
 32
0.0
 13
225.820313
 23
114.601563
 33
0.0
  0
SOLID
  5
4DE
330
4D8
100
AcDbEntity
  8
FD_Dimensions
 62
     0
440
 16777216
100
AcDbTrace
 10
250.320313
 20
115.184896
 30
0.0
 11
250.320313
 21
114.018229
 31
0.0
 12
253.820313
 22
114.601563
 32
0.0
 13
253.820313
 23
114.601563
 33
0.0
  0
MTEXT
  5
4DF
330
4D8
100
AcDbEntity
  8
FD_Dimensions
 62
     0
440
 16777216
100
AcDbMText
 10
239.820313
 20
117.788568
 30
0.0
 40
3.5
 41
0.0
 46
0.0
 71
     5
 72
     1
  1
56
 73
     1
 44
1.0
  0
POINT
  5
4E0
330
4D8
100
AcDbEntity
  8
Defpoints
 62
     0
440
 16777216
100
AcDbPoint
 10
225.820313
 20
104.601563
 30
0.0
  0
POINT
  5
4E1
330
4D8
100
AcDbEntity
  8
Defpoints
 62
     0
440
 16777216
100
AcDbPoint
 10
253.820313
 20
101.476563
 30
0.0
  0
POINT
  5
4E2
330
4D8
100
AcDbEntity
  8
Defpoints
 62
     0
440
 16777216
100
AcDbPoint
 10
253.820313
 20
114.601563
 30
0.0
  0
ENDBLK
  5
4E3
330
4D8
100
AcDbEntity
  8
0
100
AcDbBlockEnd
  0
BLOCK
  5
4E6
330
4E5
100
AcDbEntity
  8
0
100
AcDbBlockBegin
  2
*D40
 70
     1
 10
0.0
 20
0.0
 30
0.0
  3
*D40
  1

  0
LINE
  5
4E7
330
4E5
100
AcDbEntity
  8
FD_Dimensions
 62
     0
440
 16777216
370
    -2
100
AcDbLine
 10
124.43125
 20
171.820313
 30
0.0
 11
86.289062
 21
171.820313
 31
0.0
  0
LINE
  5
4E8
330
4E5
100
AcDbEntity
  8
FD_Dimensions
 62
     0
440
 16777216
370
    -2
100
AcDbLine
 10
118.28125
 20
198.820313
 30
0.0
 11
86.289062
 21
198.820313
 31
0.0
  0
LINE
  5
4E9
330
4E5
100
AcDbEntity
  8
FD_Dimensions
 62
     0
440
 16777216
370
    -2
100
AcDbLine
 10
88.389062
 20
175.320313
 30
0.0
 11
88.389062
 21
195.320313
 31
0.0
  0
SOLID
  5
4EA
330
4E5
100
AcDbEntity
  8
FD_Dimensions
 62
     0
440
 16777216
100
AcDbTrace
 10
87.805729
 20
175.320313
 30
0.0
 11
88.972396
 21
175.320313
 31
0.0
 12
88.389062
 22
171.820313
 32
0.0
 13
88.389062
 23
171.820313
 33
0.0
  0
SOLID
  5
4EB
330
4E5
100
AcDbEntity
  8
FD_Dimensions
 62
     0
440
 16777216
100
AcDbTrace
 10
87.805729
 20
195.320313
 30
0.0
 11
88.972396
 21
195.320313
 31
0.0
 12
88.389062
 22
198.820313
 32
0.0
 13
88.389062
 23
198.820313
 33
0.0
  0
MTEXT
  5
4EC
330
4E5
100
AcDbEntity
  8
FD_Dimensions
 62
     0
440
 16777216
100
AcDbMText
 10
85.209219
 20
185.320313
 30
0.0
 40
3.5
 41
0.0
 46
0.0
 71
     5
 72
     1
  1
54
 11
0.0
 21
1.0
 31
0.0
 73
     1
 44
1.0
  0
POINT
  5
4ED
330
4E5
100
AcDbEntity
  8
Defpoints
 62
     0
440
 16777216
100
AcDbPoint
 10
126.53125
 20
171.820313
 30
0.0
  0
POINT
  5
4EE
330
4E5
100
AcDbEntity
  8
Defpoints
 62
     0
440
 16777216
100
AcDbPoint
 10
120.38125
 20
198.820313
 30
0.0
  0
POINT
  5
4EF
330
4E5
100
AcDbEntity
  8
Defpoints
 62
     0
440
 16777216
100
AcDbPoint
 10
88.389062
 20
198.820313
 30
0.0
  0
ENDBLK
  5
4F0
330
4E5
100
AcDbEntity
  8
0
100
AcDbBlockEnd
  0
BLOCK
  5
4F3
330
4F2
100
AcDbEntity
  8
0
100
AcDbBlockBegin
  2
*D41
 70
     1
 10
0.0
 20
0.0
 30
0.0
  3
*D41
  1

  0
LINE
  5
4F4
330
4F2
100
AcDbEntity
  8
FD_Dimensions
 62
     0
440
 16777216
370
    -2
100
AcDbLine
 10
124.43125
 20
171.820313
 30
0.0
 11
101.415625
 21
171.820313
 31
0.0
  0
LINE
  5
4F5
330
4F2
100
AcDbEntity
  8
FD_Dimensions
 62
     0
440
 16777216
370
    -2
100
AcDbLine
 10
116.18125
 20
196.070313
 30
0.0
 11
101.415625
 21
196.070313
 31
0.0
  0
LINE
  5
4F6
330
4F2
100
AcDbEntity
  8
FD_Dimensions
 62
     0
440
 16777216
370
    -2
100
AcDbLine
 10
103.515625
 20
175.320313
 30
0.0
 11
103.515625
 21
192.570313
 31
0.0
  0
SOLID
  5
4F7
330
4F2
100
AcDbEntity
  8
FD_Dimensions
 62
     0
440
 16777216
100
AcDbTrace
 10
102.932292
 20
175.320313
 30
0.0
 11
104.098958
 21
175.320313
 31
0.0
 12
103.515625
 22
171.820313
 32
0.0
 13
103.515625
 23
171.820313
 33
0.0
  0
SOLID
  5
4F8
330
4F2
100
AcDbEntity
  8
FD_Dimensions
 62
     0
440
 16777216
100
AcDbTrace
 10
102.932292
 20
192.570313
 30
0.0
 11
104.098958
 21
192.570313
 31
0.0
 12
103.515625
 22
196.070313
 32
0.0
 13
103.515625
 23
196.070313
 33
0.0
  0
MTEXT
  5
4F9
330
4F2
100
AcDbEntity
  8
FD_Dimensions
 62
     0
440
 16777216
100
AcDbMText
 10
100.32862
 20
183.945313
 30
0.0
 40
3.5
 41
0.0
 46
0.0
 71
     5
 72
     1
  1
48.5
 11
0.0
 21
1.0
 31
0.0
 73
     1
 44
1.0
  0
POINT
  5
4FA
330
4F2
100
AcDbEntity
  8
Defpoints
 62
     0
440
 16777216
100
AcDbPoint
 10
126.53125
 20
171.820313
 30
0.0
  0
POINT
  5
4FB
330
4F2
100
AcDbEntity
  8
Defpoints
 62
     0
440
 16777216
100
AcDbPoint
 10
118.28125
 20
196.070313
 30
0.0
  0
POINT
  5
4FC
330
4F2
100
AcDbEntity
  8
Defpoints
 62
     0
440
 16777216
100
AcDbPoint
 10
103.515625
 20
196.070313
 30
0.0
  0
ENDBLK
  5
4FD
330
4F2
100
AcDbEntity
  8
0
100
AcDbBlockEnd
  0
BLOCK
  5
500
330
4FF
100
AcDbEntity
  8
0
100
AcDbBlockBegin
  2
*D42
 70
     1
 10
0.0
 20
0.0
 30
0.0
  3
*D42
  1

  0
LINE
  5
501
330
4FF
100
AcDbEntity
  8
FD_Dimensions
 62
     0
440
 16777216
370
    -2
100
AcDbLine
 10
223.970313
 20
74.851563
 30
0.0
 11
184.040625
 21
74.851563
 31
0.0
  0
LINE
  5
502
330
4FF
100
AcDbEntity
  8
FD_Dimensions
 62
     0
440
 16777216
370
    -2
100
AcDbLine
 10
222.595313
 20
97.351563
 30
0.0
 11
184.040625
 21
97.351563
 31
0.0
  0
LINE
  5
503
330
4FF
100
AcDbEntity
  8
FD_Dimensions
 62
     0
440
 16777216
370
    -2
100
AcDbLine
 10
186.140625
 20
78.351563
 30
0.0
 11
186.140625
 21
93.851563
 31
0.0
  0
SOLID
  5
504
330
4FF
100
AcDbEntity
  8
FD_Dimensions
 62
     0
440
 16777216
100
AcDbTrace
 10
185.557292
 20
78.351563
 30
0.0
 11
186.723958
 21
78.351563
 31
0.0
 12
186.140625
 22
74.851563
 32
0.0
 13
186.140625
 23
74.851563
 33
0.0
  0
SOLID
  5
505
330
4FF
100
AcDbEntity
  8
FD_Dimensions
 62
     0
440
 16777216
100
AcDbTrace
 10
185.557292
 20
93.851563
 30
0.0
 11
186.723958
 21
93.851563
 31
0.0
 12
186.140625
 22
97.351563
 32
0.0
 13
186.140625
 23
97.351563
 33
0.0
  0
MTEXT
  5
506
330
4FF
100
AcDbEntity
  8
FD_Dimensions
 62
     0
440
 16777216
100
AcDbMText
 10
182.960782
 20
86.101563
 30
0.0
 40
3.5
 41
0.0
 46
0.0
 71
     5
 72
     1
  1
45
 11
0.0
 21
1.0
 31
0.0
 73
     1
 44
1.0
  0
POINT
  5
507
330
4FF
100
AcDbEntity
  8
Defpoints
 62
     0
440
 16777216
100
AcDbPoint
 10
226.070313
 20
74.851563
 30
0.0
  0
POINT
  5
508
330
4FF
100
AcDbEntity
  8
Defpoints
 62
     0
440
 16777216
100
AcDbPoint
 10
224.695313
 20
97.351563
 30
0.0
  0
POINT
  5
509
330
4FF
100
AcDbEntity
  8
Defpoints
 62
     0
440
 16777216
100
AcDbPoint
 10
186.140625
 20
97.351563
 30
0.0
  0
ENDBLK
  5
50A
330
4FF
100
AcDbEntity
  8
0
100
AcDbBlockEnd
  0
BLOCK
  5
50D
330
50C
100
AcDbEntity
  8
0
100
AcDbBlockBegin
  2
*D43
 70
     1
 10
0.0
 20
0.0
 30
0.0
  3
*D43
  1

  0
LINE
  5
50E
330
50C
100
AcDbEntity
  8
FD_Dimensions
 62
     0
440
 16777216
370
    -2
100
AcDbLine
 10
223.970313
 20
74.851563
 30
0.0
 11
198.80625
 21
74.851563
 31
0.0
  0
LINE
  5
50F
330
50C
100
AcDbEntity
  8
FD_Dimensions
 62
     0
440
 16777216
370
    -2
100
AcDbLine
 10
222.595313
 20
92.351563
 30
0.0
 11
198.80625
 21
92.351563
 31
0.0
  0
LINE
  5
510
330
50C
100
AcDbEntity
  8
FD_Dimensions
 62
     0
440
 16777216
370
    -2
100
AcDbLine
 10
200.90625
 20
78.351563
 30
0.0
 11
200.90625
 21
88.851563
 31
0.0
  0
SOLID
  5
511
330
50C
100
AcDbEntity
  8
FD_Dimensions
 62
     0
440
 16777216
100
AcDbTrace
 10
200.322917
 20
78.351563
 30
0.0
 11
201.489583
 21
78.351563
 31
0.0
 12
200.90625
 22
74.851563
 32
0.0
 13
200.90625
 23
74.851563
 33
0.0
  0
SOLID
  5
512
330
50C
100
AcDbEntity
  8
FD_Dimensions
 62
     0
440
 16777216
100
AcDbTrace
 10
200.322917
 20
88.851563
 30
0.0
 11
201.489583
 21
88.851563
 31
0.0
 12
200.90625
 22
92.351563
 32
0.0
 13
200.90625
 23
92.351563
 33
0.0
  0
MTEXT
  5
513
330
50C
100
AcDbEntity
  8
FD_Dimensions
 62
     0
440
 16777216
100
AcDbMText
 10
197.718051
 20
83.601563
 30
0.0
 40
3.5
 41
0.0
 46
0.0
 71
     5
 72
     1
  1
35
 11
0.0
 21
1.0
 31
0.0
 73
     1
 44
1.0
  0
POINT
  5
514
330
50C
100
AcDbEntity
  8
Defpoints
 62
     0
440
 16777216
100
AcDbPoint
 10
226.070313
 20
74.851563
 30
0.0
  0
POINT
  5
515
330
50C
100
AcDbEntity
  8
Defpoints
 62
     0
440
 16777216
100
AcDbPoint
 10
224.695313
 20
92.351563
 30
0.0
  0
POINT
  5
516
330
50C
100
AcDbEntity
  8
Defpoints
 62
     0
440
 16777216
100
AcDbPoint
 10
200.90625
 20
92.351563
 30
0.0
  0
ENDBLK
  5
517
330
50C
100
AcDbEntity
  8
0
100
AcDbBlockEnd
  0
BLOCK
  5
51A
330
519
100
AcDbEntity
  8
0
100
AcDbBlockBegin
  2
*D44
 70
     1
 10
0.0
 20
0.0
 30
0.0
  3
*D44
  1

  0
LINE
  5
51B
330
519
100
AcDbEntity
  8
FD_Dimensions
 62
     0
440
 16777216
370
    -2
100
AcDbLine
 10
223.970313
 20
74.851563
 30
0.0
 11
213.954688
 21
74.851563
 31
0.0
  0
LINE
  5
51C
330
519
100
AcDbEntity
  8
FD_Dimensions
 62
     0
440
 16777216
370
    -2
100
AcDbLine
 10
228.720313
 20
89.601563
 30
0.0
 11
213.954688
 21
89.601563
 31
0.0
  0
LINE
  5
51D
330
519
100
AcDbEntity
  8
FD_Dimensions
 62
     0
440
 16777216
370
    -2
100
AcDbLine
 10
216.054688
 20
78.351563
 30
0.0
 11
216.054688
 21
86.101563
 31
0.0
  0
SOLID
  5
51E
330
519
100
AcDbEntity
  8
FD_Dimensions
 62
     0
440
 16777216
100
AcDbTrace
 10
215.471354
 20
78.351563
 30
0.0
 11
216.638021
 21
78.351563
 31
0.0
 12
216.054688
 22
74.851563
 32
0.0
 13
216.054688
 23
74.851563
 33
0.0
  0
SOLID
  5
51F
330
519
100
AcDbEntity
  8
FD_Dimensions
 62
     0
440
 16777216
100
AcDbTrace
 10
215.471354
 20
86.101563
 30
0.0
 11
216.638021
 21
86.101563
 31
0.0
 12
216.054688
 22
89.601563
 32
0.0
 13
216.054688
 23
89.601563
 33
0.0
  0
MTEXT
  5
520
330
519
100
AcDbEntity
  8
FD_Dimensions
 62
     0
440
 16777216
100
AcDbMText
 10
212.867682
 20
82.226563
 30
0.0
 40
3.5
 41
0.0
 46
0.0
 71
     5
 72
     1
  1
29.5
 11
0.0
 21
1.0
 31
0.0
 73
     1
 44
1.0
  0
POINT
  5
521
330
519
100
AcDbEntity
  8
Defpoints
 62
     0
440
 16777216
100
AcDbPoint
 10
226.070313
 20
74.851563
 30
0.0
  0
POINT
  5
522
330
519
100
AcDbEntity
  8
Defpoints
 62
     0
440
 16777216
100
AcDbPoint
 10
230.820313
 20
89.601563
 30
0.0
  0
POINT
  5
523
330
519
100
AcDbEntity
  8
Defpoints
 62
     0
440
 16777216
100
AcDbPoint
 10
216.054688
 20
89.601563
 30
0.0
  0
ENDBLK
  5
524
330
519
100
AcDbEntity
  8
0
100
AcDbBlockEnd
  0
BLOCK
  5
527
330
526
100
AcDbEntity
  8
0
100
AcDbBlockBegin
  2
*D45
 70
     1
 10
0.0
 20
0.0
 30
0.0
  3
*D45
  1

  0
LINE
  5
528
330
526
100
AcDbEntity
  8
FD_Dimensions
 62
     0
440
 16777216
370
    -2
100
AcDbLine
 10
225.820313
 20
73.001563
 30
0.0
 11
225.820313
 21
62.071875
 31
0.0
  0
LINE
  5
529
330
526
100
AcDbEntity
  8
FD_Dimensions
 62
     0
440
 16777216
370
    -2
100
AcDbLine
 10
230.820313
 20
87.501563
 30
0.0
 11
230.820313
 21
62.071875
 31
0.0
  0
LINE
  5
52A
330
526
100
AcDbEntity
  8
FD_Dimensions
 62
     0
440
 16777216
370
    -2
100
AcDbLine
 10
222.320313
 20
64.171875
 30
0.0
 11
218.820313
 21
64.171875
 31
0.0
  0
LINE
  5
52B
330
526
100
AcDbEntity
  8
FD_Dimensions
 62
     0
440
 16777216
370
    -2
100
AcDbLine
 10
234.320313
 20
64.171875
 30
0.0
 11
245.29255
 21
64.171875
 31
0.0
  0
LINE
  5
52C
330
526
100
AcDbEntity
  8
FD_Dimensions
 62
     0
440
 16777216
370
    -2
100
AcDbLine
 10
225.820313
 20
64.171875
 30
0.0
 11
230.820313
 21
64.171875
 31
0.0
  0
SOLID
  5
52D
330
526
100
AcDbEntity
  8
FD_Dimensions
 62
     0
440
 16777216
100
AcDbTrace
 10
222.320313
 20
64.755208
 30
0.0
 11
222.320313
 21
63.588542
 31
0.0
 12
225.820313
 22
64.171875
 32
0.0
 13
225.820313
 23
64.171875
 33
0.0
  0
SOLID
  5
52E
330
526
100
AcDbEntity
  8
FD_Dimensions
 62
     0
440
 16777216
100
AcDbTrace
 10
234.320313
 20
64.755208
 30
0.0
 11
234.320313
 21
63.588542
 31
0.0
 12
230.820313
 22
64.171875
 32
0.0
 13
230.820313
 23
64.171875
 33
0.0
  0
MTEXT
  5
52F
330
526
100
AcDbEntity
  8
FD_Dimensions
 62
     0
440
 16777216
100
AcDbMText
 10
241.556431
 20
67.35888
 30
0.0
 40
3.5
 41
0.0
 46
0.0
 71
     5
 72
     1
  1
10
 73
     1
 44
1.0
  0
POINT
  5
530
330
526
100
AcDbEntity
  8
Defpoints
 62
     0
440
 16777216
100
AcDbPoint
 10
225.820313
 20
75.101563
 30
0.0
  0
POINT
  5
531
330
526
100
AcDbEntity
  8
Defpoints
 62
     0
440
 16777216
100
AcDbPoint
 10
230.820313
 20
89.601563
 30
0.0
  0
POINT
  5
532
330
526
100
AcDbEntity
  8
Defpoints
 62
     0
440
 16777216
100
AcDbPoint
 10
230.820313
 20
64.171875
 30
0.0
  0
ENDBLK
  5
533
330
526
100
AcDbEntity
  8
0
100
AcDbBlockEnd
  0
BLOCK
  5
536
330
535
100
AcDbEntity
  8
0
100
AcDbBlockBegin
  2
*D46
 70
     1
 10
0.0
 20
0.0
 30
0.0
  3
*D46
  1

  0
LINE
  5
BAE
330
535
100
AcDbEntity
  8
FD_Dimensions
 62
     0
440
 16777216
370
    -2
100
AcDbLine
 10
225.820313
 20
172.220313
 30
0.0
 11
225.820313
 21
130.384375
 31
0.0
  0
LINE
  5
BAF
330
535
100
AcDbEntity
  8
FD_Dimensions
 62
     0
440
 16777216
370
    -2
100
AcDbLine
 10
300.820313
 20
172.220313
 30
0.0
 11
300.820313
 21
130.384375
 31
0.0
  0
LINE
  5
BB0
330
535
100
AcDbEntity
  8
FD_Dimensions
 62
     0
440
 16777216
370
    -2
100
AcDbLine
 10
229.320313
 20
132.484375
 30
0.0
 11
297.320313
 21
132.484375
 31
0.0
  0
SOLID
  5
BB1
330
535
100
AcDbEntity
  8
FD_Dimensions
 62
     0
440
 16777216
100
AcDbTrace
 10
229.320313
 20
133.067708
 30
0.0
 11
229.320313
 21
131.901042
 31
0.0
 12
225.820313
 22
132.484375
 32
0.0
 13
225.820313
 23
132.484375
 33
0.0
  0
SOLID
  5
BB2
330
535
100
AcDbEntity
  8
FD_Dimensions
 62
     0
440
 16777216
100
AcDbTrace
 10
297.320313
 20
133.067708
 30
0.0
 11
297.320313
 21
131.901042
 31
0.0
 12
300.820313
 22
132.484375
 32
0.0
 13
300.820313
 23
132.484375
 33
0.0
  0
MTEXT
  5
BB3
330
535
100
AcDbEntity
  8
FD_Dimensions
 62
     0
440
 16777216
100
AcDbMText
 10
263.320313
 20
135.67138
 30
0.0
 40
3.5
 41
0.0
 46
0.0
 71
     5
 72
     1
  1
150
 73
     1
 44
1.0
  0
POINT
  5
BB4
330
535
100
AcDbEntity
  8
Defpoints
 62
     0
440
 16777216
100
AcDbPoint
 10
225.820313
 20
174.320313
 30
0.0
  0
POINT
  5
BB5
330
535
100
AcDbEntity
  8
Defpoints
 62
     0
440
 16777216
100
AcDbPoint
 10
300.820313
 20
174.320313
 30
0.0
  0
POINT
  5
BB6
330
535
100
AcDbEntity
  8
Defpoints
 62
     0
440
 16777216
100
AcDbPoint
 10
300.820313
 20
132.484375
 30
0.0
  0
ENDBLK
  5
537
330
535
100
AcDbEntity
  8
0
100
AcDbBlockEnd
  0
BLOCK
  5
542
330
541
100
AcDbEntity
  8
0
100
AcDbBlockBegin
  2
*D47
 70
     1
 10
0.0
 20
0.0
 30
0.0
  3
*D47
  1

  0
LINE
  5
BB7
330
541
100
AcDbEntity
  8
FD_Dimensions
 62
     0
440
 16777216
370
    -2
100
AcDbLine
 10
224.220313
 20
171.820313
 30
0.0
 11
198.790625
 21
171.820313
 31
0.0
  0
LINE
  5
BB8
330
541
100
AcDbEntity
  8
FD_Dimensions
 62
     0
440
 16777216
370
    -2
100
AcDbLine
 10
224.220313
 20
231.820313
 30
0.0
 11
198.790625
 21
231.820313
 31
0.0
  0
LINE
  5
BB9
330
541
100
AcDbEntity
  8
FD_Dimensions
 62
     0
440
 16777216
370
    -2
100
AcDbLine
 10
200.890625
 20
175.320313
 30
0.0
 11
200.890625
 21
228.320313
 31
0.0
  0
SOLID
  5
BBA
330
541
100
AcDbEntity
  8
FD_Dimensions
 62
     0
440
 16777216
100
AcDbTrace
 10
200.307292
 20
175.320313
 30
0.0
 11
201.473958
 21
175.320313
 31
0.0
 12
200.890625
 22
171.820313
 32
0.0
 13
200.890625
 23
171.820313
 33
0.0
  0
SOLID
  5
BBB
330
541
100
AcDbEntity
  8
FD_Dimensions
 62
     0
440
 16777216
100
AcDbTrace
 10
200.307292
 20
228.320313
 30
0.0
 11
201.473958
 21
228.320313
 31
0.0
 12
200.890625
 22
231.820313
 32
0.0
 13
200.890625
 23
231.820313
 33
0.0
  0
MTEXT
  5
BBC
330
541
100
AcDbEntity
  8
FD_Dimensions
 62
     0
440
 16777216
100
AcDbMText
 10
197.70362
 20
201.820313
 30
0.0
 40
3.5
 41
0.0
 46
0.0
 71
     5
 72
     1
  1
120
 11
0.0
 21
1.0
 31
0.0
 73
     1
 44
1.0
  0
POINT
  5
BBD
330
541
100
AcDbEntity
  8
Defpoints
 62
     0
440
 16777216
100
AcDbPoint
 10
226.320313
 20
171.820313
 30
0.0
  0
POINT
  5
BBE
330
541
100
AcDbEntity
  8
Defpoints
 62
     0
440
 16777216
100
AcDbPoint
 10
226.320313
 20
231.820313
 30
0.0
  0
POINT
  5
BBF
330
541
100
AcDbEntity
  8
Defpoints
 62
     0
440
 16777216
100
AcDbPoint
 10
200.890625
 20
231.820313
 30
0.0
  0
ENDBLK
  5
543
330
541
100
AcDbEntity
  8
0
100
AcDbBlockEnd
  0
BLOCK
  5
54E
330
54D
100
AcDbEntity
  8
0
100
AcDbBlockBegin
  2
*D48
 70
     1
 10
0.0
 20
0.0
 30
0.0
  3
*D48
  1

  0
LINE
  5
BC0
330
54D
100
AcDbEntity
  8
FD_Dimensions
 62
     0
440
 16777216
370
    -2
100
AcDbLine
 10
223.970313
 20
74.851563
 30
0.0
 11
169.829688
 21
74.851563
 31
0.0
  0
LINE
  5
BC1
330
54D
100
AcDbEntity
  8
FD_Dimensions
 62
     0
440
 16777216
370
    -2
100
AcDbLine
 10
223.970313
 20
104.851563
 30
0.0
 11
169.829688
 21
104.851563
 31
0.0
  0
LINE
  5
BC2
330
54D
100
AcDbEntity
  8
FD_Dimensions
 62
     0
440
 16777216
370
    -2
100
AcDbLine
 10
171.929688
 20
78.351563
 30
0.0
 11
171.929688
 21
101.351563
 31
0.0
  0
SOLID
  5
BC3
330
54D
100
AcDbEntity
  8
FD_Dimensions
 62
     0
440
 16777216
100
AcDbTrace
 10
171.346354
 20
78.351563
 30
0.0
 11
172.513021
 21
78.351563
 31
0.0
 12
171.929688
 22
74.851563
 32
0.0
 13
171.929688
 23
74.851563
 33
0.0
  0
SOLID
  5
BC4
330
54D
100
AcDbEntity
  8
FD_Dimensions
 62
     0
440
 16777216
100
AcDbTrace
 10
171.346354
 20
101.351563
 30
0.0
 11
172.513021
 21
101.351563
 31
0.0
 12
171.929688
 22
104.851563
 32
0.0
 13
171.929688
 23
104.851563
 33
0.0
  0
MTEXT
  5
BC5
330
54D
100
AcDbEntity
  8
FD_Dimensions
 62
     0
440
 16777216
100
AcDbMText
 10
168.742682
 20
89.851563
 30
0.0
 40
3.5
 41
0.0
 46
0.0
 71
     5
 72
     1
  1
60
 11
0.0
 21
1.0
 31
0.0
 73
     1
 44
1.0
  0
POINT
  5
BC6
330
54D
100
AcDbEntity
  8
Defpoints
 62
     0
440
 16777216
100
AcDbPoint
 10
226.070313
 20
74.851563
 30
0.0
  0
POINT
  5
BC7
330
54D
100
AcDbEntity
  8
Defpoints
 62
     0
440
 16777216
100
AcDbPoint
 10
226.070313
 20
104.851563
 30
0.0
  0
POINT
  5
BC8
330
54D
100
AcDbEntity
  8
Defpoints
 62
     0
440
 16777216
100
AcDbPoint
 10
171.929688
 20
104.851563
 30
0.0
  0
ENDBLK
  5
54F
330
54D
100
AcDbEntity
  8
0
100
AcDbBlockEnd
  0
BLOCK
  5
55A
330
559
100
AcDbEntity
  8
0
100
AcDbBlockBegin
  2
*D49
 70
     1
 10
0.0
 20
0.0
 30
0.0
  3
*D49
  1

  0
LINE
  5
BC9
330
559
100
AcDbEntity
  8
FD_Dimensions
 62
     0
440
 16777216
370
    -2
100
AcDbLine
 10
317.468571
 20
234.595068
 30
0.0
 11
302.09012
 21
225.740808
 31
0.0
  0
LINE
  5
BCA
330
559
100
AcDbEntity
  8
FD_Dimensions
 62
     0
440
 16777216
370
    -2
100
AcDbLine
 10
294.550505
 20
221.399817
 30
0.0
 11
291.517326
 21
219.653442
 31
0.0
  0
MTEXT
  5
BCB
330
559
100
AcDbEntity
  8
FD_Dimensions
 62
     0
440
 16777216
100
AcDbMText
 10
310.211319
 20
234.207102
 30
0.0
 40
3.5
 41
0.0
 46
0.0
 71
     5
 72
     1
  1
∅3.4
 11
0.866622
 21
0.498964
 31
0.0
 73
     1
 44
1.0
  0
LINE
  5
BCC
330
559
100
AcDbEntity
  8
FD_Dimensions
 62
     0
440
 16777216
370
    -2
100
AcDbLine
 10
297.583683
 20
223.146193
 30
0.0
 11
299.056942
 21
223.994432
 31
0.0
  0
SOLID
  5
BCD
330
559
100
AcDbEntity
  8
FD_Dimensions
 62
     0
440
 16777216
100
AcDbTrace
 10
294.259442
 20
221.905347
 30
0.0
 11
294.841567
 21
220.894287
 31
0.0
 12
297.583683
 22
223.146193
 32
0.0
 13
297.583683
 23
223.146193
 33
0.0
  0
SOLID
  5
BCE
330
559
100
AcDbEntity
  8
FD_Dimensions
 62
     0
440
 16777216
100
AcDbTrace
 10
301.799058
 20
226.246338
 30
0.0
 11
302.381183
 21
225.235278
 31
0.0
 12
299.056942
 22
223.994432
 32
0.0
 13
299.056942
 23
223.994432
 33
0.0
  0
POINT
  5
BCF
330
559
100
AcDbEntity
  8
Defpoints
 62
     0
440
 16777216
100
AcDbPoint
 10
299.056942
 20
223.994432
 30
0.0
  0
POINT
  5
BD0
330
559
100
AcDbEntity
  8
Defpoints
 62
     0
440
 16777216
100
AcDbPoint
 10
297.583683
 20
223.146193
 30
0.0
  0
ENDBLK
  5
55B
330
559
100
AcDbEntity
  8
0
100
AcDbBlockEnd
  0
BLOCK
  5
565
330
564
100
AcDbEntity
  8
0
100
AcDbBlockBegin
  2
*D50
 70
     1
 10
0.0
 20
0.0
 30
0.0
  3
*D50
  1

  0
LINE
  5
BD1
330
564
100
AcDbEntity
  8
FD_Dimensions
 62
     0
440
 16777216
370
    -2
100
AcDbLine
 10
316.298019
 20
213.582698
 30
0.0
 11
301.904357
 21
221.579176
 31
0.0
  0
LINE
  5
BD2
330
564
100
AcDbEntity
  8
FD_Dimensions
 62
     0
440
 16777216
370
    -2
100
AcDbLine
 10
294.736268
 20
225.561449
 30
0.0
 11
291.676717
 21
227.261199
 31
0.0
  0
MTEXT
  5
BD3
330
564
100
AcDbEntity
  8
FD_Dimensions
 62
     0
440
 16777216
100
AcDbMText
 10
312.226247
 20
219.602573
 30
0.0
 40
3.5
 41
0.0
 46
0.0
 71
     5
 72
     1
  1
∅2.4
 11
0.874157
 21
-0.485643
 31
0.0
 73
     1
 44
1.0
  0
LINE
  5
BD4
330
564
100
AcDbEntity
  8
FD_Dimensions
 62
     0
440
 16777216
370
    -2
100
AcDbLine
 10
297.795818
 20
223.861698
 30
0.0
 11
298.844807
 21
223.278927
 31
0.0
  0
SOLID
  5
BD5
330
564
100
AcDbEntity
  8
FD_Dimensions
 62
     0
440
 16777216
100
AcDbTrace
 10
295.019559
 20
226.071374
 30
0.0
 11
294.452976
 21
225.051523
 31
0.0
 12
297.795818
 22
223.861698
 32
0.0
 13
297.795818
 23
223.861698
 33
0.0
  0
SOLID
  5
BD6
330
564
100
AcDbEntity
  8
FD_Dimensions
 62
     0
440
 16777216
100
AcDbTrace
 10
302.187649
 20
222.089102
 30
0.0
 11
301.621066
 21
221.069251
 31
0.0
 12
298.844807
 22
223.278927
 32
0.0
 13
298.844807
 23
223.278927
 33
0.0
  0
POINT
  5
BD7
330
564
100
AcDbEntity
  8
Defpoints
 62
     0
440
 16777216
100
AcDbPoint
 10
298.844807
 20
223.278927
 30
0.0
  0
POINT
  5
BD8
330
564
100
AcDbEntity
  8
Defpoints
 62
     0
440
 16777216
100
AcDbPoint
 10
297.795818
 20
223.861698
 30
0.0
  0
ENDBLK
  5
566
330
564
100
AcDbEntity
  8
0
100
AcDbBlockEnd
  0
BLOCK
  5
570
330
56F
100
AcDbEntity
  8
0
100
AcDbBlockBegin
  2
*D51
 70
     1
 10
0.0
 20
0.0
 30
0.0
  3
*D51
  1

  0
LINE
  5
BD9
330
56F
100
AcDbEntity
  8
FD_Dimensions
 62
     0
440
 16777216
370
    -2
100
AcDbLine
 10
265.65147
 20
118.196935
 30
0.0
 11
255.856435
 21
100.939017
 31
0.0
  0
LINE
  5
BDA
330
56F
100
AcDbEntity
  8
FD_Dimensions
 62
     0
440
 16777216
370
    -2
100
AcDbLine
 10
251.78419
 20
93.764108
 30
0.0
 11
250.05657
 21
90.720207
 31
0.0
  0
MTEXT
  5
BDB
330
56F
100
AcDbEntity
  8
FD_Dimensions
 62
     0
440
 16777216
100
AcDbMText
 10
259.584645
 20
114.162658
 30
0.0
 40
3.5
 41
0.0
 46
0.0
 71
     5
 72
     1
  1
∅2.5
 11
0.493606
 21
0.869686
 31
0.0
 73
     1
 44
1.0
  0
LINE
  5
BDC
330
56F
100
AcDbEntity
  8
FD_Dimensions
 62
     0
440
 16777216
370
    -2
100
AcDbLine
 10
253.511809
 20
96.808009
 30
0.0
 11
254.128816
 21
97.895116
 31
0.0
  0
SOLID
  5
BDD
330
56F
100
AcDbEntity
  8
FD_Dimensions
 62
     0
440
 16777216
100
AcDbTrace
 10
251.276873
 20
94.052045
 30
0.0
 11
252.291507
 21
93.476172
 31
0.0
 12
253.511809
 22
96.808009
 32
0.0
 13
253.511809
 23
96.808009
 33
0.0
  0
SOLID
  5
BDE
330
56F
100
AcDbEntity
  8
FD_Dimensions
 62
     0
440
 16777216
100
AcDbTrace
 10
255.349118
 20
101.226953
 30
0.0
 11
256.363752
 21
100.65108
 31
0.0
 12
254.128816
 22
97.895116
 32
0.0
 13
254.128816
 23
97.895116
 33
0.0
  0
POINT
  5
BDF
330
56F
100
AcDbEntity
  8
Defpoints
 62
     0
440
 16777216
100
AcDbPoint
 10
254.128816
 20
97.895116
 30
0.0
  0
POINT
  5
BE0
330
56F
100
AcDbEntity
  8
Defpoints
 62
     0
440
 16777216
100
AcDbPoint
 10
253.511809
 20
96.808009
 30
0.0
  0
ENDBLK
  5
571
330
56F
100
AcDbEntity
  8
0
100
AcDbBlockEnd
  0
BLOCK
  5
57B
330
57A
100
AcDbEntity
  8
0
100
AcDbBlockBegin
  2
*D52
 70
     1
 10
0.0
 20
0.0
 30
0.0
  3
*D52
  1

  0
LINE
  5
BE1
330
57A
100
AcDbEntity
  8
FD_Dimensions
 62
     0
440
 16777216
370
    -2
100
AcDbLine
 10
105.462821
 20
223.10863
 30
0.0
 11
113.898614
 21
208.111666
 31
0.0
  0
LINE
  5
BE2
330
57A
100
AcDbEntity
  8
FD_Dimensions
 62
     0
440
 16777216
370
    -2
100
AcDbLine
 10
118.163886
 20
200.528959
 30
0.0
 11
119.879801
 21
197.478445
 31
0.0
  0
MTEXT
  5
BE3
330
57A
100
AcDbEntity
  8
FD_Dimensions
 62
     0
440
 16777216
100
AcDbMText
 10
111.504156
 20
219.068766
 30
0.0
 40
3.5
 41
0.0
 46
0.0
 71
     5
 72
     1
  1
∅3.4
 11
0.490261
 21
-0.871576
 31
0.0
 73
     1
 44
1.0
  0
LINE
  5
BE4
330
57A
100
AcDbEntity
  8
FD_Dimensions
 62
     0
440
 16777216
370
    -2
100
AcDbLine
 10
116.447972
 20
203.579473
 30
0.0
 11
115.614528
 21
205.061152
 31
0.0
  0
SOLID
  5
BE5
330
57A
100
AcDbEntity
  8
FD_Dimensions
 62
     0
440
 16777216
100
AcDbTrace
 10
118.672305
 20
200.814945
 30
0.0
 11
117.655467
 21
200.242973
 31
0.0
 12
116.447972
 22
203.579473
 32
0.0
 13
116.447972
 23
203.579473
 33
0.0
  0
SOLID
  5
BE6
330
57A
100
AcDbEntity
  8
FD_Dimensions
 62
     0
440
 16777216
100
AcDbTrace
 10
114.407033
 20
208.397652
 30
0.0
 11
113.390195
 21
207.82568
 31
0.0
 12
115.614528
 22
205.061152
 32
0.0
 13
115.614528
 23
205.061152
 33
0.0
  0
POINT
  5
BE7
330
57A
100
AcDbEntity
  8
Defpoints
 62
     0
440
 16777216
100
AcDbPoint
 10
115.614528
 20
205.061152
 30
0.0
  0
POINT
  5
BE8
330
57A
100
AcDbEntity
  8
Defpoints
 62
     0
440
 16777216
100
AcDbPoint
 10
116.447972
 20
203.579473
 30
0.0
  0
ENDBLK
  5
57C
330
57A
100
AcDbEntity
  8
0
100
AcDbBlockEnd
  0
BLOCK
  5
586
330
585
100
AcDbEntity
  8
0
100
AcDbBlockBegin
  2
*D53
 70
     1
 10
0.0
 20
0.0
 30
0.0
  3
*D53
  1

  0
LINE
  5
BE9
330
585
100
AcDbEntity
  8
FD_Dimensions
 62
     0
440
 16777216
370
    -2
100
AcDbLine
 10
97.636678
 20
195.123026
 30
0.0
 11
112.364098
 21
202.486737
 31
0.0
  0
LINE
  5
BEA
330
585
100
AcDbEntity
  8
FD_Dimensions
 62
     0
440
 16777216
370
    -2
100
AcDbLine
 10
119.698401
 20
206.153888
 30
0.0
 11
122.828897
 21
207.719136
 31
0.0
  0
MTEXT
  5
BEB
330
585
100
AcDbEntity
  8
FD_Dimensions
 62
     0
440
 16777216
100
AcDbMText
 10
101.966093
 20
200.960353
 30
0.0
 40
3.5
 41
0.0
 46
0.0
 71
     5
 72
     1
  1
∅2.4
 11
0.894427
 21
0.447214
 31
0.0
 73
     1
 44
1.0
  0
LINE
  5
BEC
330
585
100
AcDbEntity
  8
FD_Dimensions
 62
     0
440
 16777216
370
    -2
100
AcDbLine
 10
116.567906
 20
204.588641
 30
0.0
 11
115.494594
 21
204.051984
 31
0.0
  0
SOLID
  5
BED
330
585
100
AcDbEntity
  8
FD_Dimensions
 62
     0
440
 16777216
100
AcDbTrace
 10
119.437527
 20
206.675637
 30
0.0
 11
119.959276
 21
205.632139
 31
0.0
 12
116.567906
 22
204.588641
 32
0.0
 13
116.567906
 23
204.588641
 33
0.0
  0
SOLID
  5
BEE
330
585
100
AcDbEntity
  8
FD_Dimensions
 62
     0
440
 16777216
100
AcDbTrace
 10
112.103224
 20
203.008486
 30
0.0
 11
112.624973
 21
201.964988
 31
0.0
 12
115.494594
 22
204.051984
 32
0.0
 13
115.494594
 23
204.051984
 33
0.0
  0
POINT
  5
BEF
330
585
100
AcDbEntity
  8
Defpoints
 62
     0
440
 16777216
100
AcDbPoint
 10
115.494594
 20
204.051984
 30
0.0
  0
POINT
  5
BF0
330
585
100
AcDbEntity
  8
Defpoints
 62
     0
440
 16777216
100
AcDbPoint
 10
116.567906
 20
204.588641
 30
0.0
  0
ENDBLK
  5
587
330
585
100
AcDbEntity
  8
0
100
AcDbBlockEnd
  0
BLOCK
  5
591
330
590
100
AcDbEntity
  8
0
100
AcDbBlockBegin
  2
*D54
 70
     1
 10
0.0
 20
0.0
 30
0.0
  3
*D54
  1

  0
LINE
  5
BF1
330
590
100
AcDbEntity
  8
FD_Dimensions
 62
     0
440
 16777216
370
    -2
100
AcDbLine
 10
121.811178
 20
215.697915
 30
0.0
 11
137.503083
 21
206.408862
 31
0.0
  0
MTEXT
  5
BF2
330
590
100
AcDbEntity
  8
FD_Dimensions
 62
     0
440
 16777216
100
AcDbMText
 10
128.791671
 20
215.234574
 30
0.0
 40
3.5
 41
0.0
 46
0.0
 71
     5
 72
     1
  1
R1.2
 11
0.860528
 21
-0.509402
 31
0.0
 73
     1
 44
1.0
  0
LINE
  5
BF3
330
590
100
AcDbEntity
  8
FD_Dimensions
 62
     0
440
 16777216
370
    -2
100
AcDbLine
 10
141.03125
 20
204.320313
 30
0.0
 11
140.514933
 21
204.625954
 31
0.0
  0
SOLID
  5
BF4
330
590
100
AcDbEntity
  8
FD_Dimensions
 62
     0
440
 16777216
100
AcDbTrace
 10
137.800235
 20
206.910837
 30
0.0
 11
137.205932
 21
205.906887
 31
0.0
 12
140.514933
 22
204.625954
 32
0.0
 13
140.514933
 23
204.625954
 33
0.0
  0
POINT
  5
BF5
330
590
100
AcDbEntity
  8
Defpoints
 62
     0
440
 16777216
100
AcDbPoint
 10
140.514933
 20
204.625954
 30
0.0
  0
POINT
  5
BF6
330
590
100
AcDbEntity
  8
Defpoints
 62
     0
440
 16777216
100
AcDbPoint
 10
141.03125
 20
204.320313
 30
0.0
  0
ENDBLK
  5
592
330
590
100
AcDbEntity
  8
0
100
AcDbBlockEnd
  0
BLOCK
  5
59A
330
599
100
AcDbEntity
  8
0
100
AcDbBlockBegin
  2
*D55
 70
     1
 10
0.0
 20
0.0
 30
0.0
  3
*D55
  1

  0
LINE
  5
BF7
330
599
100
AcDbEntity
  8
FD_Dimensions
 62
     0
440
 16777216
370
    -2
100
AcDbLine
 10
225.820313
 20
170.220313
 30
0.0
 11
225.820313
 21
139.9875
 31
0.0
  0
LINE
  5
BF8
330
599
100
AcDbEntity
  8
FD_Dimensions
 62
     0
440
 16777216
370
    -2
100
AcDbLine
 10
298.320313
 20
173.620313
 30
0.0
 11
298.320313
 21
139.9875
 31
0.0
  0
LINE
  5
BF9
330
599
100
AcDbEntity
  8
FD_Dimensions
 62
     0
440
 16777216
370
    -2
100
AcDbLine
 10
229.320313
 20
142.0875
 30
0.0
 11
294.820313
 21
142.0875
 31
0.0
  0
SOLID
  5
BFA
330
599
100
AcDbEntity
  8
FD_Dimensions
 62
     0
440
 16777216
100
AcDbTrace
 10
229.320313
 20
142.670833
 30
0.0
 11
229.320313
 21
141.504167
 31
0.0
 12
225.820313
 22
142.0875
 32
0.0
 13
225.820313
 23
142.0875
 33
0.0
  0
SOLID
  5
BFB
330
599
100
AcDbEntity
  8
FD_Dimensions
 62
     0
440
 16777216
100
AcDbTrace
 10
294.820313
 20
142.670833
 30
0.0
 11
294.820313
 21
141.504167
 31
0.0
 12
298.320313
 22
142.0875
 32
0.0
 13
298.320313
 23
142.0875
 33
0.0
  0
MTEXT
  5
BFC
330
599
100
AcDbEntity
  8
FD_Dimensions
 62
     0
440
 16777216
100
AcDbMText
 10
262.070313
 20
145.274505
 30
0.0
 40
3.5
 41
0.0
 46
0.0
 71
     5
 72
     1
  1
145
 73
     1
 44
1.0
  0
POINT
  5
BFD
330
599
100
AcDbEntity
  8
Defpoints
 62
     0
440
 16777216
100
AcDbPoint
 10
225.820313
 20
172.320313
 30
0.0
  0
POINT
  5
BFE
330
599
100
AcDbEntity
  8
Defpoints
 62
     0
440
 16777216
100
AcDbPoint
 10
298.320313
 20
175.720313
 30
0.0
  0
POINT
  5
BFF
330
599
100
AcDbEntity
  8
Defpoints
 62
     0
440
 16777216
100
AcDbPoint
 10
298.320313
 20
142.0875
 30
0.0
  0
ENDBLK
  5
59B
330
599
100
AcDbEntity
  8
0
100
AcDbBlockEnd
  0
BLOCK
  5
5A6
330
5A5
100
AcDbEntity
  8
0
100
AcDbBlockBegin
  2
*D56
 70
     1
 10
0.0
 20
0.0
 30
0.0
  3
*D56
  1

  0
LINE
  5
C00
330
5A5
100
AcDbEntity
  8
FD_Dimensions
 62
     0
440
 16777216
370
    -2
100
AcDbLine
 10
282.920313
 20
171.820313
 30
0.0
 11
334.301563
 21
171.820313
 31
0.0
  0
LINE
  5
C01
330
5A5
100
AcDbEntity
  8
FD_Dimensions
 62
     0
440
 16777216
370
    -2
100
AcDbLine
 10
304.770313
 20
223.570313
 30
0.0
 11
334.301563
 21
223.570313
 31
0.0
  0
LINE
  5
C02
330
5A5
100
AcDbEntity
  8
FD_Dimensions
 62
     0
440
 16777216
370
    -2
100
AcDbLine
 10
332.201563
 20
175.320313
 30
0.0
 11
332.201563
 21
220.070313
 31
0.0
  0
SOLID
  5
C03
330
5A5
100
AcDbEntity
  8
FD_Dimensions
 62
     0
440
 16777216
100
AcDbTrace
 10
331.618229
 20
175.320313
 30
0.0
 11
332.784896
 21
175.320313
 31
0.0
 12
332.201563
 22
171.820313
 32
0.0
 13
332.201563
 23
171.820313
 33
0.0
  0
SOLID
  5
C04
330
5A5
100
AcDbEntity
  8
FD_Dimensions
 62
     0
440
 16777216
100
AcDbTrace
 10
331.618229
 20
220.070313
 30
0.0
 11
332.784896
 21
220.070313
 31
0.0
 12
332.201563
 22
223.570313
 32
0.0
 13
332.201563
 23
223.570313
 33
0.0
  0
MTEXT
  5
C05
330
5A5
100
AcDbEntity
  8
FD_Dimensions
 62
     0
440
 16777216
100
AcDbMText
 10
329.013363
 20
197.695313
 30
0.0
 40
3.5
 41
0.0
 46
0.0
 71
     5
 72
     1
  1
103.5
 11
0.0
 21
1.0
 31
0.0
 73
     1
 44
1.0
  0
POINT
  5
C06
330
5A5
100
AcDbEntity
  8
Defpoints
 62
     0
440
 16777216
100
AcDbPoint
 10
280.820313
 20
171.820313
 30
0.0
  0
POINT
  5
C07
330
5A5
100
AcDbEntity
  8
Defpoints
 62
     0
440
 16777216
100
AcDbPoint
 10
302.670313
 20
223.570313
 30
0.0
  0
POINT
  5
C08
330
5A5
100
AcDbEntity
  8
Defpoints
 62
     0
440
 16777216
100
AcDbPoint
 10
332.201563
 20
223.570313
 30
0.0
  0
ENDBLK
  5
5A7
330
5A5
100
AcDbEntity
  8
0
100
AcDbBlockEnd
  0
BLOCK
  5
5B2
330
5B1
100
AcDbEntity
  8
0
100
AcDbBlockBegin
  2
*D57
 70
     1
 10
0.0
 20
0.0
 30
0.0
  3
*D57
  1

  0
LINE
  5
C09
330
5B1
100
AcDbEntity
  8
FD_Dimensions
 62
     0
440
 16777216
370
    -2
100
AcDbLine
 10
225.820313
 20
170.220313
 30
0.0
 11
225.820313
 21
150.040625
 31
0.0
  0
LINE
  5
C0A
330
5B1
100
AcDbEntity
  8
FD_Dimensions
 62
     0
440
 16777216
370
    -2
100
AcDbLine
 10
276.070313
 20
175.470313
 30
0.0
 11
276.070313
 21
150.040625
 31
0.0
  0
LINE
  5
C0B
330
5B1
100
AcDbEntity
  8
FD_Dimensions
 62
     0
440
 16777216
370
    -2
100
AcDbLine
 10
229.320313
 20
152.140625
 30
0.0
 11
272.570313
 21
152.140625
 31
0.0
  0
SOLID
  5
C0C
330
5B1
100
AcDbEntity
  8
FD_Dimensions
 62
     0
440
 16777216
100
AcDbTrace
 10
229.320313
 20
152.723958
 30
0.0
 11
229.320313
 21
151.557292
 31
0.0
 12
225.820313
 22
152.140625
 32
0.0
 13
225.820313
 23
152.140625
 33
0.0
  0
SOLID
  5
C0D
330
5B1
100
AcDbEntity
  8
FD_Dimensions
 62
     0
440
 16777216
100
AcDbTrace
 10
272.570313
 20
152.723958
 30
0.0
 11
272.570313
 21
151.557292
 31
0.0
 12
276.070313
 22
152.140625
 32
0.0
 13
276.070313
 23
152.140625
 33
0.0
  0
MTEXT
  5
C0E
330
5B1
100
AcDbEntity
  8
FD_Dimensions
 62
     0
440
 16777216
100
AcDbMText
 10
250.945313
 20
155.32763
 30
0.0
 40
3.5
 41
0.0
 46
0.0
 71
     5
 72
     1
  1
100.5
 73
     1
 44
1.0
  0
POINT
  5
C0F
330
5B1
100
AcDbEntity
  8
Defpoints
 62
     0
440
 16777216
100
AcDbPoint
 10
225.820313
 20
172.320313
 30
0.0
  0
POINT
  5
C10
330
5B1
100
AcDbEntity
  8
Defpoints
 62
     0
440
 16777216
100
AcDbPoint
 10
276.070313
 20
177.570313
 30
0.0
  0
POINT
  5
C11
330
5B1
100
AcDbEntity
  8
Defpoints
 62
     0
440
 16777216
100
AcDbPoint
 10
276.070313
 20
152.140625
 30
0.0
  0
ENDBLK
  5
5B3
330
5B1
100
AcDbEntity
  8
0
100
AcDbBlockEnd
  0
BLOCK
  5
5BE
330
5BD
100
AcDbEntity
  8
0
100
AcDbBlockBegin
  2
*D58
 70
     1
 10
0.0
 20
0.0
 30
0.0
  3
*D58
  1

  0
LINE
  5
C12
330
5BD
100
AcDbEntity
  8
FD_Dimensions
 62
     0
440
 16777216
370
    -2
100
AcDbLine
 10
225.820313
 20
170.220313
 30
0.0
 11
225.820313
 21
159.675
 31
0.0
  0
LINE
  5
C13
330
5BD
100
AcDbEntity
  8
FD_Dimensions
 62
     0
440
 16777216
370
    -2
100
AcDbLine
 10
274.320313
 20
173.620313
 30
0.0
 11
274.320313
 21
159.675
 31
0.0
  0
LINE
  5
C14
330
5BD
100
AcDbEntity
  8
FD_Dimensions
 62
     0
440
 16777216
370
    -2
100
AcDbLine
 10
229.320313
 20
161.775
 30
0.0
 11
270.820313
 21
161.775
 31
0.0
  0
SOLID
  5
C15
330
5BD
100
AcDbEntity
  8
FD_Dimensions
 62
     0
440
 16777216
100
AcDbTrace
 10
229.320313
 20
162.358333
 30
0.0
 11
229.320313
 21
161.191667
 31
0.0
 12
225.820313
 22
161.775
 32
0.0
 13
225.820313
 23
161.775
 33
0.0
  0
SOLID
  5
C16
330
5BD
100
AcDbEntity
  8
FD_Dimensions
 62
     0
440
 16777216
100
AcDbTrace
 10
270.820313
 20
162.358333
 30
0.0
 11
270.820313
 21
161.191667
 31
0.0
 12
274.320313
 22
161.775
 32
0.0
 13
274.320313
 23
161.775
 33
0.0
  0
MTEXT
  5
C17
330
5BD
100
AcDbEntity
  8
FD_Dimensions
 62
     0
440
 16777216
100
AcDbMText
 10
250.070313
 20
164.962005
 30
0.0
 40
3.5
 41
0.0
 46
0.0
 71
     5
 72
     1
  1
97
 73
     1
 44
1.0
  0
POINT
  5
C18
330
5BD
100
AcDbEntity
  8
Defpoints
 62
     0
440
 16777216
100
AcDbPoint
 10
225.820313
 20
172.320313
 30
0.0
  0
POINT
  5
C19
330
5BD
100
AcDbEntity
  8
Defpoints
 62
     0
440
 16777216
100
AcDbPoint
 10
274.320313
 20
175.720313
 30
0.0
  0
POINT
  5
C1A
330
5BD
100
AcDbEntity
  8
Defpoints
 62
     0
440
 16777216
100
AcDbPoint
 10
274.320313
 20
161.775
 30
0.0
  0
ENDBLK
  5
5BF
330
5BD
100
AcDbEntity
  8
0
100
AcDbBlockEnd
  0
BLOCK
  5
5CA
330
5C9
100
AcDbEntity
  8
0
100
AcDbBlockBegin
  2
*D59
 70
     1
 10
0.0
 20
0.0
 30
0.0
  3
*D59
  1

  0
LINE
  5
C1B
330
5C9
100
AcDbEntity
  8
FD_Dimensions
 62
     0
440
 16777216
370
    -2
100
AcDbLine
 10
224.220313
 20
171.820313
 30
0.0
 11
213.729688
 21
171.820313
 31
0.0
  0
LINE
  5
C1C
330
5C9
100
AcDbEntity
  8
FD_Dimensions
 62
     0
440
 16777216
370
    -2
100
AcDbLine
 10
267.870313
 20
218.570313
 30
0.0
 11
213.729688
 21
218.570313
 31
0.0
  0
LINE
  5
C1D
330
5C9
100
AcDbEntity
  8
FD_Dimensions
 62
     0
440
 16777216
370
    -2
100
AcDbLine
 10
215.829688
 20
175.320313
 30
0.0
 11
215.829688
 21
215.070313
 31
0.0
  0
SOLID
  5
C1E
330
5C9
100
AcDbEntity
  8
FD_Dimensions
 62
     0
440
 16777216
100
AcDbTrace
 10
215.246354
 20
175.320313
 30
0.0
 11
216.413021
 21
175.320313
 31
0.0
 12
215.829688
 22
171.820313
 32
0.0
 13
215.829688
 23
171.820313
 33
0.0
  0
SOLID
  5
C1F
330
5C9
100
AcDbEntity
  8
FD_Dimensions
 62
     0
440
 16777216
100
AcDbTrace
 10
215.246354
 20
215.070313
 30
0.0
 11
216.413021
 21
215.070313
 31
0.0
 12
215.829688
 22
218.570313
 32
0.0
 13
215.829688
 23
218.570313
 33
0.0
  0
MTEXT
  5
C20
330
5C9
100
AcDbEntity
  8
FD_Dimensions
 62
     0
440
 16777216
100
AcDbMText
 10
212.641488
 20
195.195313
 30
0.0
 40
3.5
 41
0.0
 46
0.0
 71
     5
 72
     1
  1
93.5
 11
0.0
 21
1.0
 31
0.0
 73
     1
 44
1.0
  0
POINT
  5
C21
330
5C9
100
AcDbEntity
  8
Defpoints
 62
     0
440
 16777216
100
AcDbPoint
 10
226.320313
 20
171.820313
 30
0.0
  0
POINT
  5
C22
330
5C9
100
AcDbEntity
  8
Defpoints
 62
     0
440
 16777216
100
AcDbPoint
 10
269.970313
 20
218.570313
 30
0.0
  0
POINT
  5
C23
330
5C9
100
AcDbEntity
  8
Defpoints
 62
     0
440
 16777216
100
AcDbPoint
 10
215.829688
 20
218.570313
 30
0.0
  0
ENDBLK
  5
5CB
330
5C9
100
AcDbEntity
  8
0
100
AcDbBlockEnd
  0
BLOCK
  5
5D6
330
5D5
100
AcDbEntity
  8
0
100
AcDbBlockBegin
  2
*D60
 70
     1
 10
0.0
 20
0.0
 30
0.0
  3
*D60
  1

  0
LINE
  5
C24
330
5D5
100
AcDbEntity
  8
FD_Dimensions
 62
     0
440
 16777216
370
    -2
100
AcDbLine
 10
282.920313
 20
171.820313
 30
0.0
 11
323.6
 21
171.820313
 31
0.0
  0
LINE
  5
C25
330
5D5
100
AcDbEntity
  8
FD_Dimensions
 62
     0
440
 16777216
370
    -2
100
AcDbLine
 10
298.170313
 20
215.570313
 30
0.0
 11
323.6
 21
215.570313
 31
0.0
  0
LINE
  5
C26
330
5D5
100
AcDbEntity
  8
FD_Dimensions
 62
     0
440
 16777216
370
    -2
100
AcDbLine
 10
321.5
 20
175.320313
 30
0.0
 11
321.5
 21
212.070313
 31
0.0
  0
SOLID
  5
C27
330
5D5
100
AcDbEntity
  8
FD_Dimensions
 62
     0
440
 16777216
100
AcDbTrace
 10
320.916667
 20
175.320313
 30
0.0
 11
322.083333
 21
175.320313
 31
0.0
 12
321.5
 22
171.820313
 32
0.0
 13
321.5
 23
171.820313
 33
0.0
  0
SOLID
  5
C28
330
5D5
100
AcDbEntity
  8
FD_Dimensions
 62
     0
440
 16777216
100
AcDbTrace
 10
320.916667
 20
212.070313
 30
0.0
 11
322.083333
 21
212.070313
 31
0.0
 12
321.5
 22
215.570313
 32
0.0
 13
321.5
 23
215.570313
 33
0.0
  0
MTEXT
  5
C29
330
5D5
100
AcDbEntity
  8
FD_Dimensions
 62
     0
440
 16777216
100
AcDbMText
 10
318.312995
 20
193.695313
 30
0.0
 40
3.5
 41
0.0
 46
0.0
 71
     5
 72
     1
  1
87.5
 11
0.0
 21
1.0
 31
0.0
 73
     1
 44
1.0
  0
POINT
  5
C2A
330
5D5
100
AcDbEntity
  8
Defpoints
 62
     0
440
 16777216
100
AcDbPoint
 10
280.820313
 20
171.820313
 30
0.0
  0
POINT
  5
C2B
330
5D5
100
AcDbEntity
  8
Defpoints
 62
     0
440
 16777216
100
AcDbPoint
 10
296.070313
 20
215.570313
 30
0.0
  0
POINT
  5
C2C
330
5D5
100
AcDbEntity
  8
Defpoints
 62
     0
440
 16777216
100
AcDbPoint
 10
321.5
 20
215.570313
 30
0.0
  0
ENDBLK
  5
5D7
330
5D5
100
AcDbEntity
  8
0
100
AcDbBlockEnd
  0
BLOCK
  5
5E2
330
5E1
100
AcDbEntity
  8
0
100
AcDbBlockBegin
  2
*D61
 70
     1
 10
0.0
 20
0.0
 30
0.0
  3
*D61
  1

  0
LINE
  5
C2D
330
5E1
100
AcDbEntity
  8
FD_Dimensions
 62
     0
440
 16777216
370
    -2
100
AcDbLine
 10
282.920313
 20
171.820313
 30
0.0
 11
312.935938
 21
171.820313
 31
0.0
  0
LINE
  5
C2E
330
5E1
100
AcDbEntity
  8
FD_Dimensions
 62
     0
440
 16777216
370
    -2
100
AcDbLine
 10
298.170313
 20
177.070313
 30
0.0
 11
312.935938
 21
177.070313
 31
0.0
  0
LINE
  5
C2F
330
5E1
100
AcDbEntity
  8
FD_Dimensions
 62
     0
440
 16777216
370
    -2
100
AcDbLine
 10
310.835938
 20
168.320313
 30
0.0
 11
310.835938
 21
164.820313
 31
0.0
  0
LINE
  5
C30
330
5E1
100
AcDbEntity
  8
FD_Dimensions
 62
     0
440
 16777216
370
    -2
100
AcDbLine
 10
310.835938
 20
180.570313
 30
0.0
 11
310.835938
 21
195.658512
 31
0.0
  0
LINE
  5
C31
330
5E1
100
AcDbEntity
  8
FD_Dimensions
 62
     0
440
 16777216
370
    -2
100
AcDbLine
 10
310.835938
 20
171.820313
 30
0.0
 11
310.835938
 21
177.070313
 31
0.0
  0
SOLID
  5
C32
330
5E1
100
AcDbEntity
  8
FD_Dimensions
 62
     0
440
 16777216
100
AcDbTrace
 10
310.252604
 20
168.320313
 30
0.0
 11
311.419271
 21
168.320313
 31
0.0
 12
310.835938
 22
171.820313
 32
0.0
 13
310.835938
 23
171.820313
 33
0.0
  0
SOLID
  5
C33
330
5E1
100
AcDbEntity
  8
FD_Dimensions
 62
     0
440
 16777216
100
AcDbTrace
 10
310.252604
 20
180.570313
 30
0.0
 11
311.419271
 21
180.570313
 31
0.0
 12
310.835938
 22
177.070313
 32
0.0
 13
310.835938
 23
177.070313
 33
0.0
  0
MTEXT
  5
C34
330
5E1
100
AcDbEntity
  8
FD_Dimensions
 62
     0
440
 16777216
100
AcDbMText
 10
307.648932
 20
189.864412
 30
0.0
 40
3.5
 41
0.0
 46
0.0
 71
     5
 72
     1
  1
10.5
 11
0.0
 21
1.0
 31
0.0
 73
     1
 44
1.0
  0
POINT
  5
C35
330
5E1
100
AcDbEntity
  8
Defpoints
 62
     0
440
 16777216
100
AcDbPoint
 10
280.820313
 20
171.820313
 30
0.0
  0
POINT
  5
C36
330
5E1
100
AcDbEntity
  8
Defpoints
 62
     0
440
 16777216
100
AcDbPoint
 10
296.070313
 20
177.070313
 30
0.0
  0
POINT
  5
C37
330
5E1
100
AcDbEntity
  8
Defpoints
 62
     0
440
 16777216
100
AcDbPoint
 10
310.835938
 20
177.070313
 30
0.0
  0
ENDBLK
  5
5E3
330
5E1
100
AcDbEntity
  8
0
100
AcDbBlockEnd
  0
BLOCK
  5
5F0
330
5EF
100
AcDbEntity
  8
0
100
AcDbBlockBegin
  2
*D62
 70
     1
 10
0.0
 20
0.0
 30
0.0
  3
*D62
  1

  0
LINE
  5
C38
330
5EF
100
AcDbEntity
  8
FD_Dimensions
 62
     0
440
 16777216
370
    -2
100
AcDbLine
 10
145.63125
 20
171.820313
 30
0.0
 11
156.114062
 21
171.820313
 31
0.0
  0
LINE
  5
C39
330
5EF
100
AcDbEntity
  8
FD_Dimensions
 62
     0
440
 16777216
370
    -2
100
AcDbLine
 10
122.48125
 20
204.320313
 30
0.0
 11
156.114062
 21
204.320313
 31
0.0
  0
LINE
  5
C3A
330
5EF
100
AcDbEntity
  8
FD_Dimensions
 62
     0
440
 16777216
370
    -2
100
AcDbLine
 10
154.014062
 20
175.320313
 30
0.0
 11
154.014062
 21
200.820313
 31
0.0
  0
SOLID
  5
C3B
330
5EF
100
AcDbEntity
  8
FD_Dimensions
 62
     0
440
 16777216
100
AcDbTrace
 10
153.430729
 20
175.320313
 30
0.0
 11
154.597396
 21
175.320313
 31
0.0
 12
154.014062
 22
171.820313
 32
0.0
 13
154.014062
 23
171.820313
 33
0.0
  0
SOLID
  5
C3C
330
5EF
100
AcDbEntity
  8
FD_Dimensions
 62
     0
440
 16777216
100
AcDbTrace
 10
153.430729
 20
200.820313
 30
0.0
 11
154.597396
 21
200.820313
 31
0.0
 12
154.014062
 22
204.320313
 32
0.0
 13
154.014062
 23
204.320313
 33
0.0
  0
MTEXT
  5
C3D
330
5EF
100
AcDbEntity
  8
FD_Dimensions
 62
     0
440
 16777216
100
AcDbMText
 10
150.827057
 20
188.070313
 30
0.0
 40
3.5
 41
0.0
 46
0.0
 71
     5
 72
     1
  1
65
 11
0.0
 21
1.0
 31
0.0
 73
     1
 44
1.0
  0
POINT
  5
C3E
330
5EF
100
AcDbEntity
  8
Defpoints
 62
     0
440
 16777216
100
AcDbPoint
 10
143.53125
 20
171.820313
 30
0.0
  0
POINT
  5
C3F
330
5EF
100
AcDbEntity
  8
Defpoints
 62
     0
440
 16777216
100
AcDbPoint
 10
120.38125
 20
204.320313
 30
0.0
  0
POINT
  5
C40
330
5EF
100
AcDbEntity
  8
Defpoints
 62
     0
440
 16777216
100
AcDbPoint
 10
154.014062
 20
204.320313
 30
0.0
  0
ENDBLK
  5
5F1
330
5EF
100
AcDbEntity
  8
0
100
AcDbBlockEnd
  0
BLOCK
  5
5FC
330
5FB
100
AcDbEntity
  8
0
100
AcDbBlockBegin
  2
*D63
 70
     1
 10
0.0
 20
0.0
 30
0.0
  3
*D63
  1

  0
LINE
  5
C41
330
5FB
100
AcDbEntity
  8
FD_Dimensions
 62
     0
440
 16777216
370
    -2
100
AcDbLine
 10
225.820313
 20
106.701563
 30
0.0
 11
225.820313
 21
116.701563
 31
0.0
  0
LINE
  5
C42
330
5FB
100
AcDbEntity
  8
FD_Dimensions
 62
     0
440
 16777216
370
    -2
100
AcDbLine
 10
253.820313
 20
103.576563
 30
0.0
 11
253.820313
 21
116.701563
 31
0.0
  0
LINE
  5
C43
330
5FB
100
AcDbEntity
  8
FD_Dimensions
 62
     0
440
 16777216
370
    -2
100
AcDbLine
 10
229.320313
 20
114.601563
 30
0.0
 11
250.320313
 21
114.601563
 31
0.0
  0
SOLID
  5
C44
330
5FB
100
AcDbEntity
  8
FD_Dimensions
 62
     0
440
 16777216
100
AcDbTrace
 10
229.320313
 20
115.184896
 30
0.0
 11
229.320313
 21
114.018229
 31
0.0
 12
225.820313
 22
114.601563
 32
0.0
 13
225.820313
 23
114.601563
 33
0.0
  0
SOLID
  5
C45
330
5FB
100
AcDbEntity
  8
FD_Dimensions
 62
     0
440
 16777216
100
AcDbTrace
 10
250.320313
 20
115.184896
 30
0.0
 11
250.320313
 21
114.018229
 31
0.0
 12
253.820313
 22
114.601563
 32
0.0
 13
253.820313
 23
114.601563
 33
0.0
  0
MTEXT
  5
C46
330
5FB
100
AcDbEntity
  8
FD_Dimensions
 62
     0
440
 16777216
100
AcDbMText
 10
239.820313
 20
117.788568
 30
0.0
 40
3.5
 41
0.0
 46
0.0
 71
     5
 72
     1
  1
56
 73
     1
 44
1.0
  0
POINT
  5
C47
330
5FB
100
AcDbEntity
  8
Defpoints
 62
     0
440
 16777216
100
AcDbPoint
 10
225.820313
 20
104.601563
 30
0.0
  0
POINT
  5
C48
330
5FB
100
AcDbEntity
  8
Defpoints
 62
     0
440
 16777216
100
AcDbPoint
 10
253.820313
 20
101.476563
 30
0.0
  0
POINT
  5
C49
330
5FB
100
AcDbEntity
  8
Defpoints
 62
     0
440
 16777216
100
AcDbPoint
 10
253.820313
 20
114.601563
 30
0.0
  0
ENDBLK
  5
5FD
330
5FB
100
AcDbEntity
  8
0
100
AcDbBlockEnd
  0
BLOCK
  5
608
330
607
100
AcDbEntity
  8
0
100
AcDbBlockBegin
  2
*D64
 70
     1
 10
0.0
 20
0.0
 30
0.0
  3
*D64
  1

  0
LINE
  5
C4A
330
607
100
AcDbEntity
  8
FD_Dimensions
 62
     0
440
 16777216
370
    -2
100
AcDbLine
 10
124.43125
 20
171.820313
 30
0.0
 11
86.289062
 21
171.820313
 31
0.0
  0
LINE
  5
C4B
330
607
100
AcDbEntity
  8
FD_Dimensions
 62
     0
440
 16777216
370
    -2
100
AcDbLine
 10
118.28125
 20
198.820313
 30
0.0
 11
86.289062
 21
198.820313
 31
0.0
  0
LINE
  5
C4C
330
607
100
AcDbEntity
  8
FD_Dimensions
 62
     0
440
 16777216
370
    -2
100
AcDbLine
 10
88.389062
 20
175.320313
 30
0.0
 11
88.389062
 21
195.320313
 31
0.0
  0
SOLID
  5
C4D
330
607
100
AcDbEntity
  8
FD_Dimensions
 62
     0
440
 16777216
100
AcDbTrace
 10
87.805729
 20
175.320313
 30
0.0
 11
88.972396
 21
175.320313
 31
0.0
 12
88.389062
 22
171.820313
 32
0.0
 13
88.389062
 23
171.820313
 33
0.0
  0
SOLID
  5
C4E
330
607
100
AcDbEntity
  8
FD_Dimensions
 62
     0
440
 16777216
100
AcDbTrace
 10
87.805729
 20
195.320313
 30
0.0
 11
88.972396
 21
195.320313
 31
0.0
 12
88.389062
 22
198.820313
 32
0.0
 13
88.389062
 23
198.820313
 33
0.0
  0
MTEXT
  5
C4F
330
607
100
AcDbEntity
  8
FD_Dimensions
 62
     0
440
 16777216
100
AcDbMText
 10
85.209219
 20
185.320313
 30
0.0
 40
3.5
 41
0.0
 46
0.0
 71
     5
 72
     1
  1
54
 11
0.0
 21
1.0
 31
0.0
 73
     1
 44
1.0
  0
POINT
  5
C50
330
607
100
AcDbEntity
  8
Defpoints
 62
     0
440
 16777216
100
AcDbPoint
 10
126.53125
 20
171.820313
 30
0.0
  0
POINT
  5
C51
330
607
100
AcDbEntity
  8
Defpoints
 62
     0
440
 16777216
100
AcDbPoint
 10
120.38125
 20
198.820313
 30
0.0
  0
POINT
  5
C52
330
607
100
AcDbEntity
  8
Defpoints
 62
     0
440
 16777216
100
AcDbPoint
 10
88.389062
 20
198.820313
 30
0.0
  0
ENDBLK
  5
609
330
607
100
AcDbEntity
  8
0
100
AcDbBlockEnd
  0
BLOCK
  5
614
330
613
100
AcDbEntity
  8
0
100
AcDbBlockBegin
  2
*D65
 70
     1
 10
0.0
 20
0.0
 30
0.0
  3
*D65
  1

  0
LINE
  5
C53
330
613
100
AcDbEntity
  8
FD_Dimensions
 62
     0
440
 16777216
370
    -2
100
AcDbLine
 10
124.43125
 20
171.820313
 30
0.0
 11
101.415625
 21
171.820313
 31
0.0
  0
LINE
  5
C54
330
613
100
AcDbEntity
  8
FD_Dimensions
 62
     0
440
 16777216
370
    -2
100
AcDbLine
 10
116.18125
 20
196.070313
 30
0.0
 11
101.415625
 21
196.070313
 31
0.0
  0
LINE
  5
C55
330
613
100
AcDbEntity
  8
FD_Dimensions
 62
     0
440
 16777216
370
    -2
100
AcDbLine
 10
103.515625
 20
175.320313
 30
0.0
 11
103.515625
 21
192.570313
 31
0.0
  0
SOLID
  5
C56
330
613
100
AcDbEntity
  8
FD_Dimensions
 62
     0
440
 16777216
100
AcDbTrace
 10
102.932292
 20
175.320313
 30
0.0
 11
104.098958
 21
175.320313
 31
0.0
 12
103.515625
 22
171.820313
 32
0.0
 13
103.515625
 23
171.820313
 33
0.0
  0
SOLID
  5
C57
330
613
100
AcDbEntity
  8
FD_Dimensions
 62
     0
440
 16777216
100
AcDbTrace
 10
102.932292
 20
192.570313
 30
0.0
 11
104.098958
 21
192.570313
 31
0.0
 12
103.515625
 22
196.070313
 32
0.0
 13
103.515625
 23
196.070313
 33
0.0
  0
MTEXT
  5
C58
330
613
100
AcDbEntity
  8
FD_Dimensions
 62
     0
440
 16777216
100
AcDbMText
 10
100.32862
 20
183.945313
 30
0.0
 40
3.5
 41
0.0
 46
0.0
 71
     5
 72
     1
  1
48.5
 11
0.0
 21
1.0
 31
0.0
 73
     1
 44
1.0
  0
POINT
  5
C59
330
613
100
AcDbEntity
  8
Defpoints
 62
     0
440
 16777216
100
AcDbPoint
 10
126.53125
 20
171.820313
 30
0.0
  0
POINT
  5
C5A
330
613
100
AcDbEntity
  8
Defpoints
 62
     0
440
 16777216
100
AcDbPoint
 10
118.28125
 20
196.070313
 30
0.0
  0
POINT
  5
C5B
330
613
100
AcDbEntity
  8
Defpoints
 62
     0
440
 16777216
100
AcDbPoint
 10
103.515625
 20
196.070313
 30
0.0
  0
ENDBLK
  5
615
330
613
100
AcDbEntity
  8
0
100
AcDbBlockEnd
  0
BLOCK
  5
620
330
61F
100
AcDbEntity
  8
0
100
AcDbBlockBegin
  2
*D66
 70
     1
 10
0.0
 20
0.0
 30
0.0
  3
*D66
  1

  0
LINE
  5
C5C
330
61F
100
AcDbEntity
  8
FD_Dimensions
 62
     0
440
 16777216
370
    -2
100
AcDbLine
 10
223.970313
 20
74.851563
 30
0.0
 11
184.040625
 21
74.851563
 31
0.0
  0
LINE
  5
C5D
330
61F
100
AcDbEntity
  8
FD_Dimensions
 62
     0
440
 16777216
370
    -2
100
AcDbLine
 10
222.595313
 20
97.351563
 30
0.0
 11
184.040625
 21
97.351563
 31
0.0
  0
LINE
  5
C5E
330
61F
100
AcDbEntity
  8
FD_Dimensions
 62
     0
440
 16777216
370
    -2
100
AcDbLine
 10
186.140625
 20
78.351563
 30
0.0
 11
186.140625
 21
93.851563
 31
0.0
  0
SOLID
  5
C5F
330
61F
100
AcDbEntity
  8
FD_Dimensions
 62
     0
440
 16777216
100
AcDbTrace
 10
185.557292
 20
78.351563
 30
0.0
 11
186.723958
 21
78.351563
 31
0.0
 12
186.140625
 22
74.851563
 32
0.0
 13
186.140625
 23
74.851563
 33
0.0
  0
SOLID
  5
C60
330
61F
100
AcDbEntity
  8
FD_Dimensions
 62
     0
440
 16777216
100
AcDbTrace
 10
185.557292
 20
93.851563
 30
0.0
 11
186.723958
 21
93.851563
 31
0.0
 12
186.140625
 22
97.351563
 32
0.0
 13
186.140625
 23
97.351563
 33
0.0
  0
MTEXT
  5
C61
330
61F
100
AcDbEntity
  8
FD_Dimensions
 62
     0
440
 16777216
100
AcDbMText
 10
182.960782
 20
86.101563
 30
0.0
 40
3.5
 41
0.0
 46
0.0
 71
     5
 72
     1
  1
45
 11
0.0
 21
1.0
 31
0.0
 73
     1
 44
1.0
  0
POINT
  5
C62
330
61F
100
AcDbEntity
  8
Defpoints
 62
     0
440
 16777216
100
AcDbPoint
 10
226.070313
 20
74.851563
 30
0.0
  0
POINT
  5
C63
330
61F
100
AcDbEntity
  8
Defpoints
 62
     0
440
 16777216
100
AcDbPoint
 10
224.695313
 20
97.351563
 30
0.0
  0
POINT
  5
C64
330
61F
100
AcDbEntity
  8
Defpoints
 62
     0
440
 16777216
100
AcDbPoint
 10
186.140625
 20
97.351563
 30
0.0
  0
ENDBLK
  5
621
330
61F
100
AcDbEntity
  8
0
100
AcDbBlockEnd
  0
BLOCK
  5
62C
330
62B
100
AcDbEntity
  8
0
100
AcDbBlockBegin
  2
*D67
 70
     1
 10
0.0
 20
0.0
 30
0.0
  3
*D67
  1

  0
LINE
  5
C65
330
62B
100
AcDbEntity
  8
FD_Dimensions
 62
     0
440
 16777216
370
    -2
100
AcDbLine
 10
223.970313
 20
74.851563
 30
0.0
 11
198.80625
 21
74.851563
 31
0.0
  0
LINE
  5
C66
330
62B
100
AcDbEntity
  8
FD_Dimensions
 62
     0
440
 16777216
370
    -2
100
AcDbLine
 10
222.595313
 20
92.351563
 30
0.0
 11
198.80625
 21
92.351563
 31
0.0
  0
LINE
  5
C67
330
62B
100
AcDbEntity
  8
FD_Dimensions
 62
     0
440
 16777216
370
    -2
100
AcDbLine
 10
200.90625
 20
78.351563
 30
0.0
 11
200.90625
 21
88.851563
 31
0.0
  0
SOLID
  5
C68
330
62B
100
AcDbEntity
  8
FD_Dimensions
 62
     0
440
 16777216
100
AcDbTrace
 10
200.322917
 20
78.351563
 30
0.0
 11
201.489583
 21
78.351563
 31
0.0
 12
200.90625
 22
74.851563
 32
0.0
 13
200.90625
 23
74.851563
 33
0.0
  0
SOLID
  5
C69
330
62B
100
AcDbEntity
  8
FD_Dimensions
 62
     0
440
 16777216
100
AcDbTrace
 10
200.322917
 20
88.851563
 30
0.0
 11
201.489583
 21
88.851563
 31
0.0
 12
200.90625
 22
92.351563
 32
0.0
 13
200.90625
 23
92.351563
 33
0.0
  0
MTEXT
  5
C6A
330
62B
100
AcDbEntity
  8
FD_Dimensions
 62
     0
440
 16777216
100
AcDbMText
 10
197.718051
 20
83.601563
 30
0.0
 40
3.5
 41
0.0
 46
0.0
 71
     5
 72
     1
  1
35
 11
0.0
 21
1.0
 31
0.0
 73
     1
 44
1.0
  0
POINT
  5
C6B
330
62B
100
AcDbEntity
  8
Defpoints
 62
     0
440
 16777216
100
AcDbPoint
 10
226.070313
 20
74.851563
 30
0.0
  0
POINT
  5
C6C
330
62B
100
AcDbEntity
  8
Defpoints
 62
     0
440
 16777216
100
AcDbPoint
 10
224.695313
 20
92.351563
 30
0.0
  0
POINT
  5
C6D
330
62B
100
AcDbEntity
  8
Defpoints
 62
     0
440
 16777216
100
AcDbPoint
 10
200.90625
 20
92.351563
 30
0.0
  0
ENDBLK
  5
62D
330
62B
100
AcDbEntity
  8
0
100
AcDbBlockEnd
  0
BLOCK
  5
638
330
637
100
AcDbEntity
  8
0
100
AcDbBlockBegin
  2
*D68
 70
     1
 10
0.0
 20
0.0
 30
0.0
  3
*D68
  1

  0
LINE
  5
C6E
330
637
100
AcDbEntity
  8
FD_Dimensions
 62
     0
440
 16777216
370
    -2
100
AcDbLine
 10
223.970313
 20
74.851563
 30
0.0
 11
213.954688
 21
74.851563
 31
0.0
  0
LINE
  5
C6F
330
637
100
AcDbEntity
  8
FD_Dimensions
 62
     0
440
 16777216
370
    -2
100
AcDbLine
 10
228.720313
 20
89.601563
 30
0.0
 11
213.954688
 21
89.601563
 31
0.0
  0
LINE
  5
C70
330
637
100
AcDbEntity
  8
FD_Dimensions
 62
     0
440
 16777216
370
    -2
100
AcDbLine
 10
216.054688
 20
78.351563
 30
0.0
 11
216.054688
 21
86.101563
 31
0.0
  0
SOLID
  5
C71
330
637
100
AcDbEntity
  8
FD_Dimensions
 62
     0
440
 16777216
100
AcDbTrace
 10
215.471354
 20
78.351563
 30
0.0
 11
216.638021
 21
78.351563
 31
0.0
 12
216.054688
 22
74.851563
 32
0.0
 13
216.054688
 23
74.851563
 33
0.0
  0
SOLID
  5
C72
330
637
100
AcDbEntity
  8
FD_Dimensions
 62
     0
440
 16777216
100
AcDbTrace
 10
215.471354
 20
86.101563
 30
0.0
 11
216.638021
 21
86.101563
 31
0.0
 12
216.054688
 22
89.601563
 32
0.0
 13
216.054688
 23
89.601563
 33
0.0
  0
MTEXT
  5
C73
330
637
100
AcDbEntity
  8
FD_Dimensions
 62
     0
440
 16777216
100
AcDbMText
 10
212.867682
 20
82.226563
 30
0.0
 40
3.5
 41
0.0
 46
0.0
 71
     5
 72
     1
  1
29.5
 11
0.0
 21
1.0
 31
0.0
 73
     1
 44
1.0
  0
POINT
  5
C74
330
637
100
AcDbEntity
  8
Defpoints
 62
     0
440
 16777216
100
AcDbPoint
 10
226.070313
 20
74.851563
 30
0.0
  0
POINT
  5
C75
330
637
100
AcDbEntity
  8
Defpoints
 62
     0
440
 16777216
100
AcDbPoint
 10
230.820313
 20
89.601563
 30
0.0
  0
POINT
  5
C76
330
637
100
AcDbEntity
  8
Defpoints
 62
     0
440
 16777216
100
AcDbPoint
 10
216.054688
 20
89.601563
 30
0.0
  0
ENDBLK
  5
639
330
637
100
AcDbEntity
  8
0
100
AcDbBlockEnd
  0
BLOCK
  5
644
330
643
100
AcDbEntity
  8
0
100
AcDbBlockBegin
  2
*D69
 70
     1
 10
0.0
 20
0.0
 30
0.0
  3
*D69
  1

  0
LINE
  5
C77
330
643
100
AcDbEntity
  8
FD_Dimensions
 62
     0
440
 16777216
370
    -2
100
AcDbLine
 10
225.820313
 20
73.001563
 30
0.0
 11
225.820313
 21
62.071875
 31
0.0
  0
LINE
  5
C78
330
643
100
AcDbEntity
  8
FD_Dimensions
 62
     0
440
 16777216
370
    -2
100
AcDbLine
 10
230.820313
 20
87.501563
 30
0.0
 11
230.820313
 21
62.071875
 31
0.0
  0
LINE
  5
C79
330
643
100
AcDbEntity
  8
FD_Dimensions
 62
     0
440
 16777216
370
    -2
100
AcDbLine
 10
222.320313
 20
64.171875
 30
0.0
 11
218.820313
 21
64.171875
 31
0.0
  0
LINE
  5
C7A
330
643
100
AcDbEntity
  8
FD_Dimensions
 62
     0
440
 16777216
370
    -2
100
AcDbLine
 10
234.320313
 20
64.171875
 30
0.0
 11
245.29255
 21
64.171875
 31
0.0
  0
LINE
  5
C7B
330
643
100
AcDbEntity
  8
FD_Dimensions
 62
     0
440
 16777216
370
    -2
100
AcDbLine
 10
225.820313
 20
64.171875
 30
0.0
 11
230.820313
 21
64.171875
 31
0.0
  0
SOLID
  5
C7C
330
643
100
AcDbEntity
  8
FD_Dimensions
 62
     0
440
 16777216
100
AcDbTrace
 10
222.320313
 20
64.755208
 30
0.0
 11
222.320313
 21
63.588542
 31
0.0
 12
225.820313
 22
64.171875
 32
0.0
 13
225.820313
 23
64.171875
 33
0.0
  0
SOLID
  5
C7D
330
643
100
AcDbEntity
  8
FD_Dimensions
 62
     0
440
 16777216
100
AcDbTrace
 10
234.320313
 20
64.755208
 30
0.0
 11
234.320313
 21
63.588542
 31
0.0
 12
230.820313
 22
64.171875
 32
0.0
 13
230.820313
 23
64.171875
 33
0.0
  0
MTEXT
  5
C7E
330
643
100
AcDbEntity
  8
FD_Dimensions
 62
     0
440
 16777216
100
AcDbMText
 10
241.556431
 20
67.35888
 30
0.0
 40
3.5
 41
0.0
 46
0.0
 71
     5
 72
     1
  1
10
 73
     1
 44
1.0
  0
POINT
  5
C7F
330
643
100
AcDbEntity
  8
Defpoints
 62
     0
440
 16777216
100
AcDbPoint
 10
225.820313
 20
75.101563
 30
0.0
  0
POINT
  5
C80
330
643
100
AcDbEntity
  8
Defpoints
 62
     0
440
 16777216
100
AcDbPoint
 10
230.820313
 20
89.601563
 30
0.0
  0
POINT
  5
C81
330
643
100
AcDbEntity
  8
Defpoints
 62
     0
440
 16777216
100
AcDbPoint
 10
230.820313
 20
64.171875
 30
0.0
  0
ENDBLK
  5
645
330
643
100
AcDbEntity
  8
0
100
AcDbBlockEnd
  0
ENDSEC
  0
SECTION
  2
ENTITIES
  0
INSERT
  5
2CC
330
70
100
AcDbEntity
  8
BORDER
100
AcDbBlockReference
  2
ISO_A3_SHEET
 10
0.0
 20
0.0
 30
0.0
  0
INSERT
  5
312
330
70
100
AcDbEntity
  8
TITLEBLOCK
100
AcDbBlockReference
 66
     1
  2
ISO_TITLEBLOCK
 10
410.0
 20
10.0
 30
0.0
  0
ATTRIB
  5
34E
330
312
100
AcDbEntity
  8
TITLEBLOCK
100
AcDbText
 10
360.0
 20
11.5
 30
0.0
 40
3.5
  1

  7
FusionTitle
 11
360.0
 21
15.0
 31
0.0
100
AcDbAttribute
280
     0
  2
DATE_OF_ISSUE
 70
     0
 74
     3
280
     1
  0
ATTRIB
  5
34F
330
312
100
AcDbEntity
  8
TITLEBLOCK
100
AcDbText
 10
354.0
 20
11.35
 30
0.0
 40
3.5
  1

  7
FusionTitle
 72
     1
 11
354.0
 21
14.85
 31
0.0
100
AcDbAttribute
280
     0
  2
REV
 70
     0
 74
     3
280
     1
  0
ATTRIB
  5
350
330
312
100
AcDbEntity
  8
TITLEBLOCK
100
AcDbText
 10
289.0
 20
11.5
 30
0.0
 40
5.0
  1

  7
FusionTitle
 11
289.0
 21
16.5
 31
0.0
100
AcDbAttribute
280
     0
  2
TITLE_3
 70
     0
 74
     3
280
     1
  0
ATTRIB
  5
351
330
312
100
AcDbEntity
  8
TITLEBLOCK
100
AcDbText
 10
350.0
 20
38.5
 30
0.0
 40
3.5
  1

  7
FusionTitle
 11
350.0
 21
42.0
 31
0.0
100
AcDbAttribute
280
     0
  2
DOCUMENT_STATUS
 70
     0
 74
     3
280
     1
  0
ATTRIB
  5
352
330
312
100
AcDbEntity
  8
TITLEBLOCK
100
AcDbText
 10
289.0
 20
38.5
 30
0.0
 40
3.5
  1

  7
FusionTitle
 11
289.0
 21
42.0
 31
0.0
100
AcDbAttribute
280
     0
  2
DOCUMENT_TYPE
 70
     0
 74
     3
280
     1
  0
ATTRIB
  5
353
330
312
100
AcDbEntity
  8
TITLEBLOCK
100
AcDbText
 10
409.007162
 20
48.5
 30
0.0
 40
3.5
  1

  7
FusionTitle
 72
     2
 11
409.007162
 21
52.0
 31
0.0
100
AcDbAttribute
280
     0
  2
APPROVED_DATE
 70
     0
 74
     3
280
     1
  0
ATTRIB
  5
354
330
312
100
AcDbEntity
  8
TITLEBLOCK
100
AcDbText
 10
328.967258
 20
48.5
 30
0.0
 40
3.5
  1
20.04.26
  7
FusionTitle
 72
     2
 11
348.0
 21
52.0
 31
0.0
100
AcDbAttribute
280
     0
  2
CREATED_DATE
 70
     0
 74
     3
280
     1
  0
ATTRIB
  5
355
330
312
100
AcDbEntity
  8
TITLEBLOCK
100
AcDbText
 10
399.101467
 20
11.35
 30
0.0
 40
3.5
  1
1/1
  7
FusionTitle
 72
     1
 11
402.5
 21
14.85
 31
0.0
100
AcDbAttribute
280
     0
  2
SHEET
 70
     0
 74
     3
280
     1
  0
ATTRIB
  5
356
330
312
100
AcDbEntity
  8
TITLEBLOCK
100
AcDbText
 10
289.0
 20
19.0
 30
0.0
 40
5.0
  1

  7
FusionTitle
 11
289.0
 21
24.0
 31
0.0
100
AcDbAttribute
280
     0
  2
TITLE_2
 70
     0
 74
     3
280
     1
  0
ATTRIB
  5
357
330
312
100
AcDbEntity
  8
TITLEBLOCK
100
AcDbText
 10
379.5
 20
24.751432
 30
0.0
 40
5.0
  1

  7
FusionTitle
 72
     1
 11
379.5
 21
29.751432
 31
0.0
100
AcDbAttribute
280
     0
  2
DRAWING_NUMBER
 70
     0
 74
     3
280
     1
  0
ATTRIB
  5
358
330
312
100
AcDbEntity
  8
TITLEBLOCK
100
AcDbText
 10
289.0
 20
26.5
 30
0.0
 40
5.0
  1
chest_1
  7
FusionTitle
 11
289.0
 21
31.5
 31
0.0
100
AcDbAttribute
280
     0
  2
TITLE_1
 70
     0
 74
     3
280
     1
  0
ATTRIB
  5
359
330
312
100
AcDbEntity
  8
TITLEBLOCK
100
AcDbText
 10
350.0
 20
48.5
 30
0.0
 40
3.5
  1

  7
FusionTitle
 11
350.0
 21
52.0
 31
0.0
100
AcDbAttribute
280
     0
  2
APPROVED_BY
 70
     0
 74
     3
280
     1
  0
ATTRIB
  5
35A
330
312
100
AcDbEntity
  8
TITLEBLOCK
100
AcDbText
 10
289.0
 20
48.5
 30
0.0
 40
3.5
  1
Shrikar Nakhye
  7
FusionTitle
 11
289.0
 21
52.0
 31
0.0
100
AcDbAttribute
280
     0
  2
CREATED_BY
 70
     0
 74
     3
280
     1
  0
ATTRIB
  5
35B
330
312
100
AcDbEntity
  8
TITLEBLOCK
100
AcDbText
 10
255.0
 20
48.5
 30
0.0
 40
3.5
  1

  7
FusionTitle
 11
255.0
 21
52.0
 31
0.0
100
AcDbAttribute
280
     0
  2
TECHNICAL_REFERENCE
 70
     0
 74
     3
280
     1
  0
ATTRIB
  5
35C
330
312
100
AcDbEntity
  8
TITLEBLOCK
100
AcDbText
 10
231.0
 20
48.5
 30
0.0
 40
3.5
  1

  7
FusionTitle
 11
231.0
 21
52.0
 31
0.0
100
AcDbAttribute
280
     0
  2
DEPT
 70
     0
 74
     3
280
     1
  0
SEQEND
  5
35D
330
312
100
AcDbEntity
  8
TITLEBLOCK
  0
INSERT
  5
35E
330
70
100
AcDbEntity
  8
Smart Centers
 48
0.75
100
AcDbBlockReference
  2
*U6
 10
274.320313
 20
180.070313
 30
0.0
  0
INSERT
  5
369
330
70
100
AcDbEntity
  8
Smart Centers
 48
0.75
100
AcDbBlockReference
  2
*U7
 10
274.320313
 20
185.070313
 30
0.0
  0
INSERT
  5
373
330
70
100
AcDbEntity
  8
Smart Centers
 48
0.75
100
AcDbBlockReference
  2
*U8
 10
298.320313
 20
185.070313
 30
0.0
  0
INSERT
  5
37D
330
70
100
AcDbEntity
  8
Smart Centers
 48
0.75
100
AcDbBlockReference
  2
*U9
 10
298.320313
 20
180.070313
 30
0.0
  0
INSERT
  5
387
330
70
100
AcDbEntity
  8
Smart Centers
 48
0.75
100
AcDbBlockReference
  2
*U10
 10
298.320313
 20
223.570313
 30
0.0
  0
INSERT
  5
391
330
70
100
AcDbEntity
  8
Smart Centers
 48
0.75
100
AcDbBlockReference
  2
*U11
 10
298.320313
 20
218.570313
 30
0.0
  0
INSERT
  5
39B
330
70
100
AcDbEntity
  8
Smart Centers
 48
0.75
100
AcDbBlockReference
  2
*U12
 10
274.320313
 20
218.570313
 30
0.0
  0
INSERT
  5
3A5
330
70
100
AcDbEntity
  8
Smart Centers
 48
0.75
100
AcDbBlockReference
  2
*U13
 10
274.320313
 20
223.570313
 30
0.0
  0
INSERT
  5
3AF
330
70
100
AcDbEntity
  8
Smart Centers
 48
0.75
100
AcDbBlockReference
  2
*U14
 10
141.03125
 20
198.820313
 30
0.0
  0
INSERT
  5
3B9
330
70
100
AcDbEntity
  8
Smart Centers
 48
0.75
100
AcDbBlockReference
  2
*U15
 10
141.03125
 20
204.320313
 30
0.0
  0
INSERT
  5
3C3
330
70
100
AcDbEntity
  8
Smart Centers
 48
0.75
100
AcDbBlockReference
  2
*U16
 10
116.03125
 20
198.820313
 30
0.0
  0
INSERT
  5
3CD
330
70
100
AcDbEntity
  8
Smart Centers
 48
0.75
100
AcDbBlockReference
  2
*U17
 10
116.03125
 20
204.320313
 30
0.0
  0
INSERT
  5
3D7
330
70
100
AcDbEntity
  8
Smart Centers
 48
0.75
100
AcDbBlockReference
  2
*U18
 10
253.820313
 20
97.351563
 30
0.0
  0
INSERT
  5
3E1
330
70
100
AcDbEntity
  8
Smart Centers
 48
0.75
100
AcDbBlockReference
  2
*U19
 10
253.820313
 20
92.351563
 30
0.0
  0
INSERT
  5
3EB
330
70
100
AcDbEntity
  8
Smart Centers
 48
0.75
100
AcDbBlockReference
  2
*U20
 10
228.820313
 20
97.351563
 30
0.0
  0
INSERT
  5
3F5
330
70
100
AcDbEntity
  8
Smart Centers
 48
0.75
100
AcDbBlockReference
  2
*U21
 10
228.820313
 20
92.351563
 30
0.0
  0
DIMENSION
  5
3FF
330
70
100
AcDbEntity
  8
FD_Dimensions
100
AcDbDimension
280
     0
  2
*D46
 10
300.820313
 20
132.484375
 30
0.0
 11
263.320313
 21
135.67138
 31
0.0
 70
    32
 71
     5
 42
150.0
 73
     0
 74
     0
 75
     0
  3
Dim-ISO-25
100
AcDbAlignedDimension
 13
225.820313
 23
174.320313
 33
0.0
 14
300.820313
 24
174.320313
 34
0.0
100
AcDbRotatedDimension
1001
FUSDOC_AUTODIM_XDATA
1070
     1
1071
        0
1071
     4000
1071
        1
1071
  1049604
1071
        0
1071
        0
1001
ACAD_DIMASSOC_CALC_DIMLFAC
1040
-2.0
1001
ACAD_DIMASSOC_DIMLFAC
1040
-2.0
1001
ACAD_DIMASSOC_OVERRIDDEN_DIMLFAC
1040
0.0
1001
AUTO_ARRANGE_XDATA
1070
     1
1071
        4
1040
41.835938
1040
0.0
1001
ACAD_DSTYLE_DIMJAG_POSITION
1070
   387
1070
     0
1070
   389
1010
0.0
1020
0.0
1030
0.0
1001
ACAD
1000
DSTYLE
1002
{
1070
   144
1040
2.0
1002
}
  0
DIMENSION
  5
40D
330
70
100
AcDbEntity
  8
FD_Dimensions
100
AcDbDimension
280
     0
  2
*D47
 10
200.890625
 20
231.820313
 30
0.0
 11
197.70362
 21
201.820313
 31
0.0
 70
    32
 71
     5
 42
120.0
 73
     0
 74
     0
 75
     0
  3
Dim-ISO-25
100
AcDbAlignedDimension
 13
226.320313
 23
171.820313
 33
0.0
 14
226.320313
 24
231.820313
 34
0.0
 50
90.0
100
AcDbRotatedDimension
1001
FUSDOC_AUTODIM_XDATA
1070
     1
1071
        0
1071
     4000
1071
        1
1071
  1049600
1071
        0
1071
        0
1001
ACAD_DIMASSOC_CALC_DIMLFAC
1040
-2.0
1001
ACAD_DIMASSOC_DIMLFAC
1040
-2.0
1001
ACAD_DIMASSOC_OVERRIDDEN_DIMLFAC
1040
0.0
1001
AUTO_ARRANGE_XDATA
1070
     1
1071
        7
1040
25.429688
1040
0.0
1001
ACAD_DSTYLE_DIMJAG_POSITION
1070
   387
1070
     0
1070
   389
1010
0.0
1020
0.0
1030
0.0
1001
ACAD
1000
DSTYLE
1002
{
1070
   144
1040
2.0
1002
}
  0
DIMENSION
  5
41A
330
70
100
AcDbEntity
  8
FD_Dimensions
100
AcDbDimension
280
     0
  2
*D48
 10
171.929688
 20
104.851563
 30
0.0
 11
168.742682
 21
89.851563
 31
0.0
 70
    32
 71
     5
 42
60.0
 73
     0
 74
     0
 75
     0
  3
Dim-ISO-25
100
AcDbAlignedDimension
 13
226.070313
 23
74.851563
 33
0.0
 14
226.070313
 24
104.851563
 34
0.0
 50
90.0
100
AcDbRotatedDimension
1001
FUSDOC_AUTODIM_XDATA
1070
     1
1071
        0
1071
     4000
1071
        1
1071
  1049616
1071
        0
1071
        0
1001
ACAD_DIMASSOC_CALC_DIMLFAC
1040
-2.0
1001
ACAD_DIMASSOC_DIMLFAC
1040
-2.0
1001
ACAD_DIMASSOC_OVERRIDDEN_DIMLFAC
1040
0.0
1001
AUTO_ARRANGE_XDATA
1070
     1
1071
        7
1040
54.140625
1040
0.0
1001
ACAD_DSTYLE_DIMJAG_POSITION
1070
   387
1070
     0
1070
   389
1010
0.0
1020
0.0
1030
0.0
1001
ACAD
1000
DSTYLE
1002
{
1070
   144
1040
2.0
1002
}
  0
DIMENSION
  5
427
330
70
100
AcDbEntity
  8
FD_Dimensions
100
AcDbDimension
280
     0
  2
*D49
 10
297.583683
 20
223.146193
 30
0.0
 11
311.850363
 21
231.360342
 31
0.0
 70
   163
 71
     5
 42
3.4
 73
     0
 74
     0
 75
     0
  3
Dim-ISO-25
100
AcDbDiametricDimension
 15
299.056942
 25
223.994432
 35
0.0
 40
0.0
1001
FUSDOC_AUTODIM_XDATA
1070
     1
1071
        0
1071
     3000
1071
        0
1071
       32
1071
        0
1071
        0
1001
ACAD_DIMASSOC_CALC_DIMLFAC
1040
-2.0
1001
ACAD_DIMASSOC_DIMLFAC
1040
-2.0
1001
ACAD_DIMASSOC_OVERRIDDEN_DIMLFAC
1040
0.0
1001
AUTO_ARRANGE_XDATA
1070
     2
1040
5.760782
1070
     0
1040
14.762393
1001
ACAD_DSTYLE_DIMJAG_POSITION
1070
   387
1070
     0
1070
   389
1010
0.0
1020
0.0
1030
0.0
1001
ACAD_DSTYLE_DIMRADIAL_EXTENSION
1070
   387
1070
     1
1070
   388
1040
0.0
1070
   390
1040
0.0
1001
ACAD
1000
DSTYLE
1002
{
1070
   144
1040
2.0
1002
}
  0
DIMENSION
  5
433
330
70
100
AcDbEntity
  8
FD_Dimensions
100
AcDbDimension
280
     0
  2
*D50
 10
297.795818
 20
223.861698
 30
0.0
 11
312.226247
 21
219.602573
 31
0.0
 70
    35
 71
     5
 42
2.4
 73
     0
 74
     0
 75
     0
  3
Dim-ISO-25
100
AcDbDiametricDimension
 15
298.844807
 25
223.278927
 35
0.0
 40
0.0
1001
FUSDOC_AUTODIM_XDATA
1070
     1
1071
        0
1071
     3000
1071
        0
1071
       32
1071
        0
1071
        0
1001
ACAD_DIMASSOC_CALC_DIMLFAC
1040
-2.0
1001
ACAD_DIMASSOC_DIMLFAC
1040
-2.0
1001
ACAD_DIMASSOC_OVERRIDDEN_DIMLFAC
1040
0.0
1001
AUTO_ARRANGE_XDATA
1070
     2
1040
0.507099
1070
     1
1040
13.482879
1001
ACAD_DSTYLE_DIMJAG_POSITION
1070
   387
1070
     0
1070
   389
1010
0.0
1020
0.0
1030
0.0
1001
ACAD_DSTYLE_DIMRADIAL_EXTENSION
1070
   387
1070
     1
1070
   388
1040
0.0
1070
   390
1040
0.0
1001
ACAD
1000
DSTYLE
1002
{
1070
   144
1040
2.0
1002
}
  0
DIMENSION
  5
43F
330
70
100
AcDbEntity
  8
FD_Dimensions
100
AcDbDimension
280
     0
  2
*D51
 10
253.511809
 20
96.808009
 30
0.0
 11
262.441468
 21
112.541218
 31
0.0
 70
   163
 71
     5
 42
2.5
 73
     0
 74
     0
 75
     0
  3
Dim-ISO-25
100
AcDbDiametricDimension
 15
254.128816
 25
97.895116
 35
0.0
 40
0.0
1001
FUSDOC_AUTODIM_XDATA
1070
     1
1071
        0
1071
     3000
1071
        0
1071
       32
1071
        0
1071
        0
1001
ACAD_DIMASSOC_CALC_DIMLFAC
1040
-2.0
1001
ACAD_DIMASSOC_DIMLFAC
1040
-2.0
1001
ACAD_DIMASSOC_OVERRIDDEN_DIMLFAC
1040
0.0
1001
AUTO_ARRANGE_XDATA
1070
     2
1040
5.22862
1070
     0
1040
16.84068
1001
ACAD_DSTYLE_DIMJAG_POSITION
1070
   387
1070
     0
1070
   389
1010
0.0
1020
0.0
1030
0.0
1001
ACAD_DSTYLE_DIMRADIAL_EXTENSION
1070
   387
1070
     1
1070
   388
1040
0.0
1070
   390
1040
0.0
1001
ACAD
1000
DSTYLE
1002
{
1070
   144
1040
2.0
1002
}
  0
DIMENSION
  5
44B
330
70
100
AcDbEntity
  8
FD_Dimensions
100
AcDbDimension
280
     0
  2
*D52
 10
116.447972
 20
203.579473
 30
0.0
 11
108.641126
 21
217.458312
 31
0.0
 70
   163
 71
     5
 42
3.4
 73
     0
 74
     0
 75
     0
  3
Dim-ISO-25
100
AcDbDiametricDimension
 15
115.614528
 25
205.061152
 35
0.0
 40
0.0
1001
FUSDOC_AUTODIM_XDATA
1070
     1
1071
        0
1071
     3000
1071
        0
1071
       32
1071
        0
1071
        0
1001
ACAD_DIMASSOC_CALC_DIMLFAC
1040
-2.0
1001
ACAD_DIMASSOC_DIMLFAC
1040
-2.0
1001
ACAD_DIMASSOC_OVERRIDDEN_DIMLFAC
1040
0.0
1001
AUTO_ARRANGE_XDATA
1070
     2
1040
4.2
1070
     0
1040
14.22385
1001
ACAD_DSTYLE_DIMJAG_POSITION
1070
   387
1070
     0
1070
   389
1010
0.0
1020
0.0
1030
0.0
1001
ACAD_DSTYLE_DIMRADIAL_EXTENSION
1070
   387
1070
     1
1070
   388
1040
0.0
1070
   390
1040
0.0
1001
ACAD
1000
DSTYLE
1002
{
1070
   144
1040
2.0
1002
}
  0
DIMENSION
  5
457
330
70
100
AcDbEntity
  8
FD_Dimensions
100
AcDbDimension
280
     0
  2
*D53
 10
116.567906
 20
204.588641
 30
0.0
 11
101.966093
 21
200.960353
 31
0.0
 70
    35
 71
     5
 42
2.4
 73
     0
 74
     0
 75
     0
  3
Dim-ISO-25
100
AcDbDiametricDimension
 15
115.494594
 25
204.051984
 35
0.0
 40
0.0
1001
FUSDOC_AUTODIM_XDATA
1070
     1
1071
        0
1071
     3000
1071
        0
1071
       32
1071
        0
1071
        0
1001
ACAD_DIMASSOC_CALC_DIMLFAC
1040
-2.0
1001
ACAD_DIMASSOC_DIMLFAC
1040
-2.0
1001
ACAD_DIMASSOC_OVERRIDDEN_DIMLFAC
1040
0.0
1001
AUTO_ARRANGE_XDATA
1070
     2
1040
2.677945
1070
     1
1040
13.482879
1001
ACAD_DSTYLE_DIMJAG_POSITION
1070
   387
1070
     0
1070
   389
1010
0.0
1020
0.0
1030
0.0
1001
ACAD_DSTYLE_DIMRADIAL_EXTENSION
1070
   387
1070
     1
1070
   388
1040
0.0
1070
   390
1040
0.0
1001
ACAD
1000
DSTYLE
1002
{
1070
   144
1040
2.0
1002
}
  0
DIMENSION
  5
463
330
70
100
AcDbEntity
  8
FD_Dimensions
100
AcDbDimension
280
     0
  2
*D54
 10
141.03125
 20
204.320313
 30
0.0
 11
127.183405
 21
212.517746
 31
0.0
 70
   164
 71
     5
 42
1.2
 73
     0
 74
     0
 75
     0
  3
Dim-ISO-25
100
AcDbRadialDimension
 15
140.514933
 25
204.625954
 35
0.0
 40
0.0
1001
FUSDOC_AUTODIM_XDATA
1070
     1
1071
        0
1071
     2000
1071
        0
1071
       32
1071
        0
1071
        0
1001
ACAD_DIMASSOC_CALC_DIMLFAC
1040
-2.0
1001
ACAD_DIMASSOC_DIMLFAC
1040
-2.0
1001
ACAD_DIMASSOC_OVERRIDDEN_DIMLFAC
1040
0.0
1001
AUTO_ARRANGE_XDATA
1070
     2
1040
3.676083
1070
     0
1040
15.492257
1001
ACAD_DSTYLE_DIMJAG_POSITION
1070
   387
1070
     0
1070
   389
1010
0.0
1020
0.0
1030
0.0
1001
ACAD_DSTYLE_DIMRADIAL_EXTENSION
1070
   387
1070
     1
1070
   388
1040
0.585686
1070
   390
1040
5.6975
1001
ACAD
1000
DSTYLE
1002
{
1070
   144
1040
2.0
1002
}
  0
DIMENSION
  5
46D
330
70
100
AcDbEntity
  8
FD_Dimensions
100
AcDbDimension
280
     0
  2
*D55
 10
298.320313
 20
142.0875
 30
0.0
 11
262.070313
 21
145.274505
 31
0.0
 70
    32
 71
     5
 42
145.0
 73
     0
 74
     0
 75
     0
  3
Dim-ISO-25
100
AcDbAlignedDimension
 13
225.820313
 23
172.320313
 33
0.0
 14
298.320313
 24
175.720313
 34
0.0
100
AcDbRotatedDimension
1001
FUSDOC_AUTODIM_XDATA
1070
     1
1071
        0
1071
     1500
1071
        0
1071
   132096
1071
        0
1071
        0
1001
ACAD_DIMASSOC_CALC_DIMLFAC
1040
-2.0
1001
ACAD_DIMASSOC_DIMLFAC
1040
-2.0
1001
ACAD_DIMASSOC_OVERRIDDEN_DIMLFAC
1040
0.0
1001
AUTO_ARRANGE_XDATA
1070
     1
1071
        4
1040
30.232813
1040
0.0
1001
ACAD_DSTYLE_DIMJAG_POSITION
1070
   387
1070
     0
1070
   389
1010
0.0
1020
0.0
1030
0.0
1001
ACAD
1000
DSTYLE
1002
{
1070
   144
1040
2.0
1002
}
  0
DIMENSION
  5
47A
330
70
100
AcDbEntity
  8
FD_Dimensions
100
AcDbDimension
280
     0
  2
*D56
 10
332.201563
 20
223.570313
 30
0.0
 11
329.013363
 21
197.695313
 31
0.0
 70
    32
 71
     5
 42
103.5
 73
     0
 74
     0
 75
     0
  3
Dim-ISO-25
100
AcDbAlignedDimension
 13
280.820313
 23
171.820313
 33
0.0
 14
302.670313
 24
223.570313
 34
0.0
 50
90.0
100
AcDbRotatedDimension
1001
ACAD_DIMASSOC_CALC_DIMLFAC
1040
-2.0
1001
ACAD_DIMASSOC_DIMLFAC
1040
-2.0
1001
ACAD_DIMASSOC_OVERRIDDEN_DIMLFAC
1040
0.0
1001
FUSDOC_AUTODIM_XDATA
1070
     1
1071
        0
1071
     1500
1071
        0
1071
   197632
1071
        0
1071
        0
1001
AUTO_ARRANGE_XDATA
1070
     1
1071
        4
1040
29.53125
1040
0.0
1001
ACAD_DSTYLE_DIMJAG_POSITION
1070
   387
1070
     0
1070
   389
1010
0.0
1020
0.0
1030
0.0
1001
ACAD
1000
DSTYLE
1002
{
1070
   144
1040
2.0
1002
}
  0
DIMENSION
  5
487
330
70
100
AcDbEntity
  8
FD_Dimensions
100
AcDbDimension
280
     0
  2
*D57
 10
276.070313
 20
152.140625
 30
0.0
 11
250.945313
 21
155.32763
 31
0.0
 70
    32
 71
     5
 42
100.5
 73
     0
 74
     0
 75
     0
  3
Dim-ISO-25
100
AcDbAlignedDimension
 13
225.820313
 23
172.320313
 33
0.0
 14
276.070313
 24
177.570313
 34
0.0
100
AcDbRotatedDimension
1001
FUSDOC_AUTODIM_XDATA
1070
     1
1071
        0
1071
     1500
1071
        0
1071
   132096
1071
        0
1071
        0
1001
ACAD_DIMASSOC_CALC_DIMLFAC
1040
-2.0
1001
ACAD_DIMASSOC_DIMLFAC
1040
-2.0
1001
ACAD_DIMASSOC_OVERRIDDEN_DIMLFAC
1040
0.0
1001
AUTO_ARRANGE_XDATA
1070
     1
1071
        4
1040
20.179688
1040
0.0
1001
ACAD_DSTYLE_DIMJAG_POSITION
1070
   387
1070
     0
1070
   389
1010
0.0
1020
0.0
1030
0.0
1001
ACAD
1000
DSTYLE
1002
{
1070
   144
1040
2.0
1002
}
  0
DIMENSION
  5
494
330
70
100
AcDbEntity
  8
FD_Dimensions
100
AcDbDimension
280
     0
  2
*D58
 10
274.320313
 20
161.775
 30
0.0
 11
250.070313
 21
164.962005
 31
0.0
 70
    32
 71
     5
 42
97.0
 73
     0
 74
     0
 75
     0
  3
Dim-ISO-25
100
AcDbAlignedDimension
 13
225.820313
 23
172.320313
 33
0.0
 14
274.320313
 24
175.720313
 34
0.0
100
AcDbRotatedDimension
1001
FUSDOC_AUTODIM_XDATA
1070
     1
1071
        0
1071
     1500
1071
        0
1071
   132096
1071
        0
1071
        0
1001
ACAD_DIMASSOC_CALC_DIMLFAC
1040
-2.0
1001
ACAD_DIMASSOC_DIMLFAC
1040
-2.0
1001
ACAD_DIMASSOC_OVERRIDDEN_DIMLFAC
1040
0.0
1001
AUTO_ARRANGE_XDATA
1070
     1
1071
        4
1040
10.545313
1040
0.0
1001
ACAD_DSTYLE_DIMJAG_POSITION
1070
   387
1070
     0
1070
   389
1010
0.0
1020
0.0
1030
0.0
1001
ACAD
1000
DSTYLE
1002
{
1070
   144
1040
2.0
1002
}
  0
DIMENSION
  5
4A1
330
70
100
AcDbEntity
  8
FD_Dimensions
100
AcDbDimension
280
     0
  2
*D59
 10
215.829688
 20
218.570313
 30
0.0
 11
212.641488
 21
195.195313
 31
0.0
 70
    32
 71
     5
 42
93.5
 73
     0
 74
     0
 75
     0
  3
Dim-ISO-25
100
AcDbAlignedDimension
 13
226.320313
 23
171.820313
 33
0.0
 14
269.970313
 24
218.570313
 34
0.0
 50
90.0
100
AcDbRotatedDimension
1001
ACAD_DIMASSOC_CALC_DIMLFAC
1040
-2.0
1001
ACAD_DIMASSOC_DIMLFAC
1040
-2.0
1001
ACAD_DIMASSOC_OVERRIDDEN_DIMLFAC
1040
0.0
1001
FUSDOC_AUTODIM_XDATA
1070
     1
1071
        0
1071
     1500
1071
        0
1071
   197632
1071
        0
1071
        0
1001
AUTO_ARRANGE_XDATA
1070
     1
1071
        7
1040
10.490625
1040
0.0
1001
ACAD_DSTYLE_DIMJAG_POSITION
1070
   387
1070
     0
1070
   389
1010
0.0
1020
0.0
1030
0.0
1001
ACAD
1000
DSTYLE
1002
{
1070
   144
1040
2.0
1002
}
  0
DIMENSION
  5
4AE
330
70
100
AcDbEntity
  8
FD_Dimensions
100
AcDbDimension
280
     0
  2
*D60
 10
321.5
 20
215.570313
 30
0.0
 11
318.312995
 21
193.695313
 31
0.0
 70
    32
 71
     5
 42
87.5
 73
     0
 74
     0
 75
     0
  3
Dim-ISO-25
100
AcDbAlignedDimension
 13
280.820313
 23
171.820313
 33
0.0
 14
296.070313
 24
215.570313
 34
0.0
 50
90.0
100
AcDbRotatedDimension
1001
ACAD_DIMASSOC_CALC_DIMLFAC
1040
-2.0
1001
ACAD_DIMASSOC_DIMLFAC
1040
-2.0
1001
ACAD_DIMASSOC_OVERRIDDEN_DIMLFAC
1040
0.0
1001
FUSDOC_AUTODIM_XDATA
1070
     1
1071
        0
1071
     1500
1071
        0
1071
   132096
1071
        0
1071
        0
1001
AUTO_ARRANGE_XDATA
1070
     1
1071
        4
1040
25.429688
1040
0.0
1001
ACAD_DSTYLE_DIMJAG_POSITION
1070
   387
1070
     0
1070
   389
1010
0.0
1020
0.0
1030
0.0
1001
ACAD
1000
DSTYLE
1002
{
1070
   144
1040
2.0
1002
}
  0
DIMENSION
  5
4BB
330
70
100
AcDbEntity
  8
FD_Dimensions
100
AcDbDimension
280
     0
  2
*D61
 10
310.835938
 20
177.070313
 30
0.0
 11
307.648932
 21
189.864412
 31
0.0
 70
    32
 71
     5
 42
10.5
 73
     0
 74
     0
 75
     0
  3
Dim-ISO-25
100
AcDbAlignedDimension
 13
280.820313
 23
171.820313
 33
0.0
 14
296.070313
 24
177.070313
 34
0.0
 50
90.0
100
AcDbRotatedDimension
1001
ACAD_DIMASSOC_CALC_DIMLFAC
1040
-2.0
1001
ACAD_DIMASSOC_DIMLFAC
1040
-2.0
1001
ACAD_DIMASSOC_OVERRIDDEN_DIMLFAC
1040
0.0
1001
FUSDOC_AUTODIM_XDATA
1070
     1
1071
        0
1071
     1500
1071
        0
1071
   197632
1071
        0
1071
        0
1001
AUTO_ARRANGE_XDATA
1070
     1
1071
        4
1040
14.765625
1040
0.0
1001
ACAD_DSTYLE_DIMJAG_POSITION
1070
   387
1070
     0
1070
   389
1010
0.0
1020
0.0
1030
0.0
1001
ACAD
1000
DSTYLE
1002
{
1070
   144
1040
2.0
1002
}
  0
DIMENSION
  5
4CA
330
70
100
AcDbEntity
  8
FD_Dimensions
100
AcDbDimension
280
     0
  2
*D62
 10
154.014062
 20
204.320313
 30
0.0
 11
150.827057
 21
188.070313
 31
0.0
 70
    32
 71
     5
 42
65.0
 73
     0
 74
     0
 75
     0
  3
Dim-ISO-25
100
AcDbAlignedDimension
 13
143.53125
 23
171.820313
 33
0.0
 14
120.38125
 24
204.320313
 34
0.0
 50
90.0
100
AcDbRotatedDimension
1001
ACAD_DIMASSOC_CALC_DIMLFAC
1040
-2.0
1001
ACAD_DIMASSOC_DIMLFAC
1040
-2.0
1001
ACAD_DIMASSOC_OVERRIDDEN_DIMLFAC
1040
0.0
1001
FUSDOC_AUTODIM_XDATA
1070
     1
1071
        0
1071
     1500
1071
        0
1071
   132096
1071
        0
1071
        0
1001
AUTO_ARRANGE_XDATA
1070
     1
1071
        4
1040
10.482812
1040
0.0
1001
ACAD_DSTYLE_DIMJAG_POSITION
1070
   387
1070
     0
1070
   389
1010
0.0
1020
0.0
1030
0.0
1001
ACAD
1000
DSTYLE
1002
{
1070
   144
1040
2.0
1002
}
  0
DIMENSION
  5
4D7
330
70
100
AcDbEntity
  8
FD_Dimensions
100
AcDbDimension
280
     0
  2
*D63
 10
253.820313
 20
114.601563
 30
0.0
 11
239.820313
 21
117.788568
 31
0.0
 70
    32
 71
     5
 42
56.0
 73
     0
 74
     0
 75
     0
  3
Dim-ISO-25
100
AcDbAlignedDimension
 13
225.820313
 23
104.601563
 33
0.0
 14
253.820313
 24
101.476563
 34
0.0
100
AcDbRotatedDimension
1001
ACAD_DIMASSOC_CALC_DIMLFAC
1040
-2.0
1001
ACAD_DIMASSOC_DIMLFAC
1040
-2.0
1001
ACAD_DIMASSOC_OVERRIDDEN_DIMLFAC
1040
0.0
1001
FUSDOC_AUTODIM_XDATA
1070
     1
1071
        0
1071
     1500
1071
        0
1071
   132096
1071
        0
1071
        0
1001
AUTO_ARRANGE_XDATA
1070
     1
1071
        7
1040
10.0
1040
0.0
1001
ACAD_DSTYLE_DIMJAG_POSITION
1070
   387
1070
     0
1070
   389
1010
0.0
1020
0.0
1030
0.0
1001
ACAD
1000
DSTYLE
1002
{
1070
   144
1040
2.0
1002
}
  0
DIMENSION
  5
4E4
330
70
100
AcDbEntity
  8
FD_Dimensions
100
AcDbDimension
280
     0
  2
*D64
 10
88.389062
 20
198.820313
 30
0.0
 11
85.209219
 21
185.320313
 31
0.0
 70
    32
 71
     5
 42
54.0
 73
     0
 74
     0
 75
     0
  3
Dim-ISO-25
100
AcDbAlignedDimension
 13
126.53125
 23
171.820313
 33
0.0
 14
120.38125
 24
198.820313
 34
0.0
 50
90.0
100
AcDbRotatedDimension
1001
FUSDOC_AUTODIM_XDATA
1070
     1
1071
        0
1071
     1500
1071
        0
1071
   132096
1071
        0
1071
        0
1001
ACAD_DIMASSOC_CALC_DIMLFAC
1040
-2.0
1001
ACAD_DIMASSOC_DIMLFAC
1040
-2.0
1001
ACAD_DIMASSOC_OVERRIDDEN_DIMLFAC
1040
0.0
1001
AUTO_ARRANGE_XDATA
1070
     1
1071
        7
1040
31.992188
1040
0.0
1001
ACAD_DSTYLE_DIMJAG_POSITION
1070
   387
1070
     0
1070
   389
1010
0.0
1020
0.0
1030
0.0
1001
ACAD
1000
DSTYLE
1002
{
1070
   144
1040
2.0
1002
}
  0
DIMENSION
  5
4F1
330
70
100
AcDbEntity
  8
FD_Dimensions
100
AcDbDimension
280
     0
  2
*D65
 10
103.515625
 20
196.070313
 30
0.0
 11
100.32862
 21
183.945313
 31
0.0
 70
    32
 71
     5
 42
48.5
 73
     0
 74
     0
 75
     0
  3
Dim-ISO-25
100
AcDbAlignedDimension
 13
126.53125
 23
171.820313
 33
0.0
 14
118.28125
 24
196.070313
 34
0.0
 50
90.0
100
AcDbRotatedDimension
1001
ACAD_DIMASSOC_CALC_DIMLFAC
1040
-2.0
1001
ACAD_DIMASSOC_DIMLFAC
1040
-2.0
1001
ACAD_DIMASSOC_OVERRIDDEN_DIMLFAC
1040
0.0
1001
FUSDOC_AUTODIM_XDATA
1070
     1
1071
        0
1071
     1500
1071
        0
1071
   132096
1071
        0
1071
        0
1001
AUTO_ARRANGE_XDATA
1070
     1
1071
        7
1040
14.765625
1040
0.0
1001
ACAD_DSTYLE_DIMJAG_POSITION
1070
   387
1070
     0
1070
   389
1010
0.0
1020
0.0
1030
0.0
1001
ACAD
1000
DSTYLE
1002
{
1070
   144
1040
2.0
1002
}
  0
DIMENSION
  5
4FE
330
70
100
AcDbEntity
  8
FD_Dimensions
100
AcDbDimension
280
     0
  2
*D66
 10
186.140625
 20
97.351563
 30
0.0
 11
182.960782
 21
86.101563
 31
0.0
 70
    32
 71
     5
 42
45.0
 73
     0
 74
     0
 75
     0
  3
Dim-ISO-25
100
AcDbAlignedDimension
 13
226.070313
 23
74.851563
 33
0.0
 14
224.695313
 24
97.351563
 34
0.0
 50
90.0
100
AcDbRotatedDimension
1001
FUSDOC_AUTODIM_XDATA
1070
     1
1071
        0
1071
     1500
1071
        0
1071
   132096
1071
        0
1071
        0
1001
ACAD_DIMASSOC_CALC_DIMLFAC
1040
-2.0
1001
ACAD_DIMASSOC_DIMLFAC
1040
-2.0
1001
ACAD_DIMASSOC_OVERRIDDEN_DIMLFAC
1040
0.0
1001
AUTO_ARRANGE_XDATA
1070
     1
1071
        7
1040
38.554688
1040
0.0
1001
ACAD_DSTYLE_DIMJAG_POSITION
1070
   387
1070
     0
1070
   389
1010
0.0
1020
0.0
1030
0.0
1001
ACAD
1000
DSTYLE
1002
{
1070
   144
1040
2.0
1002
}
  0
DIMENSION
  5
50B
330
70
100
AcDbEntity
  8
FD_Dimensions
100
AcDbDimension
280
     0
  2
*D67
 10
200.90625
 20
92.351563
 30
0.0
 11
197.718051
 21
83.601563
 31
0.0
 70
    32
 71
     5
 42
35.0
 73
     0
 74
     0
 75
     0
  3
Dim-ISO-25
100
AcDbAlignedDimension
 13
226.070313
 23
74.851563
 33
0.0
 14
224.695313
 24
92.351563
 34
0.0
 50
90.0
100
AcDbRotatedDimension
1001
FUSDOC_AUTODIM_XDATA
1070
     1
1071
        0
1071
     1500
1071
        0
1071
   132096
1071
        0
1071
        0
1001
ACAD_DIMASSOC_CALC_DIMLFAC
1040
-2.0
1001
ACAD_DIMASSOC_DIMLFAC
1040
-2.0
1001
ACAD_DIMASSOC_OVERRIDDEN_DIMLFAC
1040
0.0
1001
AUTO_ARRANGE_XDATA
1070
     1
1071
        7
1040
23.789063
1040
0.0
1001
ACAD_DSTYLE_DIMJAG_POSITION
1070
   387
1070
     0
1070
   389
1010
0.0
1020
0.0
1030
0.0
1001
ACAD
1000
DSTYLE
1002
{
1070
   144
1040
2.0
1002
}
  0
DIMENSION
  5
518
330
70
100
AcDbEntity
  8
FD_Dimensions
100
AcDbDimension
280
     0
  2
*D68
 10
216.054688
 20
89.601563
 30
0.0
 11
212.867682
 21
82.226563
 31
0.0
 70
    32
 71
     5
 42
29.5
 73
     0
 74
     0
 75
     0
  3
Dim-ISO-25
100
AcDbAlignedDimension
 13
226.070313
 23
74.851563
 33
0.0
 14
230.820313
 24
89.601563
 34
0.0
 50
90.0
100
AcDbRotatedDimension
1001
FUSDOC_AUTODIM_XDATA
1070
     1
1071
        0
1071
     1500
1071
        0
1071
   132096
1071
        0
1071
        0
1001
ACAD_DIMASSOC_CALC_DIMLFAC
1040
-2.0
1001
ACAD_DIMASSOC_DIMLFAC
1040
-2.0
1001
ACAD_DIMASSOC_OVERRIDDEN_DIMLFAC
1040
0.0
1001
AUTO_ARRANGE_XDATA
1070
     1
1071
        7
1040
10.015625
1040
0.0
1001
ACAD_DSTYLE_DIMJAG_POSITION
1070
   387
1070
     0
1070
   389
1010
0.0
1020
0.0
1030
0.0
1001
ACAD
1000
DSTYLE
1002
{
1070
   144
1040
2.0
1002
}
  0
DIMENSION
  5
525
330
70
100
AcDbEntity
  8
FD_Dimensions
100
AcDbDimension
280
     0
  2
*D69
 10
230.820313
 20
64.171875
 30
0.0
 11
241.556431
 21
67.35888
 31
0.0
 70
    32
 71
     5
 42
10.0
 73
     0
 74
     0
 75
     0
  3
Dim-ISO-25
100
AcDbAlignedDimension
 13
225.820313
 23
75.101563
 33
0.0
 14
230.820313
 24
89.601563
 34
0.0
100
AcDbRotatedDimension
1001
ACAD_DIMASSOC_CALC_DIMLFAC
1040
-2.0
1001
ACAD_DIMASSOC_DIMLFAC
1040
-2.0
1001
ACAD_DIMASSOC_OVERRIDDEN_DIMLFAC
1040
0.0
1001
FUSDOC_AUTODIM_XDATA
1070
     1
1071
        0
1071
     1500
1071
        0
1071
   132096
1071
        0
1071
        0
1001
AUTO_ARRANGE_XDATA
1070
     1
1071
        4
1040
10.929687
1040
0.0
1001
ACAD_DSTYLE_DIMJAG_POSITION
1070
   387
1070
     0
1070
   389
1010
0.0
1020
0.0
1030
0.0
1001
ACAD
1000
DSTYLE
1002
{
1070
   144
1040
2.0
1002
}
  0
LINE
  5
8CE
330
70
100
AcDbEntity
  8
Visible
100
AcDbLine
 10
227.820313
 20
209.570312
 30
0.0
 11
227.820313
 21
194.070312
 31
0.0
  0
LINE
  5
8CF
330
70
100
AcDbEntity
  8
Visible
100
AcDbLine
 10
225.820313
 20
172.320312
 30
0.0
 11
225.820313
 21
173.320312
 31
0.0
  0
LINE
  5
8D0
330
70
100
AcDbEntity
  8
Visible
100
AcDbLine
 10
225.820313
 20
174.320312
 30
0.0
 11
225.820313
 21
173.320312
 31
0.0
  0
LINE
  5
8D1
330
70
100
AcDbEntity
  8
Visible
100
AcDbLine
 10
225.820313
 20
174.320312
 30
0.0
 11
225.820313
 21
194.070312
 31
0.0
  0
LINE
  5
8D2
330
70
100
AcDbEntity
  8
Visible
100
AcDbLine
 10
225.820313
 20
194.070312
 30
0.0
 11
225.820313
 21
209.570312
 31
0.0
  0
LINE
  5
8D3
330
70
100
AcDbEntity
  8
Visible
100
AcDbLine
 10
225.820313
 20
209.570312
 30
0.0
 11
225.820313
 21
229.320312
 31
0.0
  0
LINE
  5
8D4
330
70
100
AcDbEntity
  8
Visible
100
AcDbLine
 10
225.820313
 20
230.320312
 30
0.0
 11
225.820313
 21
229.320312
 31
0.0
  0
LINE
  5
8D5
330
70
100
AcDbEntity
  8
Visible
100
AcDbLine
 10
225.820313
 20
230.320312
 30
0.0
 11
225.820313
 21
231.320312
 31
0.0
  0
LINE
  5
8D6
330
70
100
AcDbEntity
  8
Hidden
100
AcDbLine
 10
226.070313
 20
193.820312
 30
0.0
 11
225.820313
 21
193.820312
 31
0.0
  0
LINE
  5
8D7
330
70
100
AcDbEntity
  8
Hidden
100
AcDbLine
 10
226.320313
 20
172.320312
 30
0.0
 11
226.070313
 21
172.070312
 31
0.0
  0
LINE
  5
8D8
330
70
100
AcDbEntity
  8
Visible
100
AcDbLine
 10
226.320313
 20
174.320312
 30
0.0
 11
225.820313
 21
174.320312
 31
0.0
  0
LINE
  5
8D9
330
70
100
AcDbEntity
  8
Visible
100
AcDbLine
 10
226.320313
 20
193.820312
 30
0.0
 11
226.320313
 21
174.320312
 31
0.0
  0
LINE
  5
8DA
330
70
100
AcDbEntity
  8
Visible
100
AcDbLine
 10
300.820313
 20
229.320312
 30
0.0
 11
300.820313
 21
229.570312
 31
0.0
  0
LINE
  5
8DB
330
70
100
AcDbEntity
  8
Visible
100
AcDbLine
 10
300.820313
 20
229.320312
 30
0.0
 11
300.820313
 21
174.320312
 31
0.0
  0
LINE
  5
8DC
330
70
100
AcDbEntity
  8
Visible
100
AcDbLine
 10
300.820313
 20
173.820312
 30
0.0
 11
300.820313
 21
174.320312
 31
0.0
  0
LINE
  5
8DD
330
70
100
AcDbEntity
  8
Hidden
100
AcDbLine
 10
300.320313
 20
229.570312
 30
0.0
 11
300.820313
 21
229.570312
 31
0.0
  0
LINE
  5
8DE
330
70
100
AcDbEntity
  8
Hidden
100
AcDbLine
 10
280.570313
 20
229.820312
 30
0.0
 11
280.570313
 21
229.570312
 31
0.0
  0
LINE
  5
8DF
330
70
100
AcDbEntity
  8
Hidden
100
AcDbLine
 10
280.570313
 20
229.570312
 30
0.0
 11
300.320313
 21
229.570312
 31
0.0
  0
LINE
  5
8E0
330
70
100
AcDbEntity
  8
Visible
100
AcDbLine
 10
280.820313
 20
171.820312
 30
0.0
 11
226.320313
 21
171.820312
 31
0.0
  0
LINE
  5
8E1
330
70
100
AcDbEntity
  8
Visible
100
AcDbLine
 10
280.820313
 20
173.320312
 30
0.0
 11
280.820313
 21
172.320312
 31
0.0
  0
LINE
  5
8E2
330
70
100
AcDbEntity
  8
Visible
100
AcDbLine
 10
280.820313
 20
173.320312
 30
0.0
 11
226.320313
 21
173.320312
 31
0.0
  0
LINE
  5
8E3
330
70
100
AcDbEntity
  8
Visible
100
AcDbLine
 10
226.320313
 20
173.320312
 30
0.0
 11
226.320313
 21
172.320312
 31
0.0
  0
LINE
  5
8E4
330
70
100
AcDbEntity
  8
Visible
100
AcDbLine
 10
226.320313
 20
172.320312
 30
0.0
 11
280.820313
 21
172.320312
 31
0.0
  0
LINE
  5
8E5
330
70
100
AcDbEntity
  8
Visible
100
AcDbLine
 10
226.320313
 20
173.820312
 30
0.0
 11
280.820313
 21
173.820312
 31
0.0
  0
LINE
  5
8E6
330
70
100
AcDbEntity
  8
Visible
100
AcDbLine
 10
300.320313
 20
173.820312
 30
0.0
 11
300.320313
 21
174.320312
 31
0.0
  0
LINE
  5
8E7
330
70
100
AcDbEntity
  8
Visible
100
AcDbLine
 10
300.320313
 20
173.820312
 30
0.0
 11
300.820313
 21
173.820312
 31
0.0
  0
LINE
  5
8E8
330
70
100
AcDbEntity
  8
Visible
100
AcDbLine
 10
300.820313
 20
174.320312
 30
0.0
 11
300.320313
 21
174.320312
 31
0.0
  0
LINE
  5
8E9
330
70
100
AcDbEntity
  8
Visible
100
AcDbLine
 10
280.820313
 20
173.320312
 30
0.0
 11
280.820313
 21
173.820312
 31
0.0
  0
LINE
  5
8EA
330
70
100
AcDbEntity
  8
Visible
100
AcDbLine
 10
226.320313
 20
173.320312
 30
0.0
 11
226.320313
 21
173.820312
 31
0.0
  0
LINE
  5
8EB
330
70
100
AcDbEntity
  8
Visible
100
AcDbLine
 10
280.820313
 20
171.820312
 30
0.0
 11
280.820313
 21
172.320312
 31
0.0
  0
LINE
  5
8EC
330
70
100
AcDbEntity
  8
Visible
100
AcDbLine
 10
226.320313
 20
171.820312
 30
0.0
 11
226.320313
 21
172.320312
 31
0.0
  0
LINE
  5
8ED
330
70
100
AcDbEntity
  8
Visible
100
AcDbLine
 10
300.820313
 20
229.570312
 30
0.0
 11
300.570313
 21
229.820312
 31
0.0
  0
LINE
  5
8EE
330
70
100
AcDbEntity
  8
Visible
100
AcDbLine
 10
300.570313
 20
229.820312
 30
0.0
 11
300.320313
 21
229.820312
 31
0.0
  0
LINE
  5
8EF
330
70
100
AcDbEntity
  8
Visible
100
AcDbLine
 10
300.320313
 20
229.320312
 30
0.0
 11
300.320313
 21
229.820312
 31
0.0
  0
LINE
  5
8F0
330
70
100
AcDbEntity
  8
Visible
100
AcDbLine
 10
300.820313
 20
229.320312
 30
0.0
 11
300.320313
 21
229.320312
 31
0.0
  0
LINE
  5
8F1
330
70
100
AcDbEntity
  8
Visible
100
AcDbLine
 10
228.320313
 20
209.070312
 30
0.0
 11
228.320313
 21
194.570312
 31
0.0
  0
LINE
  5
8F2
330
70
100
AcDbEntity
  8
Visible
100
AcDbLine
 10
226.320313
 20
174.320312
 30
0.0
 11
300.320313
 21
174.320312
 31
0.0
  0
LINE
  5
8F3
330
70
100
AcDbEntity
  8
Visible
100
AcDbLine
 10
300.320313
 20
174.320312
 30
0.0
 11
300.320313
 21
229.320312
 31
0.0
  0
LINE
  5
8F4
330
70
100
AcDbEntity
  8
Visible
100
AcDbLine
 10
300.320313
 20
229.320312
 30
0.0
 11
226.320313
 21
229.320312
 31
0.0
  0
LINE
  5
8F5
330
70
100
AcDbEntity
  8
Visible
100
AcDbLine
 10
226.320313
 20
229.320312
 30
0.0
 11
226.320313
 21
209.820312
 31
0.0
  0
CIRCLE
  5
8F6
330
70
100
AcDbEntity
  8
Visible
100
AcDbCircle
 10
274.320313
 20
180.070312
 30
0.0
 40
0.8500000000000039
  0
CIRCLE
  5
8F7
330
70
100
AcDbEntity
  8
Visible
100
AcDbCircle
 10
274.320313
 20
185.070312
 30
0.0
 40
0.8500000000000039
  0
CIRCLE
  5
8F8
330
70
100
AcDbEntity
  8
Visible
100
AcDbCircle
 10
298.320313
 20
185.070312
 30
0.0
 40
0.8500000000000072
  0
CIRCLE
  5
8F9
330
70
100
AcDbEntity
  8
Visible
100
AcDbCircle
 10
298.320313
 20
180.070312
 30
0.0
 40
0.8500000000000072
  0
LINE
  5
8FA
330
70
100
AcDbEntity
  8
Visible
100
AcDbLine
 10
276.070313
 20
216.070312
 30
0.0
 11
276.570313
 21
215.570312
 31
0.0
  0
LINE
  5
8FB
330
70
100
AcDbEntity
  8
Visible
100
AcDbLine
 10
276.070313
 20
216.070312
 30
0.0
 11
276.070313
 21
226.070312
 31
0.0
  0
LINE
  5
8FC
330
70
100
AcDbEntity
  8
Visible
100
AcDbLine
 10
276.570313
 20
226.570312
 30
0.0
 11
276.070313
 21
226.070312
 31
0.0
  0
LINE
  5
8FD
330
70
100
AcDbEntity
  8
Visible
100
AcDbLine
 10
276.570313
 20
226.570312
 30
0.0
 11
296.070313
 21
226.570312
 31
0.0
  0
LINE
  5
8FE
330
70
100
AcDbEntity
  8
Visible
100
AcDbLine
 10
296.570313
 20
226.070312
 30
0.0
 11
296.070313
 21
226.570312
 31
0.0
  0
LINE
  5
8FF
330
70
100
AcDbEntity
  8
Visible
100
AcDbLine
 10
296.570313
 20
226.070312
 30
0.0
 11
296.570313
 21
216.070312
 31
0.0
  0
LINE
  5
900
330
70
100
AcDbEntity
  8
Visible
100
AcDbLine
 10
296.070313
 20
215.570312
 30
0.0
 11
296.570313
 21
216.070312
 31
0.0
  0
LINE
  5
901
330
70
100
AcDbEntity
  8
Visible
100
AcDbLine
 10
296.070313
 20
215.570312
 30
0.0
 11
276.570313
 21
215.570312
 31
0.0
  0
CIRCLE
  5
902
330
70
100
AcDbEntity
  8
Visible
100
AcDbCircle
 10
298.320313
 20
223.570312
 30
0.0
 40
0.8500000000000039
  0
CIRCLE
  5
903
330
70
100
AcDbEntity
  8
Visible
100
AcDbCircle
 10
298.320313
 20
218.570312
 30
0.0
 40
0.8500000000000039
  0
CIRCLE
  5
904
330
70
100
AcDbEntity
  8
Visible
100
AcDbCircle
 10
274.320313
 20
218.570312
 30
0.0
 40
0.8500000000000039
  0
CIRCLE
  5
905
330
70
100
AcDbEntity
  8
Visible
100
AcDbCircle
 10
274.320313
 20
223.570312
 30
0.0
 40
0.8500000000000039
  0
LINE
  5
906
330
70
100
AcDbEntity
  8
Visible
100
AcDbLine
 10
276.570313
 20
188.070312
 30
0.0
 11
276.070313
 21
187.570312
 31
0.0
  0
LINE
  5
907
330
70
100
AcDbEntity
  8
Visible
100
AcDbLine
 10
276.570313
 20
188.070312
 30
0.0
 11
296.070313
 21
188.070312
 31
0.0
  0
LINE
  5
908
330
70
100
AcDbEntity
  8
Visible
100
AcDbLine
 10
296.570313
 20
187.570312
 30
0.0
 11
296.070313
 21
188.070312
 31
0.0
  0
LINE
  5
909
330
70
100
AcDbEntity
  8
Visible
100
AcDbLine
 10
296.570313
 20
187.570312
 30
0.0
 11
296.570313
 21
177.570312
 31
0.0
  0
LINE
  5
90A
330
70
100
AcDbEntity
  8
Visible
100
AcDbLine
 10
296.070313
 20
177.070312
 30
0.0
 11
296.570313
 21
177.570312
 31
0.0
  0
LINE
  5
90B
330
70
100
AcDbEntity
  8
Visible
100
AcDbLine
 10
296.070313
 20
177.070312
 30
0.0
 11
276.570313
 21
177.070312
 31
0.0
  0
LINE
  5
90C
330
70
100
AcDbEntity
  8
Visible
100
AcDbLine
 10
276.070313
 20
177.570312
 30
0.0
 11
276.570313
 21
177.070312
 31
0.0
  0
LINE
  5
90D
330
70
100
AcDbEntity
  8
Visible
100
AcDbLine
 10
276.070313
 20
177.570312
 30
0.0
 11
276.070313
 21
187.570312
 31
0.0
  0
LINE
  5
90E
330
70
100
AcDbEntity
  8
Visible
100
AcDbLine
 10
226.320313
 20
231.820312
 30
0.0
 11
280.570313
 21
231.820312
 31
0.0
  0
LINE
  5
90F
330
70
100
AcDbEntity
  8
Visible
100
AcDbLine
 10
226.320313
 20
230.320312
 30
0.0
 11
280.570313
 21
230.320312
 31
0.0
  0
LINE
  5
910
330
70
100
AcDbEntity
  8
Visible
100
AcDbLine
 10
280.570313
 20
230.320312
 30
0.0
 11
280.570313
 21
231.320312
 31
0.0
  0
LINE
  5
911
330
70
100
AcDbEntity
  8
Visible
100
AcDbLine
 10
280.570313
 20
231.320312
 30
0.0
 11
226.320313
 21
231.320312
 31
0.0
  0
LINE
  5
912
330
70
100
AcDbEntity
  8
Visible
100
AcDbLine
 10
226.320313
 20
231.320312
 30
0.0
 11
226.320313
 21
230.320312
 31
0.0
  0
LINE
  5
913
330
70
100
AcDbEntity
  8
Visible
100
AcDbLine
 10
280.570313
 20
229.820312
 30
0.0
 11
226.320313
 21
229.820312
 31
0.0
  0
LINE
  5
914
330
70
100
AcDbEntity
  8
Hidden
100
AcDbLine
 10
251.820313
 20
171.820312
 30
0.0
 11
251.820313
 21
173.820312
 31
0.0
  0
LINE
  5
915
330
70
100
AcDbEntity
  8
Hidden
100
AcDbLine
 10
230.820313
 20
171.820312
 30
0.0
 11
230.820313
 21
173.820312
 31
0.0
  0
LINE
  5
916
330
70
100
AcDbEntity
  8
Hidden
100
AcDbLine
 10
251.820313
 20
229.820312
 30
0.0
 11
251.820313
 21
231.820312
 31
0.0
  0
LINE
  5
917
330
70
100
AcDbEntity
  8
Hidden
100
AcDbLine
 10
230.820313
 20
229.820312
 30
0.0
 11
230.820313
 21
231.820312
 31
0.0
  0
LINE
  5
918
330
70
100
AcDbEntity
  8
Hidden
100
AcDbLine
 10
225.820313
 20
209.820312
 30
0.0
 11
226.070313
 21
209.820312
 31
0.0
  0
LINE
  5
919
330
70
100
AcDbEntity
  8
Hidden
100
AcDbLine
 10
226.320313
 20
231.320312
 30
0.0
 11
226.070313
 21
231.570312
 31
0.0
  0
LINE
  5
91A
330
70
100
AcDbEntity
  8
Visible
100
AcDbLine
 10
226.320313
 20
231.820312
 30
0.0
 11
225.820313
 21
231.320312
 31
0.0
  0
LINE
  5
91B
330
70
100
AcDbEntity
  8
Visible
100
AcDbLine
 10
280.570313
 20
231.320312
 30
0.0
 11
280.570313
 21
231.820312
 31
0.0
  0
LINE
  5
91C
330
70
100
AcDbEntity
  8
Visible
100
AcDbLine
 10
226.320313
 20
231.320312
 30
0.0
 11
226.320313
 21
231.820312
 31
0.0
  0
LINE
  5
91D
330
70
100
AcDbEntity
  8
Visible
100
AcDbLine
 10
226.320313
 20
231.320312
 30
0.0
 11
225.820313
 21
231.320312
 31
0.0
  0
LINE
  5
91E
330
70
100
AcDbEntity
  8
Visible
100
AcDbLine
 10
226.320313
 20
230.320312
 30
0.0
 11
225.820313
 21
230.320312
 31
0.0
  0
LINE
  5
91F
330
70
100
AcDbEntity
  8
Visible
100
AcDbLine
 10
280.570313
 20
229.820312
 30
0.0
 11
280.570313
 21
230.320312
 31
0.0
  0
LINE
  5
920
330
70
100
AcDbEntity
  8
Visible
100
AcDbLine
 10
226.320313
 20
229.820312
 30
0.0
 11
226.320313
 21
230.320312
 31
0.0
  0
LINE
  5
921
330
70
100
AcDbEntity
  8
Visible
100
AcDbLine
 10
226.320313
 20
229.820312
 30
0.0
 11
225.820313
 21
230.320312
 31
0.0
  0
LINE
  5
922
330
70
100
AcDbEntity
  8
Visible
100
AcDbLine
 10
280.820313
 20
229.820312
 30
0.0
 11
300.320313
 21
229.820312
 31
0.0
  0
LINE
  5
923
330
70
100
AcDbEntity
  8
Visible
100
AcDbLine
 10
280.820313
 20
230.070312
 30
0.0
 11
280.820313
 21
229.820312
 31
0.0
  0
LINE
  5
924
330
70
100
AcDbEntity
  8
Visible
100
AcDbLine
 10
226.320313
 20
229.320312
 30
0.0
 11
226.320313
 21
229.820312
 31
0.0
  0
LINE
  5
925
330
70
100
AcDbEntity
  8
Visible
100
AcDbLine
 10
226.320313
 20
229.320312
 30
0.0
 11
225.820313
 21
229.320312
 31
0.0
  0
LINE
  5
926
330
70
100
AcDbEntity
  8
Visible
100
AcDbLine
 10
226.320313
 20
173.820312
 30
0.0
 11
226.320313
 21
174.320312
 31
0.0
  0
LINE
  5
927
330
70
100
AcDbEntity
  8
Visible
100
AcDbLine
 10
300.320313
 20
173.820312
 30
0.0
 11
280.820313
 21
173.820312
 31
0.0
  0
LINE
  5
928
330
70
100
AcDbEntity
  8
Visible
100
AcDbLine
 10
226.320313
 20
173.820312
 30
0.0
 11
225.820313
 21
173.320312
 31
0.0
  0
LINE
  5
929
330
70
100
AcDbEntity
  8
Visible
100
AcDbLine
 10
225.820313
 20
172.320312
 30
0.0
 11
226.320313
 21
171.820312
 31
0.0
  0
LINE
  5
92A
330
70
100
AcDbEntity
  8
Visible
100
AcDbLine
 10
226.320313
 20
173.320312
 30
0.0
 11
225.820313
 21
173.320312
 31
0.0
  0
LINE
  5
92B
330
70
100
AcDbEntity
  8
Visible
100
AcDbLine
 10
225.820313
 20
172.320312
 30
0.0
 11
226.320313
 21
172.320312
 31
0.0
  0
LINE
  5
92C
330
70
100
AcDbEntity
  8
Visible
100
AcDbLine
 10
276.570313
 20
215.820312
 30
0.0
 11
296.070313
 21
215.820312
 31
0.0
  0
LINE
  5
92D
330
70
100
AcDbEntity
  8
Visible
100
AcDbLine
 10
276.320313
 20
226.070312
 30
0.0
 11
276.320313
 21
216.070312
 31
0.0
  0
LINE
  5
92E
330
70
100
AcDbEntity
  8
Visible
100
AcDbLine
 10
296.070313
 20
226.320312
 30
0.0
 11
276.570313
 21
226.320312
 31
0.0
  0
LINE
  5
92F
330
70
100
AcDbEntity
  8
Visible
100
AcDbLine
 10
296.320313
 20
216.070312
 30
0.0
 11
296.320313
 21
226.070312
 31
0.0
  0
CIRCLE
  5
930
330
70
100
AcDbEntity
  8
Visible
100
AcDbCircle
 10
298.320313
 20
223.570312
 30
0.0
 40
0.6000000000000015
  0
CIRCLE
  5
931
330
70
100
AcDbEntity
  8
Visible
100
AcDbCircle
 10
298.320313
 20
218.570312
 30
0.0
 40
0.6000000000000015
  0
CIRCLE
  5
932
330
70
100
AcDbEntity
  8
Visible
100
AcDbCircle
 10
274.320313
 20
218.570312
 30
0.0
 40
0.6000000000000005
  0
CIRCLE
  5
933
330
70
100
AcDbEntity
  8
Visible
100
AcDbCircle
 10
274.320313
 20
223.570312
 30
0.0
 40
0.6000000000000005
  0
LINE
  5
934
330
70
100
AcDbEntity
  8
Visible
100
AcDbLine
 10
296.070313
 20
226.320312
 30
0.0
 11
296.320313
 21
226.070312
 31
0.0
  0
LINE
  5
935
330
70
100
AcDbEntity
  8
Visible
100
AcDbLine
 10
296.320313
 20
216.070312
 30
0.0
 11
296.070313
 21
215.820312
 31
0.0
  0
LINE
  5
936
330
70
100
AcDbEntity
  8
Visible
100
AcDbLine
 10
296.570313
 20
216.070312
 30
0.0
 11
296.320313
 21
216.070312
 31
0.0
  0
LINE
  5
937
330
70
100
AcDbEntity
  8
Visible
100
AcDbLine
 10
296.320313
 20
226.070312
 30
0.0
 11
296.570313
 21
226.070312
 31
0.0
  0
LINE
  5
938
330
70
100
AcDbEntity
  8
Visible
100
AcDbLine
 10
296.070313
 20
226.320312
 30
0.0
 11
296.070313
 21
226.570312
 31
0.0
  0
LINE
  5
939
330
70
100
AcDbEntity
  8
Visible
100
AcDbLine
 10
296.070313
 20
215.570312
 30
0.0
 11
296.070313
 21
215.820312
 31
0.0
  0
LINE
  5
93A
330
70
100
AcDbEntity
  8
Visible
100
AcDbLine
 10
276.570313
 20
226.320312
 30
0.0
 11
276.570313
 21
226.570312
 31
0.0
  0
LINE
  5
93B
330
70
100
AcDbEntity
  8
Visible
100
AcDbLine
 10
276.320313
 20
226.070312
 30
0.0
 11
276.570313
 21
226.320312
 31
0.0
  0
LINE
  5
93C
330
70
100
AcDbEntity
  8
Visible
100
AcDbLine
 10
276.570313
 20
215.820312
 30
0.0
 11
276.320313
 21
216.070312
 31
0.0
  0
LINE
  5
93D
330
70
100
AcDbEntity
  8
Visible
100
AcDbLine
 10
276.570313
 20
215.570312
 30
0.0
 11
276.570313
 21
215.820312
 31
0.0
  0
LINE
  5
93E
330
70
100
AcDbEntity
  8
Visible
100
AcDbLine
 10
276.320313
 20
226.070312
 30
0.0
 11
276.070313
 21
226.070312
 31
0.0
  0
LINE
  5
93F
330
70
100
AcDbEntity
  8
Visible
100
AcDbLine
 10
276.070313
 20
216.070312
 30
0.0
 11
276.320313
 21
216.070312
 31
0.0
  0
LINE
  5
940
330
70
100
AcDbEntity
  8
Visible
100
AcDbLine
 10
296.070313
 20
187.820312
 30
0.0
 11
276.570313
 21
187.820312
 31
0.0
  0
LINE
  5
941
330
70
100
AcDbEntity
  8
Visible
100
AcDbLine
 10
296.320313
 20
177.570312
 30
0.0
 11
296.320313
 21
187.570312
 31
0.0
  0
LINE
  5
942
330
70
100
AcDbEntity
  8
Visible
100
AcDbLine
 10
276.570313
 20
177.320312
 30
0.0
 11
296.070313
 21
177.320312
 31
0.0
  0
LINE
  5
943
330
70
100
AcDbEntity
  8
Visible
100
AcDbLine
 10
276.320313
 20
187.570312
 30
0.0
 11
276.320313
 21
177.570312
 31
0.0
  0
CIRCLE
  5
944
330
70
100
AcDbEntity
  8
Visible
100
AcDbCircle
 10
298.320313
 20
180.070312
 30
0.0
 40
0.6000000000000015
  0
CIRCLE
  5
945
330
70
100
AcDbEntity
  8
Visible
100
AcDbCircle
 10
298.320313
 20
185.070312
 30
0.0
 40
0.6000000000000015
  0
CIRCLE
  5
946
330
70
100
AcDbEntity
  8
Visible
100
AcDbCircle
 10
274.320313
 20
185.070312
 30
0.0
 40
0.6000000000000005
  0
CIRCLE
  5
947
330
70
100
AcDbEntity
  8
Visible
100
AcDbCircle
 10
274.320313
 20
180.070312
 30
0.0
 40
0.6000000000000005
  0
LINE
  5
948
330
70
100
AcDbEntity
  8
Visible
100
AcDbLine
 10
296.320313
 20
177.570312
 30
0.0
 11
296.070313
 21
177.320312
 31
0.0
  0
LINE
  5
949
330
70
100
AcDbEntity
  8
Visible
100
AcDbLine
 10
296.320313
 20
187.570312
 30
0.0
 11
296.570313
 21
187.570312
 31
0.0
  0
LINE
  5
94A
330
70
100
AcDbEntity
  8
Visible
100
AcDbLine
 10
296.570313
 20
177.570312
 30
0.0
 11
296.320313
 21
177.570312
 31
0.0
  0
LINE
  5
94B
330
70
100
AcDbEntity
  8
Visible
100
AcDbLine
 10
296.070313
 20
187.820312
 30
0.0
 11
296.320313
 21
187.570312
 31
0.0
  0
LINE
  5
94C
330
70
100
AcDbEntity
  8
Visible
100
AcDbLine
 10
296.070313
 20
177.070312
 30
0.0
 11
296.070313
 21
177.320312
 31
0.0
  0
LINE
  5
94D
330
70
100
AcDbEntity
  8
Visible
100
AcDbLine
 10
296.070313
 20
187.820312
 30
0.0
 11
296.070313
 21
188.070312
 31
0.0
  0
LINE
  5
94E
330
70
100
AcDbEntity
  8
Visible
100
AcDbLine
 10
276.570313
 20
177.320312
 30
0.0
 11
276.320313
 21
177.570312
 31
0.0
  0
LINE
  5
94F
330
70
100
AcDbEntity
  8
Visible
100
AcDbLine
 10
276.570313
 20
177.070312
 30
0.0
 11
276.570313
 21
177.320312
 31
0.0
  0
LINE
  5
950
330
70
100
AcDbEntity
  8
Visible
100
AcDbLine
 10
276.570313
 20
187.820312
 30
0.0
 11
276.570313
 21
188.070312
 31
0.0
  0
LINE
  5
951
330
70
100
AcDbEntity
  8
Visible
100
AcDbLine
 10
276.320313
 20
187.570312
 30
0.0
 11
276.570313
 21
187.820312
 31
0.0
  0
LINE
  5
952
330
70
100
AcDbEntity
  8
Visible
100
AcDbLine
 10
276.070313
 20
177.570312
 30
0.0
 11
276.320313
 21
177.570312
 31
0.0
  0
LINE
  5
953
330
70
100
AcDbEntity
  8
Visible
100
AcDbLine
 10
276.320313
 20
187.570312
 30
0.0
 11
276.070313
 21
187.570312
 31
0.0
  0
LINE
  5
954
330
70
100
AcDbEntity
  8
Visible
100
AcDbLine
 10
280.820313
 20
231.570312
 30
0.0
 11
280.820313
 21
231.216759
 31
0.0
  0
LINE
  5
955
330
70
100
AcDbEntity
  8
Visible
100
AcDbLine
 10
280.820313
 20
231.216759
 30
0.0
 11
280.820313
 21
230.423866
 31
0.0
  0
LINE
  5
956
330
70
100
AcDbEntity
  8
Visible
100
AcDbLine
 10
280.820313
 20
230.423866
 30
0.0
 11
280.820313
 21
230.070312
 31
0.0
  0
LINE
  5
957
330
70
100
AcDbEntity
  8
Hidden
100
AcDbLine
 10
300.216759
 20
229.820312
 30
0.0
 11
300.320313
 21
229.570312
 31
0.0
  0
LINE
  5
958
330
70
100
AcDbEntity
  8
Hidden
100
AcDbLine
 10
280.820313
 20
229.820312
 30
0.0
 11
280.570313
 21
229.570312
 31
0.0
  0
LINE
  5
959
330
70
100
AcDbEntity
  8
Visible
100
AcDbLine
 10
280.820313
 20
231.570312
 30
0.0
 11
280.570313
 21
231.820312
 31
0.0
  0
LINE
  5
95A
330
70
100
AcDbEntity
  8
Visible
100
AcDbLine
 10
280.820313
 20
231.216759
 30
0.0
 11
280.570313
 21
231.320312
 31
0.0
  0
LINE
  5
95B
330
70
100
AcDbEntity
  8
Visible
100
AcDbLine
 10
280.820313
 20
230.423866
 30
0.0
 11
280.570313
 21
230.320312
 31
0.0
  0
LINE
  5
95C
330
70
100
AcDbEntity
  8
Visible
100
AcDbLine
 10
280.820313
 20
230.070312
 30
0.0
 11
280.570313
 21
229.820312
 31
0.0
  0
LINE
  5
95D
330
70
100
AcDbEntity
  8
Visible
100
AcDbLine
 10
227.570313
 20
193.820312
 30
0.0
 11
226.070313
 21
193.820312
 31
0.0
  0
LINE
  5
95E
330
70
100
AcDbEntity
  8
Visible
100
AcDbLine
 10
227.570313
 20
193.820312
 30
0.0
 11
227.570313
 21
209.820312
 31
0.0
  0
LINE
  5
95F
330
70
100
AcDbEntity
  8
Visible
100
AcDbLine
 10
227.570313
 20
209.820312
 30
0.0
 11
226.070313
 21
209.820312
 31
0.0
  0
LINE
  5
960
330
70
100
AcDbEntity
  8
Visible
100
AcDbLine
 10
226.070313
 20
209.820312
 30
0.0
 11
226.070313
 21
193.820312
 31
0.0
  0
LINE
  5
961
330
70
100
AcDbEntity
  8
Hidden
100
AcDbLine
 10
227.570313
 20
206.820312
 30
0.0
 11
226.070313
 21
206.820312
 31
0.0
  0
LINE
  5
962
330
70
100
AcDbEntity
  8
Hidden
100
AcDbLine
 10
227.570313
 20
196.570312
 30
0.0
 11
226.070313
 21
196.570312
 31
0.0
  0
LINE
  5
963
330
70
100
AcDbEntity
  8
Hidden
100
AcDbLine
 10
226.070313
 20
196.320312
 30
0.0
 11
227.570313
 21
196.320312
 31
0.0
  0
LINE
  5
964
330
70
100
AcDbEntity
  8
Hidden
100
AcDbLine
 10
227.570313
 20
206.570312
 30
0.0
 11
226.070313
 21
206.570312
 31
0.0
  0
ARC
  5
965
330
70
100
AcDbEntity
  8
Visible
100
AcDbCircle
 10
-227.320313
 20
198.820312
 30
0.0
 40
0.6000000000000005
210
0.0
220
0.0
230
-1.0
100
AcDbArc
 50
146.44269
 51
213.55731
  0
ARC
  5
966
330
70
100
AcDbEntity
  8
Visible
100
AcDbCircle
 10
-227.320313
 20
204.320312
 30
0.0
 40
0.6000000000000005
210
0.0
220
0.0
230
-1.0
100
AcDbArc
 50
146.44269
 51
213.55731
  0
LINE
  5
967
330
70
100
AcDbEntity
  8
Visible
100
AcDbLine
 10
228.320313
 20
194.570312
 30
0.0
 11
227.820313
 21
194.070312
 31
0.0
  0
LINE
  5
968
330
70
100
AcDbEntity
  8
Visible
100
AcDbLine
 10
227.570313
 20
193.820312
 30
0.0
 11
227.820313
 21
194.070312
 31
0.0
  0
LINE
  5
969
330
70
100
AcDbEntity
  8
Visible
100
AcDbLine
 10
227.570313
 20
209.820312
 30
0.0
 11
227.820313
 21
209.570312
 31
0.0
  0
LINE
  5
96A
330
70
100
AcDbEntity
  8
Visible
100
AcDbLine
 10
227.820313
 20
209.570312
 30
0.0
 11
228.320313
 21
209.070312
 31
0.0
  0
LINE
  5
96B
330
70
100
AcDbEntity
  8
Hidden
100
AcDbLine
 10
225.820313
 20
207.070312
 30
0.0
 11
226.070313
 21
206.820312
 31
0.0
  0
LINE
  5
96C
330
70
100
AcDbEntity
  8
Hidden
100
AcDbLine
 10
225.820313
 20
206.570312
 30
0.0
 11
226.070313
 21
206.570312
 31
0.0
  0
LINE
  5
96D
330
70
100
AcDbEntity
  8
Hidden
100
AcDbLine
 10
225.820313
 20
196.570312
 30
0.0
 11
226.070313
 21
196.570312
 31
0.0
  0
LINE
  5
96E
330
70
100
AcDbEntity
  8
Hidden
100
AcDbLine
 10
226.070313
 20
196.320312
 30
0.0
 11
225.820313
 21
196.070312
 31
0.0
  0
LINE
  5
96F
330
70
100
AcDbEntity
  8
Hidden
100
AcDbLine
 10
227.570313
 20
206.820312
 30
0.0
 11
227.820313
 21
207.070312
 31
0.0
  0
LINE
  5
970
330
70
100
AcDbEntity
  8
Hidden
100
AcDbLine
 10
227.820313
 20
206.570312
 30
0.0
 11
227.570313
 21
206.570312
 31
0.0
  0
LINE
  5
971
330
70
100
AcDbEntity
  8
Hidden
100
AcDbLine
 10
227.570313
 20
196.570312
 30
0.0
 11
227.820313
 21
196.570312
 31
0.0
  0
LINE
  5
972
330
70
100
AcDbEntity
  8
Hidden
100
AcDbLine
 10
227.570313
 20
196.320312
 30
0.0
 11
227.820313
 21
196.070312
 31
0.0
  0
LINE
  5
973
330
70
100
AcDbEntity
  8
Visible
100
AcDbLine
 10
225.820313
 20
194.070312
 30
0.0
 11
226.070313
 21
193.820312
 31
0.0
  0
LINE
  5
974
330
70
100
AcDbEntity
  8
Visible
100
AcDbLine
 10
225.820313
 20
209.570312
 30
0.0
 11
226.070313
 21
209.820312
 31
0.0
  0
LINE
  5
975
330
70
100
AcDbEntity
  8
Hidden
100
AcDbLine
 10
228.195313
 20
171.820312
 30
0.0
 11
228.195313
 21
173.820312
 31
0.0
  0
LINE
  5
976
330
70
100
AcDbEntity
  8
Hidden
100
AcDbLine
 10
229.445313
 20
171.820312
 30
0.0
 11
229.445313
 21
173.820312
 31
0.0
  0
LINE
  5
977
330
70
100
AcDbEntity
  8
Hidden
100
AcDbLine
 10
253.195313
 20
171.820312
 30
0.0
 11
253.195313
 21
173.820312
 31
0.0
  0
LINE
  5
978
330
70
100
AcDbEntity
  8
Hidden
100
AcDbLine
 10
254.445313
 20
171.820312
 30
0.0
 11
254.445313
 21
173.820312
 31
0.0
  0
LINE
  5
979
330
70
100
AcDbEntity
  8
Hidden
100
AcDbLine
 10
228.195313
 20
229.820312
 30
0.0
 11
228.195313
 21
231.820312
 31
0.0
  0
LINE
  5
97A
330
70
100
AcDbEntity
  8
Hidden
100
AcDbLine
 10
229.445313
 20
229.820312
 30
0.0
 11
229.445313
 21
231.820312
 31
0.0
  0
LINE
  5
97B
330
70
100
AcDbEntity
  8
Hidden
100
AcDbLine
 10
253.195313
 20
229.820312
 30
0.0
 11
253.195313
 21
231.820312
 31
0.0
  0
LINE
  5
97C
330
70
100
AcDbEntity
  8
Hidden
100
AcDbLine
 10
254.445313
 20
229.820312
 30
0.0
 11
254.445313
 21
231.820312
 31
0.0
  0
LINE
  5
97D
330
70
100
AcDbEntity
  8
Hidden
100
AcDbLine
 10
227.820313
 20
198.220312
 30
0.0
 11
227.570313
 21
198.220312
 31
0.0
  0
LINE
  5
97E
330
70
100
AcDbEntity
  8
Hidden
100
AcDbLine
 10
227.820313
 20
199.420312
 30
0.0
 11
227.570313
 21
199.420312
 31
0.0
  0
LINE
  5
97F
330
70
100
AcDbEntity
  8
Hidden
100
AcDbLine
 10
227.820313
 20
203.720312
 30
0.0
 11
227.570313
 21
203.720312
 31
0.0
  0
LINE
  5
980
330
70
100
AcDbEntity
  8
Hidden
100
AcDbLine
 10
227.820313
 20
204.920312
 30
0.0
 11
227.570313
 21
204.920312
 31
0.0
  0
LINE
  5
981
330
70
100
AcDbEntity
  8
Hidden
100
AcDbLine
 10
227.570313
 20
198.220312
 30
0.0
 11
226.070313
 21
198.220312
 31
0.0
  0
LINE
  5
982
330
70
100
AcDbEntity
  8
Hidden
100
AcDbLine
 10
227.570313
 20
199.420312
 30
0.0
 11
226.070313
 21
199.420312
 31
0.0
  0
LINE
  5
983
330
70
100
AcDbEntity
  8
Hidden
100
AcDbLine
 10
227.570313
 20
203.720312
 30
0.0
 11
226.070313
 21
203.720312
 31
0.0
  0
LINE
  5
984
330
70
100
AcDbEntity
  8
Hidden
100
AcDbLine
 10
227.570313
 20
204.920312
 30
0.0
 11
226.070313
 21
204.920312
 31
0.0
  0
LINE
  5
985
330
70
100
AcDbEntity
  8
Hidden
100
AcDbLine
 10
227.570313
 20
199.420312
 30
0.0
 11
227.820313
 21
199.670312
 31
0.0
  0
LINE
  5
986
330
70
100
AcDbEntity
  8
Hidden
100
AcDbLine
 10
227.570313
 20
198.220312
 30
0.0
 11
227.820313
 21
197.970312
 31
0.0
  0
LINE
  5
987
330
70
100
AcDbEntity
  8
Hidden
100
AcDbLine
 10
227.570313
 20
204.920312
 30
0.0
 11
227.820313
 21
205.170312
 31
0.0
  0
LINE
  5
988
330
70
100
AcDbEntity
  8
Hidden
100
AcDbLine
 10
227.570313
 20
203.720312
 30
0.0
 11
227.820313
 21
203.470312
 31
0.0
  0
LINE
  5
989
330
70
100
AcDbEntity
  8
Hidden
100
AcDbLine
 10
226.070313
 20
203.720312
 30
0.0
 11
225.820313
 21
203.470312
 31
0.0
  0
LINE
  5
98A
330
70
100
AcDbEntity
  8
Hidden
100
AcDbLine
 10
226.070313
 20
204.920312
 30
0.0
 11
225.820313
 21
205.170312
 31
0.0
  0
LINE
  5
98B
330
70
100
AcDbEntity
  8
Hidden
100
AcDbLine
 10
226.070313
 20
198.220312
 30
0.0
 11
225.820313
 21
197.970312
 31
0.0
  0
LINE
  5
98C
330
70
100
AcDbEntity
  8
Hidden
100
AcDbLine
 10
226.070313
 20
199.420312
 30
0.0
 11
225.820313
 21
199.670312
 31
0.0
  0
LINE
  5
98D
330
70
100
AcDbEntity
  8
Visible
100
AcDbLine
 10
114.28125
 20
194.070312
 30
0.0
 11
141.53125
 21
194.070312
 31
0.0
210
-1.0
220
0.0000000000000002
230
0.0000000000002967
  0
LINE
  5
98E
330
70
100
AcDbEntity
  8
Visible
100
AcDbLine
 10
141.53125
 20
194.070312
 30
0.0
 11
141.53125
 21
198.48865
 31
0.0
210
-1.0
220
0.0000000000000002
230
0.0000000000002967
  0
ARC
  5
98F
330
70
100
AcDbEntity
  8
Visible
100
AcDbCircle
 10
-141.03125
 20
198.820312
 30
0.0
 40
0.6000000000000005
210
0.0
220
0.0000000000000001
230
-1.0
100
AcDbArc
 50
213.55731
 51
146.44269
  0
LINE
  5
990
330
70
100
AcDbEntity
  8
Visible
100
AcDbLine
 10
141.53125
 20
199.151975
 30
0.0
 11
141.53125
 21
203.98865
 31
0.0
210
-1.0
220
0.0000000000000002
230
0.0000000000002967
  0
ARC
  5
991
330
70
100
AcDbEntity
  8
Visible
100
AcDbCircle
 10
-141.03125
 20
204.320312
 30
0.0
 40
0.6000000000000005
210
0.0
220
0.0000000000000001
230
-1.0
100
AcDbArc
 50
213.55731
 51
146.44269
  0
LINE
  5
992
330
70
100
AcDbEntity
  8
Visible
100
AcDbLine
 10
141.53125
 20
204.651975
 30
0.0
 11
141.53125
 21
209.570312
 31
0.0
210
-1.0
220
0.0000000000000002
230
0.0000000000002967
  0
LINE
  5
993
330
70
100
AcDbEntity
  8
Visible
100
AcDbLine
 10
141.53125
 20
209.570312
 30
0.0
 11
114.28125
 21
209.570312
 31
0.0
210
-1.0
220
0.0000000000000002
230
0.0000000000002967
  0
LINE
  5
994
330
70
100
AcDbEntity
  8
Visible
100
AcDbLine
 10
114.28125
 20
209.570312
 30
0.0
 11
114.28125
 21
194.070312
 31
0.0
210
-1.0
220
0.0000000000000002
230
0.0000000000002967
  0
LINE
  5
995
330
70
100
AcDbEntity
  8
Visible
100
AcDbLine
 10
139.28125
 20
206.570312
 30
0.0
 11
139.28125
 21
196.070312
 31
0.0
210
-1.0
220
0.0000000000000002
230
0.0000000000002967
  0
LINE
  5
996
330
70
100
AcDbEntity
  8
Visible
100
AcDbLine
 10
139.28125
 20
196.070312
 30
0.0
 11
118.28125
 21
196.070312
 31
0.0
210
-1.0
220
0.0000000000000002
230
0.0000000000002967
  0
LINE
  5
997
330
70
100
AcDbEntity
  8
Visible
100
AcDbLine
 10
117.78125
 20
196.570312
 30
0.0
 11
118.28125
 21
196.070312
 31
0.0
210
-1.0
220
0.0000000000000002
230
0.0000000000002967
  0
LINE
  5
998
330
70
100
AcDbEntity
  8
Visible
100
AcDbLine
 10
117.78125
 20
196.570312
 30
0.0
 11
117.78125
 21
207.070312
 31
0.0
210
-1.0
220
0.0000000000000002
230
0.0000000000002967
  0
LINE
  5
999
330
70
100
AcDbEntity
  8
Visible
100
AcDbLine
 10
117.78125
 20
207.070312
 30
0.0
 11
138.78125
 21
207.070312
 31
0.0
210
-1.0
220
0.0000000000000002
230
0.0000000000002967
  0
LINE
  5
99A
330
70
100
AcDbEntity
  8
Visible
100
AcDbLine
 10
139.28125
 20
206.570312
 30
0.0
 11
138.78125
 21
207.070312
 31
0.0
210
-1.0
220
0.0000000000000002
230
0.0000000000002967
  0
CIRCLE
  5
99B
330
70
100
AcDbEntity
  8
Visible
100
AcDbCircle
 10
-116.03125
 20
198.820312
 30
0.0
 40
0.8500000000000037
210
0.0
220
0.0000000000000001
230
-1.0
  0
CIRCLE
  5
99C
330
70
100
AcDbEntity
  8
Visible
100
AcDbCircle
 10
-116.03125
 20
204.320312
 30
0.0
 40
0.8500000000000037
210
0.0
220
0.0000000000000001
230
-1.0
  0
LINE
  5
99D
330
70
100
AcDbEntity
  8
Hidden
100
AcDbLine
 10
143.78125
 20
209.820312
 30
0.0
 11
143.78125
 21
193.820312
 31
0.0
210
-1.0
220
0.0000000000000002
230
0.0000000000002967
  0
LINE
  5
99E
330
70
100
AcDbEntity
  8
Hidden
100
AcDbLine
 10
143.53125
 20
173.820312
 30
0.0
 11
143.53125
 21
172.320312
 31
0.0
210
-1.0
220
0.0000000000000002
230
0.0000000000002967
  0
LINE
  5
99F
330
70
100
AcDbEntity
  8
Hidden
100
AcDbLine
 10
143.53125
 20
172.320312
 30
0.0
 11
126.53125
 21
172.320312
 31
0.0
210
-1.0
220
0.0000000000000002
230
0.0000000000002967
  0
LINE
  5
9A0
330
70
100
AcDbEntity
  8
Hidden
100
AcDbLine
 10
126.53125
 20
172.320312
 30
0.0
 11
126.53125
 21
173.320312
 31
0.0
210
-1.0
220
0.0000000000000002
230
0.0000000000002967
  0
LINE
  5
9A1
330
70
100
AcDbEntity
  8
Hidden
100
AcDbLine
 10
126.53125
 20
173.320312
 30
0.0
 11
141.53125
 21
173.320312
 31
0.0
210
-1.0
220
0.0000000000000002
230
0.0000000000002967
  0
LINE
  5
9A2
330
70
100
AcDbEntity
  8
Hidden
100
AcDbLine
 10
142.03125
 20
173.820312
 30
0.0
 11
141.53125
 21
173.320312
 31
0.0
210
-1.0
220
0.0000000000000002
230
0.0000000000002967
  0
LINE
  5
9A3
330
70
100
AcDbEntity
  8
Hidden
100
AcDbLine
 10
142.53125
 20
194.070312
 30
0.0
 11
141.53125
 21
194.070312
 31
0.0
210
-1.0
220
0.0000000000000002
230
0.0000000000002967
  0
LINE
  5
9A4
330
70
100
AcDbEntity
  8
Hidden
100
AcDbLine
 10
141.53125
 20
209.570312
 30
0.0
 11
142.53125
 21
209.570312
 31
0.0
210
-1.0
220
0.0000000000000002
230
0.0000000000002967
  0
LINE
  5
9A5
330
70
100
AcDbEntity
  8
Hidden
100
AcDbLine
 10
141.53125
 20
230.320312
 30
0.0
 11
142.28125
 21
229.570312
 31
0.0
210
-1.0
220
0.0000000000000002
230
0.0000000000002967
  0
LINE
  5
9A6
330
70
100
AcDbEntity
  8
Hidden
100
AcDbLine
 10
141.53125
 20
230.320312
 30
0.0
 11
126.53125
 21
230.320312
 31
0.0
210
-1.0
220
0.0000000000000002
230
0.0000000000002967
  0
LINE
  5
9A7
330
70
100
AcDbEntity
  8
Hidden
100
AcDbLine
 10
126.53125
 20
230.320312
 30
0.0
 11
126.53125
 21
231.320312
 31
0.0
210
-1.0
220
0.0000000000000002
230
0.0000000000002967
  0
LINE
  5
9A8
330
70
100
AcDbEntity
  8
Hidden
100
AcDbLine
 10
126.53125
 20
231.320312
 30
0.0
 11
143.53125
 21
231.320312
 31
0.0
210
-1.0
220
0.0000000000000002
230
0.0000000000002967
  0
LINE
  5
9A9
330
70
100
AcDbEntity
  8
Hidden
100
AcDbLine
 10
143.53125
 20
231.320312
 30
0.0
 11
143.53125
 21
229.570312
 31
0.0
210
-1.0
220
0.0000000000000002
230
0.0000000000002967
  0
CIRCLE
  5
9AA
330
70
100
AcDbEntity
  8
Hidden
100
AcDbCircle
 10
141.03125
 20
204.320312
 30
0.0
 40
0.8500000000000175
  0
CIRCLE
  5
9AB
330
70
100
AcDbEntity
  8
Hidden
100
AcDbCircle
 10
141.03125
 20
198.820312
 30
0.0
 40
0.8500000000000175
  0
LINE
  5
9AC
330
70
100
AcDbEntity
  8
Hidden
100
AcDbLine
 10
144.03125
 20
193.820312
 30
0.0
 11
143.53125
 21
193.820312
 31
0.0
210
-1.0
220
0.0000000000000002
230
0.0000000000002967
  0
LINE
  5
9AD
330
70
100
AcDbEntity
  8
Hidden
100
AcDbLine
 10
143.78125
 20
172.070312
 30
0.0
 11
143.53125
 21
172.320312
 31
0.0
210
-1.0
220
0.0000000000000002
230
0.0000000000002967
  0
LINE
  5
9AE
330
70
100
AcDbEntity
  8
Hidden
100
AcDbLine
 10
142.28125
 20
193.820312
 30
0.0
 11
142.03125
 21
193.820312
 31
0.0
210
-1.0
220
0.0000000000000002
230
0.0000000000002967
  0
LINE
  5
9AF
330
70
100
AcDbEntity
  8
Hidden
100
AcDbLine
 10
142.28125
 20
193.820312
 30
0.0
 11
142.53125
 21
194.070312
 31
0.0
210
-1.0
220
0.0000000000000002
230
0.0000000000002967
  0
LINE
  5
9B0
330
70
100
AcDbEntity
  8
Visible
100
AcDbLine
 10
142.03125
 20
173.820312
 30
0.0
 11
143.53125
 21
173.820312
 31
0.0
210
-1.0
220
0.0000000000000002
230
0.0000000000002967
  0
LINE
  5
9B1
330
70
100
AcDbEntity
  8
Visible
100
AcDbLine
 10
143.53125
 20
173.820312
 30
0.0
 11
143.53125
 21
229.570312
 31
0.0
210
-1.0
220
0.0000000000000002
230
0.0000000000002967
  0
LINE
  5
9B2
330
70
100
AcDbEntity
  8
Visible
100
AcDbLine
 10
143.53125
 20
229.570312
 30
0.0
 11
142.28125
 21
229.570312
 31
0.0
210
-1.0
220
0.0000000000000002
230
0.0000000000002967
  0
LINE
  5
9B3
330
70
100
AcDbEntity
  8
Visible
100
AcDbLine
 10
142.53125
 20
229.320312
 30
0.0
 11
142.28125
 21
229.570312
 31
0.0
210
-1.0
220
0.0000000000000002
230
0.0000000000002967
  0
LINE
  5
9B4
330
70
100
AcDbEntity
  8
Visible
100
AcDbLine
 10
142.53125
 20
229.320312
 30
0.0
 11
142.53125
 21
174.320312
 31
0.0
210
-1.0
220
0.0000000000000002
230
0.0000000000002967
  0
LINE
  5
9B5
330
70
100
AcDbEntity
  8
Visible
100
AcDbLine
 10
142.03125
 20
173.820312
 30
0.0
 11
142.53125
 21
174.320312
 31
0.0
210
-1.0
220
0.0000000000000002
230
0.0000000000002967
  0
LINE
  5
9B6
330
70
100
AcDbEntity
  8
Visible
100
AcDbLine
 10
143.53125
 20
173.820312
 30
0.0
 11
144.03125
 21
173.820312
 31
0.0
210
-1.0
220
0.0000000000000002
230
0.0000000000002967
  0
LINE
  5
9B7
330
70
100
AcDbEntity
  8
Visible
100
AcDbLine
 10
144.03125
 20
229.570312
 30
0.0
 11
144.03125
 21
173.820312
 31
0.0
210
-1.0
220
0.0000000000000002
230
0.0000000000002967
  0
LINE
  5
9B8
330
70
100
AcDbEntity
  8
Visible
100
AcDbLine
 10
144.03125
 20
229.570312
 30
0.0
 11
143.53125
 21
229.570312
 31
0.0
210
-1.0
220
0.0000000000000002
230
0.0000000000002967
  0
LINE
  5
9B9
330
70
100
AcDbEntity
  8
Visible
100
AcDbLine
 10
144.03125
 20
231.320312
 30
0.0
 11
144.03125
 21
229.570312
 31
0.0
210
-1.0
220
0.0000000000000002
230
0.0000000000002967
  0
LINE
  5
9BA
330
70
100
AcDbEntity
  8
Visible
100
AcDbLine
 10
144.03125
 20
173.820312
 30
0.0
 11
144.03125
 21
172.320312
 31
0.0
210
-1.0
220
0.0000000000000002
230
0.0000000000002967
  0
LINE
  5
9BB
330
70
100
AcDbEntity
  8
Visible
100
AcDbLine
 10
143.53125
 20
171.820312
 30
0.0
 11
126.53125
 21
171.820312
 31
0.0
210
-1.0
220
0.0000000000000002
230
0.0000000000002967
  0
LINE
  5
9BC
330
70
100
AcDbEntity
  8
Visible
100
AcDbLine
 10
126.03125
 20
173.320312
 30
0.0
 11
126.03125
 21
172.320312
 31
0.0
210
-1.0
220
0.0000000000000002
230
0.0000000000002967
  0
LINE
  5
9BD
330
70
100
AcDbEntity
  8
Visible
100
AcDbLine
 10
141.53125
 20
173.820312
 30
0.0
 11
126.53125
 21
173.820312
 31
0.0
210
-1.0
220
0.0000000000000002
230
0.0000000000002967
  0
LINE
  5
9BE
330
70
100
AcDbEntity
  8
Visible
100
AcDbLine
 10
144.03125
 20
172.320312
 30
0.0
 11
143.53125
 21
171.820312
 31
0.0
210
-1.0
220
0.0000000000000002
230
0.0000000000002967
  0
LINE
  5
9BF
330
70
100
AcDbEntity
  8
Visible
100
AcDbLine
 10
141.53125
 20
173.820312
 30
0.0
 11
142.03125
 21
174.320312
 31
0.0
210
-1.0
220
0.0000000000000002
230
0.0000000000002967
  0
LINE
  5
9C0
330
70
100
AcDbEntity
  8
Visible
100
AcDbLine
 10
141.53125
 20
173.820312
 30
0.0
 11
142.03125
 21
173.820312
 31
0.0
210
-1.0
220
0.0000000000000002
230
0.0000000000002967
  0
LINE
  5
9C1
330
70
100
AcDbEntity
  8
Visible
100
AcDbLine
 10
142.53125
 20
174.320312
 30
0.0
 11
142.03125
 21
174.320312
 31
0.0
210
-1.0
220
0.0000000000000002
230
0.0000000000002967
  0
LINE
  5
9C2
330
70
100
AcDbEntity
  8
Visible
100
AcDbLine
 10
126.03125
 20
173.320312
 30
0.0
 11
126.53125
 21
173.820312
 31
0.0
210
-1.0
220
0.0000000000000002
230
0.0000000000002967
  0
LINE
  5
9C3
330
70
100
AcDbEntity
  8
Visible
100
AcDbLine
 10
126.53125
 20
171.820312
 30
0.0
 11
126.03125
 21
172.320312
 31
0.0
210
-1.0
220
0.0000000000000002
230
0.0000000000002967
  0
LINE
  5
9C4
330
70
100
AcDbEntity
  8
Visible
100
AcDbLine
 10
142.28125
 20
229.570312
 30
0.0
 11
141.78125
 21
229.820312
 31
0.0
210
-1.0
220
0.0000000000000002
230
0.0000000000002967
  0
LINE
  5
9C5
330
70
100
AcDbEntity
  8
Visible
100
AcDbLine
 10
141.78125
 20
229.820312
 30
0.0
 11
141.53125
 21
229.820312
 31
0.0
210
-1.0
220
0.0000000000000002
230
0.0000000000002967
  0
LINE
  5
9C6
330
70
100
AcDbEntity
  8
Visible
100
AcDbLine
 10
142.03125
 20
229.320312
 30
0.0
 11
141.53125
 21
229.820312
 31
0.0
210
-1.0
220
0.0000000000000002
230
0.0000000000002967
  0
LINE
  5
9C7
330
70
100
AcDbEntity
  8
Visible
100
AcDbLine
 10
142.53125
 20
229.320312
 30
0.0
 11
142.03125
 21
229.320312
 31
0.0
210
-1.0
220
0.0000000000000002
230
0.0000000000002967
  0
LINE
  5
9C8
330
70
100
AcDbEntity
  8
Visible
100
AcDbLine
 10
142.03125
 20
174.320312
 30
0.0
 11
142.03125
 21
229.320312
 31
0.0
210
-1.0
220
0.0000000000000002
230
0.0000000000002967
  0
LINE
  5
9C9
330
70
100
AcDbEntity
  8
Visible
100
AcDbLine
 10
126.53125
 20
231.820312
 30
0.0
 11
143.53125
 21
231.820312
 31
0.0
210
-1.0
220
0.0000000000000002
230
0.0000000000002967
  0
LINE
  5
9CA
330
70
100
AcDbEntity
  8
Visible
100
AcDbLine
 10
126.03125
 20
230.320312
 30
0.0
 11
126.03125
 21
231.320312
 31
0.0
210
-1.0
220
0.0000000000000002
230
0.0000000000002967
  0
LINE
  5
9CB
330
70
100
AcDbEntity
  8
Visible
100
AcDbLine
 10
141.53125
 20
229.820312
 30
0.0
 11
126.53125
 21
229.820312
 31
0.0
210
-1.0
220
0.0000000000000002
230
0.0000000000002967
  0
LINE
  5
9CC
330
70
100
AcDbEntity
  8
Hidden
100
AcDbLine
 10
139.28125
 20
171.820312
 30
0.0
 11
139.28125
 21
173.820312
 31
0.0
210
-1.0
220
0.0000000000000002
230
0.0000000000002967
  0
LINE
  5
9CD
330
70
100
AcDbEntity
  8
Hidden
100
AcDbLine
 10
128.78125
 20
171.820312
 30
0.0
 11
128.78125
 21
173.820312
 31
0.0
210
-1.0
220
0.0000000000000002
230
0.0000000000002967
  0
LINE
  5
9CE
330
70
100
AcDbEntity
  8
Hidden
100
AcDbLine
 10
128.78125
 20
229.820312
 30
0.0
 11
128.78125
 21
231.820312
 31
0.0
210
-1.0
220
0.0000000000000002
230
0.0000000000002967
  0
LINE
  5
9CF
330
70
100
AcDbEntity
  8
Hidden
100
AcDbLine
 10
139.28125
 20
229.820312
 30
0.0
 11
139.28125
 21
231.820312
 31
0.0
210
-1.0
220
0.0000000000000002
230
0.0000000000002967
  0
LINE
  5
9D0
330
70
100
AcDbEntity
  8
Hidden
100
AcDbLine
 10
143.53125
 20
209.820312
 30
0.0
 11
144.03125
 21
209.820312
 31
0.0
210
-1.0
220
0.0000000000000002
230
0.0000000000002967
  0
LINE
  5
9D1
330
70
100
AcDbEntity
  8
Hidden
100
AcDbLine
 10
143.53125
 20
231.320312
 30
0.0
 11
143.78125
 21
231.570312
 31
0.0
210
-1.0
220
0.0000000000000002
230
0.0000000000002967
  0
LINE
  5
9D2
330
70
100
AcDbEntity
  8
Visible
100
AcDbLine
 10
143.53125
 20
231.820312
 30
0.0
 11
144.03125
 21
231.320312
 31
0.0
210
-1.0
220
0.0000000000000002
230
0.0000000000002967
  0
LINE
  5
9D3
330
70
100
AcDbEntity
  8
Hidden
100
AcDbLine
 10
126.53125
 20
231.820312
 30
0.0
 11
126.53125
 21
231.320312
 31
0.0
210
-1.0
220
0.0000000000000002
230
0.0000000000002967
  0
LINE
  5
9D4
330
70
100
AcDbEntity
  8
Visible
100
AcDbLine
 10
126.03125
 20
231.320312
 30
0.0
 11
126.53125
 21
231.820312
 31
0.0
210
-1.0
220
0.0000000000000002
230
0.0000000000002967
  0
LINE
  5
9D5
330
70
100
AcDbEntity
  8
Hidden
100
AcDbLine
 10
126.03125
 20
231.320312
 30
0.0
 11
126.53125
 21
231.320312
 31
0.0
210
-1.0
220
0.0000000000000002
230
0.0000000000002967
  0
LINE
  5
9D6
330
70
100
AcDbEntity
  8
Hidden
100
AcDbLine
 10
126.03125
 20
230.320312
 30
0.0
 11
126.53125
 21
230.320312
 31
0.0
210
-1.0
220
0.0000000000000002
230
0.0000000000002967
  0
LINE
  5
9D7
330
70
100
AcDbEntity
  8
Visible
100
AcDbLine
 10
126.53125
 20
229.820312
 30
0.0
 11
126.03125
 21
230.320312
 31
0.0
210
-1.0
220
0.0000000000000002
230
0.0000000000002967
  0
LINE
  5
9D8
330
70
100
AcDbEntity
  8
Hidden
100
AcDbLine
 10
126.53125
 20
229.820312
 30
0.0
 11
126.53125
 21
230.320312
 31
0.0
210
-1.0
220
0.0000000000000002
230
0.0000000000002967
  0
LINE
  5
9D9
330
70
100
AcDbEntity
  8
Hidden
100
AcDbLine
 10
141.53125
 20
229.820312
 30
0.0
 11
141.53125
 21
230.320312
 31
0.0
210
-1.0
220
0.0000000000000002
230
0.0000000000002967
  0
LINE
  5
9DA
330
70
100
AcDbEntity
  8
Visible
100
AcDbLine
 10
141.28125
 20
230.070312
 30
0.0
 11
141.53125
 21
229.820312
 31
0.0
210
-1.0
220
0.0000000000000002
230
0.0000000000002967
  0
LINE
  5
9DB
330
70
100
AcDbEntity
  8
Hidden
100
AcDbLine
 10
142.03125
 20
209.820312
 30
0.0
 11
142.28125
 21
209.820312
 31
0.0
210
-1.0
220
0.0000000000000002
230
0.0000000000002967
  0
LINE
  5
9DC
330
70
100
AcDbEntity
  8
Hidden
100
AcDbLine
 10
142.53125
 20
209.570312
 30
0.0
 11
142.28125
 21
209.820312
 31
0.0
210
-1.0
220
0.0000000000000002
230
0.0000000000002967
  0
LINE
  5
9DD
330
70
100
AcDbEntity
  8
Hidden
100
AcDbLine
 10
141.53125
 20
173.820312
 30
0.0
 11
141.53125
 21
173.320312
 31
0.0
210
-1.0
220
0.0000000000000002
230
0.0000000000002967
  0
LINE
  5
9DE
330
70
100
AcDbEntity
  8
Hidden
100
AcDbLine
 10
126.53125
 20
173.820312
 30
0.0
 11
126.53125
 21
173.320312
 31
0.0
210
-1.0
220
0.0000000000000002
230
0.0000000000002967
  0
LINE
  5
9DF
330
70
100
AcDbEntity
  8
Hidden
100
AcDbLine
 10
126.53125
 20
172.320312
 30
0.0
 11
126.53125
 21
171.820312
 31
0.0
210
-1.0
220
0.0000000000000002
230
0.0000000000002967
  0
LINE
  5
9E0
330
70
100
AcDbEntity
  8
Hidden
100
AcDbLine
 10
126.03125
 20
173.320312
 30
0.0
 11
126.53125
 21
173.320312
 31
0.0
210
-1.0
220
0.0000000000000002
230
0.0000000000002967
  0
LINE
  5
9E1
330
70
100
AcDbEntity
  8
Hidden
100
AcDbLine
 10
126.53125
 20
172.320312
 30
0.0
 11
126.03125
 21
172.320312
 31
0.0
210
-1.0
220
0.0000000000000002
230
0.0000000000002967
  0
LINE
  5
9E2
330
70
100
AcDbEntity
  8
Hidden
100
AcDbLine
 10
142.28125
 20
215.820312
 30
0.0
 11
143.78125
 21
215.820312
 31
0.0
210
-1.0
220
0.0000000000000002
230
0.0000000000002967
  0
LINE
  5
9E3
330
70
100
AcDbEntity
  8
Hidden
100
AcDbLine
 10
143.78125
 20
226.320312
 30
0.0
 11
142.28125
 21
226.320312
 31
0.0
210
-1.0
220
0.0000000000000002
230
0.0000000000002967
  0
LINE
  5
9E4
330
70
100
AcDbEntity
  8
Hidden
100
AcDbLine
 10
143.78125
 20
226.070312
 30
0.0
 11
143.78125
 21
224.170312
 31
0.0
210
-1.0
220
0.0000000000000002
230
0.0000000000002967
  0
LINE
  5
9E5
330
70
100
AcDbEntity
  8
Hidden
100
AcDbLine
 10
143.78125
 20
222.970312
 30
0.0
 11
143.78125
 21
219.170312
 31
0.0
210
-1.0
220
0.0000000000000002
230
0.0000000000002967
  0
LINE
  5
9E6
330
70
100
AcDbEntity
  8
Hidden
100
AcDbLine
 10
143.78125
 20
217.970312
 30
0.0
 11
143.78125
 21
216.070312
 31
0.0
210
-1.0
220
0.0000000000000002
230
0.0000000000002967
  0
LINE
  5
9E7
330
70
100
AcDbEntity
  8
Hidden
100
AcDbLine
 10
143.78125
 20
216.070312
 30
0.0
 11
142.28125
 21
216.070312
 31
0.0
210
-1.0
220
0.0000000000000002
230
0.0000000000002967
  0
LINE
  5
9E8
330
70
100
AcDbEntity
  8
Hidden
100
AcDbLine
 10
142.28125
 20
216.070312
 30
0.0
 11
142.28125
 21
217.970312
 31
0.0
210
-1.0
220
0.0000000000000002
230
0.0000000000002967
  0
LINE
  5
9E9
330
70
100
AcDbEntity
  8
Hidden
100
AcDbLine
 10
142.28125
 20
219.170312
 30
0.0
 11
142.28125
 21
222.970312
 31
0.0
210
-1.0
220
0.0000000000000002
230
0.0000000000002967
  0
LINE
  5
9EA
330
70
100
AcDbEntity
  8
Hidden
100
AcDbLine
 10
142.28125
 20
224.170312
 30
0.0
 11
142.28125
 21
226.070312
 31
0.0
210
-1.0
220
0.0000000000000002
230
0.0000000000002967
  0
LINE
  5
9EB
330
70
100
AcDbEntity
  8
Hidden
100
AcDbLine
 10
142.28125
 20
226.070312
 30
0.0
 11
143.78125
 21
226.070312
 31
0.0
210
-1.0
220
0.0000000000000002
230
0.0000000000002967
  0
LINE
  5
9EC
330
70
100
AcDbEntity
  8
Hidden
100
AcDbLine
 10
142.28125
 20
224.170312
 30
0.0
 11
142.28125
 21
222.970312
 31
0.0
210
-1.0
220
0.0000000000000002
230
0.0000000000002967
  0
LINE
  5
9ED
330
70
100
AcDbEntity
  8
Hidden
100
AcDbLine
 10
143.78125
 20
224.170312
 30
0.0
 11
143.78125
 21
222.970312
 31
0.0
210
-1.0
220
0.0000000000000002
230
0.0000000000002967
  0
LINE
  5
9EE
330
70
100
AcDbEntity
  8
Hidden
100
AcDbLine
 10
142.28125
 20
219.170312
 30
0.0
 11
142.28125
 21
217.970312
 31
0.0
210
-1.0
220
0.0000000000000002
230
0.0000000000002967
  0
LINE
  5
9EF
330
70
100
AcDbEntity
  8
Hidden
100
AcDbLine
 10
143.78125
 20
219.170312
 30
0.0
 11
143.78125
 21
217.970312
 31
0.0
210
-1.0
220
0.0000000000000002
230
0.0000000000002967
  0
LINE
  5
9F0
330
70
100
AcDbEntity
  8
Hidden
100
AcDbLine
 10
144.03125
 20
226.070312
 30
0.0
 11
143.78125
 21
226.070312
 31
0.0
210
-1.0
220
0.0000000000000002
230
0.0000000000002967
  0
LINE
  5
9F1
330
70
100
AcDbEntity
  8
Hidden
100
AcDbLine
 10
143.78125
 20
216.070312
 30
0.0
 11
144.03125
 21
216.070312
 31
0.0
210
-1.0
220
0.0000000000000002
230
0.0000000000002967
  0
LINE
  5
9F2
330
70
100
AcDbEntity
  8
Hidden
100
AcDbLine
 10
143.78125
 20
226.320312
 30
0.0
 11
143.78125
 21
226.070312
 31
0.0
210
-1.0
220
0.0000000000000002
230
0.0000000000002967
  0
LINE
  5
9F3
330
70
100
AcDbEntity
  8
Hidden
100
AcDbLine
 10
144.03125
 20
226.570312
 30
0.0
 11
143.78125
 21
226.320312
 31
0.0
210
-1.0
220
0.0000000000000002
230
0.0000000000002967
  0
LINE
  5
9F4
330
70
100
AcDbEntity
  8
Hidden
100
AcDbLine
 10
143.78125
 20
215.820312
 30
0.0
 11
144.03125
 21
215.570312
 31
0.0
210
-1.0
220
0.0000000000000002
230
0.0000000000002967
  0
LINE
  5
9F5
330
70
100
AcDbEntity
  8
Hidden
100
AcDbLine
 10
143.78125
 20
216.070312
 30
0.0
 11
143.78125
 21
215.820312
 31
0.0
210
-1.0
220
0.0000000000000002
230
0.0000000000002967
  0
LINE
  5
9F6
330
70
100
AcDbEntity
  8
Hidden
100
AcDbLine
 10
142.28125
 20
226.320312
 30
0.0
 11
142.28125
 21
226.070312
 31
0.0
210
-1.0
220
0.0000000000000002
230
0.0000000000002967
  0
LINE
  5
9F7
330
70
100
AcDbEntity
  8
Hidden
100
AcDbLine
 10
142.28125
 20
216.070312
 30
0.0
 11
142.28125
 21
215.820312
 31
0.0
210
-1.0
220
0.0000000000000002
230
0.0000000000002967
  0
LINE
  5
9F8
330
70
100
AcDbEntity
  8
Hidden
100
AcDbLine
 10
142.03125
 20
216.070312
 30
0.0
 11
142.28125
 21
216.070312
 31
0.0
210
-1.0
220
0.0000000000000002
230
0.0000000000002967
  0
LINE
  5
9F9
330
70
100
AcDbEntity
  8
Hidden
100
AcDbLine
 10
142.28125
 20
226.070312
 30
0.0
 11
142.03125
 21
226.070312
 31
0.0
210
-1.0
220
0.0000000000000002
230
0.0000000000002967
  0
LINE
  5
9FA
330
70
100
AcDbEntity
  8
Hidden
100
AcDbLine
 10
142.28125
 20
226.320312
 30
0.0
 11
142.03125
 21
226.570312
 31
0.0
210
-1.0
220
0.0000000000000002
230
0.0000000000002967
  0
LINE
  5
9FB
330
70
100
AcDbEntity
  8
Hidden
100
AcDbLine
 10
142.03125
 20
215.570312
 30
0.0
 11
142.28125
 21
215.820312
 31
0.0
210
-1.0
220
0.0000000000000002
230
0.0000000000002967
  0
LINE
  5
9FC
330
70
100
AcDbEntity
  8
Hidden
100
AcDbLine
 10
143.78125
 20
187.820312
 30
0.0
 11
142.28125
 21
187.820312
 31
0.0
210
-1.0
220
0.0000000000000002
230
0.0000000000002967
  0
LINE
  5
9FD
330
70
100
AcDbEntity
  8
Hidden
100
AcDbLine
 10
142.28125
 20
177.570312
 30
0.0
 11
142.28125
 21
179.470312
 31
0.0
210
-1.0
220
0.0000000000000002
230
0.0000000000002967
  0
LINE
  5
9FE
330
70
100
AcDbEntity
  8
Hidden
100
AcDbLine
 10
142.28125
 20
180.670312
 30
0.0
 11
142.28125
 21
184.470312
 31
0.0
210
-1.0
220
0.0000000000000002
230
0.0000000000002967
  0
LINE
  5
9FF
330
70
100
AcDbEntity
  8
Hidden
100
AcDbLine
 10
142.28125
 20
185.670312
 30
0.0
 11
142.28125
 21
187.570312
 31
0.0
210
-1.0
220
0.0000000000000002
230
0.0000000000002967
  0
LINE
  5
A00
330
70
100
AcDbEntity
  8
Hidden
100
AcDbLine
 10
142.28125
 20
187.570312
 30
0.0
 11
143.78125
 21
187.570312
 31
0.0
210
-1.0
220
0.0000000000000002
230
0.0000000000002967
  0
LINE
  5
A01
330
70
100
AcDbEntity
  8
Hidden
100
AcDbLine
 10
143.78125
 20
187.570312
 30
0.0
 11
143.78125
 21
185.670312
 31
0.0
210
-1.0
220
0.0000000000000002
230
0.0000000000002967
  0
LINE
  5
A02
330
70
100
AcDbEntity
  8
Hidden
100
AcDbLine
 10
143.78125
 20
184.470312
 30
0.0
 11
143.78125
 21
180.670312
 31
0.0
210
-1.0
220
0.0000000000000002
230
0.0000000000002967
  0
LINE
  5
A03
330
70
100
AcDbEntity
  8
Hidden
100
AcDbLine
 10
143.78125
 20
179.470312
 30
0.0
 11
143.78125
 21
177.570312
 31
0.0
210
-1.0
220
0.0000000000000002
230
0.0000000000002967
  0
LINE
  5
A04
330
70
100
AcDbEntity
  8
Hidden
100
AcDbLine
 10
143.78125
 20
177.570312
 30
0.0
 11
142.28125
 21
177.570312
 31
0.0
210
-1.0
220
0.0000000000000002
230
0.0000000000002967
  0
LINE
  5
A05
330
70
100
AcDbEntity
  8
Hidden
100
AcDbLine
 10
142.28125
 20
177.320312
 30
0.0
 11
143.78125
 21
177.320312
 31
0.0
210
-1.0
220
0.0000000000000002
230
0.0000000000002967
  0
LINE
  5
A06
330
70
100
AcDbEntity
  8
Hidden
100
AcDbLine
 10
142.28125
 20
180.670312
 30
0.0
 11
142.28125
 21
179.470312
 31
0.0
210
-1.0
220
0.0000000000000002
230
0.0000000000002967
  0
LINE
  5
A07
330
70
100
AcDbEntity
  8
Hidden
100
AcDbLine
 10
143.78125
 20
180.670312
 30
0.0
 11
143.78125
 21
179.470312
 31
0.0
210
-1.0
220
0.0000000000000002
230
0.0000000000002967
  0
LINE
  5
A08
330
70
100
AcDbEntity
  8
Hidden
100
AcDbLine
 10
142.28125
 20
185.670312
 30
0.0
 11
142.28125
 21
184.470312
 31
0.0
210
-1.0
220
0.0000000000000002
230
0.0000000000002967
  0
LINE
  5
A09
330
70
100
AcDbEntity
  8
Hidden
100
AcDbLine
 10
143.78125
 20
185.670312
 30
0.0
 11
143.78125
 21
184.470312
 31
0.0
210
-1.0
220
0.0000000000000002
230
0.0000000000002967
  0
LINE
  5
A0A
330
70
100
AcDbEntity
  8
Hidden
100
AcDbLine
 10
144.03125
 20
187.570312
 30
0.0
 11
143.78125
 21
187.570312
 31
0.0
210
-1.0
220
0.0000000000000002
230
0.0000000000002967
  0
LINE
  5
A0B
330
70
100
AcDbEntity
  8
Hidden
100
AcDbLine
 10
143.78125
 20
177.570312
 30
0.0
 11
144.03125
 21
177.570312
 31
0.0
210
-1.0
220
0.0000000000000002
230
0.0000000000002967
  0
LINE
  5
A0C
330
70
100
AcDbEntity
  8
Hidden
100
AcDbLine
 10
143.78125
 20
177.320312
 30
0.0
 11
144.03125
 21
177.070312
 31
0.0
210
-1.0
220
0.0000000000000002
230
0.0000000000002967
  0
LINE
  5
A0D
330
70
100
AcDbEntity
  8
Hidden
100
AcDbLine
 10
143.78125
 20
177.570312
 30
0.0
 11
143.78125
 21
177.320312
 31
0.0
210
-1.0
220
0.0000000000000002
230
0.0000000000002967
  0
LINE
  5
A0E
330
70
100
AcDbEntity
  8
Hidden
100
AcDbLine
 10
143.78125
 20
187.820312
 30
0.0
 11
143.78125
 21
187.570312
 31
0.0
210
-1.0
220
0.0000000000000002
230
0.0000000000002967
  0
LINE
  5
A0F
330
70
100
AcDbEntity
  8
Hidden
100
AcDbLine
 10
144.03125
 20
188.070312
 30
0.0
 11
143.78125
 21
187.820312
 31
0.0
210
-1.0
220
0.0000000000000002
230
0.0000000000002967
  0
LINE
  5
A10
330
70
100
AcDbEntity
  8
Hidden
100
AcDbLine
 10
142.28125
 20
177.570312
 30
0.0
 11
142.28125
 21
177.320312
 31
0.0
210
-1.0
220
0.0000000000000002
230
0.0000000000002967
  0
LINE
  5
A11
330
70
100
AcDbEntity
  8
Hidden
100
AcDbLine
 10
142.28125
 20
187.570312
 30
0.0
 11
142.03125
 21
187.570312
 31
0.0
210
-1.0
220
0.0000000000000002
230
0.0000000000002967
  0
LINE
  5
A12
330
70
100
AcDbEntity
  8
Hidden
100
AcDbLine
 10
142.03125
 20
177.570312
 30
0.0
 11
142.28125
 21
177.570312
 31
0.0
210
-1.0
220
0.0000000000000002
230
0.0000000000002967
  0
LINE
  5
A13
330
70
100
AcDbEntity
  8
Hidden
100
AcDbLine
 10
142.28125
 20
187.820312
 30
0.0
 11
142.28125
 21
187.570312
 31
0.0
210
-1.0
220
0.0000000000000002
230
0.0000000000002967
  0
LINE
  5
A14
330
70
100
AcDbEntity
  8
Hidden
100
AcDbLine
 10
142.03125
 20
177.070312
 30
0.0
 11
142.28125
 21
177.320312
 31
0.0
210
-1.0
220
0.0000000000000002
230
0.0000000000002967
  0
LINE
  5
A15
330
70
100
AcDbEntity
  8
Hidden
100
AcDbLine
 10
142.28125
 20
187.820312
 30
0.0
 11
142.03125
 21
188.070312
 31
0.0
210
-1.0
220
0.0000000000000002
230
0.0000000000002967
  0
LINE
  5
A16
330
70
100
AcDbEntity
  8
Visible
100
AcDbLine
 10
126.634803
 20
230.070312
 30
0.0
 11
141.28125
 21
230.070312
 31
0.0
210
-1.0
220
0.0000000000000002
230
0.0000000000002967
  0
LINE
  5
A17
330
70
100
AcDbEntity
  8
Visible
100
AcDbLine
 10
143.78125
 20
229.820312
 30
0.0
 11
143.78125
 21
231.216759
 31
0.0
210
-1.0
220
0.0000000000000002
230
0.0000000000002967
  0
LINE
  5
A18
330
70
100
AcDbEntity
  8
Visible
100
AcDbLine
 10
143.78125
 20
231.216759
 30
0.0
 11
143.427697
 21
231.570312
 31
0.0
210
-1.0
220
0.0000000000000002
230
0.0000000000002967
  0
LINE
  5
A19
330
70
100
AcDbEntity
  8
Visible
100
AcDbLine
 10
143.427697
 20
231.570312
 30
0.0
 11
126.634803
 21
231.570312
 31
0.0
210
-1.0
220
0.0000000000000002
230
0.0000000000002967
  0
LINE
  5
A1A
330
70
100
AcDbEntity
  8
Visible
100
AcDbLine
 10
126.634803
 20
231.570312
 30
0.0
 11
126.28125
 21
231.216759
 31
0.0
210
-1.0
220
0.0000000000000002
230
0.0000000000002967
  0
LINE
  5
A1B
330
70
100
AcDbEntity
  8
Visible
100
AcDbLine
 10
126.28125
 20
231.216759
 30
0.0
 11
126.28125
 21
230.423866
 31
0.0
210
-1.0
220
0.0000000000000002
230
0.0000000000002967
  0
LINE
  5
A1C
330
70
100
AcDbEntity
  8
Visible
100
AcDbLine
 10
126.28125
 20
230.423866
 30
0.0
 11
126.634803
 21
230.070312
 31
0.0
210
-1.0
220
0.0000000000000002
230
0.0000000000002967
  0
LINE
  5
A1D
330
70
100
AcDbEntity
  8
Visible
100
AcDbLine
 10
143.427697
 20
229.820312
 30
0.0
 11
143.78125
 21
229.820312
 31
0.0
210
-1.0
220
0.0000000000000002
230
0.0000000000002967
  0
LINE
  5
A1E
330
70
100
AcDbEntity
  8
Visible
100
AcDbLine
 10
141.78125
 20
229.820312
 30
0.0
 11
143.427697
 21
229.820312
 31
0.0
210
-1.0
220
0.0000000000000002
230
0.0000000000002967
  0
LINE
  5
A1F
330
70
100
AcDbEntity
  8
Visible
100
AcDbLine
 10
143.427697
 20
229.820312
 30
0.0
 11
143.53125
 21
229.570312
 31
0.0
210
-1.0
220
0.0000000000000002
230
0.0000000000002967
  0
LINE
  5
A20
330
70
100
AcDbEntity
  8
Visible
100
AcDbLine
 10
143.78125
 20
229.820312
 30
0.0
 11
144.03125
 21
229.570312
 31
0.0
210
-1.0
220
0.0000000000000002
230
0.0000000000002967
  0
LINE
  5
A21
330
70
100
AcDbEntity
  8
Visible
100
AcDbLine
 10
143.78125
 20
231.216759
 30
0.0
 11
144.03125
 21
231.320312
 31
0.0
210
-1.0
220
0.0000000000000002
230
0.0000000000002967
  0
LINE
  5
A22
330
70
100
AcDbEntity
  8
Visible
100
AcDbLine
 10
143.427697
 20
231.570312
 30
0.0
 11
143.53125
 21
231.820312
 31
0.0
210
-1.0
220
0.0000000000000002
230
0.0000000000002967
  0
LINE
  5
A23
330
70
100
AcDbEntity
  8
Visible
100
AcDbLine
 10
126.634803
 20
231.570312
 30
0.0
 11
126.53125
 21
231.820312
 31
0.0
210
-1.0
220
0.0000000000000002
230
0.0000000000002967
  0
LINE
  5
A24
330
70
100
AcDbEntity
  8
Visible
100
AcDbLine
 10
126.28125
 20
231.216759
 30
0.0
 11
126.03125
 21
231.320312
 31
0.0
210
-1.0
220
0.0000000000000002
230
0.0000000000002967
  0
LINE
  5
A25
330
70
100
AcDbEntity
  8
Visible
100
AcDbLine
 10
126.28125
 20
230.423866
 30
0.0
 11
126.03125
 21
230.320312
 31
0.0
210
-1.0
220
0.0000000000000002
230
0.0000000000002967
  0
LINE
  5
A26
330
70
100
AcDbEntity
  8
Visible
100
AcDbLine
 10
126.634803
 20
230.070312
 30
0.0
 11
126.53125
 21
229.820312
 31
0.0
210
-1.0
220
0.0000000000000002
230
0.0000000000002967
  0
LINE
  5
A27
330
70
100
AcDbEntity
  8
Visible
100
AcDbLine
 10
114.03125
 20
193.820312
 30
0.0
 11
114.03125
 21
209.820312
 31
0.0
210
-1.0
220
0.0000000000000002
230
0.0000000000002967
  0
LINE
  5
A28
330
70
100
AcDbEntity
  8
Visible
100
AcDbLine
 10
114.03125
 20
209.820312
 30
0.0
 11
142.03125
 21
209.820312
 31
0.0
210
-1.0
220
0.0000000000000002
230
0.0000000000002967
  0
LINE
  5
A29
330
70
100
AcDbEntity
  8
Visible
100
AcDbLine
 10
142.03125
 20
193.820312
 30
0.0
 11
114.03125
 21
193.820312
 31
0.0
210
-1.0
220
0.0000000000000002
230
0.0000000000002967
  0
LINE
  5
A2A
330
70
100
AcDbEntity
  8
Visible
100
AcDbLine
 10
138.78125
 20
206.820312
 30
0.0
 11
118.03125
 21
206.820312
 31
0.0
210
-1.0
220
0.0000000000000002
230
0.0000000000002967
  0
LINE
  5
A2B
330
70
100
AcDbEntity
  8
Visible
100
AcDbLine
 10
118.03125
 20
206.820312
 30
0.0
 11
118.03125
 21
196.570312
 31
0.0
210
-1.0
220
0.0000000000000002
230
0.0000000000002967
  0
LINE
  5
A2C
330
70
100
AcDbEntity
  8
Visible
100
AcDbLine
 10
118.28125
 20
196.320312
 30
0.0
 11
139.03125
 21
196.320312
 31
0.0
210
-1.0
220
0.0000000000000002
230
0.0000000000002967
  0
LINE
  5
A2D
330
70
100
AcDbEntity
  8
Visible
100
AcDbLine
 10
139.03125
 20
196.320312
 30
0.0
 11
139.03125
 21
206.570312
 31
0.0
210
-1.0
220
0.0000000000000002
230
0.0000000000002967
  0
ARC
  5
A2E
330
70
100
AcDbEntity
  8
Visible
100
AcDbCircle
 10
-141.03125
 20
198.820312
 30
0.0
 40
0.6000000000001783
210
0.0
220
0.0000000000000001
230
-1.0
100
AcDbArc
 50
146.44269
 51
213.55731
  0
ARC
  5
A2F
330
70
100
AcDbEntity
  8
Visible
100
AcDbCircle
 10
-141.03125
 20
204.320312
 30
0.0
 40
0.6000000000001783
210
0.0
220
0.0000000000000001
230
-1.0
100
AcDbArc
 50
146.44269
 51
213.55731
  0
CIRCLE
  5
A30
330
70
100
AcDbEntity
  8
Visible
100
AcDbCircle
 10
-116.03125
 20
198.820312
 30
0.0
 40
0.6000000000000004
210
0.0
220
0.0000000000000001
230
-1.0
  0
CIRCLE
  5
A31
330
70
100
AcDbEntity
  8
Visible
100
AcDbCircle
 10
-116.03125
 20
204.320312
 30
0.0
 40
0.6000000000000004
210
0.0
220
0.0000000000000001
230
-1.0
  0
LINE
  5
A32
330
70
100
AcDbEntity
  8
Visible
100
AcDbLine
 10
142.03125
 20
194.570312
 30
0.0
 11
141.53125
 21
194.070312
 31
0.0
210
-1.0
220
0.0000000000000002
230
0.0000000000002967
  0
LINE
  5
A33
330
70
100
AcDbEntity
  8
Visible
100
AcDbLine
 10
114.03125
 20
193.820312
 30
0.0
 11
114.28125
 21
194.070312
 31
0.0
210
-1.0
220
0.0000000000000002
230
0.0000000000002967
  0
LINE
  5
A34
330
70
100
AcDbEntity
  8
Visible
100
AcDbLine
 10
114.03125
 20
209.820312
 30
0.0
 11
114.28125
 21
209.570312
 31
0.0
210
-1.0
220
0.0000000000000002
230
0.0000000000002967
  0
LINE
  5
A35
330
70
100
AcDbEntity
  8
Visible
100
AcDbLine
 10
141.53125
 20
209.570312
 30
0.0
 11
142.03125
 21
209.070312
 31
0.0
210
-1.0
220
0.0000000000000002
230
0.0000000000002967
  0
LINE
  5
A36
330
70
100
AcDbEntity
  8
Visible
100
AcDbLine
 10
138.78125
 20
206.820312
 30
0.0
 11
139.03125
 21
206.570312
 31
0.0
210
-1.0
220
0.0000000000000002
230
0.0000000000002967
  0
LINE
  5
A37
330
70
100
AcDbEntity
  8
Visible
100
AcDbLine
 10
118.03125
 20
206.820312
 30
0.0
 11
117.78125
 21
207.070312
 31
0.0
210
-1.0
220
0.0000000000000002
230
0.0000000000002967
  0
LINE
  5
A38
330
70
100
AcDbEntity
  8
Visible
100
AcDbLine
 10
138.78125
 20
207.070312
 30
0.0
 11
138.78125
 21
206.820312
 31
0.0
210
-1.0
220
0.0000000000000002
230
0.0000000000002967
  0
LINE
  5
A39
330
70
100
AcDbEntity
  8
Visible
100
AcDbLine
 10
139.28125
 20
206.570312
 30
0.0
 11
139.03125
 21
206.570312
 31
0.0
210
-1.0
220
0.0000000000000002
230
0.0000000000002967
  0
LINE
  5
A3A
330
70
100
AcDbEntity
  8
Visible
100
AcDbLine
 10
118.03125
 20
196.570312
 30
0.0
 11
117.78125
 21
196.570312
 31
0.0
210
-1.0
220
0.0000000000000002
230
0.0000000000002967
  0
LINE
  5
A3B
330
70
100
AcDbEntity
  8
Visible
100
AcDbLine
 10
118.28125
 20
196.320312
 30
0.0
 11
118.03125
 21
196.570312
 31
0.0
210
-1.0
220
0.0000000000000002
230
0.0000000000002967
  0
LINE
  5
A3C
330
70
100
AcDbEntity
  8
Visible
100
AcDbLine
 10
139.28125
 20
196.070312
 30
0.0
 11
139.03125
 21
196.320312
 31
0.0
210
-1.0
220
0.0000000000000002
230
0.0000000000002967
  0
LINE
  5
A3D
330
70
100
AcDbEntity
  8
Visible
100
AcDbLine
 10
118.28125
 20
196.320312
 30
0.0
 11
118.28125
 21
196.070312
 31
0.0
210
-1.0
220
0.0000000000000002
230
0.0000000000002967
  0
LINE
  5
A3E
330
70
100
AcDbEntity
  8
Hidden
100
AcDbLine
 10
130.90625
 20
171.820312
 30
0.0
 11
130.90625
 21
173.820312
 31
0.0
210
-1.0
220
0.0000000000000002
230
0.0000000000002967
  0
LINE
  5
A3F
330
70
100
AcDbEntity
  8
Hidden
100
AcDbLine
 10
132.15625
 20
171.820312
 30
0.0
 11
132.15625
 21
173.820312
 31
0.0
210
-1.0
220
0.0000000000000002
230
0.0000000000002967
  0
LINE
  5
A40
330
70
100
AcDbEntity
  8
Hidden
100
AcDbLine
 10
135.90625
 20
171.820312
 30
0.0
 11
135.90625
 21
173.820312
 31
0.0
210
-1.0
220
0.0000000000000002
230
0.0000000000002967
  0
LINE
  5
A41
330
70
100
AcDbEntity
  8
Hidden
100
AcDbLine
 10
137.15625
 20
171.820312
 30
0.0
 11
137.15625
 21
173.820312
 31
0.0
210
-1.0
220
0.0000000000000002
230
0.0000000000002967
  0
LINE
  5
A42
330
70
100
AcDbEntity
  8
Hidden
100
AcDbLine
 10
130.90625
 20
229.820312
 30
0.0
 11
130.90625
 21
231.820312
 31
0.0
210
-1.0
220
0.0000000000000002
230
0.0000000000002967
  0
LINE
  5
A43
330
70
100
AcDbEntity
  8
Hidden
100
AcDbLine
 10
132.15625
 20
229.820312
 30
0.0
 11
132.15625
 21
231.820312
 31
0.0
210
-1.0
220
0.0000000000000002
230
0.0000000000002967
  0
LINE
  5
A44
330
70
100
AcDbEntity
  8
Hidden
100
AcDbLine
 10
135.90625
 20
229.820312
 30
0.0
 11
135.90625
 21
231.820312
 31
0.0
210
-1.0
220
0.0000000000000002
230
0.0000000000002967
  0
LINE
  5
A45
330
70
100
AcDbEntity
  8
Hidden
100
AcDbLine
 10
137.15625
 20
229.820312
 30
0.0
 11
137.15625
 21
231.820312
 31
0.0
210
-1.0
220
0.0000000000000002
230
0.0000000000002967
  0
LINE
  5
A46
330
70
100
AcDbEntity
  8
Hidden
100
AcDbLine
 10
143.78125
 20
222.970312
 30
0.0
 11
142.28125
 21
222.970312
 31
0.0
210
-1.0
220
0.0000000000000002
230
0.0000000000002967
  0
LINE
  5
A47
330
70
100
AcDbEntity
  8
Hidden
100
AcDbLine
 10
143.78125
 20
224.170312
 30
0.0
 11
142.28125
 21
224.170312
 31
0.0
210
-1.0
220
0.0000000000000002
230
0.0000000000002967
  0
LINE
  5
A48
330
70
100
AcDbEntity
  8
Hidden
100
AcDbLine
 10
143.78125
 20
217.970312
 30
0.0
 11
142.28125
 21
217.970312
 31
0.0
210
-1.0
220
0.0000000000000002
230
0.0000000000002967
  0
LINE
  5
A49
330
70
100
AcDbEntity
  8
Hidden
100
AcDbLine
 10
143.78125
 20
219.170312
 30
0.0
 11
142.28125
 21
219.170312
 31
0.0
210
-1.0
220
0.0000000000000002
230
0.0000000000002967
  0
LINE
  5
A4A
330
70
100
AcDbEntity
  8
Hidden
100
AcDbLine
 10
142.28125
 20
217.970312
 30
0.0
 11
142.03125
 21
217.720312
 31
0.0
210
-1.0
220
0.0000000000000002
230
0.0000000000002967
  0
LINE
  5
A4B
330
70
100
AcDbEntity
  8
Hidden
100
AcDbLine
 10
142.28125
 20
219.170312
 30
0.0
 11
142.03125
 21
219.420312
 31
0.0
210
-1.0
220
0.0000000000000002
230
0.0000000000002967
  0
LINE
  5
A4C
330
70
100
AcDbEntity
  8
Hidden
100
AcDbLine
 10
143.78125
 20
219.170312
 30
0.0
 11
144.03125
 21
219.420312
 31
0.0
210
-1.0
220
0.0000000000000002
230
0.0000000000002967
  0
LINE
  5
A4D
330
70
100
AcDbEntity
  8
Hidden
100
AcDbLine
 10
143.78125
 20
217.970312
 30
0.0
 11
144.03125
 21
217.720312
 31
0.0
210
-1.0
220
0.0000000000000002
230
0.0000000000002967
  0
LINE
  5
A4E
330
70
100
AcDbEntity
  8
Hidden
100
AcDbLine
 10
142.28125
 20
222.970312
 30
0.0
 11
142.03125
 21
222.720312
 31
0.0
210
-1.0
220
0.0000000000000002
230
0.0000000000002967
  0
LINE
  5
A4F
330
70
100
AcDbEntity
  8
Hidden
100
AcDbLine
 10
142.28125
 20
224.170312
 30
0.0
 11
142.03125
 21
224.420312
 31
0.0
210
-1.0
220
0.0000000000000002
230
0.0000000000002967
  0
LINE
  5
A50
330
70
100
AcDbEntity
  8
Hidden
100
AcDbLine
 10
143.78125
 20
224.170312
 30
0.0
 11
144.03125
 21
224.420312
 31
0.0
210
-1.0
220
0.0000000000000002
230
0.0000000000002967
  0
LINE
  5
A51
330
70
100
AcDbEntity
  8
Hidden
100
AcDbLine
 10
143.78125
 20
222.970312
 30
0.0
 11
144.03125
 21
222.720312
 31
0.0
210
-1.0
220
0.0000000000000002
230
0.0000000000002967
  0
LINE
  5
A52
330
70
100
AcDbEntity
  8
Hidden
100
AcDbLine
 10
143.78125
 20
179.470312
 30
0.0
 11
142.28125
 21
179.470312
 31
0.0
210
-1.0
220
0.0000000000000002
230
0.0000000000002967
  0
LINE
  5
A53
330
70
100
AcDbEntity
  8
Hidden
100
AcDbLine
 10
143.78125
 20
180.670312
 30
0.0
 11
142.28125
 21
180.670312
 31
0.0
210
-1.0
220
0.0000000000000002
230
0.0000000000002967
  0
LINE
  5
A54
330
70
100
AcDbEntity
  8
Hidden
100
AcDbLine
 10
143.78125
 20
184.470312
 30
0.0
 11
142.28125
 21
184.470312
 31
0.0
210
-1.0
220
0.0000000000000002
230
0.0000000000002967
  0
LINE
  5
A55
330
70
100
AcDbEntity
  8
Hidden
100
AcDbLine
 10
143.78125
 20
185.670312
 30
0.0
 11
142.28125
 21
185.670312
 31
0.0
210
-1.0
220
0.0000000000000002
230
0.0000000000002967
  0
LINE
  5
A56
330
70
100
AcDbEntity
  8
Hidden
100
AcDbLine
 10
142.28125
 20
184.470312
 30
0.0
 11
142.03125
 21
184.220312
 31
0.0
210
-1.0
220
0.0000000000000002
230
0.0000000000002967
  0
LINE
  5
A57
330
70
100
AcDbEntity
  8
Hidden
100
AcDbLine
 10
142.28125
 20
185.670312
 30
0.0
 11
142.03125
 21
185.920312
 31
0.0
210
-1.0
220
0.0000000000000002
230
0.0000000000002967
  0
LINE
  5
A58
330
70
100
AcDbEntity
  8
Hidden
100
AcDbLine
 10
143.78125
 20
185.670312
 30
0.0
 11
144.03125
 21
185.920312
 31
0.0
210
-1.0
220
0.0000000000000002
230
0.0000000000002967
  0
LINE
  5
A59
330
70
100
AcDbEntity
  8
Hidden
100
AcDbLine
 10
143.78125
 20
184.470312
 30
0.0
 11
144.03125
 21
184.220312
 31
0.0
210
-1.0
220
0.0000000000000002
230
0.0000000000002967
  0
LINE
  5
A5A
330
70
100
AcDbEntity
  8
Hidden
100
AcDbLine
 10
142.28125
 20
179.470312
 30
0.0
 11
142.03125
 21
179.220312
 31
0.0
210
-1.0
220
0.0000000000000002
230
0.0000000000002967
  0
LINE
  5
A5B
330
70
100
AcDbEntity
  8
Hidden
100
AcDbLine
 10
142.28125
 20
180.670312
 30
0.0
 11
142.03125
 21
180.920312
 31
0.0
210
-1.0
220
0.0000000000000002
230
0.0000000000002967
  0
LINE
  5
A5C
330
70
100
AcDbEntity
  8
Hidden
100
AcDbLine
 10
143.78125
 20
180.670312
 30
0.0
 11
144.03125
 21
180.920312
 31
0.0
210
-1.0
220
0.0000000000000002
230
0.0000000000002967
  0
LINE
  5
A5D
330
70
100
AcDbEntity
  8
Hidden
100
AcDbLine
 10
143.78125
 20
179.470312
 30
0.0
 11
144.03125
 21
179.220312
 31
0.0
210
-1.0
220
0.0000000000000002
230
0.0000000000002967
  0
LINE
  5
A5E
330
70
100
AcDbEntity
  8
Hidden
100
AcDbLine
 10
227.820312
 20
102.351563
 30
0.0
 11
227.820312
 21
86.851563
 31
0.0
210
-0.0000000000000001
220
-1.0
230
0.0000000000002967
  0
LINE
  5
A5F
330
70
100
AcDbEntity
  8
Visible
100
AcDbLine
 10
227.820312
 20
86.851563
 30
0.0
 11
227.820312
 21
75.101563
 31
0.0
210
-0.0000000000000001
220
-1.0
230
0.0000000000002967
  0
LINE
  5
A60
330
70
100
AcDbEntity
  8
Visible
100
AcDbLine
 10
225.820312
 20
104.351563
 30
0.0
 11
225.820312
 21
104.601563
 31
0.0
210
-0.0000000000000001
220
-1.0
230
0.0000000000002967
  0
LINE
  5
A61
330
70
100
AcDbEntity
  8
Visible
100
AcDbLine
 10
225.820312
 20
75.101563
 30
0.0
 11
225.820312
 21
87.351563
 31
0.0
210
-0.0000000000000001
220
-1.0
230
0.0000000000002967
  0
LINE
  5
A62
330
70
100
AcDbEntity
  8
Visible
100
AcDbLine
 10
225.820312
 20
87.351563
 30
0.0
 11
225.820312
 21
104.351563
 31
0.0
210
-0.0000000000000001
220
-1.0
230
0.0000000000002967
  0
LINE
  5
A63
330
70
100
AcDbEntity
  8
Visible
100
AcDbLine
 10
300.820312
 20
104.351563
 30
0.0
 11
300.820312
 21
103.101563
 31
0.0
210
-0.0000000000000001
220
-1.0
230
0.0000000000002967
  0
LINE
  5
A64
330
70
100
AcDbEntity
  8
Visible
100
AcDbLine
 10
300.820312
 20
102.851563
 30
0.0
 11
300.820312
 21
103.101563
 31
0.0
210
-0.0000000000000001
220
-1.0
230
0.0000000000002967
  0
LINE
  5
A65
330
70
100
AcDbEntity
  8
Visible
100
AcDbLine
 10
300.320312
 20
104.851563
 30
0.0
 11
300.820312
 21
104.351563
 31
0.0
210
-0.0000000000000001
220
-1.0
230
0.0000000000002967
  0
LINE
  5
A66
330
70
100
AcDbEntity
  8
Visible
100
AcDbLine
 10
226.320312
 20
104.851563
 30
0.0
 11
226.070312
 21
104.851563
 31
0.0
210
-0.0000000000000001
220
-1.0
230
0.0000000000002967
  0
LINE
  5
A67
330
70
100
AcDbEntity
  8
Visible
100
AcDbLine
 10
226.320312
 20
104.851563
 30
0.0
 11
280.570312
 21
104.851563
 31
0.0
210
-0.0000000000000001
220
-1.0
230
0.0000000000002967
  0
LINE
  5
A68
330
70
100
AcDbEntity
  8
Visible
100
AcDbLine
 10
280.570312
 20
104.851563
 30
0.0
 11
300.320312
 21
104.851563
 31
0.0
210
-0.0000000000000001
220
-1.0
230
0.0000000000002967
  0
LINE
  5
A69
330
70
100
AcDbEntity
  8
Hidden
100
AcDbLine
 10
280.570312
 20
104.351563
 30
0.0
 11
280.820312
 21
104.351563
 31
0.0
210
-0.0000000000000001
220
-1.0
230
0.0000000000002967
  0
LINE
  5
A6A
330
70
100
AcDbEntity
  8
Visible
100
AcDbLine
 10
280.820312
 20
86.851563
 30
0.0
 11
280.570312
 21
86.851563
 31
0.0
210
-0.0000000000000001
220
-1.0
230
0.0000000000002967
  0
LINE
  5
A6B
330
70
100
AcDbEntity
  8
Hidden
100
AcDbLine
 10
280.570312
 20
87.351563
 30
0.0
 11
280.820312
 21
87.351563
 31
0.0
210
-0.0000000000000001
220
-1.0
230
0.0000000000002967
  0
LINE
  5
A6C
330
70
100
AcDbEntity
  8
Hidden
100
AcDbLine
 10
280.820312
 20
102.351563
 30
0.0
 11
280.570312
 21
102.351563
 31
0.0
210
-0.0000000000000001
220
-1.0
230
0.0000000000002967
  0
LINE
  5
A6D
330
70
100
AcDbEntity
  8
Visible
100
AcDbLine
 10
300.570312
 20
102.601563
 30
0.0
 11
300.820312
 21
102.851563
 31
0.0
210
-0.0000000000000001
220
-1.0
230
0.0000000000002967
  0
LINE
  5
A6E
330
70
100
AcDbEntity
  8
Visible
100
AcDbLine
 10
280.820312
 20
86.851563
 30
0.0
 11
280.820312
 21
87.101563
 31
0.0
210
-0.0000000000000001
220
-1.0
230
0.0000000000002967
  0
LINE
  5
A6F
330
70
100
AcDbEntity
  8
Visible
100
AcDbLine
 10
300.820312
 20
103.101563
 30
0.0
 11
300.570312
 21
102.601563
 31
0.0
210
-0.0000000000000001
220
-1.0
230
0.0000000000002967
  0
LINE
  5
A70
330
70
100
AcDbEntity
  8
Visible
100
AcDbLine
 10
300.570312
 20
102.601563
 30
0.0
 11
300.320312
 21
102.351563
 31
0.0
210
-0.0000000000000001
220
-1.0
230
0.0000000000002967
  0
LINE
  5
A71
330
70
100
AcDbEntity
  8
Hidden
100
AcDbLine
 10
300.320312
 20
102.851563
 30
0.0
 11
300.320312
 21
102.351563
 31
0.0
210
-0.0000000000000001
220
-1.0
230
0.0000000000002967
  0
LINE
  5
A72
330
70
100
AcDbEntity
  8
Hidden
100
AcDbLine
 10
300.820312
 20
103.351563
 30
0.0
 11
300.320312
 21
102.851563
 31
0.0
210
-0.0000000000000001
220
-1.0
230
0.0000000000002967
  0
LINE
  5
A73
330
70
100
AcDbEntity
  8
Hidden
100
AcDbLine
 10
300.320312
 20
102.851563
 30
0.0
 11
226.320312
 21
102.851563
 31
0.0
210
-0.0000000000000001
220
-1.0
230
0.0000000000002967
  0
LINE
  5
A74
330
70
100
AcDbEntity
  8
Visible
100
AcDbLine
 10
226.320312
 20
87.351563
 30
0.0
 11
280.570312
 21
87.351563
 31
0.0
210
-0.0000000000000001
220
-1.0
230
0.0000000000002967
  0
LINE
  5
A75
330
70
100
AcDbEntity
  8
Visible
100
AcDbLine
 10
280.570312
 20
87.351563
 30
0.0
 11
280.570312
 21
104.351563
 31
0.0
210
-0.0000000000000001
220
-1.0
230
0.0000000000002967
  0
LINE
  5
A76
330
70
100
AcDbEntity
  8
Visible
100
AcDbLine
 10
280.570312
 20
104.351563
 30
0.0
 11
226.320312
 21
104.351563
 31
0.0
210
-0.0000000000000001
220
-1.0
230
0.0000000000002967
  0
LINE
  5
A77
330
70
100
AcDbEntity
  8
Visible
100
AcDbLine
 10
226.320312
 20
104.351563
 30
0.0
 11
226.320312
 21
87.351563
 31
0.0
210
-0.0000000000000001
220
-1.0
230
0.0000000000002967
  0
CIRCLE
  5
A78
330
70
100
AcDbEntity
  8
Visible
100
AcDbCircle
 10
-253.820312
 20
97.351563
 30
0.0
 40
0.6249999999999999
210
-0.0000000000000002
220
0.0
230
-1.0
  0
CIRCLE
  5
A79
330
70
100
AcDbEntity
  8
Visible
100
AcDbCircle
 10
-253.820312
 20
92.351563
 30
0.0
 40
0.6250000000000007
210
-0.0000000000000002
220
0.0
230
-1.0
  0
CIRCLE
  5
A7A
330
70
100
AcDbEntity
  8
Visible
100
AcDbCircle
 10
-228.820312
 20
97.351563
 30
0.0
 40
0.6249999999999999
210
-0.0000000000000002
220
0.0
230
-1.0
  0
CIRCLE
  5
A7B
330
70
100
AcDbEntity
  8
Visible
100
AcDbCircle
 10
-228.820312
 20
92.351563
 30
0.0
 40
0.6250000000000007
210
-0.0000000000000002
220
0.0
230
-1.0
  0
LINE
  5
A7C
330
70
100
AcDbEntity
  8
Visible
100
AcDbLine
 10
251.820312
 20
100.101563
 30
0.0
 11
251.820312
 21
89.601563
 31
0.0
210
-0.0000000000000001
220
-1.0
230
0.0000000000002967
  0
LINE
  5
A7D
330
70
100
AcDbEntity
  8
Visible
100
AcDbLine
 10
251.820312
 20
89.601563
 30
0.0
 11
230.820312
 21
89.601563
 31
0.0
210
-0.0000000000000001
220
-1.0
230
0.0000000000002967
  0
LINE
  5
A7E
330
70
100
AcDbEntity
  8
Visible
100
AcDbLine
 10
230.820312
 20
89.601563
 30
0.0
 11
230.820312
 21
100.101563
 31
0.0
210
-0.0000000000000001
220
-1.0
230
0.0000000000002967
  0
LINE
  5
A7F
330
70
100
AcDbEntity
  8
Visible
100
AcDbLine
 10
230.820312
 20
100.101563
 30
0.0
 11
251.820312
 21
100.101563
 31
0.0
210
-0.0000000000000001
220
-1.0
230
0.0000000000002967
  0
LINE
  5
A80
330
70
100
AcDbEntity
  8
Visible
100
AcDbLine
 10
280.570312
 20
86.851563
 30
0.0
 11
226.320312
 21
86.851563
 31
0.0
210
-0.0000000000000001
220
-1.0
230
0.0000000000002967
  0
LINE
  5
A81
330
70
100
AcDbEntity
  8
Hidden
100
AcDbLine
 10
226.320312
 20
102.351563
 30
0.0
 11
280.570312
 21
102.351563
 31
0.0
210
-0.0000000000000001
220
-1.0
230
0.0000000000002967
  0
LINE
  5
A82
330
70
100
AcDbEntity
  8
Visible
100
AcDbLine
 10
225.820312
 20
104.351563
 30
0.0
 11
226.070312
 21
104.601563
 31
0.0
210
-0.0000000000000001
220
-1.0
230
0.0000000000002967
  0
LINE
  5
A83
330
70
100
AcDbEntity
  8
Visible
100
AcDbLine
 10
226.320312
 20
104.851563
 30
0.0
 11
226.070312
 21
104.601563
 31
0.0
210
-0.0000000000000001
220
-1.0
230
0.0000000000002967
  0
LINE
  5
A84
330
70
100
AcDbEntity
  8
Visible
100
AcDbLine
 10
280.570312
 20
104.351563
 30
0.0
 11
280.570312
 21
104.851563
 31
0.0
210
-0.0000000000000001
220
-1.0
230
0.0000000000002967
  0
LINE
  5
A85
330
70
100
AcDbEntity
  8
Visible
100
AcDbLine
 10
226.070312
 20
104.601563
 30
0.0
 11
226.320312
 21
104.351563
 31
0.0
210
-0.0000000000000001
220
-1.0
230
0.0000000000002967
  0
LINE
  5
A86
330
70
100
AcDbEntity
  8
Visible
100
AcDbLine
 10
226.320312
 20
87.351563
 30
0.0
 11
225.820312
 21
87.351563
 31
0.0
210
-0.0000000000000001
220
-1.0
230
0.0000000000002967
  0
LINE
  5
A87
330
70
100
AcDbEntity
  8
Visible
100
AcDbLine
 10
280.570312
 20
86.851563
 30
0.0
 11
280.570312
 21
87.351563
 31
0.0
210
-0.0000000000000001
220
-1.0
230
0.0000000000002967
  0
LINE
  5
A88
330
70
100
AcDbEntity
  8
Visible
100
AcDbLine
 10
226.320312
 20
86.851563
 30
0.0
 11
226.320312
 21
87.351563
 31
0.0
210
-0.0000000000000001
220
-1.0
230
0.0000000000002967
  0
LINE
  5
A89
330
70
100
AcDbEntity
  8
Visible
100
AcDbLine
 10
226.320312
 20
86.851563
 30
0.0
 11
225.820312
 21
87.351563
 31
0.0
210
-0.0000000000000001
220
-1.0
230
0.0000000000002967
  0
LINE
  5
A8A
330
70
100
AcDbEntity
  8
Hidden
100
AcDbLine
 10
226.320312
 20
102.351563
 30
0.0
 11
225.820312
 21
102.351563
 31
0.0
210
-0.0000000000000001
220
-1.0
230
0.0000000000002967
  0
LINE
  5
A8B
330
70
100
AcDbEntity
  8
Visible
100
AcDbLine
 10
280.820312
 20
102.351563
 30
0.0
 11
300.320312
 21
102.351563
 31
0.0
210
-0.0000000000000001
220
-1.0
230
0.0000000000002967
  0
LINE
  5
A8C
330
70
100
AcDbEntity
  8
Hidden
100
AcDbLine
 10
280.820312
 20
102.101563
 30
0.0
 11
280.570312
 21
102.351563
 31
0.0
210
-0.0000000000000001
220
-1.0
230
0.0000000000002967
  0
LINE
  5
A8D
330
70
100
AcDbEntity
  8
Hidden
100
AcDbLine
 10
226.320312
 20
102.851563
 30
0.0
 11
225.820312
 21
103.351563
 31
0.0
210
-0.0000000000000001
220
-1.0
230
0.0000000000002967
  0
LINE
  5
A8E
330
70
100
AcDbEntity
  8
Hidden
100
AcDbLine
 10
276.320312
 20
104.601563
 30
0.0
 11
276.320312
 21
103.101563
 31
0.0
210
-0.0000000000000001
220
-1.0
230
0.0000000000002967
  0
LINE
  5
A8F
330
70
100
AcDbEntity
  8
Hidden
100
AcDbLine
 10
296.070312
 20
103.101563
 30
0.0
 11
276.570312
 21
103.101563
 31
0.0
210
-0.0000000000000001
220
-1.0
230
0.0000000000002967
  0
LINE
  5
A90
330
70
100
AcDbEntity
  8
Hidden
100
AcDbLine
 10
276.570312
 20
103.101563
 30
0.0
 11
276.570312
 21
104.601563
 31
0.0
210
-0.0000000000000001
220
-1.0
230
0.0000000000002967
  0
LINE
  5
A91
330
70
100
AcDbEntity
  8
Hidden
100
AcDbLine
 10
276.570312
 20
104.601563
 30
0.0
 11
280.820312
 21
104.601563
 31
0.0
210
-0.0000000000000001
220
-1.0
230
0.0000000000002967
  0
LINE
  5
A92
330
70
100
AcDbEntity
  8
Hidden
100
AcDbLine
 10
296.070312
 20
104.601563
 30
0.0
 11
296.070312
 21
103.101563
 31
0.0
210
-0.0000000000000001
220
-1.0
230
0.0000000000002967
  0
LINE
  5
A93
330
70
100
AcDbEntity
  8
Hidden
100
AcDbLine
 10
296.320312
 20
103.101563
 30
0.0
 11
296.320312
 21
104.601563
 31
0.0
210
-0.0000000000000001
220
-1.0
230
0.0000000000002967
  0
LINE
  5
A94
330
70
100
AcDbEntity
  8
Hidden
100
AcDbLine
 10
297.720312
 20
103.101563
 30
0.0
 11
298.920312
 21
103.101563
 31
0.0
210
-0.0000000000000001
220
-1.0
230
0.0000000000002967
  0
LINE
  5
A95
330
70
100
AcDbEntity
  8
Hidden
100
AcDbLine
 10
273.720312
 20
103.101563
 30
0.0
 11
274.920312
 21
103.101563
 31
0.0
210
-0.0000000000000001
220
-1.0
230
0.0000000000002967
  0
LINE
  5
A96
330
70
100
AcDbEntity
  8
Hidden
100
AcDbLine
 10
273.720312
 20
104.601563
 30
0.0
 11
274.920312
 21
104.601563
 31
0.0
210
-0.0000000000000001
220
-1.0
230
0.0000000000002967
  0
LINE
  5
A97
330
70
100
AcDbEntity
  8
Hidden
100
AcDbLine
 10
296.570312
 20
104.851563
 30
0.0
 11
296.320312
 21
104.601563
 31
0.0
210
-0.0000000000000001
220
-1.0
230
0.0000000000002967
  0
LINE
  5
A98
330
70
100
AcDbEntity
  8
Hidden
100
AcDbLine
 10
296.070312
 20
104.851563
 30
0.0
 11
296.070312
 21
104.601563
 31
0.0
210
-0.0000000000000001
220
-1.0
230
0.0000000000002967
  0
LINE
  5
A99
330
70
100
AcDbEntity
  8
Hidden
100
AcDbLine
 10
296.070312
 20
103.101563
 30
0.0
 11
296.320312
 21
103.101563
 31
0.0
210
-0.0000000000000001
220
-1.0
230
0.0000000000002967
  0
LINE
  5
A9A
330
70
100
AcDbEntity
  8
Hidden
100
AcDbLine
 10
276.570312
 20
104.851563
 30
0.0
 11
276.570312
 21
104.601563
 31
0.0
210
-0.0000000000000001
220
-1.0
230
0.0000000000002967
  0
LINE
  5
A9B
330
70
100
AcDbEntity
  8
Hidden
100
AcDbLine
 10
276.320312
 20
104.601563
 30
0.0
 11
276.070312
 21
104.851563
 31
0.0
210
-0.0000000000000001
220
-1.0
230
0.0000000000002967
  0
LINE
  5
A9C
330
70
100
AcDbEntity
  8
Hidden
100
AcDbLine
 10
296.320312
 20
103.101563
 30
0.0
 11
296.570312
 21
102.851563
 31
0.0
210
-0.0000000000000001
220
-1.0
230
0.0000000000002967
  0
LINE
  5
A9D
330
70
100
AcDbEntity
  8
Hidden
100
AcDbLine
 10
296.070312
 20
103.101563
 30
0.0
 11
296.070312
 21
102.851563
 31
0.0
210
-0.0000000000000001
220
-1.0
230
0.0000000000002967
  0
LINE
  5
A9E
330
70
100
AcDbEntity
  8
Hidden
100
AcDbLine
 10
276.320312
 20
104.601563
 30
0.0
 11
276.570312
 21
104.601563
 31
0.0
210
-0.0000000000000001
220
-1.0
230
0.0000000000002967
  0
LINE
  5
A9F
330
70
100
AcDbEntity
  8
Hidden
100
AcDbLine
 10
276.570312
 20
103.101563
 30
0.0
 11
276.570312
 21
102.851563
 31
0.0
210
-0.0000000000000001
220
-1.0
230
0.0000000000002967
  0
LINE
  5
AA0
330
70
100
AcDbEntity
  8
Hidden
100
AcDbLine
 10
276.320312
 20
103.101563
 30
0.0
 11
276.570312
 21
103.101563
 31
0.0
210
-0.0000000000000001
220
-1.0
230
0.0000000000002967
  0
LINE
  5
AA1
330
70
100
AcDbEntity
  8
Hidden
100
AcDbLine
 10
276.320312
 20
103.101563
 30
0.0
 11
276.070312
 21
102.851563
 31
0.0
210
-0.0000000000000001
220
-1.0
230
0.0000000000002967
  0
LINE
  5
AA2
330
70
100
AcDbEntity
  8
Visible
100
AcDbLine
 10
280.820312
 20
104.601563
 30
0.0
 11
280.820312
 21
104.248009
 31
0.0
210
-0.0000000000000001
220
-1.0
230
0.0000000000002967
  0
LINE
  5
AA3
330
70
100
AcDbEntity
  8
Visible
100
AcDbLine
 10
280.820312
 20
104.248009
 30
0.0
 11
280.820312
 21
87.455116
 31
0.0
210
-0.0000000000000001
220
-1.0
230
0.0000000000002967
  0
LINE
  5
AA4
330
70
100
AcDbEntity
  8
Visible
100
AcDbLine
 10
280.820312
 20
87.455116
 30
0.0
 11
280.820312
 21
87.101563
 31
0.0
210
-0.0000000000000001
220
-1.0
230
0.0000000000002967
  0
LINE
  5
AA5
330
70
100
AcDbEntity
  8
Visible
100
AcDbLine
 10
300.570312
 20
104.248009
 30
0.0
 11
300.216759
 21
104.601563
 31
0.0
210
-0.0000000000000001
220
-1.0
230
0.0000000000002967
  0
LINE
  5
AA6
330
70
100
AcDbEntity
  8
Visible
100
AcDbLine
 10
300.216759
 20
104.601563
 30
0.0
 11
280.820312
 21
104.601563
 31
0.0
210
-0.0000000000000001
220
-1.0
230
0.0000000000002967
  0
LINE
  5
AA7
330
70
100
AcDbEntity
  8
Visible
100
AcDbLine
 10
300.570312
 20
102.601563
 30
0.0
 11
300.570312
 21
104.248009
 31
0.0
210
-0.0000000000000001
220
-1.0
230
0.0000000000002967
  0
LINE
  5
AA8
330
70
100
AcDbEntity
  8
Visible
100
AcDbLine
 10
300.570312
 20
104.248009
 30
0.0
 11
300.820312
 21
104.351563
 31
0.0
210
-0.0000000000000001
220
-1.0
230
0.0000000000002967
  0
LINE
  5
AA9
330
70
100
AcDbEntity
  8
Visible
100
AcDbLine
 10
300.216759
 20
104.601563
 30
0.0
 11
300.320312
 21
104.851563
 31
0.0
210
-0.0000000000000001
220
-1.0
230
0.0000000000002967
  0
LINE
  5
AAA
330
70
100
AcDbEntity
  8
Visible
100
AcDbLine
 10
280.820312
 20
104.601563
 30
0.0
 11
280.570312
 21
104.851563
 31
0.0
210
-0.0000000000000001
220
-1.0
230
0.0000000000002967
  0
LINE
  5
AAB
330
70
100
AcDbEntity
  8
Visible
100
AcDbLine
 10
280.820312
 20
104.248009
 30
0.0
 11
280.570312
 21
104.351563
 31
0.0
210
-0.0000000000000001
220
-1.0
230
0.0000000000002967
  0
LINE
  5
AAC
330
70
100
AcDbEntity
  8
Visible
100
AcDbLine
 10
280.820312
 20
87.455116
 30
0.0
 11
280.570312
 21
87.351563
 31
0.0
210
-0.0000000000000001
220
-1.0
230
0.0000000000002967
  0
LINE
  5
AAD
330
70
100
AcDbEntity
  8
Visible
100
AcDbLine
 10
280.820312
 20
87.101563
 30
0.0
 11
280.570312
 21
86.851563
 31
0.0
210
-0.0000000000000001
220
-1.0
230
0.0000000000002967
  0
LINE
  5
AAE
330
70
100
AcDbEntity
  8
Hidden
100
AcDbLine
 10
280.820312
 20
104.851563
 30
0.0
 11
280.820312
 21
104.601563
 31
0.0
210
-0.0000000000000001
220
-1.0
230
0.0000000000002967
  0
LINE
  5
AAF
330
70
100
AcDbEntity
  8
Visible
100
AcDbLine
 10
227.570312
 20
74.851563
 30
0.0
 11
226.070312
 21
74.851563
 31
0.0
210
-0.0000000000000001
220
-1.0
230
0.0000000000002967
  0
LINE
  5
AB0
330
70
100
AcDbEntity
  8
Visible
100
AcDbLine
 10
227.570312
 20
74.851563
 30
0.0
 11
227.570312
 21
86.851563
 31
0.0
210
-0.0000000000000001
220
-1.0
230
0.0000000000002967
  0
LINE
  5
AB1
330
70
100
AcDbEntity
  8
Hidden
100
AcDbLine
 10
227.570312
 20
86.851563
 30
0.0
 11
227.570312
 21
102.851563
 31
0.0
210
-0.0000000000000001
220
-1.0
230
0.0000000000002967
  0
LINE
  5
AB2
330
70
100
AcDbEntity
  8
Hidden
100
AcDbLine
 10
226.070312
 20
103.101563
 30
0.0
 11
226.070312
 21
87.101563
 31
0.0
210
-0.0000000000000001
220
-1.0
230
0.0000000000002967
  0
LINE
  5
AB3
330
70
100
AcDbEntity
  8
Visible
100
AcDbLine
 10
226.070312
 20
87.101563
 30
0.0
 11
226.070312
 21
74.851563
 31
0.0
210
-0.0000000000000001
220
-1.0
230
0.0000000000002967
  0
LINE
  5
AB4
330
70
100
AcDbEntity
  8
Visible
100
AcDbLine
 10
226.070312
 20
104.851563
 30
0.0
 11
225.820312
 21
104.601563
 31
0.0
210
-0.0000000000000001
220
-1.0
230
0.0000000000002967
  0
LINE
  5
AB5
330
70
100
AcDbEntity
  8
Hidden
100
AcDbLine
 10
226.070312
 20
99.601563
 30
0.0
 11
227.570312
 21
99.601563
 31
0.0
210
-0.0000000000000001
220
-1.0
230
0.0000000000002967
  0
LINE
  5
AB6
330
70
100
AcDbEntity
  8
Hidden
100
AcDbLine
 10
227.570312
 20
78.851563
 30
0.0
 11
226.070312
 21
78.851563
 31
0.0
210
-0.0000000000000001
220
-1.0
230
0.0000000000002967
  0
LINE
  5
AB7
330
70
100
AcDbEntity
  8
Hidden
100
AcDbLine
 10
226.070312
 20
79.101563
 30
0.0
 11
227.570312
 21
79.101563
 31
0.0
210
-0.0000000000000001
220
-1.0
230
0.0000000000002967
  0
LINE
  5
AB8
330
70
100
AcDbEntity
  8
Hidden
100
AcDbLine
 10
227.570312
 20
99.851563
 30
0.0
 11
226.070312
 21
99.851563
 31
0.0
210
-0.0000000000000001
220
-1.0
230
0.0000000000002967
  0
LINE
  5
AB9
330
70
100
AcDbEntity
  8
Visible
100
AcDbLine
 10
227.570312
 20
74.851563
 30
0.0
 11
227.820312
 21
75.101563
 31
0.0
210
-0.0000000000000001
220
-1.0
230
0.0000000000002967
  0
LINE
  5
ABA
330
70
100
AcDbEntity
  8
Hidden
100
AcDbLine
 10
227.820312
 20
102.351563
 30
0.0
 11
228.320312
 21
102.851563
 31
0.0
210
-0.0000000000000001
220
-1.0
230
0.0000000000002967
  0
LINE
  5
ABB
330
70
100
AcDbEntity
  8
Hidden
100
AcDbLine
 10
225.820312
 20
78.601563
 30
0.0
 11
226.070312
 21
78.851563
 31
0.0
210
-0.0000000000000001
220
-1.0
230
0.0000000000002967
  0
LINE
  5
ABC
330
70
100
AcDbEntity
  8
Hidden
100
AcDbLine
 10
226.070312
 20
99.601563
 30
0.0
 11
225.820312
 21
99.601563
 31
0.0
210
-0.0000000000000001
220
-1.0
230
0.0000000000002967
  0
LINE
  5
ABD
330
70
100
AcDbEntity
  8
Hidden
100
AcDbLine
 10
225.820312
 20
100.101563
 30
0.0
 11
226.070312
 21
99.851563
 31
0.0
210
-0.0000000000000001
220
-1.0
230
0.0000000000002967
  0
LINE
  5
ABE
330
70
100
AcDbEntity
  8
Hidden
100
AcDbLine
 10
226.070312
 20
79.101563
 30
0.0
 11
225.820312
 21
79.101563
 31
0.0
210
-0.0000000000000001
220
-1.0
230
0.0000000000002967
  0
LINE
  5
ABF
330
70
100
AcDbEntity
  8
Hidden
100
AcDbLine
 10
227.570312
 20
78.851563
 30
0.0
 11
227.820312
 21
78.601563
 31
0.0
210
-0.0000000000000001
220
-1.0
230
0.0000000000002967
  0
LINE
  5
AC0
330
70
100
AcDbEntity
  8
Hidden
100
AcDbLine
 10
227.820312
 20
99.601563
 30
0.0
 11
227.570312
 21
99.601563
 31
0.0
210
-0.0000000000000001
220
-1.0
230
0.0000000000002967
  0
LINE
  5
AC1
330
70
100
AcDbEntity
  8
Hidden
100
AcDbLine
 10
227.820312
 20
100.101563
 30
0.0
 11
227.570312
 21
99.851563
 31
0.0
210
-0.0000000000000001
220
-1.0
230
0.0000000000002967
  0
LINE
  5
AC2
330
70
100
AcDbEntity
  8
Hidden
100
AcDbLine
 10
227.570312
 20
79.101563
 30
0.0
 11
227.820312
 21
79.101563
 31
0.0
210
-0.0000000000000001
220
-1.0
230
0.0000000000002967
  0
LINE
  5
AC3
330
70
100
AcDbEntity
  8
Visible
100
AcDbLine
 10
225.820312
 20
75.101563
 30
0.0
 11
226.070312
 21
74.851563
 31
0.0
210
-0.0000000000000001
220
-1.0
230
0.0000000000002967
  0
LINE
  5
AC4
330
70
100
AcDbEntity
  8
Hidden
100
AcDbLine
 10
298.920312
 20
104.601563
 30
0.0
 11
298.920312
 21
103.101563
 31
0.0
210
-0.0000000000000001
220
-1.0
230
0.0000000000002967
  0
LINE
  5
AC5
330
70
100
AcDbEntity
  8
Hidden
100
AcDbLine
 10
297.720312
 20
104.601563
 30
0.0
 11
297.720312
 21
103.101563
 31
0.0
210
-0.0000000000000001
220
-1.0
230
0.0000000000002967
  0
LINE
  5
AC6
330
70
100
AcDbEntity
  8
Hidden
100
AcDbLine
 10
274.920312
 20
104.601563
 30
0.0
 11
274.920312
 21
103.101563
 31
0.0
210
-0.0000000000000001
220
-1.0
230
0.0000000000002967
  0
LINE
  5
AC7
330
70
100
AcDbEntity
  8
Hidden
100
AcDbLine
 10
273.720312
 20
104.601563
 30
0.0
 11
273.720312
 21
103.101563
 31
0.0
210
-0.0000000000000001
220
-1.0
230
0.0000000000002967
  0
LINE
  5
AC8
330
70
100
AcDbEntity
  8
Hidden
100
AcDbLine
 10
274.920312
 20
103.101563
 30
0.0
 11
275.170312
 21
102.851563
 31
0.0
210
-0.0000000000000001
220
-1.0
230
0.0000000000002967
  0
LINE
  5
AC9
330
70
100
AcDbEntity
  8
Hidden
100
AcDbLine
 10
273.720312
 20
103.101563
 30
0.0
 11
273.470312
 21
102.851563
 31
0.0
210
-0.0000000000000001
220
-1.0
230
0.0000000000002967
  0
LINE
  5
ACA
330
70
100
AcDbEntity
  8
Hidden
100
AcDbLine
 10
273.720312
 20
104.601563
 30
0.0
 11
273.470312
 21
104.851563
 31
0.0
210
-0.0000000000000001
220
-1.0
230
0.0000000000002967
  0
LINE
  5
ACB
330
70
100
AcDbEntity
  8
Hidden
100
AcDbLine
 10
274.920312
 20
104.601563
 30
0.0
 11
275.170312
 21
104.851563
 31
0.0
210
-0.0000000000000001
220
-1.0
230
0.0000000000002967
  0
LINE
  5
ACC
330
70
100
AcDbEntity
  8
Hidden
100
AcDbLine
 10
298.920312
 20
103.101563
 30
0.0
 11
299.170312
 21
102.851563
 31
0.0
210
-0.0000000000000001
220
-1.0
230
0.0000000000002967
  0
LINE
  5
ACD
330
70
100
AcDbEntity
  8
Hidden
100
AcDbLine
 10
297.720312
 20
103.101563
 30
0.0
 11
297.470312
 21
102.851563
 31
0.0
210
-0.0000000000000001
220
-1.0
230
0.0000000000002967
  0
LINE
  5
ACE
330
70
100
AcDbEntity
  8
Hidden
100
AcDbLine
 10
297.720312
 20
104.601563
 30
0.0
 11
297.470312
 21
104.851563
 31
0.0
210
-0.0000000000000001
220
-1.0
230
0.0000000000002967
  0
LINE
  5
ACF
330
70
100
AcDbEntity
  8
Hidden
100
AcDbLine
 10
298.920312
 20
104.601563
 30
0.0
 11
299.170312
 21
104.851563
 31
0.0
210
-0.0000000000000001
220
-1.0
230
0.0000000000002967
  0
LINE
  5
AD0
330
70
100
AcDbEntity
  8
Hidden
100
AcDbLine
 10
227.820312
 20
101.251563
 30
0.0
 11
226.070312
 21
101.251563
 31
0.0
210
-0.0000000000000001
220
-1.0
230
0.0000000000002967
  0
LINE
  5
AD1
330
70
100
AcDbEntity
  8
Hidden
100
AcDbLine
 10
227.920312
 20
102.451563
 30
0.0
 11
226.070312
 21
102.451563
 31
0.0
210
-0.0000000000000001
220
-1.0
230
0.0000000000002967
  0
LINE
  5
AD2
330
70
100
AcDbEntity
  8
Hidden
100
AcDbLine
 10
227.570312
 20
76.251563
 30
0.0
 11
226.070312
 21
76.251563
 31
0.0
210
-0.0000000000000001
220
-1.0
230
0.0000000000002967
  0
LINE
  5
AD3
330
70
100
AcDbEntity
  8
Hidden
100
AcDbLine
 10
227.570312
 20
77.451563
 30
0.0
 11
226.070312
 21
77.451563
 31
0.0
210
-0.0000000000000001
220
-1.0
230
0.0000000000002967
  0
LINE
  5
AD4
330
70
100
AcDbEntity
  8
Hidden
100
AcDbLine
 10
226.070312
 20
101.251563
 30
0.0
 11
225.820312
 21
101.001563
 31
0.0
210
-0.0000000000000001
220
-1.0
230
0.0000000000002967
  0
LINE
  5
AD5
330
70
100
AcDbEntity
  8
Hidden
100
AcDbLine
 10
226.070312
 20
102.451563
 30
0.0
 11
225.820312
 21
102.701563
 31
0.0
210
-0.0000000000000001
220
-1.0
230
0.0000000000002967
  0
LINE
  5
AD6
330
70
100
AcDbEntity
  8
Hidden
100
AcDbLine
 10
227.570312
 20
77.451563
 30
0.0
 11
227.820312
 21
77.701563
 31
0.0
210
-0.0000000000000001
220
-1.0
230
0.0000000000002967
  0
LINE
  5
AD7
330
70
100
AcDbEntity
  8
Hidden
100
AcDbLine
 10
227.570312
 20
76.251563
 30
0.0
 11
227.820312
 21
76.001563
 31
0.0
210
-0.0000000000000001
220
-1.0
230
0.0000000000002967
  0
LINE
  5
AD8
330
70
100
AcDbEntity
  8
Hidden
100
AcDbLine
 10
226.070312
 20
76.251563
 30
0.0
 11
225.820312
 21
76.001563
 31
0.0
210
-0.0000000000000001
220
-1.0
230
0.0000000000002967
  0
LINE
  5
AD9
330
70
100
AcDbEntity
  8
Hidden
100
AcDbLine
 10
226.070312
 20
77.451563
 30
0.0
 11
225.820312
 21
77.701563
 31
0.0
210
-0.0000000000000001
220
-1.0
230
0.0000000000002967
  0
ENDSEC
  0
SECTION
  2
OBJECTS
  0
DICTIONARY
  5
C
330
0
100
AcDbDictionary
281
     1
  3
ACAD_COLOR
350
63
  3
ACAD_DETAILVIEWSTYLE
350
6A
  3
ACAD_GROUP
350
D
  3
ACAD_LAYOUT
350
62
  3
ACAD_MATERIAL
350
10
  3
ACAD_MLEADERSTYLE
350
66
  3
ACAD_MLINESTYLE
350
5F
  3
ACAD_PLOTSETTINGS
350
61
  3
ACAD_PLOTSTYLENAME
350
E
  3
ACAD_SCALELIST
350
42
  3
ACAD_SECTIONVIEWSTYLE
350
68
  3
ACAD_TABLESTYLE
350
64
  3
ACAD_VISUALSTYLE
350
29
  3
ACDB_RECOMPOSE_DATA
350
C8B
  3
AcDbVariableDictionary
350
C82
  0
DICTIONARY
  5
AD
330
70
100
AcDbDictionary
280
     1
281
     1
  3
ACAD_SORTENTS
360
AE
  0
DICTIONARY
  5
2CF
330
2CE
100
AcDbDictionary
280
     1
281
     1
  0
DICTIONARY
  5
315
330
314
100
AcDbDictionary
280
     1
281
     1
  3
ACAD_SORTENTS
360
8CD
  0
DICTIONARY
  5
330
330
32F
100
AcDbDictionary
280
     1
281
     1
  0
DICTIONARY
  5
332
330
331
100
AcDbDictionary
280
     1
281
     1
  0
DICTIONARY
  5
334
330
333
100
AcDbDictionary
280
     1
281
     1
  0
DICTIONARY
  5
336
330
335
100
AcDbDictionary
280
     1
281
     1
  0
DICTIONARY
  5
338
330
337
100
AcDbDictionary
280
     1
281
     1
  0
DICTIONARY
  5
33A
330
339
100
AcDbDictionary
280
     1
281
     1
  0
DICTIONARY
  5
33C
330
33B
100
AcDbDictionary
280
     1
281
     1
  0
DICTIONARY
  5
33E
330
33D
100
AcDbDictionary
280
     1
281
     1
  0
DICTIONARY
  5
340
330
33F
100
AcDbDictionary
280
     1
281
     1
  0
DICTIONARY
  5
342
330
341
100
AcDbDictionary
280
     1
281
     1
  0
DICTIONARY
  5
344
330
343
100
AcDbDictionary
280
     1
281
     1
  0
DICTIONARY
  5
346
330
345
100
AcDbDictionary
280
     1
281
     1
  0
DICTIONARY
  5
348
330
347
100
AcDbDictionary
280
     1
281
     1
  0
DICTIONARY
  5
34A
330
349
100
AcDbDictionary
280
     1
281
     1
  0
DICTIONARY
  5
34C
330
34B
100
AcDbDictionary
280
     1
281
     1
  0
DICTIONARY
  5
63
102
{ACAD_REACTORS
330
C
102
}
330
C
100
AcDbDictionary
281
     1
  0
DICTIONARY
  5
6A
102
{ACAD_REACTORS
330
C
102
}
330
C
100
AcDbDictionary
281
     1
  3
Imperial24
350
6B
  0
DICTIONARY
  5
D
102
{ACAD_REACTORS
330
C
102
}
330
C
100
AcDbDictionary
281
     1
  0
DICTIONARY
  5
62
102
{ACAD_REACTORS
330
C
102
}
330
C
100
AcDbDictionary
281
     1
  3
Model
350
73
  3
Sheet1
350
6F
  3
Sheet2
350
77
  0
DICTIONARY
  5
10
102
{ACAD_REACTORS
330
C
102
}
330
C
100
AcDbDictionary
281
     1
  3
ByBlock
350
19
  3
ByLayer
350
11
  3
Global
350
21
  0
DICTIONARY
  5
66
102
{ACAD_REACTORS
330
C
102
}
330
C
100
AcDbDictionary
281
     1
  3
Standard
350
67
  0
DICTIONARY
  5
5F
102
{ACAD_REACTORS
330
C
102
}
330
C
100
AcDbDictionary
281
     1
  3
Standard
350
60
  0
DICTIONARY
  5
61
102
{ACAD_REACTORS
330
C
102
}
330
C
100
AcDbDictionary
281
     1
  0
ACDBDICTIONARYWDFLT
  5
E
102
{ACAD_REACTORS
330
C
102
}
330
C
100
AcDbDictionary
281
     1
  3
Normal
350
F
100
AcDbDictionaryWithDefault
340
F
  0
DICTIONARY
  5
42
102
{ACAD_REACTORS
330
C
102
}
330
C
100
AcDbDictionary
281
     1
  3
A0
350
43
  3
A1
350
44
  3
A2
350
45
  3
A3
350
46
  3
A4
350
47
  3
A5
350
48
  3
A6
350
49
  3
A7
350
4A
  3
A8
350
4B
  3
A9
350
4C
  3
B0
350
4D
  3
B1
350
4E
  3
B2
350
4F
  3
B3
350
50
  3
B4
350
51
  3
B5
350
52
  3
B6
350
53
  0
DICTIONARY
  5
68
102
{ACAD_REACTORS
330
C
102
}
330
C
100
AcDbDictionary
281
     1
  3
Imperial24
350
69
  0
DICTIONARY
  5
64
102
{ACAD_REACTORS
330
C
102
}
330
C
100
AcDbDictionary
281
     1
  3
Standard
350
65
  0
DICTIONARY
  5
29
102
{ACAD_REACTORS
330
C
102
}
330
C
100
AcDbDictionary
281
     1
  3
2dWireframe
350
2F
  3
Basic
350
2E
  3
Brighten
350
35
  3
ColorChange
350
39
  3
Conceptual
350
32
  3
Dim
350
34
  3
EdgeColorOff
350
41
  3
Facepattern
350
38
  3
Flat
350
2A
  3
FlatWithEdges
350
2B
  3
Gouraud
350
2C
  3
GouraudWithEdges
350
2D
  3
Hidden
350
31
  3
JitterOff
350
3F
  3
Linepattern
350
37
  3
OverhangOff
350
40
  3
Realistic
350
33
  3
Shaded
350
3E
  3
Shaded with edges
350
3D
  3
Shades of Gray
350
3A
  3
Sketchy
350
3B
  3
Thicken
350
36
  3
Wireframe
350
30
  3
X-Ray
350
3C
  0
XRECORD
  5
C8B
102
{ACAD_REACTORS
330
C
102
}
330
C
100
AcDbXrecord
280
     1
 90
        1
330
65
  0
DICTIONARY
  5
C82
102
{ACAD_REACTORS
330
C
102
}
330
C
100
AcDbDictionary
281
     1
  3
ANNOALLVISIBLE
350
C87
  3
CANNOSCALE
350
C88
  3
CMLEADERSTYLE
350
C84
  3
CTABLESTYLE
350
C83
  3
CVIEWDETAILSTYLE
350
C85
  3
CVIEWSECTIONSTYLE
350
C86
  0
SORTENTSTABLE
  5
AE
102
{ACAD_REACTORS
330
AD
102
}
330
AD
100
AcDbSortentsTable
330
70
  0
SORTENTSTABLE
  5
8CD
102
{ACAD_REACTORS
330
315
102
}
330
315
100
AcDbSortentsTable
330
314
  0
ACDBDETAILVIEWSTYLE
  5
6B
102
{ACAD_XDICTIONARY
360
C8E
102
}
102
{ACAD_REACTORS
330
6A
102
}
330
6A
100
AcDbModelDocViewStyle
 70
     0
  3
Imperial24
290
     0
100
AcDbDetailViewStyle
 70
     0
 71
     0
 90
        3
 71
     1
340
55
 62
   256
 40
0.24
340
0
 62
   256
 40
0.24
300

 40
0.36
280
     3
 71
     2
340
5D
 90
       25
 62
   256
 71
     3
340
55
 62
   256
 40
0.24
 90
        1
 40
0.75
 90
        1
300
%<\AcVar ViewType \f "%tc1">% %<\AcVar ViewDetailId>%\PSCALE %<\AcVar ViewScale \f "%sn">%
 71
     4
340
5D
 90
       25
 62
   256
340
5D
 90
       25
 62
   256
280
     0
  0
LAYOUT
  5
73
102
{ACAD_REACTORS
330
62
102
}
330
62
100
AcDbPlotSettings
  1

  2
AutoCAD PDF (High Quality Print).pc3
  4
ISO_full_bleed_A3_(420.00_x_297.00_MM)
  6

 40
0.0
 41
0.0
 42
0.0
 43
0.0
 44
420.0
 45
297.0
 46
0.0
 47
0.0
 48
0.0
 49
0.0
140
0.0
141
0.0
142
1.0
143
1.352753
 70
 11952
 72
     1
 73
     0
 74
     0
  7

 75
     0
147
0.739233
 76
     0
 77
     2
 78
   300
148
74.078165
149
13.64
100
AcDbLayout
  1
Model
 70
     1
 71
     0
 10
0.0
 20
0.0
 11
12.0
 21
9.0
 12
0.0
 22
0.0
 32
0.0
 14
0.0
 24
0.0
 34
0.0
 15
0.0
 25
0.0
 35
0.0
146
0.0
 13
0.0
 23
0.0
 33
0.0
 16
1.0
 26
0.0
 36
0.0
 17
0.0
 27
1.0
 37
0.0
 76
     0
330
70
1001
ACAD_PSEXT
1000
AutoCAD PDF (High Quality Print).pc3
1000
DWG To PDF
1000
File
1000

1070
     0
  0
LAYOUT
  5
6F
102
{ACAD_REACTORS
330
62
102
}
330
62
100
AcDbPlotSettings
  1

  2

  4

  6

 40
0.0
 41
0.0
 42
0.0
 43
0.0
 44
0.0
 45
0.0
 46
0.0
 47
0.0
 48
0.0
 49
0.0
140
0.0
141
0.0
142
1.0
143
1.0
 70
   688
 72
     0
 73
     0
 74
     5
  7

 75
    16
147
1.0
 76
     0
 77
     2
 78
   300
148
0.0
149
0.0
100
AcDbLayout
  1
Sheet1
 70
     1
 71
     1
 10
0.0
 20
0.0
 11
12.0
 21
9.0
 12
0.0
 22
0.0
 32
0.0
 14
0.0
 24
0.0
 34
0.0
 15
0.0
 25
0.0
 35
0.0
146
0.0
 13
0.0
 23
0.0
 33
0.0
 16
1.0
 26
0.0
 36
0.0
 17
0.0
 27
1.0
 37
0.0
 76
     0
330
6C
  0
LAYOUT
  5
77
102
{ACAD_REACTORS
330
62
102
}
330
62
100
AcDbPlotSettings
  1

  2

  4

  6

 40
0.0
 41
0.0
 42
0.0
 43
0.0
 44
0.0
 45
0.0
 46
0.0
 47
0.0
 48
0.0
 49
0.0
140
0.0
141
0.0
142
1.0
143
1.0
 70
   688
 72
     0
 73
     0
 74
     5
  7

 75
    16
147
1.0
 76
     0
 77
     2
 78
   300
148
0.0
149
0.0
100
AcDbLayout
  1
Sheet2
 70
     1
 71
     2
 10
0.0
 20
0.0
 11
12.0
 21
9.0
 12
0.0
 22
0.0
 32
0.0
 14
0.0
 24
0.0
 34
0.0
 15
0.0
 25
0.0
 35
0.0
146
0.0
 13
0.0
 23
0.0
 33
0.0
 16
1.0
 26
0.0
 36
0.0
 17
0.0
 27
1.0
 37
0.0
 76
     0
330
74
  0
MATERIAL
  5
19
102
{ACAD_XDICTIONARY
360
1A
102
}
102
{ACAD_REACTORS
330
10
102
}
330
10
100
AcDbMaterial
  1
ByBlock
 72
     0
 43
0.020833
 43
0.0
 43
0.0
 43
0.0
 43
0.0
 43
0.020833
 43
0.0
 43
0.0
 43
0.0
 43
0.0
 43
1.0
 43
0.0
 43
0.0
 43
0.0
 43
0.0
 43
1.0
 77
     0
 47
0.020833
 47
0.0
 47
0.0
 47
0.0
 47
0.0
 47
0.020833
 47
0.0
 47
0.0
 47
0.0
 47
0.0
 47
1.0
 47
0.0
 47
0.0
 47
0.0
 47
0.0
 47
1.0
171
     0
 49
0.020833
 49
0.0
 49
0.0
 49
0.0
 49
0.0
 49
0.020833
 49
0.0
 49
0.0
 49
0.0
 49
0.0
 49
1.0
 49
0.0
 49
0.0
 49
0.0
 49
0.0
 49
1.0
175
     0
142
0.020833
142
0.0
142
0.0
142
0.0
142
0.0
142
0.020833
142
0.0
142
0.0
142
0.0
142
0.0
142
1.0
142
0.0
142
0.0
142
0.0
142
0.0
142
1.0
179
     0
144
0.020833
144
0.0
144
0.0
144
0.0
144
0.0
144
0.020833
144
0.0
144
0.0
144
0.0
144
0.0
144
1.0
144
0.0
144
0.0
144
0.0
144
0.0
144
1.0
147
0.020833
147
0.0
147
0.0
147
0.0
147
0.0
147
0.020833
147
0.0
147
0.0
147
0.0
147
0.0
147
1.0
147
0.0
147
0.0
147
0.0
147
0.0
147
1.0
  0
MATERIAL
  5
11
102
{ACAD_XDICTIONARY
360
12
102
}
102
{ACAD_REACTORS
330
10
102
}
330
10
100
AcDbMaterial
  1
ByLayer
 72
     0
 43
0.020833
 43
0.0
 43
0.0
 43
0.0
 43
0.0
 43
0.020833
 43
0.0
 43
0.0
 43
0.0
 43
0.0
 43
1.0
 43
0.0
 43
0.0
 43
0.0
 43
0.0
 43
1.0
 77
     0
 47
0.020833
 47
0.0
 47
0.0
 47
0.0
 47
0.0
 47
0.020833
 47
0.0
 47
0.0
 47
0.0
 47
0.0
 47
1.0
 47
0.0
 47
0.0
 47
0.0
 47
0.0
 47
1.0
171
     0
 49
0.020833
 49
0.0
 49
0.0
 49
0.0
 49
0.0
 49
0.020833
 49
0.0
 49
0.0
 49
0.0
 49
0.0
 49
1.0
 49
0.0
 49
0.0
 49
0.0
 49
0.0
 49
1.0
175
     0
142
0.020833
142
0.0
142
0.0
142
0.0
142
0.0
142
0.020833
142
0.0
142
0.0
142
0.0
142
0.0
142
1.0
142
0.0
142
0.0
142
0.0
142
0.0
142
1.0
179
     0
144
0.020833
144
0.0
144
0.0
144
0.0
144
0.0
144
0.020833
144
0.0
144
0.0
144
0.0
144
0.0
144
1.0
144
0.0
144
0.0
144
0.0
144
0.0
144
1.0
147
0.020833
147
0.0
147
0.0
147
0.0
147
0.0
147
0.020833
147
0.0
147
0.0
147
0.0
147
0.0
147
1.0
147
0.0
147
0.0
147
0.0
147
0.0
147
1.0
  0
MATERIAL
  5
21
102
{ACAD_XDICTIONARY
360
22
102
}
102
{ACAD_REACTORS
330
10
102
}
330
10
100
AcDbMaterial
  1
Global
 72
     0
 43
0.020833
 43
0.0
 43
0.0
 43
0.0
 43
0.0
 43
0.020833
 43
0.0
 43
0.0
 43
0.0
 43
0.0
 43
1.0
 43
0.0
 43
0.0
 43
0.0
 43
0.0
 43
1.0
 77
     0
 47
0.020833
 47
0.0
 47
0.0
 47
0.0
 47
0.0
 47
0.020833
 47
0.0
 47
0.0
 47
0.0
 47
0.0
 47
1.0
 47
0.0
 47
0.0
 47
0.0
 47
0.0
 47
1.0
171
     0
 49
0.020833
 49
0.0
 49
0.0
 49
0.0
 49
0.0
 49
0.020833
 49
0.0
 49
0.0
 49
0.0
 49
0.0
 49
1.0
 49
0.0
 49
0.0
 49
0.0
 49
0.0
 49
1.0
175
     0
142
0.020833
142
0.0
142
0.0
142
0.0
142
0.0
142
0.020833
142
0.0
142
0.0
142
0.0
142
0.0
142
1.0
142
0.0
142
0.0
142
0.0
142
0.0
142
1.0
179
     0
144
0.020833
144
0.0
144
0.0
144
0.0
144
0.0
144
0.020833
144
0.0
144
0.0
144
0.0
144
0.0
144
1.0
144
0.0
144
0.0
144
0.0
144
0.0
144
1.0
147
0.020833
147
0.0
147
0.0
147
0.0
147
0.0
147
0.020833
147
0.0
147
0.0
147
0.0
147
0.0
147
1.0
147
0.0
147
0.0
147
0.0
147
0.0
147
1.0
  0
MLEADERSTYLE
  5
67
102
{ACAD_REACTORS
330
66
102
}
330
66
100
AcDbMLeaderStyle
179
     2
170
     2
171
     1
172
     0
 90
        2
 40
0.0
 41
0.0
173
     1
 91
-1056964608
340
5B
 92
       -2
290
     1
 42
0.09
291
     1
 43
0.36
  3
Standard
 44
0.18
300

342
55
174
     1
178
     6
175
     1
176
     0
 93
-1056964608
 45
0.18
292
     0
297
     0
 46
0.18
 94
-1056964608
 47
1.0
 49
1.0
140
1.0
293
     1
141
0.0
294
     1
177
     0
142
1.0
295
     0
296
     0
143
0.125
271
     0
272
     9
273
     9
298
     1
  0
MLINESTYLE
  5
60
102
{ACAD_REACTORS
330
5F
102
}
330
5F
100
AcDbMlineStyle
  2
STANDARD
 70
     0
  3

 62
   256
 51
90.0
 52
90.0
 71
     0
  0
ACDBPLACEHOLDER
  5
F
102
{ACAD_REACTORS
330
E
102
}
330
E
  0
SCALE
  5
43
102
{ACAD_REACTORS
330
42
102
}
330
42
100
AcDbScale
 70
     0
300
1:1
140
1.0
141
1.0
290
     1
  0
SCALE
  5
44
102
{ACAD_REACTORS
330
42
102
}
330
42
100
AcDbScale
 70
     0
300
1:2
140
1.0
141
2.0
290
     0
  0
SCALE
  5
45
102
{ACAD_REACTORS
330
42
102
}
330
42
100
AcDbScale
 70
     0
300
1:4
140
1.0
141
4.0
290
     0
  0
SCALE
  5
46
102
{ACAD_REACTORS
330
42
102
}
330
42
100
AcDbScale
 70
     0
300
1:5
140
1.0
141
5.0
290
     0
  0
SCALE
  5
47
102
{ACAD_REACTORS
330
42
102
}
330
42
100
AcDbScale
 70
     0
300
1:8
140
1.0
141
8.0
290
     0
  0
SCALE
  5
48
102
{ACAD_REACTORS
330
42
102
}
330
42
100
AcDbScale
 70
     0
300
1:10
140
1.0
141
10.0
290
     0
  0
SCALE
  5
49
102
{ACAD_REACTORS
330
42
102
}
330
42
100
AcDbScale
 70
     0
300
1:16
140
1.0
141
16.0
290
     0
  0
SCALE
  5
4A
102
{ACAD_REACTORS
330
42
102
}
330
42
100
AcDbScale
 70
     0
300
1:20
140
1.0
141
20.0
290
     0
  0
SCALE
  5
4B
102
{ACAD_REACTORS
330
42
102
}
330
42
100
AcDbScale
 70
     0
300
1:30
140
1.0
141
30.0
290
     0
  0
SCALE
  5
4C
102
{ACAD_REACTORS
330
42
102
}
330
42
100
AcDbScale
 70
     0
300
1:40
140
1.0
141
40.0
290
     0
  0
SCALE
  5
4D
102
{ACAD_REACTORS
330
42
102
}
330
42
100
AcDbScale
 70
     0
300
1:50
140
1.0
141
50.0
290
     0
  0
SCALE
  5
4E
102
{ACAD_REACTORS
330
42
102
}
330
42
100
AcDbScale
 70
     0
300
1:100
140
1.0
141
100.0
290
     0
  0
SCALE
  5
4F
102
{ACAD_REACTORS
330
42
102
}
330
42
100
AcDbScale
 70
     0
300
2:1
140
2.0
141
1.0
290
     0
  0
SCALE
  5
50
102
{ACAD_REACTORS
330
42
102
}
330
42
100
AcDbScale
 70
     0
300
4:1
140
4.0
141
1.0
290
     0
  0
SCALE
  5
51
102
{ACAD_REACTORS
330
42
102
}
330
42
100
AcDbScale
 70
     0
300
8:1
140
8.0
141
1.0
290
     0
  0
SCALE
  5
52
102
{ACAD_REACTORS
330
42
102
}
330
42
100
AcDbScale
 70
     0
300
10:1
140
10.0
141
1.0
290
     0
  0
SCALE
  5
53
102
{ACAD_REACTORS
330
42
102
}
330
42
100
AcDbScale
 70
     0
300
100:1
140
100.0
141
1.0
290
     0
  0
ACDBSECTIONVIEWSTYLE
  5
69
102
{ACAD_XDICTIONARY
360
C8C
102
}
102
{ACAD_REACTORS
330
68
102
}
330
68
100
AcDbModelDocViewStyle
 70
     0
  3
Imperial24
290
     0
100
AcDbSectionViewStyle
 70
     0
 71
     0
 90
       78
 71
     1
340
55
 62
   256
 40
0.24
340
0
340
0
 62
   256
 40
0.24
300
I, O, Q, S, X, Z
 40
0.48
 90
        3
 40
0.18
 90
        1
 71
     2
340
5D
 90
       25
 62
   256
340
5D
 90
       50
 62
   256
 40
0.24
 40
0.0
 40
0.24
 71
     3
340
55
 62
   256
 40
0.24
 90
        1
 40
0.75
 90
        1
300
%<\AcVar ViewType \f "%tc1">% %<\AcVar ViewSectionStartId>%-%<\AcVar ViewSectionEndId>%\PSCALE %<\AcVar ViewScale \f "%sn">%
 71
     4
 62
   256
 62
   257
300
ANSI31
 40
1.0
 90
        0
290
     0
290
     0
 90
        6
 40
0.0
 40
1.570796
 40
0.261799
 40
1.308997
 40
-0.261799
 40
1.832596
  0
TABLESTYLE
  5
65
102
{ACAD_XDICTIONARY
360
C89
102
}
102
{ACAD_REACTORS
330
64
102
}
330
64
100
AcDbTableStyle
280
     0
  3
Standard
 70
     0
 71
     0
 40
1.5
 41
1.5
280
     0
281
     0
  7
Standard
140
0.18
170
     2
 62
     0
 63
     7
283
     0
 90
      512
 91
        0
  1

274
    -2
284
     1
 64
     0
275
    -2
285
     1
 65
     0
276
    -2
286
     1
 66
     0
277
    -2
287
     1
 67
     0
278
    -2
288
     1
 68
     0
279
    -2
289
     1
 69
     0
  7
Standard
140
0.25
170
     5
 62
     0
 63
     7
283
     0
 90
      512
 91
        0
  1

274
    -2
284
     1
 64
     0
275
    -2
285
     1
 65
     0
276
    -2
286
     1
 66
     0
277
    -2
287
     1
 67
     0
278
    -2
288
     1
 68
     0
279
    -2
289
     1
 69
     0
  7
Standard
140
0.18
170
     5
 62
     0
 63
     7
283
     0
 90
      512
 91
        0
  1

274
    -2
284
     1
 64
     0
275
    -2
285
     1
 65
     0
276
    -2
286
     1
 66
     0
277
    -2
287
     1
 67
     0
278
    -2
288
     1
 68
     0
279
    -2
289
     1
 69
     0
  0
VISUALSTYLE
  5
2F
102
{ACAD_REACTORS
330
29
102
}
330
29
100
AcDbVisualStyle
  2
2dWireframe
 70
     4
177
     3
291
     0
 70
    58
 90
        0
176
     1
 90
        2
176
     1
 90
        0
176
     1
 90
        0
176
     1
 40
0.6
176
     1
 40
30.0
176
     1
 62
     7
420
 16777215
176
     1
 90
        1
176
     1
 90
        4
176
     1
 62
     7
176
     1
 62
   257
176
     1
 90
        1
176
     1
 90
        1
176
     1
 40
1.0
176
     1
 90
        0
176
     1
 62
   257
176
     1
 40
1.0
176
     1
 90
        1
176
     1
 90
        6
176
     1
 90
        2
176
     1
 62
     7
176
     1
 90
        5
176
     1
 90
        0
176
     1
 90
        0
176
     1
290
     0
176
     1
 90
        1
176
     1
 40
0.0
176
     1
 90
        0
176
     1
290
     1
176
     1
290
     1
176
     1
290
     0
176
     1
290
     0
176
     1
290
     0
176
     1
290
     0
176
     1
290
     0
176
     1
290
     0
176
     1
290
     0
176
     1
 90
       50
176
     1
 40
0.0
176
     1
 40
1.0
176
     1
 90
        0
176
     1
 62
    18
420
        0
176
     1
 90
       50
176
     1
 90
        3
176
     1
 62
     5
420
      255
176
     1
290
     0
176
     1
 90
       50
176
     1
 90
       50
176
     1
 90
       50
176
     1
290
     0
176
     1
 90
       50
176
     1
 62
   256
176
     0
 40
1.0
176
     0
 90
        2
176
     1
  1
strokes_ogs.tif
176
     1
290
     0
176
     1
 40
1.0
176
     1
 40
1.0
176
     1
1001
ACAD
1000
AcDbSavedByObjectVersion
1070
     0
  0
VISUALSTYLE
  5
2E
102
{ACAD_REACTORS
330
29
102
}
330
29
100
AcDbVisualStyle
  2
Basic
 70
     7
177
     3
291
     1
 70
    58
 90
        1
176
     1
 90
        0
176
     1
 90
        1
176
     1
 90
        0
176
     1
 40
0.6
176
     1
 40
30.0
176
     1
 62
     7
420
 16777215
176
     1
 90
        0
176
     1
 90
        4
176
     1
 62
     7
176
     1
 62
   257
176
     1
 90
        1
176
     1
 90
        1
176
     1
 40
1.0
176
     1
 90
        8
176
     1
 62
     7
176
     1
 40
1.0
176
     1
 90
        1
176
     1
 90
        6
176
     1
 90
        2
176
     1
 62
     7
176
     1
 90
        5
176
     1
 90
        0
176
     1
 90
        0
176
     1
290
     0
176
     1
 90
        1
176
     1
 40
0.0
176
     1
 90
        0
176
     1
290
     0
176
     1
290
     1
176
     1
290
     1
176
     1
290
     0
176
     1
290
     0
176
     1
290
     0
176
     1
290
     0
176
     1
290
     0
176
     1
290
     0
176
     1
 90
       50
176
     1
 40
0.0
176
     1
 40
1.0
176
     1
 90
        0
176
     1
 62
    18
420
        0
176
     1
 90
       50
176
     1
 90
        3
176
     1
 62
     5
420
      255
176
     1
290
     0
176
     1
 90
       50
176
     1
 90
       50
176
     1
 90
       50
176
     1
290
     0
176
     1
 90
       50
176
     1
 62
   256
176
     0
 40
1.0
176
     0
 90
        2
176
     1
  1
strokes_ogs.tif
176
     1
290
     0
176
     1
 40
1.0
176
     1
 40
1.0
176
     1
1001
ACAD
1000
AcDbSavedByObjectVersion
1070
     0
  0
VISUALSTYLE
  5
35
102
{ACAD_REACTORS
330
29
102
}
330
29
100
AcDbVisualStyle
  2
Brighten
 70
    12
177
     3
291
     1
 70
    58
 90
        2
176
     1
 90
        2
176
     1
 90
        0
176
     1
 90
        0
176
     1
 40
0.6
176
     1
 40
30.0
176
     1
 62
     7
420
 16777215
176
     1
 90
        1
176
     1
 90
        4
176
     1
 62
     7
176
     1
 62
   257
176
     1
 90
        1
176
     1
 90
        1
176
     1
 40
1.0
176
     1
 90
        8
176
     1
 62
     7
176
     1
 40
1.0
176
     1
 90
        1
176
     1
 90
        6
176
     1
 90
        2
176
     1
 62
     7
176
     1
 90
        5
176
     1
 90
        0
176
     1
 90
        0
176
     1
290
     0
176
     1
 90
        1
176
     1
 40
50.0
176
     1
 90
        0
176
     1
290
     0
176
     1
290
     1
176
     1
290
     1
176
     1
290
     0
176
     1
290
     0
176
     1
290
     0
176
     1
290
     0
176
     1
290
     0
176
     1
290
     0
176
     1
 90
       50
176
     1
 40
0.0
176
     1
 40
1.0
176
     1
 90
        0
176
     1
 62
    18
420
        0
176
     1
 90
       50
176
     1
 90
        3
176
     1
 62
     5
420
      255
176
     1
290
     0
176
     1
 90
       50
176
     1
 90
       50
176
     1
 90
       50
176
     1
290
     0
176
     1
 90
       50
176
     1
 62
   256
176
     0
 40
1.0
176
     0
 90
        2
176
     1
  1
strokes_ogs.tif
176
     1
290
     0
176
     1
 40
1.0
176
     1
 40
1.0
176
     1
1001
ACAD
1000
AcDbSavedByObjectVersion
1070
     0
  0
VISUALSTYLE
  5
39
102
{ACAD_REACTORS
330
29
102
}
330
29
100
AcDbVisualStyle
  2
ColorChange
 70
    16
177
     3
291
     1
 70
    58
 90
        2
176
     1
 90
        2
176
     1
 90
        3
176
     1
 90
        0
176
     1
 40
0.6
176
     1
 40
30.0
176
     1
 62
     8
420
  8421504
176
     1
 90
        1
176
     1
 90
        4
176
     1
 62
     7
176
     1
 62
   257
176
     1
 90
        1
176
     1
 90
        1
176
     1
 40
1.0
176
     1
 90
        8
176
     1
 62
     8
420
  8421504
176
     1
 40
1.0
176
     1
 90
        1
176
     1
 90
        6
176
     1
 90
        2
176
     1
 62
     7
176
     1
 90
        5
176
     1
 90
        0
176
     1
 90
        0
176
     1
290
     0
176
     1
 90
        1
176
     1
 40
0.0
176
     1
 90
        0
176
     1
290
     0
176
     1
290
     1
176
     1
290
     1
176
     1
290
     0
176
     1
290
     0
176
     1
290
     0
176
     1
290
     0
176
     1
290
     0
176
     1
290
     0
176
     1
 90
       50
176
     1
 40
0.0
176
     1
 40
1.0
176
     1
 90
        0
176
     1
 62
    18
420
        0
176
     1
 90
       50
176
     1
 90
        3
176
     1
 62
     5
420
      255
176
     1
290
     0
176
     1
 90
       50
176
     1
 90
       50
176
     1
 90
       50
176
     1
290
     0
176
     1
 90
       50
176
     1
 62
   256
176
     0
 40
1.0
176
     0
 90
        2
176
     1
  1
strokes_ogs.tif
176
     1
290
     0
176
     1
 40
1.0
176
     1
 40
1.0
176
     1
1001
ACAD
1000
AcDbSavedByObjectVersion
1070
     0
  0
VISUALSTYLE
  5
32
102
{ACAD_REACTORS
330
29
102
}
330
29
100
AcDbVisualStyle
  2
Conceptual
 70
     9
177
     3
291
     0
 70
    58
 90
        3
176
     1
 90
        2
176
     1
 90
        0
176
     1
 90
        0
176
     1
 40
0.6
176
     1
 40
30.0
176
     1
 62
     7
420
 16777215
176
     1
 90
        2
176
     1
 90
        2
176
     1
 62
     7
176
     1
 62
   257
176
     1
 90
        1
176
     1
 90
        1
176
     1
 40
179.0
176
     1
 90
        8
176
     1
 62
     7
176
     1
 40
1.0
176
     1
 90
        1
176
     1
 90
        6
176
     1
 90
        2
176
     1
 62
     7
176
     1
 90
        3
176
     1
 90
        0
176
     1
 90
        0
176
     1
290
     0
176
     1
 90
        1
176
     1
 40
0.0
176
     1
 90
        0
176
     1
290
     0
176
     1
290
     1
176
     1
290
     1
176
     1
290
     0
176
     1
290
     0
176
     1
290
     0
176
     1
290
     0
176
     1
290
     0
176
     1
290
     0
176
     1
 90
       50
176
     1
 40
0.0
176
     1
 40
1.0
176
     1
 90
        0
176
     1
 62
    18
420
        0
176
     1
 90
       50
176
     1
 90
        3
176
     1
 62
     5
420
      255
176
     1
290
     0
176
     1
 90
       50
176
     1
 90
       50
176
     1
 90
       50
176
     1
290
     0
176
     1
 90
       50
176
     1
 62
   256
176
     0
 40
1.0
176
     0
 90
        2
176
     1
  1
strokes_ogs.tif
176
     1
290
     0
176
     1
 40
1.0
176
     1
 40
1.0
176
     1
1001
ACAD
1000
AcDbSavedByObjectVersion
1070
     0
  0
VISUALSTYLE
  5
34
102
{ACAD_REACTORS
330
29
102
}
330
29
100
AcDbVisualStyle
  2
Dim
 70
    11
177
     3
291
     1
 70
    58
 90
        2
176
     1
 90
        2
176
     1
 90
        0
176
     1
 90
        0
176
     1
 40
0.6
176
     1
 40
30.0
176
     1
 62
     7
420
 16777215
176
     1
 90
        1
176
     1
 90
        4
176
     1
 62
     7
176
     1
 62
   257
176
     1
 90
        1
176
     1
 90
        1
176
     1
 40
1.0
176
     1
 90
        8
176
     1
 62
     7
176
     1
 40
1.0
176
     1
 90
        1
176
     1
 90
        6
176
     1
 90
        2
176
     1
 62
     7
176
     1
 90
        5
176
     1
 90
        0
176
     1
 90
        0
176
     1
290
     0
176
     1
 90
        1
176
     1
 40
-50.0
176
     1
 90
        0
176
     1
290
     0
176
     1
290
     1
176
     1
290
     1
176
     1
290
     0
176
     1
290
     0
176
     1
290
     0
176
     1
290
     0
176
     1
290
     0
176
     1
290
     0
176
     1
 90
       50
176
     1
 40
0.0
176
     1
 40
1.0
176
     1
 90
        0
176
     1
 62
    18
420
        0
176
     1
 90
       50
176
     1
 90
        3
176
     1
 62
     5
420
      255
176
     1
290
     0
176
     1
 90
       50
176
     1
 90
       50
176
     1
 90
       50
176
     1
290
     0
176
     1
 90
       50
176
     1
 62
   256
176
     0
 40
1.0
176
     0
 90
        2
176
     1
  1
strokes_ogs.tif
176
     1
290
     0
176
     1
 40
1.0
176
     1
 40
1.0
176
     1
1001
ACAD
1000
AcDbSavedByObjectVersion
1070
     0
  0
VISUALSTYLE
  5
41
102
{ACAD_REACTORS
330
29
102
}
330
29
100
AcDbVisualStyle
  2
EdgeColorOff
 70
    22
177
     3
291
     1
 70
    58
 90
        2
176
     0
 90
        2
176
     0
 90
        0
176
     0
 90
        0
176
     0
 40
0.6
176
     0
 40
30.0
176
     0
 62
     7
420
 16777215
176
     0
 90
        1
176
     0
 90
        4
176
     0
 62
     7
176
     0
 62
   257
176
     0
 90
        1
176
     0
 90
        1
176
     0
 40
1.0
176
     0
 90
        8
176
     2
 62
     7
176
     0
 40
1.0
176
     0
 90
        1
176
     0
 90
        6
176
     0
 90
        2
176
     0
 62
     7
176
     0
 90
        5
176
     0
 90
        0
176
     0
 90
        0
176
     0
290
     0
176
     0
 90
        1
176
     0
 40
0.0
176
     0
 90
        0
176
     0
290
     0
176
     0
290
     1
176
     0
290
     1
176
     0
290
     0
176
     0
290
     0
176
     0
290
     0
176
     0
290
     0
176
     0
290
     0
176
     0
290
     0
176
     0
 90
       50
176
     0
 40
0.0
176
     0
 40
1.0
176
     0
 90
        0
176
     0
 62
    18
420
        0
176
     0
 90
       50
176
     0
 90
        3
176
     0
 62
     5
420
      255
176
     0
290
     0
176
     0
 90
       50
176
     0
 90
       50
176
     0
 90
       50
176
     0
290
     0
176
     0
 90
       50
176
     0
 62
   256
176
     0
 40
1.0
176
     0
 90
        2
176
     0
  1
strokes_ogs.tif
176
     0
290
     0
176
     0
 40
1.0
176
     0
 40
1.0
176
     0
1001
ACAD
1000
AcDbSavedByObjectVersion
1070
     0
  0
VISUALSTYLE
  5
38
102
{ACAD_REACTORS
330
29
102
}
330
29
100
AcDbVisualStyle
  2
Facepattern
 70
    15
177
     3
291
     1
 70
    58
 90
        2
176
     1
 90
        2
176
     1
 90
        0
176
     1
 90
        0
176
     1
 40
0.6
176
     1
 40
30.0
176
     1
 62
     7
420
 16777215
176
     1
 90
        1
176
     1
 90
        4
176
     1
 62
     7
176
     1
 62
   257
176
     1
 90
        1
176
     1
 90
        1
176
     1
 40
1.0
176
     1
 90
        8
176
     1
 62
     7
176
     1
 40
1.0
176
     1
 90
        1
176
     1
 90
        6
176
     1
 90
        2
176
     1
 62
     7
176
     1
 90
        5
176
     1
 90
        0
176
     1
 90
        0
176
     1
290
     0
176
     1
 90
        1
176
     1
 40
0.0
176
     1
 90
        0
176
     1
290
     0
176
     1
290
     1
176
     1
290
     1
176
     1
290
     0
176
     1
290
     0
176
     1
290
     0
176
     1
290
     0
176
     1
290
     0
176
     1
290
     0
176
     1
 90
       50
176
     1
 40
0.0
176
     1
 40
1.0
176
     1
 90
        0
176
     1
 62
    18
420
        0
176
     1
 90
       50
176
     1
 90
        3
176
     1
 62
     5
420
      255
176
     1
290
     0
176
     1
 90
       50
176
     1
 90
       50
176
     1
 90
       50
176
     1
290
     0
176
     1
 90
       50
176
     1
 62
   256
176
     0
 40
1.0
176
     0
 90
        2
176
     1
  1
strokes_ogs.tif
176
     1
290
     0
176
     1
 40
1.0
176
     1
 40
1.0
176
     1
1001
ACAD
1000
AcDbSavedByObjectVersion
1070
     0
  0
VISUALSTYLE
  5
2A
102
{ACAD_REACTORS
330
29
102
}
330
29
100
AcDbVisualStyle
  2
Flat
 70
     0
177
     3
291
     1
 70
    58
 90
        2
176
     1
 90
        1
176
     1
 90
        1
176
     1
 90
        2
176
     1
 40
0.6
176
     1
 40
30.0
176
     1
 62
     7
420
 16777215
176
     1
 90
        0
176
     1
 90
        0
176
     1
 62
     7
176
     1
 62
   257
176
     1
 90
        1
176
     1
 90
        1
176
     1
 40
1.0
176
     1
 90
        8
176
     1
 62
     7
176
     1
 40
1.0
176
     1
 90
        1
176
     1
 90
        6
176
     1
 90
        2
176
     1
 62
     7
176
     1
 90
        5
176
     1
 90
        0
176
     1
 90
        0
176
     1
290
     0
176
     1
 90
       13
176
     1
 40
0.0
176
     1
 90
        0
176
     1
290
     0
176
     1
290
     1
176
     1
290
     1
176
     1
290
     0
176
     1
290
     0
176
     1
290
     0
176
     1
290
     0
176
     1
290
     0
176
     1
290
     0
176
     1
 90
       50
176
     1
 40
0.0
176
     1
 40
1.0
176
     1
 90
        0
176
     1
 62
    18
420
        0
176
     1
 90
       50
176
     1
 90
        3
176
     1
 62
     5
420
      255
176
     1
290
     0
176
     1
 90
       50
176
     1
 90
       50
176
     1
 90
       50
176
     1
290
     0
176
     1
 90
       50
176
     1
 62
   256
176
     0
 40
1.0
176
     0
 90
        2
176
     1
  1
strokes_ogs.tif
176
     1
290
     0
176
     1
 40
1.0
176
     1
 40
1.0
176
     1
1001
ACAD
1000
AcDbSavedByObjectVersion
1070
     0
  0
VISUALSTYLE
  5
2B
102
{ACAD_REACTORS
330
29
102
}
330
29
100
AcDbVisualStyle
  2
FlatWithEdges
 70
     1
177
     3
291
     1
 70
    58
 90
        2
176
     1
 90
        1
176
     1
 90
        1
176
     1
 90
        2
176
     1
 40
0.6
176
     1
 40
30.0
176
     1
 62
     7
420
 16777215
176
     1
 90
        1
176
     1
 90
        0
176
     1
 62
     7
176
     1
 62
   257
176
     1
 90
        1
176
     1
 90
        1
176
     1
 40
1.0
176
     1
 90
        0
176
     1
 62
   257
176
     1
 40
1.0
176
     1
 90
        1
176
     1
 90
        6
176
     1
 90
        2
176
     1
 62
     7
176
     1
 90
        5
176
     1
 90
        0
176
     1
 90
        0
176
     1
290
     0
176
     1
 90
       13
176
     1
 40
0.0
176
     1
 90
        0
176
     1
290
     0
176
     1
290
     1
176
     1
290
     1
176
     1
290
     0
176
     1
290
     0
176
     1
290
     0
176
     1
290
     0
176
     1
290
     0
176
     1
290
     0
176
     1
 90
       50
176
     1
 40
0.0
176
     1
 40
1.0
176
     1
 90
        0
176
     1
 62
    18
420
        0
176
     1
 90
       50
176
     1
 90
        3
176
     1
 62
     5
420
      255
176
     1
290
     0
176
     1
 90
       50
176
     1
 90
       50
176
     1
 90
       50
176
     1
290
     0
176
     1
 90
       50
176
     1
 62
   256
176
     0
 40
1.0
176
     0
 90
        2
176
     1
  1
strokes_ogs.tif
176
     1
290
     0
176
     1
 40
1.0
176
     1
 40
1.0
176
     1
1001
ACAD
1000
AcDbSavedByObjectVersion
1070
     0
  0
VISUALSTYLE
  5
2C
102
{ACAD_REACTORS
330
29
102
}
330
29
100
AcDbVisualStyle
  2
Gouraud
 70
     2
177
     3
291
     1
 70
    58
 90
        2
176
     1
 90
        2
176
     1
 90
        1
176
     1
 90
        2
176
     1
 40
0.6
176
     1
 40
30.0
176
     1
 62
     7
420
 16777215
176
     1
 90
        0
176
     1
 90
        0
176
     1
 62
     7
176
     1
 62
   257
176
     1
 90
        1
176
     1
 90
        1
176
     1
 40
1.0
176
     1
 90
        0
176
     1
 62
     7
176
     1
 40
1.0
176
     1
 90
        1
176
     1
 90
        6
176
     1
 90
        2
176
     1
 62
     7
176
     1
 90
        5
176
     1
 90
        0
176
     1
 90
        0
176
     1
290
     0
176
     1
 90
       13
176
     1
 40
0.0
176
     1
 90
        0
176
     1
290
     0
176
     1
290
     1
176
     1
290
     1
176
     1
290
     0
176
     1
290
     0
176
     1
290
     0
176
     1
290
     0
176
     1
290
     0
176
     1
290
     0
176
     1
 90
       50
176
     1
 40
0.0
176
     1
 40
1.0
176
     1
 90
        0
176
     1
 62
    18
420
        0
176
     1
 90
       50
176
     1
 90
        3
176
     1
 62
     5
420
      255
176
     1
290
     0
176
     1
 90
       50
176
     1
 90
       50
176
     1
 90
       50
176
     1
290
     0
176
     1
 90
       50
176
     1
 62
   256
176
     0
 40
1.0
176
     0
 90
        2
176
     1
  1
strokes_ogs.tif
176
     1
290
     0
176
     1
 40
1.0
176
     1
 40
1.0
176
     1
1001
ACAD
1000
AcDbSavedByObjectVersion
1070
     0
  0
VISUALSTYLE
  5
2D
102
{ACAD_REACTORS
330
29
102
}
330
29
100
AcDbVisualStyle
  2
GouraudWithEdges
 70
     3
177
     3
291
     1
 70
    58
 90
        2
176
     1
 90
        2
176
     1
 90
        1
176
     1
 90
        2
176
     1
 40
0.6
176
     1
 40
30.0
176
     1
 62
     7
420
 16777215
176
     1
 90
        1
176
     1
 90
        0
176
     1
 62
     7
176
     1
 62
   257
176
     1
 90
        1
176
     1
 90
        1
176
     1
 40
1.0
176
     1
 90
        0
176
     1
 62
   257
176
     1
 40
1.0
176
     1
 90
        1
176
     1
 90
        6
176
     1
 90
        2
176
     1
 62
     7
176
     1
 90
        5
176
     1
 90
        0
176
     1
 90
        0
176
     1
290
     0
176
     1
 90
       13
176
     1
 40
0.0
176
     1
 90
        0
176
     1
290
     0
176
     1
290
     1
176
     1
290
     1
176
     1
290
     0
176
     1
290
     0
176
     1
290
     0
176
     1
290
     0
176
     1
290
     0
176
     1
290
     0
176
     1
 90
       50
176
     1
 40
0.0
176
     1
 40
1.0
176
     1
 90
        0
176
     1
 62
    18
420
        0
176
     1
 90
       50
176
     1
 90
        3
176
     1
 62
     5
420
      255
176
     1
290
     0
176
     1
 90
       50
176
     1
 90
       50
176
     1
 90
       50
176
     1
290
     0
176
     1
 90
       50
176
     1
 62
   256
176
     0
 40
1.0
176
     0
 90
        2
176
     1
  1
strokes_ogs.tif
176
     1
290
     0
176
     1
 40
1.0
176
     1
 40
1.0
176
     1
1001
ACAD
1000
AcDbSavedByObjectVersion
1070
     0
  0
VISUALSTYLE
  5
31
102
{ACAD_REACTORS
330
29
102
}
330
29
100
AcDbVisualStyle
  2
Hidden
 70
     6
177
     3
291
     0
 70
    58
 90
        1
176
     1
 90
        2
176
     1
 90
        2
176
     1
 90
        0
176
     1
 40
0.6
176
     1
 40
30.0
176
     1
 62
     7
420
 16777215
176
     1
 90
        2
176
     1
 90
        2
176
     1
 62
     7
176
     1
 62
   257
176
     1
 90
        2
176
     1
 90
        1
176
     1
 40
40.0
176
     1
 90
        0
176
     1
 62
   257
176
     1
 40
1.0
176
     1
 90
        1
176
     1
 90
        6
176
     1
 90
        2
176
     1
 62
     7
176
     1
 90
        3
176
     1
 90
        0
176
     1
 90
        0
176
     1
290
     0
176
     1
 90
        1
176
     1
 40
0.0
176
     1
 90
        0
176
     1
290
     0
176
     1
290
     1
176
     1
290
     1
176
     1
290
     0
176
     1
290
     0
176
     1
290
     0
176
     1
290
     0
176
     1
290
     0
176
     1
290
     0
176
     1
 90
       50
176
     1
 40
0.0
176
     1
 40
1.0
176
     1
 90
        0
176
     1
 62
    18
420
        0
176
     1
 90
       50
176
     1
 90
        3
176
     1
 62
     5
420
      255
176
     1
290
     0
176
     1
 90
       50
176
     1
 90
       50
176
     1
 90
       50
176
     1
290
     0
176
     1
 90
       50
176
     1
 62
   256
176
     0
 40
1.0
176
     0
 90
        2
176
     1
  1
strokes_ogs.tif
176
     1
290
     0
176
     1
 40
1.0
176
     1
 40
1.0
176
     1
1001
ACAD
1000
AcDbSavedByObjectVersion
1070
     0
  0
VISUALSTYLE
  5
3F
102
{ACAD_REACTORS
330
29
102
}
330
29
100
AcDbVisualStyle
  2
JitterOff
 70
    20
177
     3
291
     1
 70
    58
 90
        2
176
     0
 90
        2
176
     0
 90
        0
176
     0
 90
        0
176
     0
 40
0.6
176
     0
 40
30.0
176
     0
 62
     7
420
 16777215
176
     0
 90
        1
176
     0
 90
        4
176
     0
 62
     7
176
     0
 62
   257
176
     0
 90
        1
176
     0
 90
        1
176
     0
 40
1.0
176
     0
 90
       10
176
     2
 62
     7
176
     0
 40
1.0
176
     0
 90
        1
176
     0
 90
        6
176
     0
 90
        2
176
     0
 62
     7
176
     0
 90
        5
176
     0
 90
        0
176
     0
 90
        0
176
     0
290
     0
176
     0
 90
        1
176
     0
 40
0.0
176
     0
 90
        0
176
     0
290
     0
176
     0
290
     1
176
     0
290
     1
176
     0
290
     0
176
     0
290
     0
176
     0
290
     0
176
     0
290
     0
176
     0
290
     0
176
     0
290
     0
176
     0
 90
       50
176
     0
 40
0.0
176
     0
 40
1.0
176
     0
 90
        0
176
     0
 62
    18
420
        0
176
     0
 90
       50
176
     0
 90
        3
176
     0
 62
     5
420
      255
176
     0
290
     0
176
     0
 90
       50
176
     0
 90
       50
176
     0
 90
       50
176
     0
290
     0
176
     0
 90
       50
176
     0
 62
   256
176
     0
 40
1.0
176
     0
 90
        2
176
     0
  1
strokes_ogs.tif
176
     0
290
     0
176
     0
 40
1.0
176
     0
 40
1.0
176
     0
1001
ACAD
1000
AcDbSavedByObjectVersion
1070
     0
  0
VISUALSTYLE
  5
37
102
{ACAD_REACTORS
330
29
102
}
330
29
100
AcDbVisualStyle
  2
Linepattern
 70
    14
177
     3
291
     1
 70
    58
 90
        2
176
     1
 90
        2
176
     1
 90
        0
176
     1
 90
        0
176
     1
 40
0.6
176
     1
 40
30.0
176
     1
 62
     7
420
 16777215
176
     1
 90
        1
176
     1
 90
        4
176
     1
 62
     7
176
     1
 62
   257
176
     1
 90
        7
176
     1
 90
        7
176
     1
 40
1.0
176
     1
 90
        8
176
     1
 62
     7
176
     1
 40
1.0
176
     1
 90
        1
176
     1
 90
        6
176
     1
 90
        2
176
     1
 62
     7
176
     1
 90
        5
176
     1
 90
        0
176
     1
 90
        0
176
     1
290
     0
176
     1
 90
        1
176
     1
 40
0.0
176
     1
 90
        0
176
     1
290
     0
176
     1
290
     1
176
     1
290
     1
176
     1
290
     0
176
     1
290
     0
176
     1
290
     0
176
     1
290
     0
176
     1
290
     0
176
     1
290
     0
176
     1
 90
       50
176
     1
 40
0.0
176
     1
 40
1.0
176
     1
 90
        0
176
     1
 62
    18
420
        0
176
     1
 90
       50
176
     1
 90
        3
176
     1
 62
     5
420
      255
176
     1
290
     0
176
     1
 90
       50
176
     1
 90
       50
176
     1
 90
       50
176
     1
290
     0
176
     1
 90
       50
176
     1
 62
   256
176
     0
 40
1.0
176
     0
 90
        2
176
     1
  1
strokes_ogs.tif
176
     1
290
     0
176
     1
 40
1.0
176
     1
 40
1.0
176
     1
1001
ACAD
1000
AcDbSavedByObjectVersion
1070
     0
  0
VISUALSTYLE
  5
40
102
{ACAD_REACTORS
330
29
102
}
330
29
100
AcDbVisualStyle
  2
OverhangOff
 70
    21
177
     3
291
     1
 70
    58
 90
        2
176
     0
 90
        2
176
     0
 90
        0
176
     0
 90
        0
176
     0
 40
0.6
176
     0
 40
30.0
176
     0
 62
     7
420
 16777215
176
     0
 90
        1
176
     0
 90
        4
176
     0
 62
     7
176
     0
 62
   257
176
     0
 90
        1
176
     0
 90
        1
176
     0
 40
1.0
176
     0
 90
        9
176
     2
 62
     7
176
     0
 40
1.0
176
     0
 90
        1
176
     0
 90
        6
176
     0
 90
        2
176
     0
 62
     7
176
     0
 90
        5
176
     0
 90
        0
176
     0
 90
        0
176
     0
290
     0
176
     0
 90
        1
176
     0
 40
0.0
176
     0
 90
        0
176
     0
290
     0
176
     0
290
     1
176
     0
290
     1
176
     0
290
     0
176
     0
290
     0
176
     0
290
     0
176
     0
290
     0
176
     0
290
     0
176
     0
290
     0
176
     0
 90
       50
176
     0
 40
0.0
176
     0
 40
1.0
176
     0
 90
        0
176
     0
 62
    18
420
        0
176
     0
 90
       50
176
     0
 90
        3
176
     0
 62
     5
420
      255
176
     0
290
     0
176
     0
 90
       50
176
     0
 90
       50
176
     0
 90
       50
176
     0
290
     0
176
     0
 90
       50
176
     0
 62
   256
176
     0
 40
1.0
176
     0
 90
        2
176
     0
  1
strokes_ogs.tif
176
     0
290
     0
176
     0
 40
1.0
176
     0
 40
1.0
176
     0
1001
ACAD
1000
AcDbSavedByObjectVersion
1070
     0
  0
VISUALSTYLE
  5
33
102
{ACAD_REACTORS
330
29
102
}
330
29
100
AcDbVisualStyle
  2
Realistic
 70
     8
177
     3
291
     0
 70
    58
 90
        2
176
     1
 90
        3
176
     1
 90
        0
176
     1
 90
        2
176
     1
 40
0.6
176
     1
 40
30.0
176
     1
 62
     7
420
 16777215
176
     1
 90
        0
176
     1
 90
        0
176
     1
 62
     7
176
     1
 62
   257
176
     1
 90
        1
176
     1
 90
        1
176
     1
 40
1.0
176
     1
 90
        8
176
     1
 62
   257
176
     1
 40
1.0
176
     1
 90
        1
176
     1
 90
        6
176
     1
 90
        2
176
     1
 62
     7
176
     1
 90
        3
176
     1
 90
        0
176
     1
 90
        0
176
     1
290
     0
176
     1
 90
       13
176
     1
 40
0.0
176
     1
 90
        0
176
     1
290
     0
176
     1
290
     1
176
     1
290
     1
176
     1
290
     0
176
     1
290
     0
176
     1
290
     0
176
     1
290
     0
176
     1
290
     0
176
     1
290
     0
176
     1
 90
       50
176
     1
 40
0.0
176
     1
 40
1.0
176
     1
 90
        0
176
     1
 62
    18
420
        0
176
     1
 90
       50
176
     1
 90
        3
176
     1
 62
     5
420
      255
176
     1
290
     0
176
     1
 90
       50
176
     1
 90
       50
176
     1
 90
       50
176
     1
290
     0
176
     1
 90
       50
176
     1
 62
   256
176
     0
 40
1.0
176
     0
 90
        2
176
     1
  1
strokes_ogs.tif
176
     1
290
     0
176
     1
 40
1.0
176
     1
 40
1.0
176
     1
1001
ACAD
1000
AcDbSavedByObjectVersion
1070
     0
  0
VISUALSTYLE
  5
3E
102
{ACAD_REACTORS
330
29
102
}
330
29
100
AcDbVisualStyle
  2
Shaded
 70
    27
177
     3
291
     0
 70
    58
 90
        2
176
     1
 90
        2
176
     1
 90
        1
176
     1
 90
        2
176
     1
 40
0.6
176
     1
 40
30.0
176
     1
 62
     7
420
 16777215
176
     1
 90
        0
176
     1
 90
        4
176
     1
 62
     7
176
     1
 62
   257
176
     1
 90
        1
176
     1
 90
        1
176
     1
 40
1.0
176
     1
 90
        8
176
     1
 62
   257
176
     1
 40
1.0
176
     1
 90
        1
176
     1
 90
        6
176
     1
 90
        2
176
     1
 62
     8
420
  7895160
176
     1
 90
        3
176
     1
 90
        0
176
     1
 90
        0
176
     1
290
     0
176
     1
 90
        5
176
     1
 40
0.0
176
     1
 90
        0
176
     1
290
     0
176
     1
290
     1
176
     1
290
     1
176
     1
290
     0
176
     1
290
     0
176
     1
290
     0
176
     1
290
     0
176
     1
290
     0
176
     1
290
     0
176
     1
 90
       50
176
     1
 40
0.0
176
     1
 40
1.0
176
     1
 90
        0
176
     1
 62
    18
420
        0
176
     1
 90
       50
176
     1
 90
        3
176
     1
 62
     5
420
      255
176
     1
290
     0
176
     1
 90
       50
176
     1
 90
       50
176
     1
 90
       50
176
     1
290
     0
176
     1
 90
       50
176
     1
 62
   256
176
     0
 40
1.0
176
     0
 90
        2
176
     1
  1
strokes_ogs.tif
176
     1
290
     0
176
     1
 40
1.0
176
     1
 40
1.0
176
     1
1001
ACAD
1000
AcDbSavedByObjectVersion
1070
     0
  0
VISUALSTYLE
  5
3D
102
{ACAD_REACTORS
330
29
102
}
330
29
100
AcDbVisualStyle
  2
Shaded with edges
 70
    26
177
     3
291
     0
 70
    58
 90
        2
176
     1
 90
        2
176
     1
 90
        1
176
     1
 90
        2
176
     1
 40
0.6
176
     1
 40
30.0
176
     1
 62
     7
420
 16777215
176
     1
 90
        1
176
     1
 90
        2
176
     1
 62
     7
176
     1
 62
   257
176
     1
 90
        2
176
     1
 90
        1
176
     1
 40
1.0
176
     1
 90
        8
176
     1
 62
   257
176
     1
 40
1.0
176
     1
 90
        1
176
     1
 90
        6
176
     1
 90
        2
176
     1
 62
     7
176
     1
 90
        3
176
     1
 90
        0
176
     1
 90
        0
176
     1
290
     0
176
     1
 90
        5
176
     1
 40
0.0
176
     1
 90
        0
176
     1
290
     0
176
     1
290
     1
176
     1
290
     1
176
     1
290
     0
176
     1
290
     0
176
     1
290
     0
176
     1
290
     0
176
     1
290
     0
176
     1
290
     0
176
     1
 90
       50
176
     1
 40
0.0
176
     1
 40
1.0
176
     1
 90
        0
176
     1
 62
    18
420
        0
176
     1
 90
       50
176
     1
 90
        3
176
     1
 62
     5
420
      255
176
     1
290
     0
176
     1
 90
       50
176
     1
 90
       50
176
     1
 90
       50
176
     1
290
     0
176
     1
 90
       50
176
     1
 62
   256
176
     0
 40
1.0
176
     0
 90
        2
176
     1
  1
strokes_ogs.tif
176
     1
290
     0
176
     1
 40
1.0
176
     1
 40
1.0
176
     1
1001
ACAD
1000
AcDbSavedByObjectVersion
1070
     0
  0
VISUALSTYLE
  5
3A
102
{ACAD_REACTORS
330
29
102
}
330
29
100
AcDbVisualStyle
  2
Shades of Gray
 70
    23
177
     3
291
     0
 70
    58
 90
        2
176
     1
 90
        2
176
     1
 90
        3
176
     1
 90
        0
176
     1
 40
0.6
176
     1
 40
30.0
176
     1
 62
     7
420
 16777215
176
     1
 90
        2
176
     1
 90
        2
176
     1
 62
     7
176
     1
 62
     7
176
     1
 90
        1
176
     1
 90
        1
176
     1
 40
40.0
176
     1
 90
        8
176
     1
 62
     7
176
     1
 40
1.0
176
     1
 90
        1
176
     1
 90
        6
176
     1
 90
        2
176
     1
 62
     7
176
     1
 90
        3
176
     1
 90
        0
176
     1
 90
        0
176
     1
290
     0
176
     1
 90
        1
176
     1
 40
0.0
176
     1
 90
        0
176
     1
290
     0
176
     1
290
     1
176
     1
290
     1
176
     1
290
     0
176
     1
290
     0
176
     1
290
     0
176
     1
290
     0
176
     1
290
     0
176
     1
290
     0
176
     1
 90
       50
176
     1
 40
0.0
176
     1
 40
1.0
176
     1
 90
        0
176
     1
 62
    18
420
        0
176
     1
 90
       50
176
     1
 90
        3
176
     1
 62
     5
420
      255
176
     1
290
     0
176
     1
 90
       50
176
     1
 90
       50
176
     1
 90
       50
176
     1
290
     0
176
     1
 90
       50
176
     1
 62
   256
176
     0
 40
1.0
176
     0
 90
        2
176
     1
  1
strokes_ogs.tif
176
     1
290
     0
176
     1
 40
1.0
176
     1
 40
1.0
176
     1
1001
ACAD
1000
AcDbSavedByObjectVersion
1070
     0
  0
VISUALSTYLE
  5
3B
102
{ACAD_REACTORS
330
29
102
}
330
29
100
AcDbVisualStyle
  2
Sketchy
 70
    24
177
     3
291
     0
 70
    58
 90
        1
176
     1
 90
        2
176
     1
 90
        2
176
     1
 90
        0
176
     1
 40
0.6
176
     1
 40
30.0
176
     1
 62
     7
420
 16777215
176
     1
 90
        2
176
     1
 90
        2
176
     1
 62
     7
176
     1
 62
     7
176
     1
 90
        1
176
     1
 90
        1
176
     1
 40
40.0
176
     1
 90
       11
176
     1
 62
     7
176
     1
 40
1.0
176
     1
 90
        1
176
     1
 90
        6
176
     1
 90
        2
176
     1
 62
     7
176
     1
 90
        6
176
     1
 90
        0
176
     1
 90
        0
176
     1
290
     0
176
     1
 90
        1
176
     1
 40
0.0
176
     1
 90
        0
176
     1
290
     0
176
     1
290
     1
176
     1
290
     1
176
     1
290
     0
176
     1
290
     0
176
     1
290
     0
176
     1
290
     0
176
     1
290
     0
176
     1
290
     0
176
     1
 90
       50
176
     1
 40
0.0
176
     1
 40
1.0
176
     1
 90
        0
176
     1
 62
    18
420
        0
176
     1
 90
       50
176
     1
 90
        3
176
     1
 62
     5
420
      255
176
     1
290
     0
176
     1
 90
       50
176
     1
 90
       50
176
     1
 90
       50
176
     1
290
     0
176
     1
 90
       50
176
     1
 62
   256
176
     0
 40
1.0
176
     0
 90
        2
176
     1
  1
strokes_ogs.tif
176
     1
290
     0
176
     1
 40
1.0
176
     1
 40
1.0
176
     1
1001
ACAD
1000
AcDbSavedByObjectVersion
1070
     0
  0
VISUALSTYLE
  5
36
102
{ACAD_REACTORS
330
29
102
}
330
29
100
AcDbVisualStyle
  2
Thicken
 70
    13
177
     3
291
     1
 70
    58
 90
        2
176
     1
 90
        2
176
     1
 90
        0
176
     1
 90
        0
176
     1
 40
0.6
176
     1
 40
30.0
176
     1
 62
     7
420
 16777215
176
     1
 90
        1
176
     1
 90
        4
176
     1
 62
     7
176
     1
 62
   257
176
     1
 90
        1
176
     1
 90
        1
176
     1
 40
1.0
176
     1
 90
       12
176
     1
 62
     7
176
     1
 40
1.0
176
     1
 90
        1
176
     1
 90
        6
176
     1
 90
        2
176
     1
 62
     7
176
     1
 90
        5
176
     1
 90
        0
176
     1
 90
        0
176
     1
290
     0
176
     1
 90
        1
176
     1
 40
0.0
176
     1
 90
        0
176
     1
290
     0
176
     1
290
     1
176
     1
290
     1
176
     1
290
     0
176
     1
290
     0
176
     1
290
     0
176
     1
290
     0
176
     1
290
     0
176
     1
290
     0
176
     1
 90
       50
176
     1
 40
0.0
176
     1
 40
1.0
176
     1
 90
        0
176
     1
 62
    18
420
        0
176
     1
 90
       50
176
     1
 90
        3
176
     1
 62
     5
420
      255
176
     1
290
     0
176
     1
 90
       50
176
     1
 90
       50
176
     1
 90
       50
176
     1
290
     0
176
     1
 90
       50
176
     1
 62
   256
176
     0
 40
1.0
176
     0
 90
        2
176
     1
  1
strokes_ogs.tif
176
     1
290
     0
176
     1
 40
1.0
176
     1
 40
1.0
176
     1
1001
ACAD
1000
AcDbSavedByObjectVersion
1070
     0
  0
VISUALSTYLE
  5
30
102
{ACAD_REACTORS
330
29
102
}
330
29
100
AcDbVisualStyle
  2
Wireframe
 70
     5
177
     3
291
     0
 70
    58
 90
        0
176
     1
 90
        2
176
     1
 90
        0
176
     1
 90
        0
176
     1
 40
0.6
176
     1
 40
30.0
176
     1
 62
     7
420
 16777215
176
     1
 90
        1
176
     1
 90
        4
176
     1
 62
     7
176
     1
 62
   257
176
     1
 90
        1
176
     1
 90
        1
176
     1
 40
1.0
176
     1
 90
        0
176
     1
 62
   257
176
     1
 40
1.0
176
     1
 90
        1
176
     1
 90
        6
176
     1
 90
        2
176
     1
 62
     7
176
     1
 90
        3
176
     1
 90
        0
176
     1
 90
        0
176
     1
290
     0
176
     1
 90
        1
176
     1
 40
0.0
176
     1
 90
        0
176
     1
290
     0
176
     1
290
     1
176
     1
290
     1
176
     1
290
     0
176
     1
290
     0
176
     1
290
     0
176
     1
290
     0
176
     1
290
     0
176
     1
290
     0
176
     1
 90
       50
176
     1
 40
0.0
176
     1
 40
1.0
176
     1
 90
        0
176
     1
 62
    18
420
        0
176
     1
 90
       50
176
     1
 90
        3
176
     1
 62
     5
420
      255
176
     1
290
     0
176
     1
 90
       50
176
     1
 90
       50
176
     1
 90
       50
176
     1
290
     0
176
     1
 90
       50
176
     1
 62
   256
176
     0
 40
1.0
176
     0
 90
        2
176
     1
  1
strokes_ogs.tif
176
     1
290
     0
176
     1
 40
1.0
176
     1
 40
1.0
176
     1
1001
ACAD
1000
AcDbSavedByObjectVersion
1070
     0
  0
VISUALSTYLE
  5
3C
102
{ACAD_REACTORS
330
29
102
}
330
29
100
AcDbVisualStyle
  2
X-Ray
 70
    25
177
     3
291
     0
 70
    58
 90
        2
176
     1
 90
        2
176
     1
 90
        1
176
     1
 90
        1
176
     1
 40
0.5
176
     1
 40
30.0
176
     1
 62
     7
420
 16777215
176
     1
 90
        1
176
     1
 90
        0
176
     1
 62
     7
176
     1
 62
   257
176
     1
 90
        1
176
     1
 90
        1
176
     1
 40
1.0
176
     1
 90
        8
176
     1
 62
     7
176
     1
 40
1.0
176
     1
 90
        1
176
     1
 90
        6
176
     1
 90
        2
176
     1
 62
     7
176
     1
 90
        3
176
     1
 90
        0
176
     1
 90
        0
176
     1
290
     0
176
     1
 90
       13
176
     1
 40
0.0
176
     1
 90
        0
176
     1
290
     0
176
     1
290
     1
176
     1
290
     1
176
     1
290
     0
176
     1
290
     0
176
     1
290
     0
176
     1
290
     0
176
     1
290
     0
176
     1
290
     0
176
     1
 90
       50
176
     1
 40
0.0
176
     1
 40
1.0
176
     1
 90
        0
176
     1
 62
    18
420
        0
176
     1
 90
       50
176
     1
 90
        3
176
     1
 62
     5
420
      255
176
     1
290
     0
176
     1
 90
       50
176
     1
 90
       50
176
     1
 90
       50
176
     1
290
     0
176
     1
 90
       50
176
     1
 62
   256
176
     0
 40
1.0
176
     0
 90
        2
176
     1
  1
strokes_ogs.tif
176
     1
290
     0
176
     1
 40
1.0
176
     1
 40
1.0
176
     1
1001
ACAD
1000
AcDbSavedByObjectVersion
1070
     0
  0
DICTIONARYVAR
  5
C87
102
{ACAD_REACTORS
330
C82
102
}
330
C82
100
DictionaryVariables
280
     0
  1
0
  0
DICTIONARYVAR
  5
C88
102
{ACAD_REACTORS
330
C82
102
}
330
C82
100
DictionaryVariables
280
     0
  1
1:1
  0
DICTIONARYVAR
  5
C84
102
{ACAD_REACTORS
330
C82
102
}
330
C82
100
DictionaryVariables
280
     0
  1
STANDARD
  0
DICTIONARYVAR
  5
C83
102
{ACAD_REACTORS
330
C82
102
}
330
C82
100
DictionaryVariables
280
     0
  1
STANDARD
  0
DICTIONARYVAR
  5
C85
102
{ACAD_REACTORS
330
C82
102
}
330
C82
100
DictionaryVariables
280
     0
  1
Imperial24
  0
DICTIONARYVAR
  5
C86
102
{ACAD_REACTORS
330
C82
102
}
330
C82
100
DictionaryVariables
280
     0
  1
Imperial24
  0
DICTIONARY
  5
C8E
330
6B
100
AcDbDictionary
280
     1
281
     1
  3
ACAD_XREC_ROUNDTRIP
360
C8F
  0
DICTIONARY
  5
1A
330
19
100
AcDbDictionary
280
     1
281
     1
  3
BUMPTILE
360
1C
  3
DIFFUSETILE
360
1B
  3
OPACITYTILE
360
1F
  3
REFLECTIONTILE
360
1E
  3
REFRACTIONTILE
360
20
  3
SPECULARTILE
360
1D
  0
DICTIONARY
  5
12
330
11
100
AcDbDictionary
280
     1
281
     1
  3
BUMPTILE
360
14
  3
DIFFUSETILE
360
13
  3
OPACITYTILE
360
17
  3
REFLECTIONTILE
360
16
  3
REFRACTIONTILE
360
18
  3
SPECULARTILE
360
15
  0
DICTIONARY
  5
22
330
21
100
AcDbDictionary
280
     1
281
     1
  3
BUMPTILE
360
24
  3
DIFFUSETILE
360
23
  3
OPACITYTILE
360
27
  3
REFLECTIONTILE
360
26
  3
REFRACTIONTILE
360
28
  3
SPECULARTILE
360
25
  0
DICTIONARY
  5
C8C
330
69
100
AcDbDictionary
280
     1
281
     1
  3
ACAD_XREC_ROUNDTRIP
360
C8D
  0
DICTIONARY
  5
C89
330
65
100
AcDbDictionary
280
     1
281
     1
  3
ACAD_ROUNDTRIP_2008_TABLESTYLE_CELLSTYLEMAP
360
C8A
  0
XRECORD
  5
C8F
102
{ACAD_REACTORS
330
C8E
102
}
330
C8E
100
AcDbXrecord
280
     1
102
DISPLAYNAME
  1
Imperial24
102
FLAGS
 90
        0
  0
XRECORD
  5
1C
102
{ACAD_REACTORS
330
1A
102
}
330
1A
100
AcDbXrecord
280
     1
270
     1
271
     1
  0
XRECORD
  5
1B
102
{ACAD_REACTORS
330
1A
102
}
330
1A
100
AcDbXrecord
280
     1
270
     1
271
     1
  0
XRECORD
  5
1F
102
{ACAD_REACTORS
330
1A
102
}
330
1A
100
AcDbXrecord
280
     1
270
     1
271
     1
  0
XRECORD
  5
1E
102
{ACAD_REACTORS
330
1A
102
}
330
1A
100
AcDbXrecord
280
     1
270
     1
271
     1
  0
XRECORD
  5
20
102
{ACAD_REACTORS
330
1A
102
}
330
1A
100
AcDbXrecord
280
     1
270
     1
271
     1
  0
XRECORD
  5
1D
102
{ACAD_REACTORS
330
1A
102
}
330
1A
100
AcDbXrecord
280
     1
270
     1
271
     1
  0
XRECORD
  5
14
102
{ACAD_REACTORS
330
12
102
}
330
12
100
AcDbXrecord
280
     1
270
     1
271
     1
  0
XRECORD
  5
13
102
{ACAD_REACTORS
330
12
102
}
330
12
100
AcDbXrecord
280
     1
270
     1
271
     1
  0
XRECORD
  5
17
102
{ACAD_REACTORS
330
12
102
}
330
12
100
AcDbXrecord
280
     1
270
     1
271
     1
  0
XRECORD
  5
16
102
{ACAD_REACTORS
330
12
102
}
330
12
100
AcDbXrecord
280
     1
270
     1
271
     1
  0
XRECORD
  5
18
102
{ACAD_REACTORS
330
12
102
}
330
12
100
AcDbXrecord
280
     1
270
     1
271
     1
  0
XRECORD
  5
15
102
{ACAD_REACTORS
330
12
102
}
330
12
100
AcDbXrecord
280
     1
270
     1
271
     1
  0
XRECORD
  5
24
102
{ACAD_REACTORS
330
22
102
}
330
22
100
AcDbXrecord
280
     1
270
     1
271
     1
  0
XRECORD
  5
23
102
{ACAD_REACTORS
330
22
102
}
330
22
100
AcDbXrecord
280
     1
270
     1
271
     1
  0
XRECORD
  5
27
102
{ACAD_REACTORS
330
22
102
}
330
22
100
AcDbXrecord
280
     1
270
     1
271
     1
  0
XRECORD
  5
26
102
{ACAD_REACTORS
330
22
102
}
330
22
100
AcDbXrecord
280
     1
270
     1
271
     1
  0
XRECORD
  5
28
102
{ACAD_REACTORS
330
22
102
}
330
22
100
AcDbXrecord
280
     1
270
     1
271
     1
  0
XRECORD
  5
25
102
{ACAD_REACTORS
330
22
102
}
330
22
100
AcDbXrecord
280
     1
270
     1
271
     1
  0
XRECORD
  5
C8D
102
{ACAD_REACTORS
330
C8C
102
}
330
C8C
100
AcDbXrecord
280
     1
102
DISPLAYNAME
  1
Imperial24
102
FLAGS
 90
        0
  0
CELLSTYLEMAP
  5
C8A
102
{ACAD_REACTORS
330
C89
102
}
330
C89
100
AcDbCellStyleMap
 90
        3
300
CELLSTYLE
  1
TABLEFORMAT_BEGIN
 90
        5
170
     1
 91
        0
 92
    32768
 62
   257
 93
        1
300
CONTENTFORMAT
  1
CONTENTFORMAT_BEGIN
 90
        0
 91
        0
 92
      512
 93
        0
300

 40
0.0
140
1.0
 94
        5
 62
     0
340
55
144
0.25
309
CONTENTFORMAT_END
171
     1
301
MARGIN
  1
CELLMARGIN_BEGIN
 40
1.5
 40
1.5
 40
1.5
 40
1.5
 40
0.18
 40
0.18
309
CELLMARGIN_END
 94
        0
309
TABLEFORMAT_END
  1
CELLSTYLE_BEGIN
 90
        1
 91
        1
300
_TITLE
309
CELLSTYLE_END
300
CELLSTYLE
  1
TABLEFORMAT_BEGIN
 90
        5
170
     1
 91
        0
 92
        0
 62
   257
 93
        1
300
CONTENTFORMAT
  1
CONTENTFORMAT_BEGIN
 90
        0
 91
        0
 92
      512
 93
        0
300

 40
0.0
140
1.0
 94
        5
 62
     0
340
55
144
0.18
309
CONTENTFORMAT_END
171
     1
301
MARGIN
  1
CELLMARGIN_BEGIN
 40
1.5
 40
1.5
 40
1.5
 40
1.5
 40
0.18
 40
0.18
309
CELLMARGIN_END
 94
        0
309
TABLEFORMAT_END
  1
CELLSTYLE_BEGIN
 90
        2
 91
        1
300
_HEADER
309
CELLSTYLE_END
300
CELLSTYLE
  1
TABLEFORMAT_BEGIN
 90
        5
170
     1
 91
        0
 92
        0
 62
   257
 93
        1
300
CONTENTFORMAT
  1
CONTENTFORMAT_BEGIN
 90
        0
 91
        0
 92
      512
 93
        0
300

 40
0.0
140
1.0
 94
        2
 62
     0
340
55
144
0.18
309
CONTENTFORMAT_END
171
     1
301
MARGIN
  1
CELLMARGIN_BEGIN
 40
1.5
 40
1.5
 40
1.5
 40
1.5
 40
0.18
 40
0.18
309
CELLMARGIN_END
 94
        0
309
TABLEFORMAT_END
  1
CELLSTYLE_BEGIN
 90
        3
 91
        2
300
_DATA
309
CELLSTYLE_END
  0
ENDSEC
  0
EOF
