  0
SECTION
  2
HEADER
  9
$ACADVER
  1
AC1027
  9
$ACADMAINTVER
 70
   125
  9
$DWGCODEPAGE
  3
ANSI_1252
  9
$LASTSAVEDBY
  1
kaley
  9
$REQUIREDVERSIONS
160
                 0
  9
$INSBASE
 10
0.0
 20
0.0
 30
0.0
  9
$EXTMIN
 10
0.0
 20
0.0
 30
0.0
  9
$EXTMAX
 10
420.0
 20
297.0
 30
0.0
  9
$LIMMIN
 10
0.0
 20
0.0
  9
$LIMMAX
 10
420.0
 20
297.0
  9
$ORTHOMODE
 70
     0
  9
$REGENMODE
 70
     1
  9
$FILLMODE
 70
     1
  9
$QTEXTMODE
 70
     0
  9
$MIRRTEXT
 70
     0
  9
$LTSCALE
 40
0.75
  9
$ATTMODE
 70
     1
  9
$TEXTSIZE
 40
3.5
  9
$TRACEWID
 40
1.0
  9
$TEXTSTYLE
  7
Standard
  9
$CLAYER
  8
0
  9
$CELTYPE
  6
ByLayer
  9
$CECOLOR
 62
   256
  9
$CELTSCALE
 40
1.0
  9
$DISPSILH
 70
     0
  9
$DIMSCALE
 40
1.0
  9
$DIMASZ
 40
3.5
  9
$DIMEXO
 40
2.1
  9
$DIMDLI
 40
10.5
  9
$DIMRND
 40
0.0
  9
$DIMDLE
 40
0.0
  9
$DIMEXE
 40
2.1
  9
$DIMTP
 40
0.1
  9
$DIMTM
 40
0.1
  9
$DIMTXT
 40
3.5
  9
$DIMCEN
 40
0.0
  9
$DIMTSZ
 40
0.0
  9
$DIMTOL
 70
     0
  9
$DIMLIM
 70
     0
  9
$DIMTIH
 70
     0
  9
$DIMTOH
 70
     0
  9
$DIMSE1
 70
     0
  9
$DIMSE2
 70
     0
  9
$DIMTAD
 70
     1
  9
$DIMZIN
 70
    12
  9
$DIMBLK
  1

  9
$DIMASO
 70
     1
  9
$DIMSHO
 70
     1
  9
$DIMPOST
  1

  9
$DIMAPOST
  1

  9
$DIMALT
 70
     0
  9
$DIMALTD
 70
     2
  9
$DIMALTF
 40
0.03937
  9
$DIMLFAC
 40
1.0
  9
$DIMTOFL
 70
     1
  9
$DIMTVP
 40
0.0
  9
$DIMTIX
 70
     0
  9
$DIMSOXD
 70
     0
  9
$DIMSAH
 70
     0
  9
$DIMBLK1
  1

  9
$DIMBLK2
  1

  9
$DIMSTYLE
  2
Dim-ISO-25
  9
$DIMCLRD
 70
     0
  9
$DIMCLRE
 70
     0
  9
$DIMCLRT
 70
     0
  9
$DIMTFAC
 40
0.714286
  9
$DIMGAP
 40
1.4
  9
$DIMJUST
 70
     0
  9
$DIMSD1
 70
     0
  9
$DIMSD2
 70
     0
  9
$DIMTOLJ
 70
     0
  9
$DIMTZIN
 70
    12
  9
$DIMALTZ
 70
    12
  9
$DIMALTTZ
 70
    12
  9
$DIMUPT
 70
     0
  9
$DIMDEC
 70
     2
  9
$DIMTDEC
 70
     2
  9
$DIMALTU
 70
     2
  9
$DIMALTTD
 70
     2
  9
$DIMTXSTY
  7
Standard
  9
$DIMAUNIT
 70
     0
  9
$DIMADEC
 70
     2
  9
$DIMALTRND
 40
0.0
  9
$DIMAZIN
 70
     3
  9
$DIMDSEP
 70
    46
  9
$DIMATFIT
 70
     3
  9
$DIMFRAC
 70
     0
  9
$DIMLDRBLK
  1

  9
$DIMLUNIT
 70
     2
  9
$DIMLWD
 70
    -2
  9
$DIMLWE
 70
    -2
  9
$DIMTMOVE
 70
     0
  9
$DIMFXL
 40
1.0
  9
$DIMFXLON
 70
     0
  9
$DIMJOGANG
 40
0.785398
  9
$DIMTFILL
 70
     0
  9
$DIMTFILLCLR
 70
     0
  9
$DIMARCSYM
 70
     0
  9
$DIMLTYPE
  6

  9
$DIMLTEX1
  6

  9
$DIMLTEX2
  6

  9
$DIMTXTDIRECTION
 70
     0
  9
$LUNITS
 70
     2
  9
$LUPREC
 70
     4
  9
$SKETCHINC
 40
1.0
  9
$FILLETRAD
 40
0.0
  9
$AUNITS
 70
     0
  9
$AUPREC
 70
     0
  9
$MENU
  1
.
  9
$ELEVATION
 40
0.0
  9
$PELEVATION
 40
0.0
  9
$THICKNESS
 40
0.0
  9
$LIMCHECK
 70
     0
  9
$CHAMFERA
 40
0.0
  9
$CHAMFERB
 40
0.0
  9
$CHAMFERC
 40
0.0
  9
$CHAMFERD
 40
0.0
  9
$SKPOLY
 70
     0
  9
$TDCREATE
 40
2461158.774016204
  9
$TDUCREATE
 40
2461158.690682871
  9
$TDUPDATE
 40
2461158.774016204
  9
$TDUUPDATE
 40
2461158.690682871
  9
$TDINDWG
 40
0.0000000000
  9
$TDUSRTIMER
 40
0.0000000000
  9
$USRTIMER
 70
     1
  9
$ANGBASE
 50
0.0
  9
$ANGDIR
 70
     0
  9
$PDMODE
 70
     0
  9
$PDSIZE
 40
0.0
  9
$PLINEWID
 40
0.0
  9
$SPLFRAME
 70
     0
  9
$SPLINETYPE
 70
     6
  9
$SPLINESEGS
 70
     8
  9
$HANDSEED
  5
7ED
  9
$SURFTAB1
 70
     6
  9
$SURFTAB2
 70
     6
  9
$SURFTYPE
 70
     6
  9
$SURFU
 70
     6
  9
$SURFV
 70
     6
  9
$UCSBASE
  2

  9
$UCSNAME
  2

  9
$UCSORG
 10
0.0
 20
0.0
 30
0.0
  9
$UCSXDIR
 10
1.0
 20
0.0
 30
0.0
  9
$UCSYDIR
 10
0.0
 20
1.0
 30
0.0
  9
$UCSORTHOREF
  2

  9
$UCSORTHOVIEW
 70
     0
  9
$UCSORGTOP
 10
0.0
 20
0.0
 30
0.0
  9
$UCSORGBOTTOM
 10
0.0
 20
0.0
 30
0.0
  9
$UCSORGLEFT
 10
0.0
 20
0.0
 30
0.0
  9
$UCSORGRIGHT
 10
0.0
 20
0.0
 30
0.0
  9
$UCSORGFRONT
 10
0.0
 20
0.0
 30
0.0
  9
$UCSORGBACK
 10
0.0
 20
0.0
 30
0.0
  9
$PUCSBASE
  2

  9
$PUCSNAME
  2

  9
$PUCSORG
 10
0.0
 20
0.0
 30
0.0
  9
$PUCSXDIR
 10
1.0
 20
0.0
 30
0.0
  9
$PUCSYDIR
 10
0.0
 20
1.0
 30
0.0
  9
$PUCSORTHOREF
  2

  9
$PUCSORTHOVIEW
 70
     0
  9
$PUCSORGTOP
 10
0.0
 20
0.0
 30
0.0
  9
$PUCSORGBOTTOM
 10
0.0
 20
0.0
 30
0.0
  9
$PUCSORGLEFT
 10
0.0
 20
0.0
 30
0.0
  9
$PUCSORGRIGHT
 10
0.0
 20
0.0
 30
0.0
  9
$PUCSORGFRONT
 10
0.0
 20
0.0
 30
0.0
  9
$PUCSORGBACK
 10
0.0
 20
0.0
 30
0.0
  9
$USERI1
 70
     0
  9
$USERI2
 70
     0
  9
$USERI3
 70
     0
  9
$USERI4
 70
     0
  9
$USERI5
 70
     0
  9
$USERR1
 40
0.0
  9
$USERR2
 40
0.0
  9
$USERR3
 40
0.0
  9
$USERR4
 40
0.0
  9
$USERR5
 40
0.0
  9
$WORLDVIEW
 70
     1
  9
$SHADEDGE
 70
     3
  9
$SHADEDIF
 70
    70
  9
$TILEMODE
 70
     1
  9
$MAXACTVP
 70
    64
  9
$PINSBASE
 10
0.0
 20
0.0
 30
0.0
  9
$PLIMCHECK
 70
     0
  9
$PEXTMIN
 10
1.000000E+20
 20
1.000000E+20
 30
1.000000E+20
  9
$PEXTMAX
 10
-1.000000E+20
 20
-1.000000E+20
 30
-1.000000E+20
  9
$PLIMMIN
 10
0.0
 20
0.0
  9
$PLIMMAX
 10
12.0
 20
9.0
  9
$UNITMODE
 70
     0
  9
$VISRETAIN
 70
     1
  9
$PLINEGEN
 70
     0
  9
$PSLTSCALE
 70
     1
  9
$TREEDEPTH
 70
  3020
  9
$CMLSTYLE
  2
Standard
  9
$CMLJUST
 70
     0
  9
$CMLSCALE
 40
20.0
  9
$PROXYGRAPHICS
 70
     1
  9
$MEASUREMENT
 70
     1
  9
$CELWEIGHT
370
    -1
  9
$ENDCAPS
280
     0
  9
$JOINSTYLE
280
     0
  9
$LWDISPLAY
290
     0
  9
$INSUNITS
 70
     4
  9
$HYPERLINKBASE
  1

  9
$STYLESHEET
  1

  9
$XEDIT
290
     1
  9
$CEPSNTYPE
380
     0
  9
$PSTYLEMODE
290
     1
  9
$FINGERPRINTGUID
  2
{71506D0E-621A-534C-8E78-F5646F063ACC}
  9
$VERSIONGUID
  2
{CAFCEA2A-C8F0-3548-9996-6ECB36CC9B71}
  9
$EXTNAMES
290
     1
  9
$PSVPSCALE
 40
0.0
  9
$OLESTARTUP
290
     0
  9
$SORTENTS
280
   127
  9
$INDEXCTL
280
     0
  9
$HIDETEXT
280
     1
  9
$XCLIPFRAME
280
     0
  9
$HALOGAP
280
     0
  9
$OBSCOLOR
 70
   257
  9
$OBSLTYPE
280
     0
  9
$INTERSECTIONDISPLAY
280
     0
  9
$INTERSECTIONCOLOR
 70
   257
  9
$DIMASSOC
280
     2
  9
$PROJECTNAME
  1

  9
$CAMERADISPLAY
290
     0
  9
$LENSLENGTH
 40
50.0
  9
$CAMERAHEIGHT
 40
0.0
  9
$STEPSPERSEC
 40
2.0
  9
$STEPSIZE
 40
6.0
  9
$3DDWFPREC
 40
2.0
  9
$PSOLWIDTH
 40
5.0
  9
$PSOLHEIGHT
 40
80.0
  9
$LOFTANG1
 40
1.570796
  9
$LOFTANG2
 40
1.570796
  9
$LOFTMAG1
 40
0.0
  9
$LOFTMAG2
 40
0.0
  9
$LOFTPARAM
 70
     7
  9
$LOFTNORMALS
280
     1
  9
$LATITUDE
 40
37.795
  9
$LONGITUDE
 40
-122.394
  9
$NORTHDIRECTION
 40
0.0
  9
$TIMEZONE
 70
 -8000
  9
$LIGHTGLYPHDISPLAY
280
     1
  9
$TILEMODELIGHTSYNCH
280
     1
  9
$CMATERIAL
347
11
  9
$SOLIDHIST
280
     0
  9
$SHOWHIST
280
     1
  9
$DWFFRAME
280
     2
  9
$DGNFRAME
280
     0
  9
$REALWORLDSCALE
290
     1
  9
$INTERFERECOLOR
 62
     1
  9
$INTERFEREOBJVS
345
33
  9
$INTERFEREVPVS
346
30
  9
$CSHADOW
280
     0
  9
$SHADOWPLANELOCATION
 40
0.0
  0
ENDSEC
  0
SECTION
  2
CLASSES
  0
CLASS
  1
ACDBDICTIONARYWDFLT
  2
AcDbDictionaryWithDefault
  3
ObjectDBX Classes
 90
        0
 91
        1
280
     0
281
     0
  0
CLASS
  1
MATERIAL
  2
AcDbMaterial
  3
ObjectDBX Classes
 90
     1153
 91
        3
280
     0
281
     0
  0
CLASS
  1
VISUALSTYLE
  2
AcDbVisualStyle
  3
ObjectDBX Classes
 90
     4095
 91
       24
280
     0
281
     0
  0
CLASS
  1
SCALE
  2
AcDbScale
  3
ObjectDBX Classes
 90
     1153
 91
       17
280
     0
281
     0
  0
CLASS
  1
TABLESTYLE
  2
AcDbTableStyle
  3
ObjectDBX Classes
 90
     4095
 91
        1
280
     0
281
     0
  0
CLASS
  1
MLEADERSTYLE
  2
AcDbMLeaderStyle
  3
ACDB_MLEADERSTYLE_CLASS
 90
     4095
 91
        1
280
     0
281
     0
  0
CLASS
  1
ACDBSECTIONVIEWSTYLE
  2
AcDbSectionViewStyle
  3
ObjectDBX Classes
 90
     1025
 91
        1
280
     0
281
     0
  0
CLASS
  1
ACDBDETAILVIEWSTYLE
  2
AcDbDetailViewStyle
  3
ObjectDBX Classes
 90
     1025
 91
        1
280
     0
281
     0
  0
CLASS
  1
ACMESCOPE
  2
AcMeScope
  3
AcMeServices
 90
     1024
 91
        1
280
     0
281
     0
  0
CLASS
  1
ACMECOMMANDHISTORY
  2
AcMeCommandHistory
  3
AcMeServices
 90
     1024
 91
        1
280
     0
281
     0
  0
CLASS
  1
ACIMSYSVARMAN
  2
AcImSysVarManager
  3
AcMeServices
 90
     1024
 91
        1
280
     0
281
     0
  0
CLASS
  1
ACIMINTSYSVAR
  2
AcImIntSysVar
  3
AcMeServices
 90
     1024
 91
        1
280
     0
281
     0
  0
CLASS
  1
ACMESTATEMGR
  2
AcMeStateMgr
  3
AcMeServices
 90
     1024
 91
        1
280
     0
281
     0
  0
CLASS
  1
ACGREFMASTER
  2
AcGrefMaster
  3
AcAttribServices
 90
     1024
 91
        1
280
     0
281
     0
  0
CLASS
  1
SORTENTSTABLE
  2
AcDbSortentsTable
  3
ObjectDBX Classes
 90
        0
 91
        3
280
     0
281
     0
  0
CLASS
  1
DICTIONARYVAR
  2
AcDbDictionaryVar
  3
ObjectDBX Classes
 90
        0
 91
        6
280
     0
281
     0
  0
CLASS
  1
CELLSTYLEMAP
  2
AcDbCellStyleMap
  3
ObjectDBX Classes
 90
     1152
 91
        1
280
     0
281
     0
  0
ENDSEC
  0
SECTION
  2
TABLES
  0
TABLE
  2
VPORT
  5
8
330
0
100
AcDbSymbolTable
 70
     1
1001
ACAD
1000
DbSaveVer
1071
      428
  0
VPORT
  5
57
330
8
100
AcDbSymbolTableRecord
100
AcDbViewportTableRecord
  2
*Active
 70
     0
 10
0.0
 20
0.0
 11
1.0
 21
1.0
 12
210.0
 22
148.5
 13
0.0
 23
0.0
 14
10.0
 24
10.0
 15
0.0
 25
0.0
 16
0.0
 26
0.0
 36
1.0
 17
0.0
 27
0.0
 37
0.0
 40
297.0
 41
1.751026
 42
50.0
 43
0.0
 44
0.0
 50
0.0
 51
0.0
 71
     0
 72
 20000
 73
     1
 74
     0
 75
     0
 76
     0
 77
     0
 78
     0
281
     0
 65
     1
110
0.0
120
0.0
130
0.0
111
1.0
121
0.0
131
0.0
112
0.0
122
1.0
132
0.0
 79
     0
146
0.0
348
2F
 60
     3
 61
     5
292
     1
282
     1
141
0.0
142
0.0
 63
   250
421
  3355443
  0
ENDTAB
  0
TABLE
  2
LTYPE
  5
5
330
0
100
AcDbSymbolTable
 70
    16
  0
LTYPE
  5
5B
330
5
100
AcDbSymbolTableRecord
100
AcDbLinetypeTableRecord
  2
ByBlock
 70
     0
  3

 72
    65
 73
     0
 40
0.0
  0
LTYPE
  5
5C
330
5
100
AcDbSymbolTableRecord
100
AcDbLinetypeTableRecord
  2
ByLayer
 70
     0
  3

 72
    65
 73
     0
 40
0.0
  0
LTYPE
  5
5D
330
5
100
AcDbSymbolTableRecord
100
AcDbLinetypeTableRecord
  2
Continuous
 70
     0
  3
Solid line
 72
    65
 73
     0
 40
0.0
  0
LTYPE
  5
81
330
5
100
AcDbSymbolTableRecord
100
AcDbLinetypeTableRecord
  2
HIDDEN
 70
     0
  3
Hidden __ __ __ __ __ __ __ __ __ __ __ __ __ _
 72
    65
 73
     2
 40
9.525
 49
6.35
 74
     0
 49
-3.175
 74
     0
  0
LTYPE
  5
82
330
5
100
AcDbSymbolTableRecord
100
AcDbLinetypeTableRecord
  2
PHANTOM2
 70
     0
  3
Phantom (.5x) ___ _ _ ___ _ _ ___ _ _ ___ _ _
 72
    65
 73
     6
 40
31.75
 49
15.875
 74
     0
 49
-3.175
 74
     0
 49
3.175
 74
     0
 49
-3.175
 74
     0
 49
3.175
 74
     0
 49
-3.175
 74
     0
  0
LTYPE
  5
83
330
5
100
AcDbSymbolTableRecord
100
AcDbLinetypeTableRecord
  2
CENTER
 70
     0
  3
Center ____ _ ____ _ ____ _ ____ _ ____ _ ____
 72
    65
 73
     4
 40
50.8
 49
31.75
 74
     0
 49
-6.35
 74
     0
 49
6.35
 74
     0
 49
-6.35
 74
     0
  0
LTYPE
  5
9E
330
5
100
AcDbSymbolTableRecord
100
AcDbLinetypeTableRecord
  2
CENTER2
 70
     0
  3
Center (.5x) ___ _ ___ _ ___ _ ___ _ ___ _ ___
 72
    65
 73
     4
 40
28.575
 49
19.05
 74
     0
 49
-3.175
 74
     0
 49
3.175
 74
     0
 49
-3.175
 74
     0
  0
LTYPE
  5
9F
330
5
100
AcDbSymbolTableRecord
100
AcDbLinetypeTableRecord
  2
HIDDEN2
 70
     0
  3
Hidden (.5x) _ _ _ _ _ _ _ _ _ _ _ _ _ _ _ _ _
 72
    65
 73
     2
 40
4.7625
 49
3.175
 74
     0
 49
-1.5875
 74
     0
  0
LTYPE
  5
A0
330
5
100
AcDbSymbolTableRecord
100
AcDbLinetypeTableRecord
  2
AM_ISO02W050
 70
     0
  3
__ __ __ __ __ __ __ __ __ __ __ __ __ __ __
 72
    65
 73
     2
 40
7.5
 49
6.0
 74
     0
 49
-1.5
 74
     0
  0
LTYPE
  5
A1
330
5
100
AcDbSymbolTableRecord
100
AcDbLinetypeTableRecord
  2
AM_ISO08W050
 70
     0
  3
____ . ____ . ____ . ____ . ____ . ____ . ____
 72
    65
 73
     4
 40
18.0
 49
12.0
 74
     0
 49
-1.5
 74
     0
 49
3.0
 74
     0
 49
-1.5
 74
     0
  0
LTYPE
  5
A2
330
5
100
AcDbSymbolTableRecord
100
AcDbLinetypeTableRecord
  2
AM_ISO09W050
 70
     0
  3
_____ . . _____ . . _____ . . ____ .. ____
 72
    65
 73
     6
 40
22.5
 49
12.0
 74
     0
 49
-1.5
 74
     0
 49
3.0
 74
     0
 49
-1.5
 74
     0
 49
3.0
 74
     0
 49
-1.5
 74
     0
  0
LTYPE
  5
A3
330
5
100
AcDbSymbolTableRecord
100
AcDbLinetypeTableRecord
  2
Amconstr
 70
     0
  3
_______________________
 72
    65
 73
     2
 40
9999.0
 49
9999.0
 74
     0
 49
0.0
 74
     0
  0
LTYPE
  5
A4
330
5
100
AcDbSymbolTableRecord
100
AcDbLinetypeTableRecord
  2
AM_ISO08W050x2
 70
     0
  3
__ . __ . __ . __ . __ . __
 72
    65
 73
     4
 40
9.0
 49
6.0
 74
     0
 49
-0.75
 74
     0
 49
1.5
 74
     0
 49
-0.75
 74
     0
  0
LTYPE
  5
A5
330
5
100
AcDbSymbolTableRecord
100
AcDbLinetypeTableRecord
  2
AM_ISO02W050x2
 70
     0
  3
 _ _ _ _ _ _ _ _ _ _ _ _
 72
    65
 73
     2
 40
3.75
 49
3.0
 74
     0
 49
-0.75
 74
     0
  0
LTYPE
  5
A6
330
5
100
AcDbSymbolTableRecord
100
AcDbLinetypeTableRecord
  2
Amzigzag
 70
     0
  3
/\/-/\/-/\/-/\/-/\/-/\/
 72
    65
 73
     2
 40
11.0001
 49
0.0001
 74
     4
 75
   136
340
9B
 46
0.04
 50
0.0
 44
0.0
 45
0.0
 49
-11.0
 74
     0
  0
LTYPE
  5
A7
330
5
100
AcDbSymbolTableRecord
100
AcDbLinetypeTableRecord
  2
ACISOWELD
 70
     0
  3
_ _ _ _ _
 72
    65
 73
     2
 40
2.0
 49
2.0
 74
     0
 49
-1.0
 74
     0
  0
LTYPE
  5
A8
330
5
100
AcDbSymbolTableRecord
100
AcDbLinetypeTableRecord
  2
ACISOTGL
 70
     0
  3
_ _ _ _ _
 72
    65
 73
     2
 40
3.0
 49
2.0
 74
     0
 49
-1.0
 74
     0
  0
LTYPE
  5
A9
330
5
100
AcDbSymbolTableRecord
100
AcDbLinetypeTableRecord
  2
ACISOTGB
 70
     0
  3
__ . . __ . .
 72
    65
 73
     6
 40
9.0
 49
4.0
 74
     0
 49
-1.0
 74
     0
 49
1.0
 74
     0
 49
-1.0
 74
     0
 49
1.0
 74
     0
 49
-1.0
 74
     0
  0
ENDTAB
  0
TABLE
  2
LAYER
  5
2
330
0
100
AcDbSymbolTable
 70
    11
  0
LAYER
  5
54
330
2
100
AcDbSymbolTableRecord
100
AcDbLayerTableRecord
  2
0
 70
     0
 62
     7
  6
Continuous
370
    -3
390
F
347
21
348
0
1001
AcAecLayerStandard
1000

1000

  0
LAYER
  5
79
330
2
100
AcDbSymbolTableRecord
100
AcDbLayerTableRecord
  2
Defpoints
 70
     0
 62
     7
  6
Continuous
290
     0
370
    -3
390
F
347
21
348
0
1001
AcAecLayerStandard
1000

1000

  0
LAYER
  5
B5
330
2
100
AcDbSymbolTableRecord
100
AcDbLayerTableRecord
  2
Visible
 70
     0
 62
     7
  6
Continuous
370
    50
390
F
347
21
348
0
  0
LAYER
  5
C2
330
2
100
AcDbSymbolTableRecord
100
AcDbLayerTableRecord
  2
Hidden
 70
     0
 62
     7
  6
HIDDEN2
370
    25
390
F
347
21
348
0
  0
LAYER
  5
101
330
2
100
AcDbSymbolTableRecord
100
AcDbLayerTableRecord
  2
BORDER
 70
     0
 62
     7
  6
Continuous
370
    25
390
F
347
21
348
0
1001
AcAecLayerStandard
1000

1000

1001
AcCmTransparency
1071
        0
  0
LAYER
  5
147
330
2
100
AcDbSymbolTableRecord
100
AcDbLayerTableRecord
  2
TITLEBLOCK
 70
     0
 62
     7
  6
Continuous
370
    35
390
F
347
21
348
0
1001
AcAecLayerStandard
1000

1000

1001
AcCmTransparency
1071
        0
  0
LAYER
  5
193
330
2
100
AcDbSymbolTableRecord
100
AcDbLayerTableRecord
  2
Smart Centers
 70
     0
 62
     7
  6
CENTER2
370
    25
390
F
347
21
348
0
  0
LAYER
  5
1D9
330
2
100
AcDbSymbolTableRecord
100
AcDbLayerTableRecord
  2
FD_Dimensions
 70
     0
 62
     7
  6
Continuous
370
    25
390
F
347
21
348
0
  0
ENDTAB
  0
TABLE
  2
STYLE
  5
3
330
0
100
AcDbSymbolTable
 70
     5
  0
STYLE
  5
55
330
3
100
AcDbSymbolTableRecord
100
AcDbTextStyleTableRecord
  2
Standard
 70
     0
 40
0.0
 41
1.0
 50
0.0
 71
     0
 42
3.5
  3
Arial.ttf
  4

1001
ACAD
1000
Arial
1071
       34
  0
STYLE
  5
5A
330
3
100
AcDbSymbolTableRecord
100
AcDbTextStyleTableRecord
  2
Annotative
 70
     0
 40
0.0
 41
1.0
 50
0.0
 71
     0
 42
0.2
  3
txt
  4

1001
AcadAnnotative
1000
AnnotativeData
1002
{
1070
     1
1070
     1
1002
}
  0
STYLE
  5
9A
330
3
100
AcDbSymbolTableRecord
100
AcDbTextStyleTableRecord
  2
FusionTitle
 70
     0
 40
0.0
 41
1.0
 50
0.0
 71
     0
 42
2.5
  3
Arial.ttf
  4

1001
ACAD
1000
Arial
1071
       34
  0
STYLE
  5
9B
330
3
100
AcDbSymbolTableRecord
100
AcDbTextStyleTableRecord
  2

 70
     1
 40
0.0
 41
1.0
 50
0.0
 71
     0
 42
10.0
  3
genltshp.shx
  4

  0
STYLE
  5
9C
330
3
100
AcDbSymbolTableRecord
100
AcDbTextStyleTableRecord
  2
ACISOGDT
 70
     0
 40
0.0
 41
1.0
 50
0.0
 71
     0
 42
10.0
  3
amgdt.shx
  4

  0
ENDTAB
  0
TABLE
  2
VIEW
  5
6
330
0
100
AcDbSymbolTable
 70
     0
  0
ENDTAB
  0
TABLE
  2
UCS
  5
7
330
0
100
AcDbSymbolTable
 70
     0
  0
ENDTAB
  0
TABLE
  2
APPID
  5
9
330
0
100
AcDbSymbolTable
 70
    27
  0
APPID
  5
56
330
9
100
AcDbSymbolTableRecord
100
AcDbRegAppTableRecord
  2
ACAD
 70
     0
  0
APPID
  5
5E
330
9
100
AcDbSymbolTableRecord
100
AcDbRegAppTableRecord
  2
AcadAnnotative
 70
     0
  0
APPID
  5
78
330
9
100
AcDbSymbolTableRecord
100
AcDbRegAppTableRecord
  2
ACAD_PSEXT
 70
     0
  0
APPID
  5
7A
330
9
100
AcDbSymbolTableRecord
100
AcDbRegAppTableRecord
  2
MCAD_NO_VIS
 70
     0
  0
APPID
  5
7B
330
9
100
AcDbSymbolTableRecord
100
AcDbRegAppTableRecord
  2
ACAD_TEMP_GRAPHIC
 70
     0
  0
APPID
  5
84
330
9
100
AcDbSymbolTableRecord
100
AcDbRegAppTableRecord
  2
ACAD_DSTYLE_DIMJAG
 70
     0
  0
APPID
  5
85
330
9
100
AcDbSymbolTableRecord
100
AcDbRegAppTableRecord
  2
ACAD_DSTYLE_DIMTALN
 70
     0
  0
APPID
  5
86
330
9
100
AcDbSymbolTableRecord
100
AcDbRegAppTableRecord
  2
ACAD_NAV_VCDISPLAY
 70
     0
  0
APPID
  5
87
330
9
100
AcDbSymbolTableRecord
100
AcDbRegAppTableRecord
  2
AcAecLayerStandard
 70
     0
  0
APPID
  5
88
330
9
100
AcDbSymbolTableRecord
100
AcDbRegAppTableRecord
  2
AcCmTransparency
 70
     0
  0
APPID
  5
89
330
9
100
AcDbSymbolTableRecord
100
AcDbRegAppTableRecord
  2
AcDbDynamicBlockGUID
 70
     0
  0
APPID
  5
8A
330
9
100
AcDbSymbolTableRecord
100
AcDbRegAppTableRecord
  2
ACAD_DSTYLE_DIMBREAK
 70
     0
  0
APPID
  5
8B
330
9
100
AcDbSymbolTableRecord
100
AcDbRegAppTableRecord
  2
ACAD_DSTYLE_DIMRADIAL_EXTENSION
 70
     0
  0
APPID
  5
8C
330
9
100
AcDbSymbolTableRecord
100
AcDbRegAppTableRecord
  2
FUSIONTITLEBLOCK
 70
     0
  0
APPID
  5
8D
330
9
100
AcDbSymbolTableRecord
100
AcDbRegAppTableRecord
  2
FUSIONCURRENTTITLEBLOCK
 70
     0
  0
APPID
  5
8E
330
9
100
AcDbSymbolTableRecord
100
AcDbRegAppTableRecord
  2
AcSynergy
 70
     0
  0
APPID
  5
8F
330
9
100
AcDbSymbolTableRecord
100
AcDbRegAppTableRecord
  2
FUSDOC_AUTODIM_XDATA
 70
     0
  0
APPID
  5
90
330
9
100
AcDbSymbolTableRecord
100
AcDbRegAppTableRecord
  2
ISCENTERMARKPATTERNDIM
 70
     0
  0
APPID
  5
91
330
9
100
AcDbSymbolTableRecord
100
AcDbRegAppTableRecord
  2
ACAD_DSTYLE_DIMJAG_POSITION
 70
     0
  0
APPID
  5
92
330
9
100
AcDbSymbolTableRecord
100
AcDbRegAppTableRecord
  2
ACAD_DIMASSOC_CALC_DIMLFAC
 70
     0
  0
APPID
  5
93
330
9
100
AcDbSymbolTableRecord
100
AcDbRegAppTableRecord
  2
ACAD_DIMASSOC_DIMLFAC
 70
     0
  0
APPID
  5
94
330
9
100
AcDbSymbolTableRecord
100
AcDbRegAppTableRecord
  2
ACAD_DIMASSOC_OVERRIDDEN_DIMLFAC
 70
     0
  0
APPID
  5
95
330
9
100
AcDbSymbolTableRecord
100
AcDbRegAppTableRecord
  2
AUTO_ARRANGE_XDATA
 70
     0
  0
APPID
  5
96
330
9
100
AcDbSymbolTableRecord
100
AcDbRegAppTableRecord
  2
FUSDOC_XDATA_AUTO_CREATED_LAYOUT
 70
     0
  0
APPID
  5
97
330
9
100
AcDbSymbolTableRecord
100
AcDbRegAppTableRecord
  2
FUSDOC_XDATA_AUTO_DIM_CMD_USED_IN_LAYOUT
 70
     0
  0
APPID
  5
98
330
9
100
AcDbSymbolTableRecord
100
AcDbRegAppTableRecord
  2
FUSDOC_XDATA_AUTO_TIDY_UP_CMD_USED_IN_LAYOUT
 70
     0
  0
APPID
  5
99
330
9
100
AcDbSymbolTableRecord
100
AcDbRegAppTableRecord
  2
ACATTRIBSERVICES
 70
     0
  0
ENDTAB
  0
TABLE
  2
DIMSTYLE
  5
A
330
0
100
AcDbSymbolTable
 70
     4
100
AcDbDimStyleTable
 71
     1
340
AD
  0
DIMSTYLE
105
58
330
A
100
AcDbSymbolTableRecord
100
AcDbDimStyleTableRecord
  2
Standard
 70
     0
 41
3.5
 42
2.1
 43
10.5
 44
2.1
 78
    12
 79
     3
140
3.5
143
0.03937
146
0.714286
147
1.4
179
     2
271
     2
272
     2
284
    12
340
55
  0
DIMSTYLE
105
59
330
A
100
AcDbSymbolTableRecord
100
AcDbDimStyleTableRecord
  2
Annotative
 70
     0
 40
0.0
 41
3.5
 42
2.1
 43
10.5
 44
2.1
 73
     0
 74
     0
 77
     1
 78
    12
 79
     3
140
3.5
141
2.5
143
0.03937
146
0.714286
147
1.4
171
     3
172
     1
179
     2
271
     2
272
     2
274
     3
278
    44
283
     0
284
    12
340
55
1001
AcadAnnotative
1000
AnnotativeData
1002
{
1070
     1
1070
     1
1002
}
  0
DIMSTYLE
105
AC
330
A
100
AcDbSymbolTableRecord
100
AcDbDimStyleTableRecord
  2
ISO-25
 70
     0
  4
in
 41
3.5
 42
2.1
 43
10.5
 44
2.1
 47
0.1
 48
0.1
 73
     0
 74
     0
 77
     1
 78
    12
 79
     3
140
3.5
141
0.0
143
0.03937
146
0.714286
147
1.4
171
     4
172
     1
176
   256
177
   256
178
   256
179
     2
271
     2
272
     2
274
     4
283
     0
284
    12
285
     8
340
55
1001
ACAD_DSTYLE_DIMJAG
1070
   388
1040
1.5
1001
ACAD_DSTYLE_DIMTALN
1070
   392
1070
     1
1001
ACAD_DSTYLE_DIMBREAK
1070
   391
1040
3.5
  0
DIMSTYLE
105
AD
102
{ACAD_REACTORS
330
1D8
330
1E6
330
1F3
330
200
330
20F
330
21B
330
228
330
235
330
241
330
24D
330
25A
330
267
330
274
330
283
330
292
330
29F
330
2AC
330
2BB
330
2CA
330
2D9
102
}
330
A
100
AcDbSymbolTableRecord
100
AcDbDimStyleTableRecord
  2
Dim-ISO-25
 70
     0
 41
3.5
 42
2.1
 43
10.5
 44
2.1
 47
0.1
 48
0.1
 73
     0
 74
     0
 77
     1
 78
    12
 79
     3
140
3.5
141
0.0
143
0.03937
146
0.714286
147
1.4
172
     1
179
     2
271
     2
272
     2
283
     0
284
    12
285
    12
286
    12
340
55
1001
ACAD_DSTYLE_DIMJAG
1070
   388
1040
1.5
1001
ACAD_DSTYLE_DIMTALN
1070
   392
1070
     1
1001
ACAD_DSTYLE_DIMBREAK
1070
   391
1040
3.5
  0
ENDTAB
  0
TABLE
  2
BLOCK_RECORD
  5
1
330
0
100
AcDbSymbolTable
 70
    53
  0
BLOCK_RECORD
  5
70
102
{ACAD_XDICTIONARY
360
AE
102
}
330
1
100
AcDbSymbolTableRecord
100
AcDbBlockTableRecord
  2
*Model_Space
340
73
 70
     0
280
     1
281
     0
  0
BLOCK_RECORD
  5
6C
330
1
100
AcDbSymbolTableRecord
100
AcDbBlockTableRecord
  2
*Paper_Space
340
6F
 70
     0
280
     1
281
     0
  0
BLOCK_RECORD
  5
74
330
1
100
AcDbSymbolTableRecord
100
AcDbBlockTableRecord
  2
*Paper_Space0
340
77
 70
     0
280
     1
281
     0
  0
BLOCK_RECORD
  5
102
102
{ACAD_XDICTIONARY
360
103
102
}
330
1
100
AcDbSymbolTableRecord
100
AcDbBlockTableRecord
  2
ISO_A3_SHEET
340
0
310
2800000020000000200000000100080000000000000400000000000000000000000000000000000000000000000080000080000000808000800000008000800080800000C0C0C000C0DCC000F0CAA6000020400000206000002080000020A0000020C0000020E00000400000004020000040400000406000004080000040A0
310
000040C0000040E00000600000006020000060400000606000006080000060A0000060C0000060E00000800000008020000080400000806000008080000080A0000080C0000080E00000A0000000A0200000A0400000A0600000A0800000A0A00000A0C00000A0E00000C0000000C0200000C0400000C0600000C0800000C0
310
A00000C0C00000C0E00000E0000000E0200000E0400000E0600000E0800000E0A00000E0C00000E0E00040000000400020004000400040006000400080004000A0004000C0004000E00040200000402020004020400040206000402080004020A0004020C0004020E000404000004040200040404000404060004040800040
310
40A0004040C0004040E00040600000406020004060400040606000406080004060A0004060C0004060E00040800000408020004080400040806000408080004080A0004080C0004080E00040A0000040A0200040A0400040A0600040A0800040A0A00040A0C00040A0E00040C0000040C0200040C0400040C0600040C08000
310
40C0A00040C0C00040C0E00040E0000040E0200040E0400040E0600040E0800040E0A00040E0C00040E0E00080000000800020008000400080006000800080008000A0008000C0008000E00080200000802020008020400080206000802080008020A0008020C0008020E00080400000804020008040400080406000804080
310
008040A0008040C0008040E00080600000806020008060400080606000806080008060A0008060C0008060E00080800000808020008080400080806000808080008080A0008080C0008080E00080A0000080A0200080A0400080A0600080A0800080A0A00080A0C00080A0E00080C0000080C0200080C0400080C0600080C0
310
800080C0A00080C0C00080C0E00080E0000080E0200080E0400080E0600080E0800080E0A00080E0C00080E0E000C0000000C0002000C0004000C0006000C0008000C000A000C000C000C000E000C0200000C0202000C0204000C0206000C0208000C020A000C020C000C020E000C0400000C0402000C0404000C0406000C0
310
408000C040A000C040C000C040E000C0600000C0602000C0604000C0606000C0608000C060A000C060C000C060E000C0800000C0802000C0804000C0806000C0808000C080A000C080C000C080E000C0A00000C0A02000C0A04000C0A06000C0A08000C0A0A000C0A0C000C0A0E000C0C00000C0C02000C0C04000C0C06000
310
C0C08000C0C0A000F0FBFF00A4A0A000808080000000FF0000FF000000FFFF00FF000000FF00FF00FFFF0000FFFFFF0049494949494949494949494949494949494949494949494949494949494949494949494949494949494949494949494949494949494949494949494949494949494949494949494949494949494949
310
494949494949494949494949494949494949494949494949494949494949494949494949494949494949494949494949494949494949494949494949494949494949494949494949494949494949494949494949494949494949494949494949494949494949494949494949494949494949FFFFFFFFFFFFFFFFFFFFFFFFFF
310
FFFFFFFFFFFFFFFFFFFFFFFFFFFFFFFFFF4949FF49FF494949494949494949494949FF494949494949494949494949FFFF49494949FF49494949494949494949494949494949494949494949494949FF49494949FFFF49494949494949494949494949494949494949494949494949FF4949494949FF494949494949494949
310
49494949494949494949494949494949FF4949494949FF49494949494949494949494949494949494949494949494949FF49494949FFFF49494949494949494949494949494949494949494949494949FF4949494949FF49494949494949494949494949494949494949494949494949FF4949494949FF4949494949494949
310
4949494949494949494949494949494949FF4949494949FF49494949494949494949494949494949494949494949494949FF49494949FFFF49494949494949494949494949494949494949494949494949FF4949494949FF49494949494949494949494949494949494949494949494949FF4949494949FF49494949494949
310
494949494949494949494949494949494949FF49494949FFFF49494949494949494949494949494949494949494949494949FF4949494949FF49494949494949494949494949494949494949494949494949FF4949494949FF49494949494949494949494949494949494949494949494949FF49494949FFFF494949494949
310
49494949494949494949494949494949494949FF4949494949FF49494949494949494949494949494949494949494949494949FF494949FF49FF494949494949494949494949FF494949494949494949494949FFFF4949FFFFFFFFFFFFFFFFFFFFFFFFFFFFFFFFFFFFFFFFFFFFFFFFFFFFFFFFFFFF49494949494949494949
310
49494949494949494949494949494949494949494949494949494949494949494949494949494949494949494949494949494949494949494949494949494949494949494949494949494949494949494949494949494949494949494949494949494949494949494949494949494949494949494949494949494949494949
310
4949494949494949494949494949494949494949494949494949494949494949494949494949494949494949494949494949494949494949
102
{BLKREFS
331
100
102
}
 70
     4
280
     1
281
     0
1001
AcDbDynamicBlockGUID
1000
{B4874B5E-8040-BF49-A9B6-B81412F7B0AC}
  0
BLOCK_RECORD
  5
148
102
{ACAD_XDICTIONARY
360
149
102
}
330
1
100
AcDbSymbolTableRecord
100
AcDbBlockTableRecord
  2
ISO_TITLEBLOCK
340
0
310
2800000020000000200000000100080000000000000400000000000000000000000000000000000000000000000080000080000000808000800000008000800080800000C0C0C000C0DCC000F0CAA6000020400000206000002080000020A0000020C0000020E00000400000004020000040400000406000004080000040A0
310
000040C0000040E00000600000006020000060400000606000006080000060A0000060C0000060E00000800000008020000080400000806000008080000080A0000080C0000080E00000A0000000A0200000A0400000A0600000A0800000A0A00000A0C00000A0E00000C0000000C0200000C0400000C0600000C0800000C0
310
A00000C0C00000C0E00000E0000000E0200000E0400000E0600000E0800000E0A00000E0C00000E0E00040000000400020004000400040006000400080004000A0004000C0004000E00040200000402020004020400040206000402080004020A0004020C0004020E000404000004040200040404000404060004040800040
310
40A0004040C0004040E00040600000406020004060400040606000406080004060A0004060C0004060E00040800000408020004080400040806000408080004080A0004080C0004080E00040A0000040A0200040A0400040A0600040A0800040A0A00040A0C00040A0E00040C0000040C0200040C0400040C0600040C08000
310
40C0A00040C0C00040C0E00040E0000040E0200040E0400040E0600040E0800040E0A00040E0C00040E0E00080000000800020008000400080006000800080008000A0008000C0008000E00080200000802020008020400080206000802080008020A0008020C0008020E00080400000804020008040400080406000804080
310
008040A0008040C0008040E00080600000806020008060400080606000806080008060A0008060C0008060E00080800000808020008080400080806000808080008080A0008080C0008080E00080A0000080A0200080A0400080A0600080A0800080A0A00080A0C00080A0E00080C0000080C0200080C0400080C0600080C0
310
800080C0A00080C0C00080C0E00080E0000080E0200080E0400080E0600080E0800080E0A00080E0C00080E0E000C0000000C0002000C0004000C0006000C0008000C000A000C000C000C000E000C0200000C0202000C0204000C0206000C0208000C020A000C020C000C020E000C0400000C0402000C0404000C0406000C0
310
408000C040A000C040C000C040E000C0600000C0602000C0604000C0606000C0608000C060A000C060C000C060E000C0800000C0802000C0804000C0806000C0808000C080A000C080C000C080E000C0A00000C0A02000C0A04000C0A06000C0A08000C0A0A000C0A0C000C0A0E000C0C00000C0C02000C0C04000C0C06000
310
C0C08000C0C0A000F0FBFF00A4A0A000808080000000FF0000FF000000FFFF00FF000000FF00FF00FFFF0000FFFFFF0049494949494949494949494949494949494949494949494949494949494949494949494949494949494949494949494949494949494949494949494949494949494949494949494949494949494949
310
49494949494949494949494949494949494949494949494949494949494949494949494949494949494949494949494949494949494949494949494949494949494949494949494949494949494949494949494949494949494949494949494949494949494949494949494949494949494949494949494949494949494949
310
49494949494949494949494949494949494949494949494949494949494949494949494949494949494949494949494949494949494949494949494949494949494949494949494949494949494949494949494949494949494949494949494949494949494949494949494949494949494949494949494949494949494949
310
49494949494949494949494949494949494949494949494949494949494949494949494949494949494949494949494949494949FFFFFFFFFFFFFFFFFFFFFFFFFFFFFFFFFFFFFFFFFFFFFFFFFFFFFF4949494949FF4949494949494949FFFFFFFFFF49494949FFFFFFFFFFFFFFFFFFFF49494949FF4949494949494949FFFF
310
FFFFFF494949FFFFFFFFFFFFFFFFFFFF4949494949FF4949494949494949FFFFFFFFFF494949FFFFFFFFFFFFFFFFFFFF4949494949FF4949494949494949FFFFFFFFFFFFFFFFFFFFFFFFFFFFFFFFFFFF4949494949FFFFFFFFFFFFFFFFFFFFFFFFFFFFFFFFFFFFFFFFFFFFFFFFFFFFFF4949494949FFFFFF49FFFFFFFFFFFF
310
FFFFFFFFFFFFFFFFFFFFFFFFFFFFFFFFFFFFFFFF4949FFFFFFFFFFFFFFFFFFFFFFFFFFFFFFFFFFFFFFFFFFFFFFFFFFFFFF494949494949494949494949494949494949494949494949494949494949494949494949494949494949494949494949494949494949494949494949494949494949494949494949494949494949
310
49494949494949494949494949494949494949494949494949494949494949494949494949494949494949494949494949494949494949494949494949494949494949494949494949494949494949494949494949494949494949494949494949494949494949494949494949494949494949494949494949494949494949
310
49494949494949494949494949494949494949494949494949494949494949494949494949494949494949494949494949494949494949494949494949494949494949494949494949494949494949494949494949494949494949494949494949494949494949494949494949494949494949494949494949494949494949
310
4949494949494949494949494949494949494949494949494949494949494949494949494949494949494949494949494949494949494949
102
{BLKREFS
331
146
102
}
 70
     4
280
     1
281
     0
1001
AcDbDynamicBlockGUID
1000
{BCD52D05-323A-B54A-8A21-1B84008CF9CB}
1001
FUSIONTITLEBLOCK
1000
TitleBlock
  0
BLOCK_RECORD
  5
197
330
1
100
AcDbSymbolTableRecord
100
AcDbBlockTableRecord
  2
*U6
340
0
102
{BLKREFS
331
196
102
}
 70
     0
280
     1
281
     0
  0
BLOCK_RECORD
  5
1A1
330
1
100
AcDbSymbolTableRecord
100
AcDbBlockTableRecord
  2
*U7
340
0
102
{BLKREFS
331
1A0
102
}
 70
     0
280
     1
281
     0
  0
BLOCK_RECORD
  5
1AB
330
1
100
AcDbSymbolTableRecord
100
AcDbBlockTableRecord
  2
*U8
340
0
102
{BLKREFS
331
1AA
102
}
 70
     0
280
     1
281
     0
  0
BLOCK_RECORD
  5
1B5
330
1
100
AcDbSymbolTableRecord
100
AcDbBlockTableRecord
  2
*U9
340
0
102
{BLKREFS
331
1B4
102
}
 70
     0
280
     1
281
     0
  0
BLOCK_RECORD
  5
1C3
330
1
100
AcDbSymbolTableRecord
100
AcDbBlockTableRecord
  2
*U10
340
0
102
{BLKREFS
331
1C2
102
}
 70
     0
280
     1
281
     0
  0
BLOCK_RECORD
  5
194
330
1
100
AcDbSymbolTableRecord
100
AcDbBlockTableRecord
  2
*U11
340
0
102
{BLKREFS
331
192
102
}
 70
     0
280
     1
281
     0
  0
BLOCK_RECORD
  5
1CF
330
1
100
AcDbSymbolTableRecord
100
AcDbBlockTableRecord
  2
*U12
340
0
102
{BLKREFS
331
1CE
102
}
 70
     0
280
     1
281
     0
  0
BLOCK_RECORD
  5
1DA
330
1
100
AcDbSymbolTableRecord
100
AcDbBlockTableRecord
  2
*D13
340
0
 70
     0
280
     1
281
     0
  0
BLOCK_RECORD
  5
1E7
330
1
100
AcDbSymbolTableRecord
100
AcDbBlockTableRecord
  2
*D14
340
0
 70
     0
280
     1
281
     0
  0
BLOCK_RECORD
  5
1F4
330
1
100
AcDbSymbolTableRecord
100
AcDbBlockTableRecord
  2
*D15
340
0
 70
     0
280
     1
281
     0
  0
BLOCK_RECORD
  5
201
330
1
100
AcDbSymbolTableRecord
100
AcDbBlockTableRecord
  2
*D16
340
0
 70
     0
280
     1
281
     0
  0
BLOCK_RECORD
  5
210
330
1
100
AcDbSymbolTableRecord
100
AcDbBlockTableRecord
  2
*D17
340
0
 70
     0
280
     1
281
     0
  0
BLOCK_RECORD
  5
21C
330
1
100
AcDbSymbolTableRecord
100
AcDbBlockTableRecord
  2
*D18
340
0
 70
     0
280
     1
281
     0
  0
BLOCK_RECORD
  5
229
330
1
100
AcDbSymbolTableRecord
100
AcDbBlockTableRecord
  2
*D19
340
0
 70
     0
280
     1
281
     0
  0
BLOCK_RECORD
  5
236
330
1
100
AcDbSymbolTableRecord
100
AcDbBlockTableRecord
  2
*D20
340
0
 70
     0
280
     1
281
     0
  0
BLOCK_RECORD
  5
242
330
1
100
AcDbSymbolTableRecord
100
AcDbBlockTableRecord
  2
*D21
340
0
 70
     0
280
     1
281
     0
  0
BLOCK_RECORD
  5
24E
330
1
100
AcDbSymbolTableRecord
100
AcDbBlockTableRecord
  2
*D22
340
0
 70
     0
280
     1
281
     0
  0
BLOCK_RECORD
  5
25B
330
1
100
AcDbSymbolTableRecord
100
AcDbBlockTableRecord
  2
*D23
340
0
 70
     0
280
     1
281
     0
  0
BLOCK_RECORD
  5
268
330
1
100
AcDbSymbolTableRecord
100
AcDbBlockTableRecord
  2
*D24
340
0
 70
     0
280
     1
281
     0
  0
BLOCK_RECORD
  5
275
330
1
100
AcDbSymbolTableRecord
100
AcDbBlockTableRecord
  2
*D25
340
0
 70
     0
280
     1
281
     0
  0
BLOCK_RECORD
  5
284
330
1
100
AcDbSymbolTableRecord
100
AcDbBlockTableRecord
  2
*D26
340
0
 70
     0
280
     1
281
     0
  0
BLOCK_RECORD
  5
293
330
1
100
AcDbSymbolTableRecord
100
AcDbBlockTableRecord
  2
*D27
340
0
 70
     0
280
     1
281
     0
  0
BLOCK_RECORD
  5
2A0
330
1
100
AcDbSymbolTableRecord
100
AcDbBlockTableRecord
  2
*D28
340
0
 70
     0
280
     1
281
     0
  0
BLOCK_RECORD
  5
2AD
330
1
100
AcDbSymbolTableRecord
100
AcDbBlockTableRecord
  2
*D29
340
0
 70
     0
280
     1
281
     0
  0
BLOCK_RECORD
  5
2BC
330
1
100
AcDbSymbolTableRecord
100
AcDbBlockTableRecord
  2
*D30
340
0
 70
     0
280
     1
281
     0
  0
BLOCK_RECORD
  5
2CB
330
1
100
AcDbSymbolTableRecord
100
AcDbBlockTableRecord
  2
*D31
340
0
 70
     0
280
     1
281
     0
  0
BLOCK_RECORD
  5
2DA
330
1
100
AcDbSymbolTableRecord
100
AcDbBlockTableRecord
  2
*D32
340
0
 70
     0
280
     1
281
     0
  0
BLOCK_RECORD
  5
2E9
330
1
100
AcDbSymbolTableRecord
100
AcDbBlockTableRecord
  2
*D33
340
0
 70
     0
280
     1
281
     0
  0
BLOCK_RECORD
  5
2F5
330
1
100
AcDbSymbolTableRecord
100
AcDbBlockTableRecord
  2
*D34
340
0
 70
     0
280
     1
281
     0
  0
BLOCK_RECORD
  5
301
330
1
100
AcDbSymbolTableRecord
100
AcDbBlockTableRecord
  2
*D35
340
0
 70
     0
280
     1
281
     0
  0
BLOCK_RECORD
  5
30D
330
1
100
AcDbSymbolTableRecord
100
AcDbBlockTableRecord
  2
*D36
340
0
 70
     0
280
     1
281
     0
  0
BLOCK_RECORD
  5
31B
330
1
100
AcDbSymbolTableRecord
100
AcDbBlockTableRecord
  2
*D37
340
0
 70
     0
280
     1
281
     0
  0
BLOCK_RECORD
  5
326
330
1
100
AcDbSymbolTableRecord
100
AcDbBlockTableRecord
  2
*D38
340
0
 70
     0
280
     1
281
     0
  0
BLOCK_RECORD
  5
332
330
1
100
AcDbSymbolTableRecord
100
AcDbBlockTableRecord
  2
*D39
340
0
 70
     0
280
     1
281
     0
  0
BLOCK_RECORD
  5
33E
330
1
100
AcDbSymbolTableRecord
100
AcDbBlockTableRecord
  2
*D40
340
0
 70
     0
280
     1
281
     0
  0
BLOCK_RECORD
  5
349
330
1
100
AcDbSymbolTableRecord
100
AcDbBlockTableRecord
  2
*D41
340
0
 70
     0
280
     1
281
     0
  0
BLOCK_RECORD
  5
354
330
1
100
AcDbSymbolTableRecord
100
AcDbBlockTableRecord
  2
*D42
340
0
 70
     0
280
     1
281
     0
  0
BLOCK_RECORD
  5
360
330
1
100
AcDbSymbolTableRecord
100
AcDbBlockTableRecord
  2
*D43
340
0
 70
     0
280
     1
281
     0
  0
BLOCK_RECORD
  5
36C
330
1
100
AcDbSymbolTableRecord
100
AcDbBlockTableRecord
  2
*D44
340
0
 70
     0
280
     1
281
     0
  0
BLOCK_RECORD
  5
378
330
1
100
AcDbSymbolTableRecord
100
AcDbBlockTableRecord
  2
*D45
340
0
 70
     0
280
     1
281
     0
  0
BLOCK_RECORD
  5
386
330
1
100
AcDbSymbolTableRecord
100
AcDbBlockTableRecord
  2
*D46
340
0
 70
     0
280
     1
281
     0
  0
BLOCK_RECORD
  5
394
330
1
100
AcDbSymbolTableRecord
100
AcDbBlockTableRecord
  2
*D47
340
0
 70
     0
280
     1
281
     0
  0
BLOCK_RECORD
  5
3A0
330
1
100
AcDbSymbolTableRecord
100
AcDbBlockTableRecord
  2
*D48
340
0
 70
     0
280
     1
281
     0
  0
BLOCK_RECORD
  5
3AC
330
1
100
AcDbSymbolTableRecord
100
AcDbBlockTableRecord
  2
*D49
340
0
 70
     0
280
     1
281
     0
  0
BLOCK_RECORD
  5
3BA
330
1
100
AcDbSymbolTableRecord
100
AcDbBlockTableRecord
  2
*D50
340
0
 70
     0
280
     1
281
     0
  0
BLOCK_RECORD
  5
3C8
330
1
100
AcDbSymbolTableRecord
100
AcDbBlockTableRecord
  2
*D51
340
0
 70
     0
280
     1
281
     0
  0
BLOCK_RECORD
  5
3D6
330
1
100
AcDbSymbolTableRecord
100
AcDbBlockTableRecord
  2
*D52
340
0
 70
     0
280
     1
281
     0
  0
ENDTAB
  0
ENDSEC
  0
SECTION
  2
BLOCKS
  0
BLOCK
  5
71
330
70
100
AcDbEntity
  8
0
100
AcDbBlockBegin
  2
*Model_Space
 70
     0
 10
0.0
 20
0.0
 30
0.0
  3
*Model_Space
  1

  0
ENDBLK
  5
72
330
70
100
AcDbEntity
  8
0
100
AcDbBlockEnd
  0
BLOCK
  5
6D
330
6C
100
AcDbEntity
 67
     1
  8
0
100
AcDbBlockBegin
  2
*Paper_Space
 70
     0
 10
0.0
 20
0.0
 30
0.0
  3
*Paper_Space
  1

  0
ENDBLK
  5
6E
330
6C
100
AcDbEntity
 67
     1
  8
0
100
AcDbBlockEnd
  0
BLOCK
  5
75
330
74
100
AcDbEntity
 67
     1
  8
0
100
AcDbBlockBegin
  2
*Paper_Space0
 70
     0
 10
0.0
 20
0.0
 30
0.0
  3
*Paper_Space0
  1

  0
ENDBLK
  5
76
330
74
100
AcDbEntity
 67
     1
  8
0
100
AcDbBlockEnd
  0
BLOCK
  5
104
330
102
100
AcDbEntity
  8
0
100
AcDbBlockBegin
  2
ISO_A3_SHEET
 70
     0
 10
0.0
 20
0.0
 30
0.0
  3
ISO_A3_SHEET
  1

  0
LINE
  5
105
330
102
100
AcDbEntity
  8
Defpoints
100
AcDbLine
 10
0.0
 20
0.0
 30
0.0
 11
15.0
 21
0.0
 31
0.0
  0
LINE
  5
106
330
102
100
AcDbEntity
  8
Defpoints
100
AcDbLine
 10
405.0
 20
0.0
 30
0.0
 11
420.0
 21
0.0
 31
0.0
  0
LINE
  5
107
330
102
100
AcDbEntity
  8
BORDER
100
AcDbLine
 10
20.0
 20
10.0
 30
0.0
 11
410.0
 21
10.0
 31
0.0
  0
LINE
  5
108
330
102
100
AcDbEntity
  8
Defpoints
100
AcDbLine
 10
420.0
 20
0.0
 30
0.0
 11
420.0
 21
15.0
 31
0.0
  0
LINE
  5
109
330
102
100
AcDbEntity
  8
Defpoints
100
AcDbLine
 10
420.0
 20
282.0
 30
0.0
 11
420.0
 21
297.0
 31
0.0
  0
LINE
  5
10A
330
102
100
AcDbEntity
  8
Defpoints
100
AcDbLine
 10
420.0
 20
297.0
 30
0.0
 11
405.0
 21
297.0
 31
0.0
  0
LINE
  5
10B
330
102
100
AcDbEntity
  8
Defpoints
100
AcDbLine
 10
15.0
 20
297.0
 30
0.0
 11
0.0
 21
297.0
 31
0.0
  0
LINE
  5
10C
330
102
100
AcDbEntity
  8
BORDER
100
AcDbLine
 10
410.0
 20
287.0
 30
0.0
 11
20.0
 21
287.0
 31
0.0
  0
LINE
  5
10D
330
102
100
AcDbEntity
  8
Defpoints
100
AcDbLine
 10
0.0
 20
297.0
 30
0.0
 11
0.0
 21
282.0
 31
0.0
  0
LINE
  5
10E
330
102
100
AcDbEntity
  8
Defpoints
100
AcDbLine
 10
0.0
 20
15.0
 30
0.0
 11
0.0
 21
0.0
 31
0.0
  0
LINE
  5
10F
330
102
100
AcDbEntity
  8
BORDER
100
AcDbLine
 10
20.0
 20
287.0
 30
0.0
 11
20.0
 21
10.0
 31
0.0
  0
LINE
  5
110
330
102
100
AcDbEntity
  8
BORDER
100
AcDbLine
 10
410.0
 20
287.0
 30
0.0
 11
410.0
 21
10.0
 31
0.0
  0
LINE
  5
111
330
102
100
AcDbEntity
  8
BORDER
100
AcDbLine
 10
215.0
 20
5.0
 30
0.0
 11
215.0
 21
15.0
 31
0.0
  0
LINE
  5
112
330
102
100
AcDbEntity
  8
BORDER
100
AcDbLine
 10
215.0
 20
292.0
 30
0.0
 11
215.0
 21
282.0
 31
0.0
  0
LINE
  5
113
330
102
100
AcDbEntity
  8
BORDER
100
AcDbLine
 10
265.0
 20
292.0
 30
0.0
 11
265.0
 21
287.0
 31
0.0
  0
LINE
  5
114
330
102
100
AcDbEntity
  8
BORDER
100
AcDbLine
 10
315.0
 20
292.0
 30
0.0
 11
315.0
 21
287.0
 31
0.0
  0
LINE
  5
115
330
102
100
AcDbEntity
  8
BORDER
100
AcDbLine
 10
365.0
 20
292.0
 30
0.0
 11
365.0
 21
287.0
 31
0.0
  0
LINE
  5
116
330
102
100
AcDbEntity
  8
BORDER
100
AcDbLine
 10
165.0
 20
292.0
 30
0.0
 11
165.0
 21
287.0
 31
0.0
  0
LINE
  5
117
330
102
100
AcDbEntity
  8
BORDER
100
AcDbLine
 10
115.0
 20
292.0
 30
0.0
 11
115.0
 21
287.0
 31
0.0
  0
LINE
  5
118
330
102
100
AcDbEntity
  8
BORDER
100
AcDbLine
 10
65.0
 20
292.0
 30
0.0
 11
65.0
 21
287.0
 31
0.0
  0
LINE
  5
119
330
102
100
AcDbEntity
  8
BORDER
100
AcDbLine
 10
15.0
 20
148.5
 30
0.0
 11
25.0
 21
148.5
 31
0.0
  0
LINE
  5
11A
330
102
100
AcDbEntity
  8
BORDER
100
AcDbLine
 10
15.0
 20
100.66667
 30
0.0
 11
20.0
 21
100.66667
 31
0.0
  0
LINE
  5
11B
330
102
100
AcDbEntity
  8
BORDER
100
AcDbLine
 10
15.0
 20
52.83334
 30
0.0
 11
20.0
 21
52.83334
 31
0.0
  0
LINE
  5
11C
330
102
100
AcDbEntity
  8
BORDER
100
AcDbLine
 10
15.0
 20
196.33333
 30
0.0
 11
20.0
 21
196.33333
 31
0.0
  0
LINE
  5
11D
330
102
100
AcDbEntity
  8
BORDER
100
AcDbLine
 10
15.0
 20
244.16666
 30
0.0
 11
20.0
 21
244.16666
 31
0.0
  0
LINE
  5
11E
330
102
100
AcDbEntity
  8
BORDER
100
AcDbLine
 10
415.0
 20
148.5
 30
0.0
 11
405.0
 21
148.5
 31
0.0
  0
LINE
  5
11F
330
102
100
AcDbEntity
  8
BORDER
100
AcDbLine
 10
265.0
 20
5.0
 30
0.0
 11
265.0
 21
10.0
 31
0.0
  0
LINE
  5
120
330
102
100
AcDbEntity
  8
BORDER
100
AcDbLine
 10
315.0
 20
5.0
 30
0.0
 11
315.0
 21
10.0
 31
0.0
  0
LINE
  5
121
330
102
100
AcDbEntity
  8
BORDER
100
AcDbLine
 10
365.0
 20
5.0
 30
0.0
 11
365.0
 21
10.0
 31
0.0
  0
LINE
  5
122
330
102
100
AcDbEntity
  8
BORDER
100
AcDbLine
 10
165.0
 20
5.0
 30
0.0
 11
165.0
 21
10.0
 31
0.0
  0
LINE
  5
123
330
102
100
AcDbEntity
  8
BORDER
100
AcDbLine
 10
115.0
 20
5.0
 30
0.0
 11
115.0
 21
10.0
 31
0.0
  0
LINE
  5
124
330
102
100
AcDbEntity
  8
BORDER
100
AcDbLine
 10
65.0
 20
5.0
 30
0.0
 11
65.0
 21
10.0
 31
0.0
  0
LINE
  5
125
330
102
100
AcDbEntity
  8
BORDER
100
AcDbLine
 10
415.0
 20
100.66667
 30
0.0
 11
410.0
 21
100.66667
 31
0.0
  0
LINE
  5
126
330
102
100
AcDbEntity
  8
BORDER
100
AcDbLine
 10
415.0
 20
52.83334
 30
0.0
 11
410.0
 21
52.83334
 31
0.0
  0
LINE
  5
127
330
102
100
AcDbEntity
  8
BORDER
100
AcDbLine
 10
415.0
 20
196.33333
 30
0.0
 11
410.0
 21
196.33333
 31
0.0
  0
LINE
  5
128
330
102
100
AcDbEntity
  8
BORDER
100
AcDbLine
 10
415.0
 20
244.16666
 30
0.0
 11
410.0
 21
244.16666
 31
0.0
  0
TEXT
  5
129
330
102
100
AcDbEntity
  8
BORDER
100
AcDbText
 10
39.02882
 20
288.244884
 30
0.0
 40
2.5
  1
1
  7
FusionTitle
 72
     4
 11
40.0
 21
289.5
 31
0.0
100
AcDbText
  0
TEXT
  5
12A
330
102
100
AcDbEntity
  8
BORDER
100
AcDbText
 10
16.335266
 20
266.83333
 30
0.0
 40
2.5
  1
A
  7
FusionTitle
 72
     4
 11
17.5
 21
268.08333
 31
0.0
100
AcDbText
  0
TEXT
  5
12B
330
102
100
AcDbEntity
  8
BORDER
100
AcDbText
 10
89.02882
 20
288.244884
 30
0.0
 40
2.5
  1
2
  7
FusionTitle
 72
     4
 11
90.0
 21
289.5
 31
0.0
100
AcDbText
  0
TEXT
  5
12C
330
102
100
AcDbEntity
  8
BORDER
100
AcDbText
 10
139.02882
 20
288.267053
 30
0.0
 40
2.5
  1
3
  7
FusionTitle
 72
     4
 11
140.0
 21
289.5
 31
0.0
100
AcDbText
  0
TEXT
  5
12D
330
102
100
AcDbEntity
  8
BORDER
100
AcDbText
 10
189.02882
 20
288.25
 30
0.0
 40
2.5
  1
4
  7
FusionTitle
 72
     4
 11
190.0
 21
289.5
 31
0.0
100
AcDbText
  0
TEXT
  5
12E
330
102
100
AcDbEntity
  8
BORDER
100
AcDbText
 10
239.02882
 20
288.28837
 30
0.0
 40
2.5
  1
5
  7
FusionTitle
 72
     4
 11
240.0
 21
289.5
 31
0.0
100
AcDbText
  0
TEXT
  5
12F
330
102
100
AcDbEntity
  8
BORDER
100
AcDbText
 10
289.02882
 20
288.266201
 30
0.0
 40
2.5
  1
6
  7
FusionTitle
 72
     4
 11
290.0
 21
289.5
 31
0.0
100
AcDbText
  0
TEXT
  5
130
330
102
100
AcDbEntity
  8
BORDER
100
AcDbText
 10
339.02882
 20
288.266201
 30
0.0
 40
2.5
  1
7
  7
FusionTitle
 72
     4
 11
340.0
 21
289.5
 31
0.0
100
AcDbText
  0
TEXT
  5
131
330
102
100
AcDbEntity
  8
BORDER
100
AcDbText
 10
389.02882
 20
288.266201
 30
0.0
 40
2.5
  1
8
  7
FusionTitle
 72
     4
 11
390.0
 21
289.5
 31
0.0
100
AcDbText
  0
TEXT
  5
132
330
102
100
AcDbEntity
  8
BORDER
100
AcDbText
 10
39.02882
 20
6.244884
 30
0.0
 40
2.5
  1
1
  7
FusionTitle
 72
     4
 11
40.0
 21
7.5
 31
0.0
100
AcDbText
  0
TEXT
  5
133
330
102
100
AcDbEntity
  8
BORDER
100
AcDbText
 10
89.02882
 20
6.244884
 30
0.0
 40
2.5
  1
2
  7
FusionTitle
 72
     4
 11
90.0
 21
7.5
 31
0.0
100
AcDbText
  0
TEXT
  5
134
330
102
100
AcDbEntity
  8
BORDER
100
AcDbText
 10
139.02882
 20
6.267053
 30
0.0
 40
2.5
  1
3
  7
FusionTitle
 72
     4
 11
140.0
 21
7.5
 31
0.0
100
AcDbText
  0
TEXT
  5
135
330
102
100
AcDbEntity
  8
BORDER
100
AcDbText
 10
189.02882
 20
6.25
 30
0.0
 40
2.5
  1
4
  7
FusionTitle
 72
     4
 11
190.0
 21
7.5
 31
0.0
100
AcDbText
  0
TEXT
  5
136
330
102
100
AcDbEntity
  8
BORDER
100
AcDbText
 10
239.02882
 20
6.28837
 30
0.0
 40
2.5
  1
5
  7
FusionTitle
 72
     4
 11
240.0
 21
7.5
 31
0.0
100
AcDbText
  0
TEXT
  5
137
330
102
100
AcDbEntity
  8
BORDER
100
AcDbText
 10
289.02882
 20
6.266201
 30
0.0
 40
2.5
  1
6
  7
FusionTitle
 72
     4
 11
290.0
 21
7.5
 31
0.0
100
AcDbText
  0
TEXT
  5
138
330
102
100
AcDbEntity
  8
BORDER
100
AcDbText
 10
339.02882
 20
6.266201
 30
0.0
 40
2.5
  1
7
  7
FusionTitle
 72
     4
 11
340.0
 21
7.5
 31
0.0
100
AcDbText
  0
TEXT
  5
139
330
102
100
AcDbEntity
  8
BORDER
100
AcDbText
 10
389.02882
 20
6.266201
 30
0.0
 40
2.5
  1
8
  7
FusionTitle
 72
     4
 11
390.0
 21
7.5
 31
0.0
100
AcDbText
  0
TEXT
  5
13A
330
102
100
AcDbEntity
  8
BORDER
100
AcDbText
 10
16.335266
 20
219.0
 30
0.0
 40
2.5
  1
B
  7
FusionTitle
 72
     4
 11
17.5
 21
220.25
 31
0.0
100
AcDbText
  0
TEXT
  5
13B
330
102
100
AcDbEntity
  8
BORDER
100
AcDbText
 10
16.238915
 20
171.16667
 30
0.0
 40
2.5
  1
C
  7
FusionTitle
 72
     4
 11
17.5
 21
172.41667
 31
0.0
100
AcDbText
  0
TEXT
  5
13C
330
102
100
AcDbEntity
  8
BORDER
100
AcDbText
 10
16.238915
 20
123.33334
 30
0.0
 40
2.5
  1
D
  7
FusionTitle
 72
     4
 11
17.5
 21
124.58334
 31
0.0
100
AcDbText
  0
TEXT
  5
13D
330
102
100
AcDbEntity
  8
BORDER
100
AcDbText
 10
16.335266
 20
75.50001
 30
0.0
 40
2.5
  1
E
  7
FusionTitle
 72
     4
 11
17.5
 21
76.75001
 31
0.0
100
AcDbText
  0
TEXT
  5
13E
330
102
100
AcDbEntity
  8
BORDER
100
AcDbText
 10
16.433322
 20
27.66668
 30
0.0
 40
2.5
  1
F
  7
FusionTitle
 72
     4
 11
17.5
 21
28.91668
 31
0.0
100
AcDbText
  0
TEXT
  5
13F
330
102
100
AcDbEntity
  8
BORDER
100
AcDbText
 10
411.335266
 20
266.83333
 30
0.0
 40
2.5
  1
A
  7
FusionTitle
 72
     4
 11
412.5
 21
268.08333
 31
0.0
100
AcDbText
  0
TEXT
  5
140
330
102
100
AcDbEntity
  8
BORDER
100
AcDbText
 10
411.335266
 20
219.0
 30
0.0
 40
2.5
  1
B
  7
FusionTitle
 72
     4
 11
412.5
 21
220.25
 31
0.0
100
AcDbText
  0
TEXT
  5
141
330
102
100
AcDbEntity
  8
BORDER
100
AcDbText
 10
411.238915
 20
171.16667
 30
0.0
 40
2.5
  1
C
  7
FusionTitle
 72
     4
 11
412.5
 21
172.41667
 31
0.0
100
AcDbText
  0
TEXT
  5
142
330
102
100
AcDbEntity
  8
BORDER
100
AcDbText
 10
411.238915
 20
123.33334
 30
0.0
 40
2.5
  1
D
  7
FusionTitle
 72
     4
 11
412.5
 21
124.58334
 31
0.0
100
AcDbText
  0
TEXT
  5
143
330
102
100
AcDbEntity
  8
BORDER
100
AcDbText
 10
411.335266
 20
75.50001
 30
0.0
 40
2.5
  1
E
  7
FusionTitle
 72
     4
 11
412.5
 21
76.75001
 31
0.0
100
AcDbText
  0
TEXT
  5
144
330
102
100
AcDbEntity
  8
BORDER
100
AcDbText
 10
411.433322
 20
27.66668
 30
0.0
 40
2.5
  1
F
  7
FusionTitle
 72
     4
 11
412.5
 21
28.91668
 31
0.0
100
AcDbText
  0
ENDBLK
  5
145
330
102
100
AcDbEntity
  8
0
100
AcDbBlockEnd
  0
BLOCK
  5
14B
330
148
100
AcDbEntity
  8
0
100
AcDbBlockBegin
  2
ISO_TITLEBLOCK
 70
     2
 10
0.0
 20
0.0
 30
0.0
  3
ISO_TITLEBLOCK
  1

  0
LINE
  5
14C
330
148
100
AcDbEntity
  8
TITLEBLOCK
100
AcDbLine
 10
-180.0
 20
0.0
 30
0.0
 11
0.0
 21
0.0
 31
0.0
  0
LINE
  5
14D
330
148
100
AcDbEntity
  8
TITLEBLOCK
100
AcDbLine
 10
-61.0
 20
10.0
 30
0.0
 11
0.0
 21
10.0
 31
0.0
  0
LINE
  5
14E
330
148
100
AcDbEntity
  8
TITLEBLOCK
100
AcDbLine
 10
-122.0
 20
27.0
 30
0.0
 11
0.0
 21
27.0
 31
0.0
  0
LINE
  5
14F
330
148
100
AcDbEntity
  8
TITLEBLOCK
100
AcDbLine
 10
-180.0
 20
37.0
 30
0.0
 11
0.0
 21
37.0
 31
0.0
  0
LINE
  5
150
330
148
100
AcDbEntity
  8
TITLEBLOCK
100
AcDbLine
 10
0.0
 20
0.0
 30
0.0
 11
0.0
 21
47.0
 31
0.0
  0
LINE
  5
151
330
148
100
AcDbEntity
  8
TITLEBLOCK
100
AcDbLine
 10
-15.0
 20
0.0
 30
0.0
 11
-15.0
 21
10.0
 31
0.0
  0
LINE
  5
152
330
148
100
AcDbEntity
  8
TITLEBLOCK
100
AcDbLine
 10
-51.0
 20
0.0
 30
0.0
 11
-51.0
 21
10.0
 31
0.0
  0
LINE
  5
153
330
148
100
AcDbEntity
  8
TITLEBLOCK
100
AcDbLine
 10
-61.0
 20
0.0
 30
0.0
 11
-61.0
 21
47.0
 31
0.0
  0
LINE
  5
154
330
148
100
AcDbEntity
  8
TITLEBLOCK
100
AcDbLine
 10
-122.0
 20
0.0
 30
0.0
 11
-122.0
 21
47.0
 31
0.0
  0
LINE
  5
155
330
148
100
AcDbEntity
  8
TITLEBLOCK
100
AcDbLine
 10
-156.0
 20
37.0
 30
0.0
 11
-156.0
 21
47.0
 31
0.0
  0
LINE
  5
156
330
148
100
AcDbEntity
  8
TITLEBLOCK
100
AcDbLine
 10
0.0
 20
47.0
 30
0.0
 11
-180.0
 21
47.0
 31
0.0
  0
LINE
  5
157
330
148
100
AcDbEntity
  8
TITLEBLOCK
100
AcDbLine
 10
-180.0
 20
47.0
 30
0.0
 11
-180.0
 21
0.0
 31
0.0
  0
TEXT
  5
158
330
148
100
AcDbEntity
  8
TITLEBLOCK
100
AcDbText
 10
-179.0
 20
44.2
 30
0.0
 40
1.8
  1
Dept.
  7
FusionTitle
 11
-179.0
 21
46.0
 31
0.0
100
AcDbText
 73
     3
  0
TEXT
  5
159
330
148
100
AcDbEntity
  8
TITLEBLOCK
100
AcDbText
 10
-155.0
 20
44.2
 30
0.0
 40
1.8
  1
Technical reference
  7
FusionTitle
 11
-155.0
 21
46.0
 31
0.0
100
AcDbText
 73
     3
  0
TEXT
  5
15A
330
148
100
AcDbEntity
  8
TITLEBLOCK
100
AcDbText
 10
-121.0
 20
44.2
 30
0.0
 40
1.8
  1
Created by
  7
FusionTitle
 11
-121.0
 21
46.0
 31
0.0
100
AcDbText
 73
     3
  0
TEXT
  5
15B
330
148
100
AcDbEntity
  8
TITLEBLOCK
100
AcDbText
 10
-60.0
 20
44.2
 30
0.0
 40
1.8
  1
Approved by
  7
FusionTitle
 11
-60.0
 21
46.0
 31
0.0
100
AcDbText
 73
     3
  0
TEXT
  5
15C
330
148
100
AcDbEntity
  8
TITLEBLOCK
100
AcDbText
 10
-121.0
 20
34.2
 30
0.0
 40
1.8
  1
Document type
  7
FusionTitle
 11
-121.0
 21
36.0
 31
0.0
100
AcDbText
 73
     3
  0
TEXT
  5
15D
330
148
100
AcDbEntity
  8
TITLEBLOCK
100
AcDbText
 10
-60.0
 20
34.2
 30
0.0
 40
1.8
  1
Document status
  7
FusionTitle
 11
-60.0
 21
36.0
 31
0.0
100
AcDbText
 73
     3
  0
TEXT
  5
15E
330
148
100
AcDbEntity
  8
TITLEBLOCK
100
AcDbText
 10
-121.0
 20
24.2
 30
0.0
 40
1.8
  1
Title
  7
FusionTitle
 11
-121.0
 21
26.0
 31
0.0
100
AcDbText
 73
     3
  0
TEXT
  5
15F
330
148
100
AcDbEntity
  8
TITLEBLOCK
100
AcDbText
 10
-60.0
 20
24.2
 30
0.0
 40
1.8
  1
DWG No.
  7
FusionTitle
 11
-60.0
 21
26.0
 31
0.0
100
AcDbText
 73
     3
  0
TEXT
  5
160
330
148
100
AcDbEntity
  8
TITLEBLOCK
100
AcDbText
 10
-60.0
 20
7.2
 30
0.0
 40
1.8
  1
Rev.
  7
FusionTitle
 11
-60.0
 21
9.0
 31
0.0
100
AcDbText
 73
     3
  0
TEXT
  5
161
330
148
100
AcDbEntity
  8
TITLEBLOCK
100
AcDbText
 10
-50.0
 20
7.2
 30
0.0
 40
1.8
  1
Date of issue
  7
FusionTitle
 11
-50.0
 21
9.0
 31
0.0
100
AcDbText
 73
     3
  0
TEXT
  5
162
330
148
100
AcDbEntity
  8
TITLEBLOCK
100
AcDbText
 10
-14.0
 20
7.2
 30
0.0
 40
1.8
  1
Sheet
  7
FusionTitle
 11
-14.0
 21
9.0
 31
0.0
100
AcDbText
 73
     3
  0
ATTDEF
  5
163
102
{ACAD_XDICTIONARY
360
164
102
}
330
148
100
AcDbEntity
  8
TITLEBLOCK
100
AcDbText
 10
-50.0
 20
1.5
 30
0.0
 40
3.5
  1

  7
FusionTitle
 11
-50.0
 21
5.0
 31
0.0
100
AcDbAttributeDefinition
280
     0
  3
Date of issue
  2
DATE_OF_ISSUE
 70
     0
 74
     3
280
     1
  0
ATTDEF
  5
165
102
{ACAD_XDICTIONARY
360
166
102
}
330
148
100
AcDbEntity
  8
TITLEBLOCK
100
AcDbText
 10
-61.026774
 20
1.35
 30
0.0
 40
3.5
  1

  7
FusionTitle
 72
     1
 11
-56.0
 21
4.85
 31
0.0
100
AcDbAttributeDefinition
280
     0
  3
Revision
  2
REV
 70
     0
 74
     3
280
     1
  0
ATTDEF
  5
167
102
{ACAD_XDICTIONARY
360
168
102
}
330
148
100
AcDbEntity
  8
TITLEBLOCK
100
AcDbText
 10
-121.0
 20
1.5
 30
0.0
 40
5.0
  1

  7
FusionTitle
 11
-121.0
 21
6.5
 31
0.0
100
AcDbAttributeDefinition
280
     0
  3
3rd Title
  2
TITLE_3
 70
     0
 74
     3
280
     1
  0
ATTDEF
  5
169
102
{ACAD_XDICTIONARY
360
16A
102
}
330
148
100
AcDbEntity
  8
TITLEBLOCK
100
AcDbText
 10
-60.0
 20
28.5
 30
0.0
 40
3.5
  1

  7
FusionTitle
 11
-60.0
 21
32.0
 31
0.0
100
AcDbAttributeDefinition
280
     0
  3
Document status
  2
DOCUMENT_STATUS
 70
     0
 74
     3
280
     1
  0
ATTDEF
  5
16B
102
{ACAD_XDICTIONARY
360
16C
102
}
330
148
100
AcDbEntity
  8
TITLEBLOCK
100
AcDbText
 10
-121.0
 20
28.5
 30
0.0
 40
3.5
  1

  7
FusionTitle
 11
-121.0
 21
32.0
 31
0.0
100
AcDbAttributeDefinition
280
     0
  3
Document type
  2
DOCUMENT_TYPE
 70
     0
 74
     3
280
     1
  0
ATTDEF
  5
16D
102
{ACAD_XDICTIONARY
360
16E
102
}
330
148
100
AcDbEntity
  8
TITLEBLOCK
100
AcDbText
 10
-43.923943
 20
38.5
 30
0.0
 40
3.5
  1

  7
FusionTitle
 72
     2
 11
-0.992838
 21
42.0
 31
0.0
100
AcDbAttributeDefinition
280
     0
  3
Approved date
  2
APPROVED_DATE
 70
     0
 74
     3
280
     1
  0
ATTDEF
  5
16F
102
{ACAD_XDICTIONARY
360
170
102
}
330
148
100
AcDbEntity
  8
TITLEBLOCK
100
AcDbText
 10
-101.123124
 20
38.5
 30
0.0
 40
3.5
  1

  7
FusionTitle
 72
     2
 11
-62.0
 21
42.0
 31
0.0
100
AcDbAttributeDefinition
280
     0
  3
Created date
  2
CREATED_DATE
 70
     0
 74
     3
280
     1
  0
ATTDEF
  5
171
102
{ACAD_XDICTIONARY
360
172
102
}
330
148
100
AcDbEntity
  8
TITLEBLOCK
100
AcDbText
 10
-15.65075
 20
1.35
 30
0.0
 40
3.5
  1

  7
FusionTitle
 72
     1
 11
-7.5
 21
4.85
 31
0.0
100
AcDbAttributeDefinition
280
     0
  3
Sheet
  2
SHEET
 70
     0
 74
     3
280
     1
  0
ATTDEF
  5
173
102
{ACAD_XDICTIONARY
360
174
102
}
330
148
100
AcDbEntity
  8
TITLEBLOCK
100
AcDbText
 10
-121.0
 20
9.0
 30
0.0
 40
5.0
  1

  7
FusionTitle
 11
-121.0
 21
14.0
 31
0.0
100
AcDbAttributeDefinition
280
     0
  3
2nd Title
  2
TITLE_2
 70
     0
 74
     3
280
     1
  0
ATTDEF
  5
175
102
{ACAD_XDICTIONARY
360
176
102
}
330
148
100
AcDbEntity
  8
TITLEBLOCK
100
AcDbText
 10
-64.456344
 20
14.751432
 30
0.0
 40
5.0
  1

  7
FusionTitle
 72
     1
 11
-30.5
 21
19.751432
 31
0.0
100
AcDbAttributeDefinition
280
     0
  3
Drawing number
  2
DRAWING_NUMBER
 70
     0
 74
     3
280
     1
  0
ATTDEF
  5
177
102
{ACAD_XDICTIONARY
360
178
102
}
330
148
100
AcDbEntity
  8
TITLEBLOCK
100
AcDbText
 10
-121.0
 20
16.5
 30
0.0
 40
5.0
  1

  7
FusionTitle
 11
-121.0
 21
21.5
 31
0.0
100
AcDbAttributeDefinition
280
     0
  3
1st Title
  2
TITLE_1
 70
     0
 74
     3
280
     1
  0
ATTDEF
  5
179
102
{ACAD_XDICTIONARY
360
17A
102
}
330
148
100
AcDbEntity
  8
TITLEBLOCK
100
AcDbText
 10
-60.0
 20
38.5
 30
0.0
 40
3.5
  1

  7
FusionTitle
 11
-60.0
 21
42.0
 31
0.0
100
AcDbAttributeDefinition
280
     0
  3
Approved by
  2
APPROVED_BY
 70
     0
 74
     3
280
     1
  0
ATTDEF
  5
17B
102
{ACAD_XDICTIONARY
360
17C
102
}
330
148
100
AcDbEntity
  8
TITLEBLOCK
100
AcDbText
 10
-121.0
 20
38.5
 30
0.0
 40
3.5
  1

  7
FusionTitle
 11
-121.0
 21
42.0
 31
0.0
100
AcDbAttributeDefinition
280
     0
  3
Created by
  2
CREATED_BY
 70
     0
 74
     3
280
     1
  0
ATTDEF
  5
17D
102
{ACAD_XDICTIONARY
360
17E
102
}
330
148
100
AcDbEntity
  8
TITLEBLOCK
100
AcDbText
 10
-155.0
 20
38.5
 30
0.0
 40
3.5
  1

  7
FusionTitle
 11
-155.0
 21
42.0
 31
0.0
100
AcDbAttributeDefinition
280
     0
  3
Technical reference
  2
TECHNICAL_REFERENCE
 70
     0
 74
     3
280
     1
  0
ATTDEF
  5
17F
102
{ACAD_XDICTIONARY
360
180
102
}
330
148
100
AcDbEntity
  8
TITLEBLOCK
100
AcDbText
 10
-179.0
 20
38.5
 30
0.0
 40
3.5
  1

  7
FusionTitle
 11
-179.0
 21
42.0
 31
0.0
100
AcDbAttributeDefinition
280
     0
  3
Department
  2
DEPT
 70
     0
 74
     3
280
     1
  0
ENDBLK
  5
181
330
148
100
AcDbEntity
  8
0
100
AcDbBlockEnd
  0
BLOCK
  5
198
330
197
100
AcDbEntity
  8
0
100
AcDbBlockBegin
  2
*U6
 70
     1
 10
0.0
 20
0.0
 30
0.0
  3
*U6
  1

  0
ARC
  5
199
330
197
100
AcDbEntity
  8
Smart Centers
  6
Continuous
 62
     0
440
 16777216
 48
0.75
100
AcDbCircle
 10
0.0
 20
0.0
 30
0.0
 40
7.0
100
AcDbArc
 50
172.685986
 51
187.314014
  0
LINE
  5
19A
330
197
100
AcDbEntity
  8
Smart Centers
  6
Continuous
 62
     0
440
 16777216
 48
0.75
100
AcDbLine
 10
-6.107031
 20
0.0
 30
0.0
 11
-7.892969
 21
0.0
 31
0.0
  0
ARC
  5
19B
330
197
100
AcDbEntity
  8
Smart Centers
 62
     0
440
 16777216
 48
0.75
 60
     1
100
AcDbCircle
 10
0.0
 20
0.0
 30
0.0
 40
0.0
100
AcDbArc
 50
0.0
 51
0.0
  0
ARC
  5
19C
330
197
100
AcDbEntity
  8
Smart Centers
 62
     0
440
 16777216
 48
0.75
 60
     1
100
AcDbCircle
 10
0.0
 20
0.0
 30
0.0
 40
0.0
100
AcDbArc
 50
0.0
 51
0.0
  0
LINE
  5
19D
330
197
100
AcDbEntity
  8
Smart Centers
 62
     0
440
 16777216
 48
0.75
 60
     1
100
AcDbLine
 10
0.0
 20
0.0
 30
0.0
 11
0.0
 21
0.0
 31
0.0
  0
LINE
  5
19E
330
197
100
AcDbEntity
  8
Smart Centers
 62
     0
440
 16777216
 48
0.75
100
AcDbLine
 10
-9.678906
 20
0.0
 30
0.0
 11
-11.7
 21
0.0
 31
0.0
  0
ENDBLK
  5
19F
330
197
100
AcDbEntity
  8
0
100
AcDbBlockEnd
  0
BLOCK
  5
1A2
330
1A1
100
AcDbEntity
  8
0
100
AcDbBlockBegin
  2
*U7
 70
     1
 10
0.0
 20
0.0
 30
0.0
  3
*U7
  1

  0
ARC
  5
1A3
330
1A1
100
AcDbEntity
  8
Smart Centers
  6
Continuous
 62
     0
440
 16777216
 48
0.75
100
AcDbCircle
 10
0.0
 20
0.0
 30
0.0
 40
7.0
100
AcDbArc
 50
262.685986
 51
277.314014
  0
LINE
  5
1A4
330
1A1
100
AcDbEntity
  8
Smart Centers
  6
Continuous
 62
     0
440
 16777216
 48
0.75
100
AcDbLine
 10
0.0
 20
-6.107031
 30
0.0
 11
0.0
 21
-7.892969
 31
0.0
  0
ARC
  5
1A5
330
1A1
100
AcDbEntity
  8
Smart Centers
 62
     0
440
 16777216
 48
0.75
 60
     1
100
AcDbCircle
 10
0.0
 20
0.0
 30
0.0
 40
0.0
100
AcDbArc
 50
0.0
 51
0.0
  0
ARC
  5
1A6
330
1A1
100
AcDbEntity
  8
Smart Centers
 62
     0
440
 16777216
 48
0.75
 60
     1
100
AcDbCircle
 10
0.0
 20
0.0
 30
0.0
 40
0.0
100
AcDbArc
 50
0.0
 51
0.0
  0
LINE
  5
1A7
330
1A1
100
AcDbEntity
  8
Smart Centers
 62
     0
440
 16777216
 48
0.75
 60
     1
100
AcDbLine
 10
0.0
 20
0.0
 30
0.0
 11
0.0
 21
0.0
 31
0.0
  0
LINE
  5
1A8
330
1A1
100
AcDbEntity
  8
Smart Centers
 62
     0
440
 16777216
 48
0.75
100
AcDbLine
 10
0.0
 20
-9.678906
 30
0.0
 11
0.0
 21
-11.7
 31
0.0
  0
ENDBLK
  5
1A9
330
1A1
100
AcDbEntity
  8
0
100
AcDbBlockEnd
  0
BLOCK
  5
1AC
330
1AB
100
AcDbEntity
  8
0
100
AcDbBlockBegin
  2
*U8
 70
     1
 10
0.0
 20
0.0
 30
0.0
  3
*U8
  1

  0
ARC
  5
1AD
330
1AB
100
AcDbEntity
  8
Smart Centers
  6
Continuous
 62
     0
440
 16777216
 48
0.75
100
AcDbCircle
 10
0.0
 20
0.0
 30
0.0
 40
7.0
100
AcDbArc
 50
82.685986
 51
97.314014
  0
LINE
  5
1AE
330
1AB
100
AcDbEntity
  8
Smart Centers
  6
Continuous
 62
     0
440
 16777216
 48
0.75
100
AcDbLine
 10
0.0
 20
6.107031
 30
0.0
 11
0.0
 21
7.892969
 31
0.0
  0
ARC
  5
1AF
330
1AB
100
AcDbEntity
  8
Smart Centers
 62
     0
440
 16777216
 48
0.75
 60
     1
100
AcDbCircle
 10
0.0
 20
0.0
 30
0.0
 40
0.0
100
AcDbArc
 50
0.0
 51
0.0
  0
ARC
  5
1B0
330
1AB
100
AcDbEntity
  8
Smart Centers
 62
     0
440
 16777216
 48
0.75
 60
     1
100
AcDbCircle
 10
0.0
 20
0.0
 30
0.0
 40
0.0
100
AcDbArc
 50
0.0
 51
0.0
  0
LINE
  5
1B1
330
1AB
100
AcDbEntity
  8
Smart Centers
 62
     0
440
 16777216
 48
0.75
 60
     1
100
AcDbLine
 10
0.0
 20
0.0
 30
0.0
 11
0.0
 21
0.0
 31
0.0
  0
LINE
  5
1B2
330
1AB
100
AcDbEntity
  8
Smart Centers
 62
     0
440
 16777216
 48
0.75
100
AcDbLine
 10
0.0
 20
9.678906
 30
0.0
 11
0.0
 21
11.7
 31
0.0
  0
ENDBLK
  5
1B3
330
1AB
100
AcDbEntity
  8
0
100
AcDbBlockEnd
  0
BLOCK
  5
1B6
330
1B5
100
AcDbEntity
  8
0
100
AcDbBlockBegin
  2
*U9
 70
     1
 10
0.0
 20
0.0
 30
0.0
  3
*U9
  1

  0
ARC
  5
1B7
330
1B5
100
AcDbEntity
  8
Smart Centers
  6
Continuous
 62
     0
440
 16777216
 48
0.75
100
AcDbCircle
 10
0.0
 20
0.0
 30
0.0
 40
7.0
100
AcDbArc
 50
352.685986
 51
7.314014
  0
LINE
  5
1B8
330
1B5
100
AcDbEntity
  8
Smart Centers
  6
Continuous
 62
     0
440
 16777216
 48
0.75
100
AcDbLine
 10
6.107031
 20
0.0
 30
0.0
 11
7.892969
 21
0.0
 31
0.0
  0
ARC
  5
1B9
330
1B5
100
AcDbEntity
  8
Smart Centers
 62
     0
440
 16777216
 48
0.75
 60
     1
100
AcDbCircle
 10
0.0
 20
0.0
 30
0.0
 40
0.0
100
AcDbArc
 50
0.0
 51
0.0
  0
ARC
  5
1BA
330
1B5
100
AcDbEntity
  8
Smart Centers
 62
     0
440
 16777216
 48
0.75
 60
     1
100
AcDbCircle
 10
0.0
 20
0.0
 30
0.0
 40
0.0
100
AcDbArc
 50
0.0
 51
0.0
  0
LINE
  5
1BB
330
1B5
100
AcDbEntity
  8
Smart Centers
 62
     0
440
 16777216
 48
0.75
 60
     1
100
AcDbLine
 10
0.0
 20
0.0
 30
0.0
 11
0.0
 21
0.0
 31
0.0
  0
LINE
  5
1BC
330
1B5
100
AcDbEntity
  8
Smart Centers
 62
     0
440
 16777216
 48
0.75
100
AcDbLine
 10
9.678906
 20
0.0
 30
0.0
 11
11.7
 21
0.0
 31
0.0
  0
ENDBLK
  5
1BD
330
1B5
100
AcDbEntity
  8
0
100
AcDbBlockEnd
  0
BLOCK
  5
1C4
330
1C3
100
AcDbEntity
  8
0
100
AcDbBlockBegin
  2
*U10
 70
     1
 10
0.0
 20
0.0
 30
0.0
  3
*U10
  1

  0
LINE
  5
1C5
330
1C3
100
AcDbEntity
  8
Smart Centers
  6
Continuous
 62
     0
440
 16777216
 48
0.75
100
AcDbLine
 10
-0.892969
 20
0.0
 30
0.0
 11
0.892969
 21
0.0
 31
0.0
  0
LINE
  5
1C6
330
1C3
100
AcDbEntity
  8
Smart Centers
  6
Continuous
 62
     0
440
 16777216
 48
0.75
100
AcDbLine
 10
0.0
 20
-0.892969
 30
0.0
 11
0.0
 21
0.892969
 31
0.0
  0
LINE
  5
1C7
330
1C3
100
AcDbEntity
  8
Smart Centers
 62
     0
440
 16777216
 48
0.75
100
AcDbLine
 10
-4.321094
 20
0.0
 30
0.0
 11
-2.678906
 21
0.0
 31
0.0
  0
LINE
  5
1C8
330
1C3
100
AcDbEntity
  8
Smart Centers
 62
     0
440
 16777216
 48
0.75
100
AcDbLine
 10
2.678906
 20
0.0
 30
0.0
 11
4.321094
 21
0.0
 31
0.0
  0
LINE
  5
1C9
330
1C3
100
AcDbEntity
  8
Smart Centers
 62
     0
440
 16777216
 48
0.75
100
AcDbLine
 10
0.0
 20
-4.321094
 30
0.0
 11
0.0
 21
-2.678906
 31
0.0
  0
LINE
  5
1CA
330
1C3
100
AcDbEntity
  8
Smart Centers
 62
     0
440
 16777216
 48
0.75
100
AcDbLine
 10
0.0
 20
2.678906
 30
0.0
 11
0.0
 21
4.321094
 31
0.0
  0
ENDBLK
  5
1CB
330
1C3
100
AcDbEntity
  8
0
100
AcDbBlockEnd
  0
BLOCK
  5
195
330
194
100
AcDbEntity
  8
0
100
AcDbBlockBegin
  2
*U11
 70
     1
 10
0.0
 20
0.0
 30
0.0
  3
*U11
  1

  0
INSERT
  5
196
330
194
100
AcDbEntity
  8
Smart Centers
 62
     0
440
 16777216
 48
0.75
100
AcDbBlockReference
  2
*U6
 10
0.0
 20
0.0
 30
0.0
  0
INSERT
  5
1A0
330
194
100
AcDbEntity
  8
Smart Centers
 62
     0
440
 16777216
 48
0.75
100
AcDbBlockReference
  2
*U7
 10
0.0
 20
0.0
 30
0.0
  0
INSERT
  5
1AA
330
194
100
AcDbEntity
  8
Smart Centers
 62
     0
440
 16777216
 48
0.75
100
AcDbBlockReference
  2
*U8
 10
0.0
 20
0.0
 30
0.0
  0
INSERT
  5
1B4
330
194
100
AcDbEntity
  8
Smart Centers
 62
     0
440
 16777216
 48
0.75
100
AcDbBlockReference
  2
*U9
 10
0.0
 20
0.0
 30
0.0
  0
ARC
  5
1BE
330
194
100
AcDbEntity
  8
Smart Centers
 62
     0
440
 16777216
 48
0.75
100
AcDbCircle
 10
0.0
 20
0.0
 30
0.0
 40
7.0
100
AcDbArc
 50
22.06321
 51
67.93679
  0
ARC
  5
1BF
330
194
100
AcDbEntity
  8
Smart Centers
 62
     0
440
 16777216
 48
0.75
100
AcDbCircle
 10
0.0
 20
0.0
 30
0.0
 40
7.0
100
AcDbArc
 50
112.06321
 51
157.93679
  0
ARC
  5
1C0
330
194
100
AcDbEntity
  8
Smart Centers
 62
     0
440
 16777216
 48
0.75
100
AcDbCircle
 10
0.0
 20
0.0
 30
0.0
 40
7.0
100
AcDbArc
 50
202.06321
 51
247.93679
  0
ARC
  5
1C1
330
194
100
AcDbEntity
  8
Smart Centers
 62
     0
440
 16777216
 48
0.75
100
AcDbCircle
 10
0.0
 20
0.0
 30
0.0
 40
7.0
100
AcDbArc
 50
292.06321
 51
337.93679
  0
INSERT
  5
1C2
330
194
100
AcDbEntity
  8
Smart Centers
 62
     0
440
 16777216
 48
0.75
100
AcDbBlockReference
  2
*U10
 10
0.0
 20
0.0
 30
0.0
  0
ARC
  5
1CC
330
194
100
AcDbEntity
  8
Smart Centers
 62
     0
440
 16777216
 48
0.75
 60
     1
100
AcDbCircle
 10
0.0
 20
0.0
 30
0.0
 40
7.0
100
AcDbArc
 50
0.0
 51
359.999943
  0
ENDBLK
  5
1CD
330
194
100
AcDbEntity
  8
0
100
AcDbBlockEnd
  0
BLOCK
  5
1D0
330
1CF
100
AcDbEntity
  8
0
100
AcDbBlockBegin
  2
*U12
 70
     1
 10
0.0
 20
0.0
 30
0.0
  3
*U12
  1

  0
LINE
  5
1D1
330
1CF
100
AcDbEntity
  8
Smart Centers
  6
Continuous
 62
     0
440
 16777216
 48
0.75
100
AcDbLine
 10
-0.892969
 20
0.0
 30
0.0
 11
0.892969
 21
0.0
 31
0.0
  0
LINE
  5
1D2
330
1CF
100
AcDbEntity
  8
Smart Centers
  6
Continuous
 62
     0
440
 16777216
 48
0.75
100
AcDbLine
 10
0.0
 20
-0.892969
 30
0.0
 11
0.0
 21
0.892969
 31
0.0
  0
LINE
  5
1D3
330
1CF
100
AcDbEntity
  8
Smart Centers
 62
     0
440
 16777216
 48
0.75
100
AcDbLine
 10
-5.5
 20
0.0
 30
0.0
 11
-2.678906
 21
0.0
 31
0.0
  0
LINE
  5
1D4
330
1CF
100
AcDbEntity
  8
Smart Centers
 62
     0
440
 16777216
 48
0.75
100
AcDbLine
 10
2.678906
 20
0.0
 30
0.0
 11
5.5
 21
0.0
 31
0.0
  0
LINE
  5
1D5
330
1CF
100
AcDbEntity
  8
Smart Centers
 62
     0
440
 16777216
 48
0.75
100
AcDbLine
 10
0.0
 20
-5.5
 30
0.0
 11
0.0
 21
-2.678906
 31
0.0
  0
LINE
  5
1D6
330
1CF
100
AcDbEntity
  8
Smart Centers
 62
     0
440
 16777216
 48
0.75
100
AcDbLine
 10
0.0
 20
2.678906
 30
0.0
 11
0.0
 21
5.5
 31
0.0
  0
ENDBLK
  5
1D7
330
1CF
100
AcDbEntity
  8
0
100
AcDbBlockEnd
  0
BLOCK
  5
1DB
330
1DA
100
AcDbEntity
  8
0
100
AcDbBlockBegin
  2
*D13
 70
     1
 10
0.0
 20
0.0
 30
0.0
  3
*D13
  1

  0
LINE
  5
1DC
330
1DA
100
AcDbEntity
  8
FD_Dimensions
 62
     0
440
 16777216
370
    -2
100
AcDbLine
 10
146.523438
 20
103.43125
 30
0.0
 11
146.523438
 21
82.923438
 31
0.0
  0
LINE
  5
1DD
330
1DA
100
AcDbEntity
  8
FD_Dimensions
 62
     0
440
 16777216
370
    -2
100
AcDbLine
 10
186.523438
 20
103.43125
 30
0.0
 11
186.523438
 21
82.923438
 31
0.0
  0
LINE
  5
1DE
330
1DA
100
AcDbEntity
  8
FD_Dimensions
 62
     0
440
 16777216
370
    -2
100
AcDbLine
 10
150.023438
 20
85.023438
 30
0.0
 11
183.023438
 21
85.023438
 31
0.0
  0
SOLID
  5
1DF
330
1DA
100
AcDbEntity
  8
FD_Dimensions
 62
     0
440
 16777216
100
AcDbTrace
 10
150.023438
 20
85.606771
 30
0.0
 11
150.023438
 21
84.440104
 31
0.0
 12
146.523438
 22
85.023438
 32
0.0
 13
146.523438
 23
85.023438
 33
0.0
  0
SOLID
  5
1E0
330
1DA
100
AcDbEntity
  8
FD_Dimensions
 62
     0
440
 16777216
100
AcDbTrace
 10
183.023438
 20
85.606771
 30
0.0
 11
183.023438
 21
84.440104
 31
0.0
 12
186.523438
 22
85.023438
 32
0.0
 13
186.523438
 23
85.023438
 33
0.0
  0
MTEXT
  5
1E1
330
1DA
100
AcDbEntity
  8
FD_Dimensions
 62
     0
440
 16777216
100
AcDbMText
 10
166.523438
 20
88.210443
 30
0.0
 40
3.5
 41
0.0
 46
0.0
 71
     5
 72
     1
  1
40
 73
     1
 44
1.0
  0
POINT
  5
1E2
330
1DA
100
AcDbEntity
  8
Defpoints
 62
     0
440
 16777216
100
AcDbPoint
 10
146.523438
 20
105.53125
 30
0.0
  0
POINT
  5
1E3
330
1DA
100
AcDbEntity
  8
Defpoints
 62
     0
440
 16777216
100
AcDbPoint
 10
186.523438
 20
105.53125
 30
0.0
  0
POINT
  5
1E4
330
1DA
100
AcDbEntity
  8
Defpoints
 62
     0
440
 16777216
100
AcDbPoint
 10
186.523438
 20
85.023438
 30
0.0
  0
ENDBLK
  5
1E5
330
1DA
100
AcDbEntity
  8
0
100
AcDbBlockEnd
  0
BLOCK
  5
1E8
330
1E7
100
AcDbEntity
  8
0
100
AcDbBlockBegin
  2
*D14
 70
     1
 10
0.0
 20
0.0
 30
0.0
  3
*D14
  1

  0
LINE
  5
1E9
330
1E7
100
AcDbEntity
  8
FD_Dimensions
 62
     0
440
 16777216
370
    -2
100
AcDbLine
 10
144.423438
 20
105.53125
 30
0.0
 11
133.759375
 21
105.53125
 31
0.0
  0
LINE
  5
1EA
330
1E7
100
AcDbEntity
  8
FD_Dimensions
 62
     0
440
 16777216
370
    -2
100
AcDbLine
 10
144.423438
 20
145.53125
 30
0.0
 11
133.759375
 21
145.53125
 31
0.0
  0
LINE
  5
1EB
330
1E7
100
AcDbEntity
  8
FD_Dimensions
 62
     0
440
 16777216
370
    -2
100
AcDbLine
 10
135.859375
 20
109.03125
 30
0.0
 11
135.859375
 21
142.03125
 31
0.0
  0
SOLID
  5
1EC
330
1E7
100
AcDbEntity
  8
FD_Dimensions
 62
     0
440
 16777216
100
AcDbTrace
 10
135.276042
 20
109.03125
 30
0.0
 11
136.442708
 21
109.03125
 31
0.0
 12
135.859375
 22
105.53125
 32
0.0
 13
135.859375
 23
105.53125
 33
0.0
  0
SOLID
  5
1ED
330
1E7
100
AcDbEntity
  8
FD_Dimensions
 62
     0
440
 16777216
100
AcDbTrace
 10
135.276042
 20
142.03125
 30
0.0
 11
136.442708
 21
142.03125
 31
0.0
 12
135.859375
 22
145.53125
 32
0.0
 13
135.859375
 23
145.53125
 33
0.0
  0
MTEXT
  5
1EE
330
1E7
100
AcDbEntity
  8
FD_Dimensions
 62
     0
440
 16777216
100
AcDbMText
 10
132.67237
 20
125.53125
 30
0.0
 40
3.5
 41
0.0
 46
0.0
 71
     5
 72
     1
  1
40
 11
0.0
 21
1.0
 31
0.0
 73
     1
 44
1.0
  0
POINT
  5
1EF
330
1E7
100
AcDbEntity
  8
Defpoints
 62
     0
440
 16777216
100
AcDbPoint
 10
146.523438
 20
105.53125
 30
0.0
  0
POINT
  5
1F0
330
1E7
100
AcDbEntity
  8
Defpoints
 62
     0
440
 16777216
100
AcDbPoint
 10
146.523438
 20
145.53125
 30
0.0
  0
POINT
  5
1F1
330
1E7
100
AcDbEntity
  8
Defpoints
 62
     0
440
 16777216
100
AcDbPoint
 10
135.859375
 20
145.53125
 30
0.0
  0
ENDBLK
  5
1F2
330
1E7
100
AcDbEntity
  8
0
100
AcDbBlockEnd
  0
BLOCK
  5
1F5
330
1F4
100
AcDbEntity
  8
0
100
AcDbBlockBegin
  2
*D15
 70
     1
 10
0.0
 20
0.0
 30
0.0
  3
*D15
  1

  0
LINE
  5
1F6
330
1F4
100
AcDbEntity
  8
FD_Dimensions
 62
     0
440
 16777216
370
    -2
100
AcDbLine
 10
223.9375
 20
103.43125
 30
0.0
 11
223.9375
 21
62.415625
 31
0.0
  0
LINE
  5
1F7
330
1F4
100
AcDbEntity
  8
FD_Dimensions
 62
     0
440
 16777216
370
    -2
100
AcDbLine
 10
263.9375
 20
103.43125
 30
0.0
 11
263.9375
 21
62.415625
 31
0.0
  0
LINE
  5
1F8
330
1F4
100
AcDbEntity
  8
FD_Dimensions
 62
     0
440
 16777216
370
    -2
100
AcDbLine
 10
227.4375
 20
64.515625
 30
0.0
 11
260.4375
 21
64.515625
 31
0.0
  0
SOLID
  5
1F9
330
1F4
100
AcDbEntity
  8
FD_Dimensions
 62
     0
440
 16777216
100
AcDbTrace
 10
227.4375
 20
65.098958
 30
0.0
 11
227.4375
 21
63.932292
 31
0.0
 12
223.9375
 22
64.515625
 32
0.0
 13
223.9375
 23
64.515625
 33
0.0
  0
SOLID
  5
1FA
330
1F4
100
AcDbEntity
  8
FD_Dimensions
 62
     0
440
 16777216
100
AcDbTrace
 10
260.4375
 20
65.098958
 30
0.0
 11
260.4375
 21
63.932292
 31
0.0
 12
263.9375
 22
64.515625
 32
0.0
 13
263.9375
 23
64.515625
 33
0.0
  0
MTEXT
  5
1FB
330
1F4
100
AcDbEntity
  8
FD_Dimensions
 62
     0
440
 16777216
100
AcDbMText
 10
243.9375
 20
67.70263
 30
0.0
 40
3.5
 41
0.0
 46
0.0
 71
     5
 72
     1
  1
40
 73
     1
 44
1.0
  0
POINT
  5
1FC
330
1F4
100
AcDbEntity
  8
Defpoints
 62
     0
440
 16777216
100
AcDbPoint
 10
223.9375
 20
105.53125
 30
0.0
  0
POINT
  5
1FD
330
1F4
100
AcDbEntity
  8
Defpoints
 62
     0
440
 16777216
100
AcDbPoint
 10
263.9375
 20
105.53125
 30
0.0
  0
POINT
  5
1FE
330
1F4
100
AcDbEntity
  8
Defpoints
 62
     0
440
 16777216
100
AcDbPoint
 10
263.9375
 20
64.515625
 30
0.0
  0
ENDBLK
  5
1FF
330
1F4
100
AcDbEntity
  8
0
100
AcDbBlockEnd
  0
BLOCK
  5
202
330
201
100
AcDbEntity
  8
0
100
AcDbBlockBegin
  2
*D16
 70
     1
 10
0.0
 20
0.0
 30
0.0
  3
*D16
  1

  0
LINE
  5
203
330
201
100
AcDbEntity
  8
FD_Dimensions
 62
     0
440
 16777216
370
    -2
100
AcDbLine
 10
166.523438
 20
139.33125
 30
0.0
 11
166.523438
 21
170.503125
 31
0.0
  0
LINE
  5
204
330
201
100
AcDbEntity
  8
FD_Dimensions
 62
     0
440
 16777216
370
    -2
100
AcDbLine
 10
152.723438
 20
125.53125
 30
0.0
 11
121.551563
 21
125.53125
 31
0.0
  0
ARC
  5
205
330
201
100
AcDbEntity
  8
FD_Dimensions
 62
     0
440
 16777216
370
    -2
100
AcDbCircle
 10
166.523438
 20
125.53125
 30
0.0
 40
42.87187499999999
100
AcDbArc
 50
94.678847
 51
175.321153
  0
SOLID
  5
206
330
201
100
AcDbEntity
  8
FD_Dimensions
 62
     0
440
 16777216
100
AcDbTrace
 10
163.002543
 20
168.843105
 30
0.0
 11
163.050166
 21
167.67741
 31
0.0
 12
166.523438
 22
168.403125
 32
0.0
 13
166.523438
 23
168.403125
 33
0.0
  0
SOLID
  5
207
330
201
100
AcDbEntity
  8
FD_Dimensions
 62
     0
440
 16777216
100
AcDbTrace
 10
124.377277
 20
129.004522
 30
0.0
 11
123.211583
 21
129.052144
 31
0.0
 12
123.651563
 22
125.53125
 32
0.0
 13
123.651563
 23
125.53125
 33
0.0
  0
MTEXT
  5
208
330
201
100
AcDbEntity
  8
FD_Dimensions
 62
     0
440
 16777216
100
AcDbMText
 10
133.954891
 20
158.099797
 30
0.0
 40
3.5
 41
0.0
 46
0.0
 71
     5
 72
     1
  1
4X 90\U+00B0
 11
0.707107
 21
0.707107
 31
0.0
 73
     1
 44
1.0
  0
POINT
  5
209
330
201
100
AcDbEntity
  8
Defpoints
 62
     0
440
 16777216
100
AcDbPoint
 10
145.0875
 20
162.659383
 30
0.0
  0
POINT
  5
20A
330
201
100
AcDbEntity
  8
Defpoints
 62
     0
440
 16777216
100
AcDbPoint
 10
156.844531
 20
125.53125
 30
0.0
  0
POINT
  5
20B
330
201
100
AcDbEntity
  8
Defpoints
 62
     0
440
 16777216
100
AcDbPoint
 10
166.523438
 20
135.210156
 30
0.0
  0
POINT
  5
20C
330
201
100
AcDbEntity
  8
Defpoints
 62
     0
440
 16777216
100
AcDbPoint
 10
166.523438
 20
137.23125
 30
0.0
  0
POINT
  5
20D
330
201
100
AcDbEntity
  8
Defpoints
 62
     0
440
 16777216
100
AcDbPoint
 10
154.823438
 20
125.53125
 30
0.0
  0
ENDBLK
  5
20E
330
201
100
AcDbEntity
  8
0
100
AcDbBlockEnd
  0
BLOCK
  5
211
330
210
100
AcDbEntity
  8
0
100
AcDbBlockBegin
  2
*D17
 70
     1
 10
0.0
 20
0.0
 30
0.0
  3
*D17
  1

  0
LINE
  5
212
330
210
100
AcDbEntity
  8
FD_Dimensions
 62
     0
440
 16777216
370
    -2
100
AcDbLine
 10
187.128075
 20
160.511216
 30
0.0
 11
171.852564
 21
134.578372
 31
0.0
  0
LINE
  5
213
330
210
100
AcDbEntity
  8
FD_Dimensions
 62
     0
440
 16777216
370
    -2
100
AcDbLine
 10
161.194311
 20
116.484128
 30
0.0
 11
159.417936
 21
113.468421
 31
0.0
  0
MTEXT
  5
214
330
210
100
AcDbEntity
  8
FD_Dimensions
 62
     0
440
 16777216
100
AcDbMText
 10
181.352152
 20
157.177814
 30
0.0
 40
3.5
 41
0.0
 46
0.0
 71
     5
 72
     1
  1
∅14
 11
0.507536
 21
0.861631
 31
0.0
 73
     1
 44
1.0
  0
LINE
  5
215
330
210
100
AcDbEntity
  8
FD_Dimensions
 62
     0
440
 16777216
370
    -2
100
AcDbLine
 10
162.970687
 20
119.499836
 30
0.0
 11
170.076188
 21
131.562664
 31
0.0
  0
SOLID
  5
216
330
210
100
AcDbEntity
  8
FD_Dimensions
 62
     0
440
 16777216
100
AcDbTrace
 10
160.691693
 20
116.780191
 30
0.0
 11
161.696929
 21
116.188066
 31
0.0
 12
162.970687
 22
119.499836
 32
0.0
 13
162.970687
 23
119.499836
 33
0.0
  0
SOLID
  5
217
330
210
100
AcDbEntity
  8
FD_Dimensions
 62
     0
440
 16777216
100
AcDbTrace
 10
171.349946
 20
134.874434
 30
0.0
 11
172.355182
 21
134.282309
 31
0.0
 12
170.076188
 22
131.562664
 32
0.0
 13
170.076188
 23
131.562664
 33
0.0
  0
POINT
  5
218
330
210
100
AcDbEntity
  8
Defpoints
 62
     0
440
 16777216
100
AcDbPoint
 10
170.076188
 20
131.562664
 30
0.0
  0
POINT
  5
219
330
210
100
AcDbEntity
  8
Defpoints
 62
     0
440
 16777216
100
AcDbPoint
 10
162.970687
 20
119.499836
 30
0.0
  0
ENDBLK
  5
21A
330
210
100
AcDbEntity
  8
0
100
AcDbBlockEnd
  0
BLOCK
  5
21D
330
21C
100
AcDbEntity
  8
0
100
AcDbBlockBegin
  2
*D18
 70
     1
 10
0.0
 20
0.0
 30
0.0
  3
*D18
  1

  0
LINE
  5
21E
330
21C
100
AcDbEntity
  8
FD_Dimensions
 62
     0
440
 16777216
370
    -2
100
AcDbLine
 10
184.623438
 20
105.53125
 30
0.0
 11
198.732813
 21
105.53125
 31
0.0
  0
LINE
  5
21F
330
21C
100
AcDbEntity
  8
FD_Dimensions
 62
     0
440
 16777216
370
    -2
100
AcDbLine
 10
174.123438
 20
125.53125
 30
0.0
 11
198.732813
 21
125.53125
 31
0.0
  0
LINE
  5
220
330
21C
100
AcDbEntity
  8
FD_Dimensions
 62
     0
440
 16777216
370
    -2
100
AcDbLine
 10
196.632813
 20
109.03125
 30
0.0
 11
196.632813
 21
122.03125
 31
0.0
  0
SOLID
  5
221
330
21C
100
AcDbEntity
  8
FD_Dimensions
 62
     0
440
 16777216
100
AcDbTrace
 10
196.049479
 20
109.03125
 30
0.0
 11
197.216146
 21
109.03125
 31
0.0
 12
196.632813
 22
105.53125
 32
0.0
 13
196.632813
 23
105.53125
 33
0.0
  0
SOLID
  5
222
330
21C
100
AcDbEntity
  8
FD_Dimensions
 62
     0
440
 16777216
100
AcDbTrace
 10
196.049479
 20
122.03125
 30
0.0
 11
197.216146
 21
122.03125
 31
0.0
 12
196.632813
 22
125.53125
 32
0.0
 13
196.632813
 23
125.53125
 33
0.0
  0
MTEXT
  5
223
330
21C
100
AcDbEntity
  8
FD_Dimensions
 62
     0
440
 16777216
100
AcDbMText
 10
193.445807
 20
115.53125
 30
0.0
 40
3.5
 41
0.0
 46
0.0
 71
     5
 72
     1
  1
20
 11
0.0
 21
1.0
 31
0.0
 73
     1
 44
1.0
  0
POINT
  5
224
330
21C
100
AcDbEntity
  8
Defpoints
 62
     0
440
 16777216
100
AcDbPoint
 10
182.523438
 20
105.53125
 30
0.0
  0
POINT
  5
225
330
21C
100
AcDbEntity
  8
Defpoints
 62
     0
440
 16777216
100
AcDbPoint
 10
172.023438
 20
125.53125
 30
0.0
  0
POINT
  5
226
330
21C
100
AcDbEntity
  8
Defpoints
 62
     0
440
 16777216
100
AcDbPoint
 10
196.632813
 20
125.53125
 30
0.0
  0
ENDBLK
  5
227
330
21C
100
AcDbEntity
  8
0
100
AcDbBlockEnd
  0
BLOCK
  5
22A
330
229
100
AcDbEntity
  8
0
100
AcDbBlockBegin
  2
*D19
 70
     1
 10
0.0
 20
0.0
 30
0.0
  3
*D19
  1

  0
LINE
  5
22B
330
229
100
AcDbEntity
  8
FD_Dimensions
 62
     0
440
 16777216
370
    -2
100
AcDbLine
 10
146.523438
 20
103.43125
 30
0.0
 11
146.523438
 21
93.321875
 31
0.0
  0
LINE
  5
22C
330
229
100
AcDbEntity
  8
FD_Dimensions
 62
     0
440
 16777216
370
    -2
100
AcDbLine
 10
166.523438
 20
117.93125
 30
0.0
 11
166.523438
 21
93.321875
 31
0.0
  0
LINE
  5
22D
330
229
100
AcDbEntity
  8
FD_Dimensions
 62
     0
440
 16777216
370
    -2
100
AcDbLine
 10
150.023438
 20
95.421875
 30
0.0
 11
163.023438
 21
95.421875
 31
0.0
  0
SOLID
  5
22E
330
229
100
AcDbEntity
  8
FD_Dimensions
 62
     0
440
 16777216
100
AcDbTrace
 10
150.023438
 20
96.005208
 30
0.0
 11
150.023438
 21
94.838542
 31
0.0
 12
146.523438
 22
95.421875
 32
0.0
 13
146.523438
 23
95.421875
 33
0.0
  0
SOLID
  5
22F
330
229
100
AcDbEntity
  8
FD_Dimensions
 62
     0
440
 16777216
100
AcDbTrace
 10
163.023438
 20
96.005208
 30
0.0
 11
163.023438
 21
94.838542
 31
0.0
 12
166.523438
 22
95.421875
 32
0.0
 13
166.523438
 23
95.421875
 33
0.0
  0
MTEXT
  5
230
330
229
100
AcDbEntity
  8
FD_Dimensions
 62
     0
440
 16777216
100
AcDbMText
 10
156.523438
 20
98.60888
 30
0.0
 40
3.5
 41
0.0
 46
0.0
 71
     5
 72
     1
  1
20
 73
     1
 44
1.0
  0
POINT
  5
231
330
229
100
AcDbEntity
  8
Defpoints
 62
     0
440
 16777216
100
AcDbPoint
 10
146.523438
 20
105.53125
 30
0.0
  0
POINT
  5
232
330
229
100
AcDbEntity
  8
Defpoints
 62
     0
440
 16777216
100
AcDbPoint
 10
166.523438
 20
120.03125
 30
0.0
  0
POINT
  5
233
330
229
100
AcDbEntity
  8
Defpoints
 62
     0
440
 16777216
100
AcDbPoint
 10
166.523438
 20
95.421875
 30
0.0
  0
ENDBLK
  5
234
330
229
100
AcDbEntity
  8
0
100
AcDbBlockEnd
  0
BLOCK
  5
237
330
236
100
AcDbEntity
  8
0
100
AcDbBlockBegin
  2
*D20
 70
     1
 10
0.0
 20
0.0
 30
0.0
  3
*D20
  1

  0
LINE
  5
238
330
236
100
AcDbEntity
  8
FD_Dimensions
 62
     0
440
 16777216
370
    -2
100
AcDbLine
 10
154.281186
 20
158.588451
 30
0.0
 11
171.159014
 21
129.593208
 31
0.0
  0
LINE
  5
239
330
236
100
AcDbEntity
  8
FD_Dimensions
 62
     0
440
 16777216
370
    -2
100
AcDbLine
 10
175.887861
 20
121.469292
 30
0.0
 11
177.648602
 21
118.44443
 31
0.0
  0
MTEXT
  5
23A
330
236
100
AcDbEntity
  8
FD_Dimensions
 62
     0
440
 16777216
100
AcDbMText
 10
160.381475
 20
154.638173
 30
0.0
 40
3.5
 41
0.0
 46
0.0
 71
     5
 72
     1
  1
∅2.4
 11
0.503069
 21
-0.864246
 31
0.0
 73
     1
 44
1.0
  0
LINE
  5
23B
330
236
100
AcDbEntity
  8
FD_Dimensions
 62
     0
440
 16777216
370
    -2
100
AcDbLine
 10
174.12712
 20
124.494154
 30
0.0
 11
172.919755
 21
126.568346
 31
0.0
  0
SOLID
  5
23C
330
236
100
AcDbEntity
  8
FD_Dimensions
 62
     0
440
 16777216
100
AcDbTrace
 10
176.392005
 20
121.762749
 30
0.0
 11
175.383717
 21
121.175835
 31
0.0
 12
174.12712
 22
124.494154
 32
0.0
 13
174.12712
 23
124.494154
 33
0.0
  0
SOLID
  5
23D
330
236
100
AcDbEntity
  8
FD_Dimensions
 62
     0
440
 16777216
100
AcDbTrace
 10
171.663158
 20
129.886665
 30
0.0
 11
170.65487
 21
129.299751
 31
0.0
 12
172.919755
 22
126.568346
 32
0.0
 13
172.919755
 23
126.568346
 33
0.0
  0
POINT
  5
23E
330
236
100
AcDbEntity
  8
Defpoints
 62
     0
440
 16777216
100
AcDbPoint
 10
172.919755
 20
126.568346
 30
0.0
  0
POINT
  5
23F
330
236
100
AcDbEntity
  8
Defpoints
 62
     0
440
 16777216
100
AcDbPoint
 10
174.12712
 20
124.494154
 30
0.0
  0
ENDBLK
  5
240
330
236
100
AcDbEntity
  8
0
100
AcDbBlockEnd
  0
BLOCK
  5
243
330
242
100
AcDbEntity
  8
0
100
AcDbBlockBegin
  2
*D21
 70
     1
 10
0.0
 20
0.0
 30
0.0
  3
*D21
  1

  0
LINE
  5
244
330
242
100
AcDbEntity
  8
FD_Dimensions
 62
     0
440
 16777216
370
    -2
100
AcDbLine
 10
141.673938
 20
151.318466
 30
0.0
 11
162.707025
 21
129.491678
 31
0.0
  0
LINE
  5
245
330
242
100
AcDbEntity
  8
FD_Dimensions
 62
     0
440
 16777216
370
    -2
100
AcDbLine
 10
170.33985
 20
121.570822
 30
0.0
 11
172.768477
 21
119.050549
 31
0.0
  0
MTEXT
  5
246
330
242
100
AcDbEntity
  8
FD_Dimensions
 62
     0
440
 16777216
100
AcDbMText
 10
147.122975
 20
150.397805
 30
0.0
 40
3.5
 41
0.0
 46
0.0
 71
     5
 72
     1
  1
∅4
 11
0.693893
 21
-0.720078
 31
0.0
 73
     1
 44
1.0
  0
LINE
  5
247
330
242
100
AcDbEntity
  8
FD_Dimensions
 62
     0
440
 16777216
370
    -2
100
AcDbLine
 10
167.911224
 20
124.091094
 30
0.0
 11
165.135651
 21
126.971406
 31
0.0
  0
SOLID
  5
248
330
242
100
AcDbEntity
  8
FD_Dimensions
 62
     0
440
 16777216
100
AcDbTrace
 10
170.759896
 20
121.975593
 30
0.0
 11
169.919805
 21
121.166051
 31
0.0
 12
167.911224
 22
124.091094
 32
0.0
 13
167.911224
 23
124.091094
 33
0.0
  0
SOLID
  5
249
330
242
100
AcDbEntity
  8
FD_Dimensions
 62
     0
440
 16777216
100
AcDbTrace
 10
163.12707
 20
129.896449
 30
0.0
 11
162.286979
 21
129.086907
 31
0.0
 12
165.135651
 22
126.971406
 32
0.0
 13
165.135651
 23
126.971406
 33
0.0
  0
POINT
  5
24A
330
242
100
AcDbEntity
  8
Defpoints
 62
     0
440
 16777216
100
AcDbPoint
 10
165.135651
 20
126.971406
 30
0.0
  0
POINT
  5
24B
330
242
100
AcDbEntity
  8
Defpoints
 62
     0
440
 16777216
100
AcDbPoint
 10
167.911224
 20
124.091094
 30
0.0
  0
ENDBLK
  5
24C
330
242
100
AcDbEntity
  8
0
100
AcDbBlockEnd
  0
BLOCK
  5
24F
330
24E
100
AcDbEntity
  8
0
100
AcDbBlockBegin
  2
*D22
 70
     1
 10
0.0
 20
0.0
 30
0.0
  3
*D22
  1

  0
LINE
  5
250
330
24E
100
AcDbEntity
  8
FD_Dimensions
 62
     0
440
 16777216
370
    -2
100
AcDbLine
 10
223.9375
 20
103.43125
 30
0.0
 11
223.9375
 21
72.196875
 31
0.0
  0
LINE
  5
251
330
24E
100
AcDbEntity
  8
FD_Dimensions
 62
     0
440
 16777216
370
    -2
100
AcDbLine
 10
251.9375
 20
109.93125
 30
0.0
 11
251.9375
 21
72.196875
 31
0.0
  0
LINE
  5
252
330
24E
100
AcDbEntity
  8
FD_Dimensions
 62
     0
440
 16777216
370
    -2
100
AcDbLine
 10
227.4375
 20
74.296875
 30
0.0
 11
248.4375
 21
74.296875
 31
0.0
  0
SOLID
  5
253
330
24E
100
AcDbEntity
  8
FD_Dimensions
 62
     0
440
 16777216
100
AcDbTrace
 10
227.4375
 20
74.880208
 30
0.0
 11
227.4375
 21
73.713542
 31
0.0
 12
223.9375
 22
74.296875
 32
0.0
 13
223.9375
 23
74.296875
 33
0.0
  0
SOLID
  5
254
330
24E
100
AcDbEntity
  8
FD_Dimensions
 62
     0
440
 16777216
100
AcDbTrace
 10
248.4375
 20
74.880208
 30
0.0
 11
248.4375
 21
73.713542
 31
0.0
 12
251.9375
 22
74.296875
 32
0.0
 13
251.9375
 23
74.296875
 33
0.0
  0
MTEXT
  5
255
330
24E
100
AcDbEntity
  8
FD_Dimensions
 62
     0
440
 16777216
100
AcDbMText
 10
237.9375
 20
77.48388
 30
0.0
 40
3.5
 41
0.0
 46
0.0
 71
     5
 72
     1
  1
28
 73
     1
 44
1.0
  0
POINT
  5
256
330
24E
100
AcDbEntity
  8
Defpoints
 62
     0
440
 16777216
100
AcDbPoint
 10
223.9375
 20
105.53125
 30
0.0
  0
POINT
  5
257
330
24E
100
AcDbEntity
  8
Defpoints
 62
     0
440
 16777216
100
AcDbPoint
 10
251.9375
 20
112.03125
 30
0.0
  0
POINT
  5
258
330
24E
100
AcDbEntity
  8
Defpoints
 62
     0
440
 16777216
100
AcDbPoint
 10
251.9375
 20
74.296875
 30
0.0
  0
ENDBLK
  5
259
330
24E
100
AcDbEntity
  8
0
100
AcDbBlockEnd
  0
BLOCK
  5
25C
330
25B
100
AcDbEntity
  8
0
100
AcDbBlockBegin
  2
*D23
 70
     1
 10
0.0
 20
0.0
 30
0.0
  3
*D23
  1

  0
LINE
  5
25D
330
25B
100
AcDbEntity
  8
FD_Dimensions
 62
     0
440
 16777216
370
    -2
100
AcDbLine
 10
226.0375
 20
105.53125
 30
0.0
 11
297.514063
 21
105.53125
 31
0.0
  0
LINE
  5
25E
330
25B
100
AcDbEntity
  8
FD_Dimensions
 62
     0
440
 16777216
370
    -2
100
AcDbLine
 10
254.0375
 20
131.53125
 30
0.0
 11
297.514063
 21
131.53125
 31
0.0
  0
LINE
  5
25F
330
25B
100
AcDbEntity
  8
FD_Dimensions
 62
     0
440
 16777216
370
    -2
100
AcDbLine
 10
295.414063
 20
109.03125
 30
0.0
 11
295.414063
 21
128.03125
 31
0.0
  0
SOLID
  5
260
330
25B
100
AcDbEntity
  8
FD_Dimensions
 62
     0
440
 16777216
100
AcDbTrace
 10
294.830729
 20
109.03125
 30
0.0
 11
295.997396
 21
109.03125
 31
0.0
 12
295.414063
 22
105.53125
 32
0.0
 13
295.414063
 23
105.53125
 33
0.0
  0
SOLID
  5
261
330
25B
100
AcDbEntity
  8
FD_Dimensions
 62
     0
440
 16777216
100
AcDbTrace
 10
294.830729
 20
128.03125
 30
0.0
 11
295.997396
 21
128.03125
 31
0.0
 12
295.414063
 22
131.53125
 32
0.0
 13
295.414063
 23
131.53125
 33
0.0
  0
MTEXT
  5
262
330
25B
100
AcDbEntity
  8
FD_Dimensions
 62
     0
440
 16777216
100
AcDbMText
 10
292.227057
 20
118.53125
 30
0.0
 40
3.5
 41
0.0
 46
0.0
 71
     5
 72
     1
  1
26
 11
0.0
 21
1.0
 31
0.0
 73
     1
 44
1.0
  0
POINT
  5
263
330
25B
100
AcDbEntity
  8
Defpoints
 62
     0
440
 16777216
100
AcDbPoint
 10
223.9375
 20
105.53125
 30
0.0
  0
POINT
  5
264
330
25B
100
AcDbEntity
  8
Defpoints
 62
     0
440
 16777216
100
AcDbPoint
 10
251.9375
 20
131.53125
 30
0.0
  0
POINT
  5
265
330
25B
100
AcDbEntity
  8
Defpoints
 62
     0
440
 16777216
100
AcDbPoint
 10
295.414063
 20
131.53125
 30
0.0
  0
ENDBLK
  5
266
330
25B
100
AcDbEntity
  8
0
100
AcDbBlockEnd
  0
BLOCK
  5
269
330
268
100
AcDbEntity
  8
0
100
AcDbBlockBegin
  2
*D24
 70
     1
 10
0.0
 20
0.0
 30
0.0
  3
*D24
  1

  0
LINE
  5
26A
330
268
100
AcDbEntity
  8
FD_Dimensions
 62
     0
440
 16777216
370
    -2
100
AcDbLine
 10
221.8375
 20
105.53125
 30
0.0
 11
211.790625
 21
105.53125
 31
0.0
  0
LINE
  5
26B
330
268
100
AcDbEntity
  8
FD_Dimensions
 62
     0
440
 16777216
370
    -2
100
AcDbLine
 10
229.8375
 20
115.53125
 30
0.0
 11
211.790625
 21
115.53125
 31
0.0
  0
LINE
  5
26C
330
268
100
AcDbEntity
  8
FD_Dimensions
 62
     0
440
 16777216
370
    -2
100
AcDbLine
 10
213.890625
 20
109.03125
 30
0.0
 11
213.890625
 21
112.03125
 31
0.0
  0
SOLID
  5
26D
330
268
100
AcDbEntity
  8
FD_Dimensions
 62
     0
440
 16777216
100
AcDbTrace
 10
213.307292
 20
109.03125
 30
0.0
 11
214.473958
 21
109.03125
 31
0.0
 12
213.890625
 22
105.53125
 32
0.0
 13
213.890625
 23
105.53125
 33
0.0
  0
SOLID
  5
26E
330
268
100
AcDbEntity
  8
FD_Dimensions
 62
     0
440
 16777216
100
AcDbTrace
 10
213.307292
 20
112.03125
 30
0.0
 11
214.473958
 21
112.03125
 31
0.0
 12
213.890625
 22
115.53125
 32
0.0
 13
213.890625
 23
115.53125
 33
0.0
  0
MTEXT
  5
26F
330
268
100
AcDbEntity
  8
FD_Dimensions
 62
     0
440
 16777216
100
AcDbMText
 10
210.70362
 20
110.53125
 30
0.0
 40
3.5
 41
0.0
 46
0.0
 71
     5
 72
     1
  1
10
 11
0.0
 21
1.0
 31
0.0
 73
     1
 44
1.0
  0
POINT
  5
270
330
268
100
AcDbEntity
  8
Defpoints
 62
     0
440
 16777216
100
AcDbPoint
 10
223.9375
 20
105.53125
 30
0.0
  0
POINT
  5
271
330
268
100
AcDbEntity
  8
Defpoints
 62
     0
440
 16777216
100
AcDbPoint
 10
231.9375
 20
115.53125
 30
0.0
  0
POINT
  5
272
330
268
100
AcDbEntity
  8
Defpoints
 62
     0
440
 16777216
100
AcDbPoint
 10
213.890625
 20
115.53125
 30
0.0
  0
ENDBLK
  5
273
330
268
100
AcDbEntity
  8
0
100
AcDbBlockEnd
  0
BLOCK
  5
276
330
275
100
AcDbEntity
  8
0
100
AcDbBlockBegin
  2
*D25
 70
     1
 10
0.0
 20
0.0
 30
0.0
  3
*D25
  1

  0
LINE
  5
277
330
275
100
AcDbEntity
  8
FD_Dimensions
 62
     0
440
 16777216
370
    -2
100
AcDbLine
 10
223.9375
 20
103.43125
 30
0.0
 11
223.9375
 21
82.259375
 31
0.0
  0
LINE
  5
278
330
275
100
AcDbEntity
  8
FD_Dimensions
 62
     0
440
 16777216
370
    -2
100
AcDbLine
 10
231.9375
 20
113.43125
 30
0.0
 11
231.9375
 21
82.259375
 31
0.0
  0
LINE
  5
279
330
275
100
AcDbEntity
  8
FD_Dimensions
 62
     0
440
 16777216
370
    -2
100
AcDbLine
 10
220.4375
 20
84.359375
 30
0.0
 11
216.9375
 21
84.359375
 31
0.0
  0
LINE
  5
27A
330
275
100
AcDbEntity
  8
FD_Dimensions
 62
     0
440
 16777216
370
    -2
100
AcDbLine
 10
235.4375
 20
84.359375
 30
0.0
 11
238.9375
 21
84.359375
 31
0.0
  0
LINE
  5
27B
330
275
100
AcDbEntity
  8
FD_Dimensions
 62
     0
440
 16777216
370
    -2
100
AcDbLine
 10
223.9375
 20
84.359375
 30
0.0
 11
231.9375
 21
84.359375
 31
0.0
  0
SOLID
  5
27C
330
275
100
AcDbEntity
  8
FD_Dimensions
 62
     0
440
 16777216
100
AcDbTrace
 10
220.4375
 20
84.942708
 30
0.0
 11
220.4375
 21
83.776042
 31
0.0
 12
223.9375
 22
84.359375
 32
0.0
 13
223.9375
 23
84.359375
 33
0.0
  0
SOLID
  5
27D
330
275
100
AcDbEntity
  8
FD_Dimensions
 62
     0
440
 16777216
100
AcDbTrace
 10
235.4375
 20
84.942708
 30
0.0
 11
235.4375
 21
83.776042
 31
0.0
 12
231.9375
 22
84.359375
 32
0.0
 13
231.9375
 23
84.359375
 33
0.0
  0
MTEXT
  5
27E
330
275
100
AcDbEntity
  8
FD_Dimensions
 62
     0
440
 16777216
100
AcDbMText
 10
227.9375
 20
87.54638
 30
0.0
 40
3.5
 41
0.0
 46
0.0
 71
     5
 72
     1
  1
8
 73
     1
 44
1.0
  0
POINT
  5
27F
330
275
100
AcDbEntity
  8
Defpoints
 62
     0
440
 16777216
100
AcDbPoint
 10
223.9375
 20
105.53125
 30
0.0
  0
POINT
  5
280
330
275
100
AcDbEntity
  8
Defpoints
 62
     0
440
 16777216
100
AcDbPoint
 10
231.9375
 20
115.53125
 30
0.0
  0
POINT
  5
281
330
275
100
AcDbEntity
  8
Defpoints
 62
     0
440
 16777216
100
AcDbPoint
 10
231.9375
 20
84.359375
 30
0.0
  0
ENDBLK
  5
282
330
275
100
AcDbEntity
  8
0
100
AcDbBlockEnd
  0
BLOCK
  5
285
330
284
100
AcDbEntity
  8
0
100
AcDbBlockBegin
  2
*D26
 70
     1
 10
0.0
 20
0.0
 30
0.0
  3
*D26
  1

  0
LINE
  5
286
330
284
100
AcDbEntity
  8
FD_Dimensions
 62
     0
440
 16777216
370
    -2
100
AcDbLine
 10
226.0375
 20
105.53125
 30
0.0
 11
276.185938
 21
105.53125
 31
0.0
  0
LINE
  5
287
330
284
100
AcDbEntity
  8
FD_Dimensions
 62
     0
440
 16777216
370
    -2
100
AcDbLine
 10
254.0375
 20
112.03125
 30
0.0
 11
276.185938
 21
112.03125
 31
0.0
  0
LINE
  5
288
330
284
100
AcDbEntity
  8
FD_Dimensions
 62
     0
440
 16777216
370
    -2
100
AcDbLine
 10
274.085938
 20
102.03125
 30
0.0
 11
274.085938
 21
98.53125
 31
0.0
  0
LINE
  5
289
330
284
100
AcDbEntity
  8
FD_Dimensions
 62
     0
440
 16777216
370
    -2
100
AcDbLine
 10
274.085938
 20
115.53125
 30
0.0
 11
274.085938
 21
128.248712
 31
0.0
  0
LINE
  5
28A
330
284
100
AcDbEntity
  8
FD_Dimensions
 62
     0
440
 16777216
370
    -2
100
AcDbLine
 10
274.085938
 20
105.53125
 30
0.0
 11
274.085938
 21
112.03125
 31
0.0
  0
SOLID
  5
28B
330
284
100
AcDbEntity
  8
FD_Dimensions
 62
     0
440
 16777216
100
AcDbTrace
 10
273.502604
 20
102.03125
 30
0.0
 11
274.669271
 21
102.03125
 31
0.0
 12
274.085938
 22
105.53125
 32
0.0
 13
274.085938
 23
105.53125
 33
0.0
  0
SOLID
  5
28C
330
284
100
AcDbEntity
  8
FD_Dimensions
 62
     0
440
 16777216
100
AcDbTrace
 10
273.502604
 20
115.53125
 30
0.0
 11
274.669271
 21
115.53125
 31
0.0
 12
274.085938
 22
112.03125
 32
0.0
 13
274.085938
 23
112.03125
 33
0.0
  0
MTEXT
  5
28D
330
284
100
AcDbEntity
  8
FD_Dimensions
 62
     0
440
 16777216
100
AcDbMText
 10
270.898932
 20
123.639981
 30
0.0
 40
3.5
 41
0.0
 46
0.0
 71
     5
 72
     1
  1
6.5
 11
0.0
 21
1.0
 31
0.0
 73
     1
 44
1.0
  0
POINT
  5
28E
330
284
100
AcDbEntity
  8
Defpoints
 62
     0
440
 16777216
100
AcDbPoint
 10
223.9375
 20
105.53125
 30
0.0
  0
POINT
  5
28F
330
284
100
AcDbEntity
  8
Defpoints
 62
     0
440
 16777216
100
AcDbPoint
 10
251.9375
 20
112.03125
 30
0.0
  0
POINT
  5
290
330
284
100
AcDbEntity
  8
Defpoints
 62
     0
440
 16777216
100
AcDbPoint
 10
274.085938
 20
112.03125
 30
0.0
  0
ENDBLK
  5
291
330
284
100
AcDbEntity
  8
0
100
AcDbBlockEnd
  0
BLOCK
  5
294
330
293
100
AcDbEntity
  8
0
100
AcDbBlockBegin
  2
*D27
 70
     1
 10
0.0
 20
0.0
 30
0.0
  3
*D27
  1

  0
LINE
  5
295
330
293
100
AcDbEntity
  8
FD_Dimensions
 62
     0
440
 16777216
370
    -2
100
AcDbLine
 10
146.523438
 20
196.329688
 30
0.0
 11
146.523438
 21
181.564063
 31
0.0
  0
LINE
  5
296
330
293
100
AcDbEntity
  8
FD_Dimensions
 62
     0
440
 16777216
370
    -2
100
AcDbLine
 10
182.523438
 20
196.329688
 30
0.0
 11
182.523438
 21
181.564063
 31
0.0
  0
LINE
  5
297
330
293
100
AcDbEntity
  8
FD_Dimensions
 62
     0
440
 16777216
370
    -2
100
AcDbLine
 10
150.023438
 20
183.664063
 30
0.0
 11
179.023438
 21
183.664063
 31
0.0
  0
SOLID
  5
298
330
293
100
AcDbEntity
  8
FD_Dimensions
 62
     0
440
 16777216
100
AcDbTrace
 10
150.023438
 20
184.247396
 30
0.0
 11
150.023438
 21
183.080729
 31
0.0
 12
146.523438
 22
183.664063
 32
0.0
 13
146.523438
 23
183.664063
 33
0.0
  0
SOLID
  5
299
330
293
100
AcDbEntity
  8
FD_Dimensions
 62
     0
440
 16777216
100
AcDbTrace
 10
179.023438
 20
184.247396
 30
0.0
 11
179.023438
 21
183.080729
 31
0.0
 12
182.523438
 22
183.664063
 32
0.0
 13
182.523438
 23
183.664063
 33
0.0
  0
MTEXT
  5
29A
330
293
100
AcDbEntity
  8
FD_Dimensions
 62
     0
440
 16777216
100
AcDbMText
 10
164.523438
 20
186.852262
 30
0.0
 40
3.5
 41
0.0
 46
0.0
 71
     5
 72
     1
  1
36
 73
     1
 44
1.0
  0
POINT
  5
29B
330
293
100
AcDbEntity
  8
Defpoints
 62
     0
440
 16777216
100
AcDbPoint
 10
146.523438
 20
198.429688
 30
0.0
  0
POINT
  5
29C
330
293
100
AcDbEntity
  8
Defpoints
 62
     0
440
 16777216
100
AcDbPoint
 10
182.523438
 20
198.429688
 30
0.0
  0
POINT
  5
29D
330
293
100
AcDbEntity
  8
Defpoints
 62
     0
440
 16777216
100
AcDbPoint
 10
182.523438
 20
183.664063
 30
0.0
  0
ENDBLK
  5
29E
330
293
100
AcDbEntity
  8
0
100
AcDbBlockEnd
  0
BLOCK
  5
2A1
330
2A0
100
AcDbEntity
  8
0
100
AcDbBlockBegin
  2
*D28
 70
     1
 10
0.0
 20
0.0
 30
0.0
  3
*D28
  1

  0
LINE
  5
2A2
330
2A0
100
AcDbEntity
  8
FD_Dimensions
 62
     0
440
 16777216
370
    -2
100
AcDbLine
 10
229.8375
 20
115.53125
 30
0.0
 11
211.790625
 21
115.53125
 31
0.0
  0
LINE
  5
2A3
330
2A0
100
AcDbEntity
  8
FD_Dimensions
 62
     0
440
 16777216
370
    -2
100
AcDbLine
 10
229.8375
 20
135.53125
 30
0.0
 11
211.790625
 21
135.53125
 31
0.0
  0
LINE
  5
2A4
330
2A0
100
AcDbEntity
  8
FD_Dimensions
 62
     0
440
 16777216
370
    -2
100
AcDbLine
 10
213.890625
 20
119.03125
 30
0.0
 11
213.890625
 21
132.03125
 31
0.0
  0
SOLID
  5
2A5
330
2A0
100
AcDbEntity
  8
FD_Dimensions
 62
     0
440
 16777216
100
AcDbTrace
 10
213.307292
 20
119.03125
 30
0.0
 11
214.473958
 21
119.03125
 31
0.0
 12
213.890625
 22
115.53125
 32
0.0
 13
213.890625
 23
115.53125
 33
0.0
  0
SOLID
  5
2A6
330
2A0
100
AcDbEntity
  8
FD_Dimensions
 62
     0
440
 16777216
100
AcDbTrace
 10
213.307292
 20
132.03125
 30
0.0
 11
214.473958
 21
132.03125
 31
0.0
 12
213.890625
 22
135.53125
 32
0.0
 13
213.890625
 23
135.53125
 33
0.0
  0
MTEXT
  5
2A7
330
2A0
100
AcDbEntity
  8
FD_Dimensions
 62
     0
440
 16777216
100
AcDbMText
 10
210.70362
 20
125.53125
 30
0.0
 40
3.5
 41
0.0
 46
0.0
 71
     5
 72
     1
  1
20
 11
0.0
 21
1.0
 31
0.0
 73
     1
 44
1.0
  0
POINT
  5
2A8
330
2A0
100
AcDbEntity
  8
Defpoints
 62
     0
440
 16777216
100
AcDbPoint
 10
231.9375
 20
115.53125
 30
0.0
  0
POINT
  5
2A9
330
2A0
100
AcDbEntity
  8
Defpoints
 62
     0
440
 16777216
100
AcDbPoint
 10
231.9375
 20
135.53125
 30
0.0
  0
POINT
  5
2AA
330
2A0
100
AcDbEntity
  8
Defpoints
 62
     0
440
 16777216
100
AcDbPoint
 10
213.890625
 20
135.53125
 30
0.0
  0
ENDBLK
  5
2AB
330
2A0
100
AcDbEntity
  8
0
100
AcDbBlockEnd
  0
BLOCK
  5
2AE
330
2AD
100
AcDbEntity
  8
0
100
AcDbBlockBegin
  2
*D29
 70
     1
 10
0.0
 20
0.0
 30
0.0
  3
*D29
  1

  0
LINE
  5
2AF
330
2AD
100
AcDbEntity
  8
FD_Dimensions
 62
     0
440
 16777216
370
    -2
100
AcDbLine
 10
231.9375
 20
113.43125
 30
0.0
 11
231.9375
 21
92.103125
 31
0.0
  0
LINE
  5
2B0
330
2AD
100
AcDbEntity
  8
FD_Dimensions
 62
     0
440
 16777216
370
    -2
100
AcDbLine
 10
239.9375
 20
113.43125
 30
0.0
 11
239.9375
 21
92.103125
 31
0.0
  0
LINE
  5
2B1
330
2AD
100
AcDbEntity
  8
FD_Dimensions
 62
     0
440
 16777216
370
    -2
100
AcDbLine
 10
228.4375
 20
94.203125
 30
0.0
 11
224.9375
 21
94.203125
 31
0.0
  0
LINE
  5
2B2
330
2AD
100
AcDbEntity
  8
FD_Dimensions
 62
     0
440
 16777216
370
    -2
100
AcDbLine
 10
243.4375
 20
94.203125
 30
0.0
 11
246.9375
 21
94.203125
 31
0.0
  0
LINE
  5
2B3
330
2AD
100
AcDbEntity
  8
FD_Dimensions
 62
     0
440
 16777216
370
    -2
100
AcDbLine
 10
231.9375
 20
94.203125
 30
0.0
 11
239.9375
 21
94.203125
 31
0.0
  0
SOLID
  5
2B4
330
2AD
100
AcDbEntity
  8
FD_Dimensions
 62
     0
440
 16777216
100
AcDbTrace
 10
228.4375
 20
94.786458
 30
0.0
 11
228.4375
 21
93.619792
 31
0.0
 12
231.9375
 22
94.203125
 32
0.0
 13
231.9375
 23
94.203125
 33
0.0
  0
SOLID
  5
2B5
330
2AD
100
AcDbEntity
  8
FD_Dimensions
 62
     0
440
 16777216
100
AcDbTrace
 10
243.4375
 20
94.786458
 30
0.0
 11
243.4375
 21
93.619792
 31
0.0
 12
239.9375
 22
94.203125
 32
0.0
 13
239.9375
 23
94.203125
 33
0.0
  0
MTEXT
  5
2B6
330
2AD
100
AcDbEntity
  8
FD_Dimensions
 62
     0
440
 16777216
100
AcDbMText
 10
235.9375
 20
97.39013
 30
0.0
 40
3.5
 41
0.0
 46
0.0
 71
     5
 72
     1
  1
8
 73
     1
 44
1.0
  0
POINT
  5
2B7
330
2AD
100
AcDbEntity
  8
Defpoints
 62
     0
440
 16777216
100
AcDbPoint
 10
231.9375
 20
115.53125
 30
0.0
  0
POINT
  5
2B8
330
2AD
100
AcDbEntity
  8
Defpoints
 62
     0
440
 16777216
100
AcDbPoint
 10
239.9375
 20
115.53125
 30
0.0
  0
POINT
  5
2B9
330
2AD
100
AcDbEntity
  8
Defpoints
 62
     0
440
 16777216
100
AcDbPoint
 10
239.9375
 20
94.203125
 30
0.0
  0
ENDBLK
  5
2BA
330
2AD
100
AcDbEntity
  8
0
100
AcDbBlockEnd
  0
BLOCK
  5
2BD
330
2BC
100
AcDbEntity
  8
0
100
AcDbBlockBegin
  2
*D30
 70
     1
 10
0.0
 20
0.0
 30
0.0
  3
*D30
  1

  0
LINE
  5
2BE
330
2BC
100
AcDbEntity
  8
FD_Dimensions
 62
     0
440
 16777216
370
    -2
100
AcDbLine
 10
254.0375
 20
112.03125
 30
0.0
 11
286.85
 21
112.03125
 31
0.0
  0
LINE
  5
2BF
330
2BC
100
AcDbEntity
  8
FD_Dimensions
 62
     0
440
 16777216
370
    -2
100
AcDbLine
 10
254.0375
 20
119.53125
 30
0.0
 11
286.85
 21
119.53125
 31
0.0
  0
LINE
  5
2C0
330
2BC
100
AcDbEntity
  8
FD_Dimensions
 62
     0
440
 16777216
370
    -2
100
AcDbLine
 10
284.75
 20
108.53125
 30
0.0
 11
284.75
 21
105.03125
 31
0.0
  0
LINE
  5
2C1
330
2BC
100
AcDbEntity
  8
FD_Dimensions
 62
     0
440
 16777216
370
    -2
100
AcDbLine
 10
284.75
 20
123.03125
 30
0.0
 11
284.75
 21
135.700964
 31
0.0
  0
LINE
  5
2C2
330
2BC
100
AcDbEntity
  8
FD_Dimensions
 62
     0
440
 16777216
370
    -2
100
AcDbLine
 10
284.75
 20
112.03125
 30
0.0
 11
284.75
 21
119.53125
 31
0.0
  0
SOLID
  5
2C3
330
2BC
100
AcDbEntity
  8
FD_Dimensions
 62
     0
440
 16777216
100
AcDbTrace
 10
284.166667
 20
108.53125
 30
0.0
 11
285.333333
 21
108.53125
 31
0.0
 12
284.75
 22
112.03125
 32
0.0
 13
284.75
 23
112.03125
 33
0.0
  0
SOLID
  5
2C4
330
2BC
100
AcDbEntity
  8
FD_Dimensions
 62
     0
440
 16777216
100
AcDbTrace
 10
284.166667
 20
123.03125
 30
0.0
 11
285.333333
 21
123.03125
 31
0.0
 12
284.75
 22
119.53125
 32
0.0
 13
284.75
 23
119.53125
 33
0.0
  0
MTEXT
  5
2C5
330
2BC
100
AcDbEntity
  8
FD_Dimensions
 62
     0
440
 16777216
100
AcDbMText
 10
281.570157
 20
131.116107
 30
0.0
 40
3.5
 41
0.0
 46
0.0
 71
     5
 72
     1
  1
7.5
 11
0.0
 21
1.0
 31
0.0
 73
     1
 44
1.0
  0
POINT
  5
2C6
330
2BC
100
AcDbEntity
  8
Defpoints
 62
     0
440
 16777216
100
AcDbPoint
 10
251.9375
 20
112.03125
 30
0.0
  0
POINT
  5
2C7
330
2BC
100
AcDbEntity
  8
Defpoints
 62
     0
440
 16777216
100
AcDbPoint
 10
251.9375
 20
119.53125
 30
0.0
  0
POINT
  5
2C8
330
2BC
100
AcDbEntity
  8
Defpoints
 62
     0
440
 16777216
100
AcDbPoint
 10
284.75
 20
119.53125
 30
0.0
  0
ENDBLK
  5
2C9
330
2BC
100
AcDbEntity
  8
0
100
AcDbBlockEnd
  0
BLOCK
  5
2CC
330
2CB
100
AcDbEntity
  8
0
100
AcDbBlockBegin
  2
*D31
 70
     1
 10
0.0
 20
0.0
 30
0.0
  3
*D31
  1

  0
LINE
  5
2CD
330
2CB
100
AcDbEntity
  8
FD_Dimensions
 62
     0
440
 16777216
370
    -2
100
AcDbLine
 10
251.9375
 20
109.93125
 30
0.0
 11
251.9375
 21
92.704688
 31
0.0
  0
LINE
  5
2CE
330
2CB
100
AcDbEntity
  8
FD_Dimensions
 62
     0
440
 16777216
370
    -2
100
AcDbLine
 10
255.9375
 20
109.93125
 30
0.0
 11
255.9375
 21
92.704688
 31
0.0
  0
LINE
  5
2CF
330
2CB
100
AcDbEntity
  8
FD_Dimensions
 62
     0
440
 16777216
370
    -2
100
AcDbLine
 10
248.4375
 20
94.804688
 30
0.0
 11
244.9375
 21
94.804688
 31
0.0
  0
LINE
  5
2D0
330
2CB
100
AcDbEntity
  8
FD_Dimensions
 62
     0
440
 16777216
370
    -2
100
AcDbLine
 10
259.4375
 20
94.804688
 30
0.0
 11
268.158373
 21
94.804688
 31
0.0
  0
LINE
  5
2D1
330
2CB
100
AcDbEntity
  8
FD_Dimensions
 62
     0
440
 16777216
370
    -2
100
AcDbLine
 10
251.9375
 20
94.804688
 30
0.0
 11
255.9375
 21
94.804688
 31
0.0
  0
SOLID
  5
2D2
330
2CB
100
AcDbEntity
  8
FD_Dimensions
 62
     0
440
 16777216
100
AcDbTrace
 10
248.4375
 20
95.388021
 30
0.0
 11
248.4375
 21
94.221354
 31
0.0
 12
251.9375
 22
94.804688
 32
0.0
 13
251.9375
 23
94.804688
 33
0.0
  0
SOLID
  5
2D3
330
2CB
100
AcDbEntity
  8
FD_Dimensions
 62
     0
440
 16777216
100
AcDbTrace
 10
259.4375
 20
95.388021
 30
0.0
 11
259.4375
 21
94.221354
 31
0.0
 12
255.9375
 22
94.804688
 32
0.0
 13
255.9375
 23
94.804688
 33
0.0
  0
MTEXT
  5
2D4
330
2CB
100
AcDbEntity
  8
FD_Dimensions
 62
     0
440
 16777216
100
AcDbMText
 10
265.547937
 20
97.954688
 30
0.0
 40
3.5
 41
0.0
 46
0.0
 71
     5
 72
     1
  1
4
 73
     1
 44
1.0
  0
POINT
  5
2D5
330
2CB
100
AcDbEntity
  8
Defpoints
 62
     0
440
 16777216
100
AcDbPoint
 10
251.9375
 20
112.03125
 30
0.0
  0
POINT
  5
2D6
330
2CB
100
AcDbEntity
  8
Defpoints
 62
     0
440
 16777216
100
AcDbPoint
 10
255.9375
 20
112.03125
 30
0.0
  0
POINT
  5
2D7
330
2CB
100
AcDbEntity
  8
Defpoints
 62
     0
440
 16777216
100
AcDbPoint
 10
255.9375
 20
94.804688
 30
0.0
  0
ENDBLK
  5
2D8
330
2CB
100
AcDbEntity
  8
0
100
AcDbBlockEnd
  0
BLOCK
  5
2DB
330
2DA
100
AcDbEntity
  8
0
100
AcDbBlockBegin
  2
*D32
 70
     1
 10
0.0
 20
0.0
 30
0.0
  3
*D32
  1

  0
LINE
  5
2DC
330
2DA
100
AcDbEntity
  8
FD_Dimensions
 62
     0
440
 16777216
370
    -2
100
AcDbLine
 10
144.423438
 20
194.429688
 30
0.0
 11
133.759375
 21
194.429688
 31
0.0
  0
LINE
  5
2DD
330
2DA
100
AcDbEntity
  8
FD_Dimensions
 62
     0
440
 16777216
370
    -2
100
AcDbLine
 10
144.423438
 20
198.429688
 30
0.0
 11
133.759375
 21
198.429688
 31
0.0
  0
LINE
  5
2DE
330
2DA
100
AcDbEntity
  8
FD_Dimensions
 62
     0
440
 16777216
370
    -2
100
AcDbLine
 10
135.859375
 20
190.929688
 30
0.0
 11
135.859375
 21
187.429688
 31
0.0
  0
LINE
  5
2DF
330
2DA
100
AcDbEntity
  8
FD_Dimensions
 62
     0
440
 16777216
370
    -2
100
AcDbLine
 10
135.859375
 20
201.929688
 30
0.0
 11
135.859375
 21
210.650561
 31
0.0
  0
LINE
  5
2E0
330
2DA
100
AcDbEntity
  8
FD_Dimensions
 62
     0
440
 16777216
370
    -2
100
AcDbLine
 10
135.859375
 20
194.429688
 30
0.0
 11
135.859375
 21
198.429688
 31
0.0
  0
SOLID
  5
2E1
330
2DA
100
AcDbEntity
  8
FD_Dimensions
 62
     0
440
 16777216
100
AcDbTrace
 10
135.276042
 20
190.929688
 30
0.0
 11
136.442708
 21
190.929688
 31
0.0
 12
135.859375
 22
194.429688
 32
0.0
 13
135.859375
 23
194.429688
 33
0.0
  0
SOLID
  5
2E2
330
2DA
100
AcDbEntity
  8
FD_Dimensions
 62
     0
440
 16777216
100
AcDbTrace
 10
135.276042
 20
201.929688
 30
0.0
 11
136.442708
 21
201.929688
 31
0.0
 12
135.859375
 22
198.429688
 32
0.0
 13
135.859375
 23
198.429688
 33
0.0
  0
MTEXT
  5
2E3
330
2DA
100
AcDbEntity
  8
FD_Dimensions
 62
     0
440
 16777216
100
AcDbMText
 10
132.709375
 20
208.040124
 30
0.0
 40
3.5
 41
0.0
 46
0.0
 71
     5
 72
     1
  1
4
 11
0.0
 21
1.0
 31
0.0
 73
     1
 44
1.0
  0
POINT
  5
2E4
330
2DA
100
AcDbEntity
  8
Defpoints
 62
     0
440
 16777216
100
AcDbPoint
 10
146.523438
 20
194.429688
 30
0.0
  0
POINT
  5
2E5
330
2DA
100
AcDbEntity
  8
Defpoints
 62
     0
440
 16777216
100
AcDbPoint
 10
146.523438
 20
198.429688
 30
0.0
  0
POINT
  5
2E6
330
2DA
100
AcDbEntity
  8
Defpoints
 62
     0
440
 16777216
100
AcDbPoint
 10
135.859375
 20
198.429688
 30
0.0
  0
ENDBLK
  5
2E7
330
2DA
100
AcDbEntity
  8
0
100
AcDbBlockEnd
  0
BLOCK
  5
2EA
330
2E9
100
AcDbEntity
  8
0
100
AcDbBlockBegin
  2
*D33
 70
     1
 10
0.0
 20
0.0
 30
0.0
  3
*D33
  1

  0
LINE
  5
720
330
2E9
100
AcDbEntity
  8
FD_Dimensions
 62
     0
440
 16777216
370
    -2
100
AcDbLine
 10
146.523438
 20
103.43125
 30
0.0
 11
146.523438
 21
82.923438
 31
0.0
  0
LINE
  5
721
330
2E9
100
AcDbEntity
  8
FD_Dimensions
 62
     0
440
 16777216
370
    -2
100
AcDbLine
 10
186.523438
 20
103.43125
 30
0.0
 11
186.523438
 21
82.923438
 31
0.0
  0
LINE
  5
722
330
2E9
100
AcDbEntity
  8
FD_Dimensions
 62
     0
440
 16777216
370
    -2
100
AcDbLine
 10
150.023438
 20
85.023438
 30
0.0
 11
183.023438
 21
85.023438
 31
0.0
  0
SOLID
  5
723
330
2E9
100
AcDbEntity
  8
FD_Dimensions
 62
     0
440
 16777216
100
AcDbTrace
 10
150.023438
 20
85.606771
 30
0.0
 11
150.023438
 21
84.440104
 31
0.0
 12
146.523438
 22
85.023438
 32
0.0
 13
146.523438
 23
85.023438
 33
0.0
  0
SOLID
  5
724
330
2E9
100
AcDbEntity
  8
FD_Dimensions
 62
     0
440
 16777216
100
AcDbTrace
 10
183.023438
 20
85.606771
 30
0.0
 11
183.023438
 21
84.440104
 31
0.0
 12
186.523438
 22
85.023438
 32
0.0
 13
186.523438
 23
85.023438
 33
0.0
  0
MTEXT
  5
725
330
2E9
100
AcDbEntity
  8
FD_Dimensions
 62
     0
440
 16777216
100
AcDbMText
 10
166.523438
 20
88.210443
 30
0.0
 40
3.5
 41
0.0
 46
0.0
 71
     5
 72
     1
  1
40
 73
     1
 44
1.0
  0
POINT
  5
726
330
2E9
100
AcDbEntity
  8
Defpoints
 62
     0
440
 16777216
100
AcDbPoint
 10
146.523438
 20
105.53125
 30
0.0
  0
POINT
  5
727
330
2E9
100
AcDbEntity
  8
Defpoints
 62
     0
440
 16777216
100
AcDbPoint
 10
186.523438
 20
105.53125
 30
0.0
  0
POINT
  5
728
330
2E9
100
AcDbEntity
  8
Defpoints
 62
     0
440
 16777216
100
AcDbPoint
 10
186.523438
 20
85.023438
 30
0.0
  0
ENDBLK
  5
2EB
330
2E9
100
AcDbEntity
  8
0
100
AcDbBlockEnd
  0
BLOCK
  5
2F6
330
2F5
100
AcDbEntity
  8
0
100
AcDbBlockBegin
  2
*D34
 70
     1
 10
0.0
 20
0.0
 30
0.0
  3
*D34
  1

  0
LINE
  5
729
330
2F5
100
AcDbEntity
  8
FD_Dimensions
 62
     0
440
 16777216
370
    -2
100
AcDbLine
 10
144.423438
 20
105.53125
 30
0.0
 11
133.759375
 21
105.53125
 31
0.0
  0
LINE
  5
72A
330
2F5
100
AcDbEntity
  8
FD_Dimensions
 62
     0
440
 16777216
370
    -2
100
AcDbLine
 10
144.423438
 20
145.53125
 30
0.0
 11
133.759375
 21
145.53125
 31
0.0
  0
LINE
  5
72B
330
2F5
100
AcDbEntity
  8
FD_Dimensions
 62
     0
440
 16777216
370
    -2
100
AcDbLine
 10
135.859375
 20
109.03125
 30
0.0
 11
135.859375
 21
142.03125
 31
0.0
  0
SOLID
  5
72C
330
2F5
100
AcDbEntity
  8
FD_Dimensions
 62
     0
440
 16777216
100
AcDbTrace
 10
135.276042
 20
109.03125
 30
0.0
 11
136.442708
 21
109.03125
 31
0.0
 12
135.859375
 22
105.53125
 32
0.0
 13
135.859375
 23
105.53125
 33
0.0
  0
SOLID
  5
72D
330
2F5
100
AcDbEntity
  8
FD_Dimensions
 62
     0
440
 16777216
100
AcDbTrace
 10
135.276042
 20
142.03125
 30
0.0
 11
136.442708
 21
142.03125
 31
0.0
 12
135.859375
 22
145.53125
 32
0.0
 13
135.859375
 23
145.53125
 33
0.0
  0
MTEXT
  5
72E
330
2F5
100
AcDbEntity
  8
FD_Dimensions
 62
     0
440
 16777216
100
AcDbMText
 10
132.67237
 20
125.53125
 30
0.0
 40
3.5
 41
0.0
 46
0.0
 71
     5
 72
     1
  1
40
 11
0.0
 21
1.0
 31
0.0
 73
     1
 44
1.0
  0
POINT
  5
72F
330
2F5
100
AcDbEntity
  8
Defpoints
 62
     0
440
 16777216
100
AcDbPoint
 10
146.523438
 20
105.53125
 30
0.0
  0
POINT
  5
730
330
2F5
100
AcDbEntity
  8
Defpoints
 62
     0
440
 16777216
100
AcDbPoint
 10
146.523438
 20
145.53125
 30
0.0
  0
POINT
  5
731
330
2F5
100
AcDbEntity
  8
Defpoints
 62
     0
440
 16777216
100
AcDbPoint
 10
135.859375
 20
145.53125
 30
0.0
  0
ENDBLK
  5
2F7
330
2F5
100
AcDbEntity
  8
0
100
AcDbBlockEnd
  0
BLOCK
  5
302
330
301
100
AcDbEntity
  8
0
100
AcDbBlockBegin
  2
*D35
 70
     1
 10
0.0
 20
0.0
 30
0.0
  3
*D35
  1

  0
LINE
  5
732
330
301
100
AcDbEntity
  8
FD_Dimensions
 62
     0
440
 16777216
370
    -2
100
AcDbLine
 10
223.9375
 20
103.43125
 30
0.0
 11
223.9375
 21
62.415625
 31
0.0
  0
LINE
  5
733
330
301
100
AcDbEntity
  8
FD_Dimensions
 62
     0
440
 16777216
370
    -2
100
AcDbLine
 10
263.9375
 20
103.43125
 30
0.0
 11
263.9375
 21
62.415625
 31
0.0
  0
LINE
  5
734
330
301
100
AcDbEntity
  8
FD_Dimensions
 62
     0
440
 16777216
370
    -2
100
AcDbLine
 10
227.4375
 20
64.515625
 30
0.0
 11
260.4375
 21
64.515625
 31
0.0
  0
SOLID
  5
735
330
301
100
AcDbEntity
  8
FD_Dimensions
 62
     0
440
 16777216
100
AcDbTrace
 10
227.4375
 20
65.098958
 30
0.0
 11
227.4375
 21
63.932292
 31
0.0
 12
223.9375
 22
64.515625
 32
0.0
 13
223.9375
 23
64.515625
 33
0.0
  0
SOLID
  5
736
330
301
100
AcDbEntity
  8
FD_Dimensions
 62
     0
440
 16777216
100
AcDbTrace
 10
260.4375
 20
65.098958
 30
0.0
 11
260.4375
 21
63.932292
 31
0.0
 12
263.9375
 22
64.515625
 32
0.0
 13
263.9375
 23
64.515625
 33
0.0
  0
MTEXT
  5
737
330
301
100
AcDbEntity
  8
FD_Dimensions
 62
     0
440
 16777216
100
AcDbMText
 10
243.9375
 20
67.70263
 30
0.0
 40
3.5
 41
0.0
 46
0.0
 71
     5
 72
     1
  1
40
 73
     1
 44
1.0
  0
POINT
  5
738
330
301
100
AcDbEntity
  8
Defpoints
 62
     0
440
 16777216
100
AcDbPoint
 10
223.9375
 20
105.53125
 30
0.0
  0
POINT
  5
739
330
301
100
AcDbEntity
  8
Defpoints
 62
     0
440
 16777216
100
AcDbPoint
 10
263.9375
 20
105.53125
 30
0.0
  0
POINT
  5
73A
330
301
100
AcDbEntity
  8
Defpoints
 62
     0
440
 16777216
100
AcDbPoint
 10
263.9375
 20
64.515625
 30
0.0
  0
ENDBLK
  5
303
330
301
100
AcDbEntity
  8
0
100
AcDbBlockEnd
  0
BLOCK
  5
30E
330
30D
100
AcDbEntity
  8
0
100
AcDbBlockBegin
  2
*D36
 70
     1
 10
0.0
 20
0.0
 30
0.0
  3
*D36
  1

  0
LINE
  5
73B
330
30D
100
AcDbEntity
  8
FD_Dimensions
 62
     0
440
 16777216
370
    -2
100
AcDbLine
 10
166.523438
 20
139.33125
 30
0.0
 11
166.523438
 21
170.503125
 31
0.0
  0
LINE
  5
73C
330
30D
100
AcDbEntity
  8
FD_Dimensions
 62
     0
440
 16777216
370
    -2
100
AcDbLine
 10
152.723438
 20
125.53125
 30
0.0
 11
121.551563
 21
125.53125
 31
0.0
  0
ARC
  5
73D
330
30D
100
AcDbEntity
  8
FD_Dimensions
 62
     0
440
 16777216
370
    -2
100
AcDbCircle
 10
166.523438
 20
125.53125
 30
0.0
 40
42.87187499999999
100
AcDbArc
 50
94.678847
 51
175.321153
  0
SOLID
  5
73E
330
30D
100
AcDbEntity
  8
FD_Dimensions
 62
     0
440
 16777216
100
AcDbTrace
 10
163.002543
 20
168.843105
 30
0.0
 11
163.050166
 21
167.67741
 31
0.0
 12
166.523438
 22
168.403125
 32
0.0
 13
166.523438
 23
168.403125
 33
0.0
  0
SOLID
  5
73F
330
30D
100
AcDbEntity
  8
FD_Dimensions
 62
     0
440
 16777216
100
AcDbTrace
 10
124.377277
 20
129.004522
 30
0.0
 11
123.211583
 21
129.052144
 31
0.0
 12
123.651563
 22
125.53125
 32
0.0
 13
123.651563
 23
125.53125
 33
0.0
  0
MTEXT
  5
740
330
30D
100
AcDbEntity
  8
FD_Dimensions
 62
     0
440
 16777216
100
AcDbMText
 10
133.954891
 20
158.099797
 30
0.0
 40
3.5
 41
0.0
 46
0.0
 71
     5
 72
     1
  1
4X 90\U+00B0
 11
0.707107
 21
0.707107
 31
0.0
 73
     1
 44
1.0
  0
POINT
  5
741
330
30D
100
AcDbEntity
  8
Defpoints
 62
     0
440
 16777216
100
AcDbPoint
 10
145.0875
 20
162.659383
 30
0.0
  0
POINT
  5
742
330
30D
100
AcDbEntity
  8
Defpoints
 62
     0
440
 16777216
100
AcDbPoint
 10
156.844531
 20
125.53125
 30
0.0
  0
POINT
  5
743
330
30D
100
AcDbEntity
  8
Defpoints
 62
     0
440
 16777216
100
AcDbPoint
 10
166.523438
 20
135.210156
 30
0.0
  0
POINT
  5
744
330
30D
100
AcDbEntity
  8
Defpoints
 62
     0
440
 16777216
100
AcDbPoint
 10
166.523438
 20
137.23125
 30
0.0
  0
POINT
  5
745
330
30D
100
AcDbEntity
  8
Defpoints
 62
     0
440
 16777216
100
AcDbPoint
 10
154.823438
 20
125.53125
 30
0.0
  0
ENDBLK
  5
30F
330
30D
100
AcDbEntity
  8
0
100
AcDbBlockEnd
  0
BLOCK
  5
31C
330
31B
100
AcDbEntity
  8
0
100
AcDbBlockBegin
  2
*D37
 70
     1
 10
0.0
 20
0.0
 30
0.0
  3
*D37
  1

  0
LINE
  5
746
330
31B
100
AcDbEntity
  8
FD_Dimensions
 62
     0
440
 16777216
370
    -2
100
AcDbLine
 10
187.128075
 20
160.511216
 30
0.0
 11
171.852564
 21
134.578372
 31
0.0
  0
LINE
  5
747
330
31B
100
AcDbEntity
  8
FD_Dimensions
 62
     0
440
 16777216
370
    -2
100
AcDbLine
 10
161.194311
 20
116.484128
 30
0.0
 11
159.417936
 21
113.468421
 31
0.0
  0
MTEXT
  5
748
330
31B
100
AcDbEntity
  8
FD_Dimensions
 62
     0
440
 16777216
100
AcDbMText
 10
181.352152
 20
157.177814
 30
0.0
 40
3.5
 41
0.0
 46
0.0
 71
     5
 72
     1
  1
∅14
 11
0.507536
 21
0.861631
 31
0.0
 73
     1
 44
1.0
  0
LINE
  5
749
330
31B
100
AcDbEntity
  8
FD_Dimensions
 62
     0
440
 16777216
370
    -2
100
AcDbLine
 10
162.970687
 20
119.499836
 30
0.0
 11
170.076188
 21
131.562664
 31
0.0
  0
SOLID
  5
74A
330
31B
100
AcDbEntity
  8
FD_Dimensions
 62
     0
440
 16777216
100
AcDbTrace
 10
160.691693
 20
116.780191
 30
0.0
 11
161.696929
 21
116.188066
 31
0.0
 12
162.970687
 22
119.499836
 32
0.0
 13
162.970687
 23
119.499836
 33
0.0
  0
SOLID
  5
74B
330
31B
100
AcDbEntity
  8
FD_Dimensions
 62
     0
440
 16777216
100
AcDbTrace
 10
171.349946
 20
134.874434
 30
0.0
 11
172.355182
 21
134.282309
 31
0.0
 12
170.076188
 22
131.562664
 32
0.0
 13
170.076188
 23
131.562664
 33
0.0
  0
POINT
  5
74C
330
31B
100
AcDbEntity
  8
Defpoints
 62
     0
440
 16777216
100
AcDbPoint
 10
170.076188
 20
131.562664
 30
0.0
  0
POINT
  5
74D
330
31B
100
AcDbEntity
  8
Defpoints
 62
     0
440
 16777216
100
AcDbPoint
 10
162.970687
 20
119.499836
 30
0.0
  0
ENDBLK
  5
31D
330
31B
100
AcDbEntity
  8
0
100
AcDbBlockEnd
  0
BLOCK
  5
327
330
326
100
AcDbEntity
  8
0
100
AcDbBlockBegin
  2
*D38
 70
     1
 10
0.0
 20
0.0
 30
0.0
  3
*D38
  1

  0
LINE
  5
74E
330
326
100
AcDbEntity
  8
FD_Dimensions
 62
     0
440
 16777216
370
    -2
100
AcDbLine
 10
184.623438
 20
105.53125
 30
0.0
 11
198.732813
 21
105.53125
 31
0.0
  0
LINE
  5
74F
330
326
100
AcDbEntity
  8
FD_Dimensions
 62
     0
440
 16777216
370
    -2
100
AcDbLine
 10
174.123438
 20
125.53125
 30
0.0
 11
198.732813
 21
125.53125
 31
0.0
  0
LINE
  5
750
330
326
100
AcDbEntity
  8
FD_Dimensions
 62
     0
440
 16777216
370
    -2
100
AcDbLine
 10
196.632813
 20
109.03125
 30
0.0
 11
196.632813
 21
122.03125
 31
0.0
  0
SOLID
  5
751
330
326
100
AcDbEntity
  8
FD_Dimensions
 62
     0
440
 16777216
100
AcDbTrace
 10
196.049479
 20
109.03125
 30
0.0
 11
197.216146
 21
109.03125
 31
0.0
 12
196.632813
 22
105.53125
 32
0.0
 13
196.632813
 23
105.53125
 33
0.0
  0
SOLID
  5
752
330
326
100
AcDbEntity
  8
FD_Dimensions
 62
     0
440
 16777216
100
AcDbTrace
 10
196.049479
 20
122.03125
 30
0.0
 11
197.216146
 21
122.03125
 31
0.0
 12
196.632813
 22
125.53125
 32
0.0
 13
196.632813
 23
125.53125
 33
0.0
  0
MTEXT
  5
753
330
326
100
AcDbEntity
  8
FD_Dimensions
 62
     0
440
 16777216
100
AcDbMText
 10
193.445807
 20
115.53125
 30
0.0
 40
3.5
 41
0.0
 46
0.0
 71
     5
 72
     1
  1
20
 11
0.0
 21
1.0
 31
0.0
 73
     1
 44
1.0
  0
POINT
  5
754
330
326
100
AcDbEntity
  8
Defpoints
 62
     0
440
 16777216
100
AcDbPoint
 10
182.523438
 20
105.53125
 30
0.0
  0
POINT
  5
755
330
326
100
AcDbEntity
  8
Defpoints
 62
     0
440
 16777216
100
AcDbPoint
 10
172.023438
 20
125.53125
 30
0.0
  0
POINT
  5
756
330
326
100
AcDbEntity
  8
Defpoints
 62
     0
440
 16777216
100
AcDbPoint
 10
196.632813
 20
125.53125
 30
0.0
  0
ENDBLK
  5
328
330
326
100
AcDbEntity
  8
0
100
AcDbBlockEnd
  0
BLOCK
  5
333
330
332
100
AcDbEntity
  8
0
100
AcDbBlockBegin
  2
*D39
 70
     1
 10
0.0
 20
0.0
 30
0.0
  3
*D39
  1

  0
LINE
  5
757
330
332
100
AcDbEntity
  8
FD_Dimensions
 62
     0
440
 16777216
370
    -2
100
AcDbLine
 10
146.523438
 20
103.43125
 30
0.0
 11
146.523438
 21
93.321875
 31
0.0
  0
LINE
  5
758
330
332
100
AcDbEntity
  8
FD_Dimensions
 62
     0
440
 16777216
370
    -2
100
AcDbLine
 10
166.523438
 20
117.93125
 30
0.0
 11
166.523438
 21
93.321875
 31
0.0
  0
LINE
  5
759
330
332
100
AcDbEntity
  8
FD_Dimensions
 62
     0
440
 16777216
370
    -2
100
AcDbLine
 10
150.023438
 20
95.421875
 30
0.0
 11
163.023438
 21
95.421875
 31
0.0
  0
SOLID
  5
75A
330
332
100
AcDbEntity
  8
FD_Dimensions
 62
     0
440
 16777216
100
AcDbTrace
 10
150.023438
 20
96.005208
 30
0.0
 11
150.023438
 21
94.838542
 31
0.0
 12
146.523438
 22
95.421875
 32
0.0
 13
146.523438
 23
95.421875
 33
0.0
  0
SOLID
  5
75B
330
332
100
AcDbEntity
  8
FD_Dimensions
 62
     0
440
 16777216
100
AcDbTrace
 10
163.023438
 20
96.005208
 30
0.0
 11
163.023438
 21
94.838542
 31
0.0
 12
166.523438
 22
95.421875
 32
0.0
 13
166.523438
 23
95.421875
 33
0.0
  0
MTEXT
  5
75C
330
332
100
AcDbEntity
  8
FD_Dimensions
 62
     0
440
 16777216
100
AcDbMText
 10
156.523438
 20
98.60888
 30
0.0
 40
3.5
 41
0.0
 46
0.0
 71
     5
 72
     1
  1
20
 73
     1
 44
1.0
  0
POINT
  5
75D
330
332
100
AcDbEntity
  8
Defpoints
 62
     0
440
 16777216
100
AcDbPoint
 10
146.523438
 20
105.53125
 30
0.0
  0
POINT
  5
75E
330
332
100
AcDbEntity
  8
Defpoints
 62
     0
440
 16777216
100
AcDbPoint
 10
166.523438
 20
120.03125
 30
0.0
  0
POINT
  5
75F
330
332
100
AcDbEntity
  8
Defpoints
 62
     0
440
 16777216
100
AcDbPoint
 10
166.523438
 20
95.421875
 30
0.0
  0
ENDBLK
  5
334
330
332
100
AcDbEntity
  8
0
100
AcDbBlockEnd
  0
BLOCK
  5
33F
330
33E
100
AcDbEntity
  8
0
100
AcDbBlockBegin
  2
*D40
 70
     1
 10
0.0
 20
0.0
 30
0.0
  3
*D40
  1

  0
LINE
  5
760
330
33E
100
AcDbEntity
  8
FD_Dimensions
 62
     0
440
 16777216
370
    -2
100
AcDbLine
 10
154.281186
 20
158.588451
 30
0.0
 11
171.159014
 21
129.593208
 31
0.0
  0
LINE
  5
761
330
33E
100
AcDbEntity
  8
FD_Dimensions
 62
     0
440
 16777216
370
    -2
100
AcDbLine
 10
175.887861
 20
121.469292
 30
0.0
 11
177.648602
 21
118.44443
 31
0.0
  0
MTEXT
  5
762
330
33E
100
AcDbEntity
  8
FD_Dimensions
 62
     0
440
 16777216
100
AcDbMText
 10
160.381475
 20
154.638173
 30
0.0
 40
3.5
 41
0.0
 46
0.0
 71
     5
 72
     1
  1
∅2.4
 11
0.503069
 21
-0.864246
 31
0.0
 73
     1
 44
1.0
  0
LINE
  5
763
330
33E
100
AcDbEntity
  8
FD_Dimensions
 62
     0
440
 16777216
370
    -2
100
AcDbLine
 10
174.12712
 20
124.494154
 30
0.0
 11
172.919755
 21
126.568346
 31
0.0
  0
SOLID
  5
764
330
33E
100
AcDbEntity
  8
FD_Dimensions
 62
     0
440
 16777216
100
AcDbTrace
 10
176.392005
 20
121.762749
 30
0.0
 11
175.383717
 21
121.175835
 31
0.0
 12
174.12712
 22
124.494154
 32
0.0
 13
174.12712
 23
124.494154
 33
0.0
  0
SOLID
  5
765
330
33E
100
AcDbEntity
  8
FD_Dimensions
 62
     0
440
 16777216
100
AcDbTrace
 10
171.663158
 20
129.886665
 30
0.0
 11
170.65487
 21
129.299751
 31
0.0
 12
172.919755
 22
126.568346
 32
0.0
 13
172.919755
 23
126.568346
 33
0.0
  0
POINT
  5
766
330
33E
100
AcDbEntity
  8
Defpoints
 62
     0
440
 16777216
100
AcDbPoint
 10
172.919755
 20
126.568346
 30
0.0
  0
POINT
  5
767
330
33E
100
AcDbEntity
  8
Defpoints
 62
     0
440
 16777216
100
AcDbPoint
 10
174.12712
 20
124.494154
 30
0.0
  0
ENDBLK
  5
340
330
33E
100
AcDbEntity
  8
0
100
AcDbBlockEnd
  0
BLOCK
  5
34A
330
349
100
AcDbEntity
  8
0
100
AcDbBlockBegin
  2
*D41
 70
     1
 10
0.0
 20
0.0
 30
0.0
  3
*D41
  1

  0
LINE
  5
768
330
349
100
AcDbEntity
  8
FD_Dimensions
 62
     0
440
 16777216
370
    -2
100
AcDbLine
 10
141.673938
 20
151.318466
 30
0.0
 11
162.707025
 21
129.491678
 31
0.0
  0
LINE
  5
769
330
349
100
AcDbEntity
  8
FD_Dimensions
 62
     0
440
 16777216
370
    -2
100
AcDbLine
 10
170.33985
 20
121.570822
 30
0.0
 11
172.768477
 21
119.050549
 31
0.0
  0
MTEXT
  5
76A
330
349
100
AcDbEntity
  8
FD_Dimensions
 62
     0
440
 16777216
100
AcDbMText
 10
147.122975
 20
150.397805
 30
0.0
 40
3.5
 41
0.0
 46
0.0
 71
     5
 72
     1
  1
∅4
 11
0.693893
 21
-0.720078
 31
0.0
 73
     1
 44
1.0
  0
LINE
  5
76B
330
349
100
AcDbEntity
  8
FD_Dimensions
 62
     0
440
 16777216
370
    -2
100
AcDbLine
 10
167.911224
 20
124.091094
 30
0.0
 11
165.135651
 21
126.971406
 31
0.0
  0
SOLID
  5
76C
330
349
100
AcDbEntity
  8
FD_Dimensions
 62
     0
440
 16777216
100
AcDbTrace
 10
170.759896
 20
121.975593
 30
0.0
 11
169.919805
 21
121.166051
 31
0.0
 12
167.911224
 22
124.091094
 32
0.0
 13
167.911224
 23
124.091094
 33
0.0
  0
SOLID
  5
76D
330
349
100
AcDbEntity
  8
FD_Dimensions
 62
     0
440
 16777216
100
AcDbTrace
 10
163.12707
 20
129.896449
 30
0.0
 11
162.286979
 21
129.086907
 31
0.0
 12
165.135651
 22
126.971406
 32
0.0
 13
165.135651
 23
126.971406
 33
0.0
  0
POINT
  5
76E
330
349
100
AcDbEntity
  8
Defpoints
 62
     0
440
 16777216
100
AcDbPoint
 10
165.135651
 20
126.971406
 30
0.0
  0
POINT
  5
76F
330
349
100
AcDbEntity
  8
Defpoints
 62
     0
440
 16777216
100
AcDbPoint
 10
167.911224
 20
124.091094
 30
0.0
  0
ENDBLK
  5
34B
330
349
100
AcDbEntity
  8
0
100
AcDbBlockEnd
  0
BLOCK
  5
355
330
354
100
AcDbEntity
  8
0
100
AcDbBlockBegin
  2
*D42
 70
     1
 10
0.0
 20
0.0
 30
0.0
  3
*D42
  1

  0
LINE
  5
770
330
354
100
AcDbEntity
  8
FD_Dimensions
 62
     0
440
 16777216
370
    -2
100
AcDbLine
 10
223.9375
 20
103.43125
 30
0.0
 11
223.9375
 21
72.196875
 31
0.0
  0
LINE
  5
771
330
354
100
AcDbEntity
  8
FD_Dimensions
 62
     0
440
 16777216
370
    -2
100
AcDbLine
 10
251.9375
 20
109.93125
 30
0.0
 11
251.9375
 21
72.196875
 31
0.0
  0
LINE
  5
772
330
354
100
AcDbEntity
  8
FD_Dimensions
 62
     0
440
 16777216
370
    -2
100
AcDbLine
 10
227.4375
 20
74.296875
 30
0.0
 11
248.4375
 21
74.296875
 31
0.0
  0
SOLID
  5
773
330
354
100
AcDbEntity
  8
FD_Dimensions
 62
     0
440
 16777216
100
AcDbTrace
 10
227.4375
 20
74.880208
 30
0.0
 11
227.4375
 21
73.713542
 31
0.0
 12
223.9375
 22
74.296875
 32
0.0
 13
223.9375
 23
74.296875
 33
0.0
  0
SOLID
  5
774
330
354
100
AcDbEntity
  8
FD_Dimensions
 62
     0
440
 16777216
100
AcDbTrace
 10
248.4375
 20
74.880208
 30
0.0
 11
248.4375
 21
73.713542
 31
0.0
 12
251.9375
 22
74.296875
 32
0.0
 13
251.9375
 23
74.296875
 33
0.0
  0
MTEXT
  5
775
330
354
100
AcDbEntity
  8
FD_Dimensions
 62
     0
440
 16777216
100
AcDbMText
 10
237.9375
 20
77.48388
 30
0.0
 40
3.5
 41
0.0
 46
0.0
 71
     5
 72
     1
  1
28
 73
     1
 44
1.0
  0
POINT
  5
776
330
354
100
AcDbEntity
  8
Defpoints
 62
     0
440
 16777216
100
AcDbPoint
 10
223.9375
 20
105.53125
 30
0.0
  0
POINT
  5
777
330
354
100
AcDbEntity
  8
Defpoints
 62
     0
440
 16777216
100
AcDbPoint
 10
251.9375
 20
112.03125
 30
0.0
  0
POINT
  5
778
330
354
100
AcDbEntity
  8
Defpoints
 62
     0
440
 16777216
100
AcDbPoint
 10
251.9375
 20
74.296875
 30
0.0
  0
ENDBLK
  5
356
330
354
100
AcDbEntity
  8
0
100
AcDbBlockEnd
  0
BLOCK
  5
361
330
360
100
AcDbEntity
  8
0
100
AcDbBlockBegin
  2
*D43
 70
     1
 10
0.0
 20
0.0
 30
0.0
  3
*D43
  1

  0
LINE
  5
779
330
360
100
AcDbEntity
  8
FD_Dimensions
 62
     0
440
 16777216
370
    -2
100
AcDbLine
 10
226.0375
 20
105.53125
 30
0.0
 11
297.514063
 21
105.53125
 31
0.0
  0
LINE
  5
77A
330
360
100
AcDbEntity
  8
FD_Dimensions
 62
     0
440
 16777216
370
    -2
100
AcDbLine
 10
254.0375
 20
131.53125
 30
0.0
 11
297.514063
 21
131.53125
 31
0.0
  0
LINE
  5
77B
330
360
100
AcDbEntity
  8
FD_Dimensions
 62
     0
440
 16777216
370
    -2
100
AcDbLine
 10
295.414063
 20
109.03125
 30
0.0
 11
295.414063
 21
128.03125
 31
0.0
  0
SOLID
  5
77C
330
360
100
AcDbEntity
  8
FD_Dimensions
 62
     0
440
 16777216
100
AcDbTrace
 10
294.830729
 20
109.03125
 30
0.0
 11
295.997396
 21
109.03125
 31
0.0
 12
295.414063
 22
105.53125
 32
0.0
 13
295.414063
 23
105.53125
 33
0.0
  0
SOLID
  5
77D
330
360
100
AcDbEntity
  8
FD_Dimensions
 62
     0
440
 16777216
100
AcDbTrace
 10
294.830729
 20
128.03125
 30
0.0
 11
295.997396
 21
128.03125
 31
0.0
 12
295.414063
 22
131.53125
 32
0.0
 13
295.414063
 23
131.53125
 33
0.0
  0
MTEXT
  5
77E
330
360
100
AcDbEntity
  8
FD_Dimensions
 62
     0
440
 16777216
100
AcDbMText
 10
292.227057
 20
118.53125
 30
0.0
 40
3.5
 41
0.0
 46
0.0
 71
     5
 72
     1
  1
26
 11
0.0
 21
1.0
 31
0.0
 73
     1
 44
1.0
  0
POINT
  5
77F
330
360
100
AcDbEntity
  8
Defpoints
 62
     0
440
 16777216
100
AcDbPoint
 10
223.9375
 20
105.53125
 30
0.0
  0
POINT
  5
780
330
360
100
AcDbEntity
  8
Defpoints
 62
     0
440
 16777216
100
AcDbPoint
 10
251.9375
 20
131.53125
 30
0.0
  0
POINT
  5
781
330
360
100
AcDbEntity
  8
Defpoints
 62
     0
440
 16777216
100
AcDbPoint
 10
295.414063
 20
131.53125
 30
0.0
  0
ENDBLK
  5
362
330
360
100
AcDbEntity
  8
0
100
AcDbBlockEnd
  0
BLOCK
  5
36D
330
36C
100
AcDbEntity
  8
0
100
AcDbBlockBegin
  2
*D44
 70
     1
 10
0.0
 20
0.0
 30
0.0
  3
*D44
  1

  0
LINE
  5
782
330
36C
100
AcDbEntity
  8
FD_Dimensions
 62
     0
440
 16777216
370
    -2
100
AcDbLine
 10
221.8375
 20
105.53125
 30
0.0
 11
211.790625
 21
105.53125
 31
0.0
  0
LINE
  5
783
330
36C
100
AcDbEntity
  8
FD_Dimensions
 62
     0
440
 16777216
370
    -2
100
AcDbLine
 10
229.8375
 20
115.53125
 30
0.0
 11
211.790625
 21
115.53125
 31
0.0
  0
LINE
  5
784
330
36C
100
AcDbEntity
  8
FD_Dimensions
 62
     0
440
 16777216
370
    -2
100
AcDbLine
 10
213.890625
 20
109.03125
 30
0.0
 11
213.890625
 21
112.03125
 31
0.0
  0
SOLID
  5
785
330
36C
100
AcDbEntity
  8
FD_Dimensions
 62
     0
440
 16777216
100
AcDbTrace
 10
213.307292
 20
109.03125
 30
0.0
 11
214.473958
 21
109.03125
 31
0.0
 12
213.890625
 22
105.53125
 32
0.0
 13
213.890625
 23
105.53125
 33
0.0
  0
SOLID
  5
786
330
36C
100
AcDbEntity
  8
FD_Dimensions
 62
     0
440
 16777216
100
AcDbTrace
 10
213.307292
 20
112.03125
 30
0.0
 11
214.473958
 21
112.03125
 31
0.0
 12
213.890625
 22
115.53125
 32
0.0
 13
213.890625
 23
115.53125
 33
0.0
  0
MTEXT
  5
787
330
36C
100
AcDbEntity
  8
FD_Dimensions
 62
     0
440
 16777216
100
AcDbMText
 10
210.70362
 20
110.53125
 30
0.0
 40
3.5
 41
0.0
 46
0.0
 71
     5
 72
     1
  1
10
 11
0.0
 21
1.0
 31
0.0
 73
     1
 44
1.0
  0
POINT
  5
788
330
36C
100
AcDbEntity
  8
Defpoints
 62
     0
440
 16777216
100
AcDbPoint
 10
223.9375
 20
105.53125
 30
0.0
  0
POINT
  5
789
330
36C
100
AcDbEntity
  8
Defpoints
 62
     0
440
 16777216
100
AcDbPoint
 10
231.9375
 20
115.53125
 30
0.0
  0
POINT
  5
78A
330
36C
100
AcDbEntity
  8
Defpoints
 62
     0
440
 16777216
100
AcDbPoint
 10
213.890625
 20
115.53125
 30
0.0
  0
ENDBLK
  5
36E
330
36C
100
AcDbEntity
  8
0
100
AcDbBlockEnd
  0
BLOCK
  5
379
330
378
100
AcDbEntity
  8
0
100
AcDbBlockBegin
  2
*D45
 70
     1
 10
0.0
 20
0.0
 30
0.0
  3
*D45
  1

  0
LINE
  5
78B
330
378
100
AcDbEntity
  8
FD_Dimensions
 62
     0
440
 16777216
370
    -2
100
AcDbLine
 10
223.9375
 20
103.43125
 30
0.0
 11
223.9375
 21
82.259375
 31
0.0
  0
LINE
  5
78C
330
378
100
AcDbEntity
  8
FD_Dimensions
 62
     0
440
 16777216
370
    -2
100
AcDbLine
 10
231.9375
 20
113.43125
 30
0.0
 11
231.9375
 21
82.259375
 31
0.0
  0
LINE
  5
78D
330
378
100
AcDbEntity
  8
FD_Dimensions
 62
     0
440
 16777216
370
    -2
100
AcDbLine
 10
220.4375
 20
84.359375
 30
0.0
 11
216.9375
 21
84.359375
 31
0.0
  0
LINE
  5
78E
330
378
100
AcDbEntity
  8
FD_Dimensions
 62
     0
440
 16777216
370
    -2
100
AcDbLine
 10
235.4375
 20
84.359375
 30
0.0
 11
238.9375
 21
84.359375
 31
0.0
  0
LINE
  5
78F
330
378
100
AcDbEntity
  8
FD_Dimensions
 62
     0
440
 16777216
370
    -2
100
AcDbLine
 10
223.9375
 20
84.359375
 30
0.0
 11
231.9375
 21
84.359375
 31
0.0
  0
SOLID
  5
790
330
378
100
AcDbEntity
  8
FD_Dimensions
 62
     0
440
 16777216
100
AcDbTrace
 10
220.4375
 20
84.942708
 30
0.0
 11
220.4375
 21
83.776042
 31
0.0
 12
223.9375
 22
84.359375
 32
0.0
 13
223.9375
 23
84.359375
 33
0.0
  0
SOLID
  5
791
330
378
100
AcDbEntity
  8
FD_Dimensions
 62
     0
440
 16777216
100
AcDbTrace
 10
235.4375
 20
84.942708
 30
0.0
 11
235.4375
 21
83.776042
 31
0.0
 12
231.9375
 22
84.359375
 32
0.0
 13
231.9375
 23
84.359375
 33
0.0
  0
MTEXT
  5
792
330
378
100
AcDbEntity
  8
FD_Dimensions
 62
     0
440
 16777216
100
AcDbMText
 10
227.9375
 20
87.54638
 30
0.0
 40
3.5
 41
0.0
 46
0.0
 71
     5
 72
     1
  1
8
 73
     1
 44
1.0
  0
POINT
  5
793
330
378
100
AcDbEntity
  8
Defpoints
 62
     0
440
 16777216
100
AcDbPoint
 10
223.9375
 20
105.53125
 30
0.0
  0
POINT
  5
794
330
378
100
AcDbEntity
  8
Defpoints
 62
     0
440
 16777216
100
AcDbPoint
 10
231.9375
 20
115.53125
 30
0.0
  0
POINT
  5
795
330
378
100
AcDbEntity
  8
Defpoints
 62
     0
440
 16777216
100
AcDbPoint
 10
231.9375
 20
84.359375
 30
0.0
  0
ENDBLK
  5
37A
330
378
100
AcDbEntity
  8
0
100
AcDbBlockEnd
  0
BLOCK
  5
387
330
386
100
AcDbEntity
  8
0
100
AcDbBlockBegin
  2
*D46
 70
     1
 10
0.0
 20
0.0
 30
0.0
  3
*D46
  1

  0
LINE
  5
796
330
386
100
AcDbEntity
  8
FD_Dimensions
 62
     0
440
 16777216
370
    -2
100
AcDbLine
 10
226.0375
 20
105.53125
 30
0.0
 11
276.185938
 21
105.53125
 31
0.0
  0
LINE
  5
797
330
386
100
AcDbEntity
  8
FD_Dimensions
 62
     0
440
 16777216
370
    -2
100
AcDbLine
 10
254.0375
 20
112.03125
 30
0.0
 11
276.185938
 21
112.03125
 31
0.0
  0
LINE
  5
798
330
386
100
AcDbEntity
  8
FD_Dimensions
 62
     0
440
 16777216
370
    -2
100
AcDbLine
 10
274.085938
 20
102.03125
 30
0.0
 11
274.085938
 21
98.53125
 31
0.0
  0
LINE
  5
799
330
386
100
AcDbEntity
  8
FD_Dimensions
 62
     0
440
 16777216
370
    -2
100
AcDbLine
 10
274.085938
 20
115.53125
 30
0.0
 11
274.085938
 21
128.248712
 31
0.0
  0
LINE
  5
79A
330
386
100
AcDbEntity
  8
FD_Dimensions
 62
     0
440
 16777216
370
    -2
100
AcDbLine
 10
274.085938
 20
105.53125
 30
0.0
 11
274.085938
 21
112.03125
 31
0.0
  0
SOLID
  5
79B
330
386
100
AcDbEntity
  8
FD_Dimensions
 62
     0
440
 16777216
100
AcDbTrace
 10
273.502604
 20
102.03125
 30
0.0
 11
274.669271
 21
102.03125
 31
0.0
 12
274.085938
 22
105.53125
 32
0.0
 13
274.085938
 23
105.53125
 33
0.0
  0
SOLID
  5
79C
330
386
100
AcDbEntity
  8
FD_Dimensions
 62
     0
440
 16777216
100
AcDbTrace
 10
273.502604
 20
115.53125
 30
0.0
 11
274.669271
 21
115.53125
 31
0.0
 12
274.085938
 22
112.03125
 32
0.0
 13
274.085938
 23
112.03125
 33
0.0
  0
MTEXT
  5
79D
330
386
100
AcDbEntity
  8
FD_Dimensions
 62
     0
440
 16777216
100
AcDbMText
 10
270.898932
 20
123.639981
 30
0.0
 40
3.5
 41
0.0
 46
0.0
 71
     5
 72
     1
  1
6.5
 11
0.0
 21
1.0
 31
0.0
 73
     1
 44
1.0
  0
POINT
  5
79E
330
386
100
AcDbEntity
  8
Defpoints
 62
     0
440
 16777216
100
AcDbPoint
 10
223.9375
 20
105.53125
 30
0.0
  0
POINT
  5
79F
330
386
100
AcDbEntity
  8
Defpoints
 62
     0
440
 16777216
100
AcDbPoint
 10
251.9375
 20
112.03125
 30
0.0
  0
POINT
  5
7A0
330
386
100
AcDbEntity
  8
Defpoints
 62
     0
440
 16777216
100
AcDbPoint
 10
274.085938
 20
112.03125
 30
0.0
  0
ENDBLK
  5
388
330
386
100
AcDbEntity
  8
0
100
AcDbBlockEnd
  0
BLOCK
  5
395
330
394
100
AcDbEntity
  8
0
100
AcDbBlockBegin
  2
*D47
 70
     1
 10
0.0
 20
0.0
 30
0.0
  3
*D47
  1

  0
LINE
  5
7A1
330
394
100
AcDbEntity
  8
FD_Dimensions
 62
     0
440
 16777216
370
    -2
100
AcDbLine
 10
146.523438
 20
196.329688
 30
0.0
 11
146.523438
 21
181.564063
 31
0.0
  0
LINE
  5
7A2
330
394
100
AcDbEntity
  8
FD_Dimensions
 62
     0
440
 16777216
370
    -2
100
AcDbLine
 10
182.523438
 20
196.329688
 30
0.0
 11
182.523438
 21
181.564063
 31
0.0
  0
LINE
  5
7A3
330
394
100
AcDbEntity
  8
FD_Dimensions
 62
     0
440
 16777216
370
    -2
100
AcDbLine
 10
150.023438
 20
183.664063
 30
0.0
 11
179.023438
 21
183.664063
 31
0.0
  0
SOLID
  5
7A4
330
394
100
AcDbEntity
  8
FD_Dimensions
 62
     0
440
 16777216
100
AcDbTrace
 10
150.023438
 20
184.247396
 30
0.0
 11
150.023438
 21
183.080729
 31
0.0
 12
146.523438
 22
183.664063
 32
0.0
 13
146.523438
 23
183.664063
 33
0.0
  0
SOLID
  5
7A5
330
394
100
AcDbEntity
  8
FD_Dimensions
 62
     0
440
 16777216
100
AcDbTrace
 10
179.023438
 20
184.247396
 30
0.0
 11
179.023438
 21
183.080729
 31
0.0
 12
182.523438
 22
183.664063
 32
0.0
 13
182.523438
 23
183.664063
 33
0.0
  0
MTEXT
  5
7A6
330
394
100
AcDbEntity
  8
FD_Dimensions
 62
     0
440
 16777216
100
AcDbMText
 10
164.523438
 20
186.852262
 30
0.0
 40
3.5
 41
0.0
 46
0.0
 71
     5
 72
     1
  1
36
 73
     1
 44
1.0
  0
POINT
  5
7A7
330
394
100
AcDbEntity
  8
Defpoints
 62
     0
440
 16777216
100
AcDbPoint
 10
146.523438
 20
198.429688
 30
0.0
  0
POINT
  5
7A8
330
394
100
AcDbEntity
  8
Defpoints
 62
     0
440
 16777216
100
AcDbPoint
 10
182.523438
 20
198.429688
 30
0.0
  0
POINT
  5
7A9
330
394
100
AcDbEntity
  8
Defpoints
 62
     0
440
 16777216
100
AcDbPoint
 10
182.523438
 20
183.664063
 30
0.0
  0
ENDBLK
  5
396
330
394
100
AcDbEntity
  8
0
100
AcDbBlockEnd
  0
BLOCK
  5
3A1
330
3A0
100
AcDbEntity
  8
0
100
AcDbBlockBegin
  2
*D48
 70
     1
 10
0.0
 20
0.0
 30
0.0
  3
*D48
  1

  0
LINE
  5
7AA
330
3A0
100
AcDbEntity
  8
FD_Dimensions
 62
     0
440
 16777216
370
    -2
100
AcDbLine
 10
229.8375
 20
115.53125
 30
0.0
 11
211.790625
 21
115.53125
 31
0.0
  0
LINE
  5
7AB
330
3A0
100
AcDbEntity
  8
FD_Dimensions
 62
     0
440
 16777216
370
    -2
100
AcDbLine
 10
229.8375
 20
135.53125
 30
0.0
 11
211.790625
 21
135.53125
 31
0.0
  0
LINE
  5
7AC
330
3A0
100
AcDbEntity
  8
FD_Dimensions
 62
     0
440
 16777216
370
    -2
100
AcDbLine
 10
213.890625
 20
119.03125
 30
0.0
 11
213.890625
 21
132.03125
 31
0.0
  0
SOLID
  5
7AD
330
3A0
100
AcDbEntity
  8
FD_Dimensions
 62
     0
440
 16777216
100
AcDbTrace
 10
213.307292
 20
119.03125
 30
0.0
 11
214.473958
 21
119.03125
 31
0.0
 12
213.890625
 22
115.53125
 32
0.0
 13
213.890625
 23
115.53125
 33
0.0
  0
SOLID
  5
7AE
330
3A0
100
AcDbEntity
  8
FD_Dimensions
 62
     0
440
 16777216
100
AcDbTrace
 10
213.307292
 20
132.03125
 30
0.0
 11
214.473958
 21
132.03125
 31
0.0
 12
213.890625
 22
135.53125
 32
0.0
 13
213.890625
 23
135.53125
 33
0.0
  0
MTEXT
  5
7AF
330
3A0
100
AcDbEntity
  8
FD_Dimensions
 62
     0
440
 16777216
100
AcDbMText
 10
210.70362
 20
125.53125
 30
0.0
 40
3.5
 41
0.0
 46
0.0
 71
     5
 72
     1
  1
20
 11
0.0
 21
1.0
 31
0.0
 73
     1
 44
1.0
  0
POINT
  5
7B0
330
3A0
100
AcDbEntity
  8
Defpoints
 62
     0
440
 16777216
100
AcDbPoint
 10
231.9375
 20
115.53125
 30
0.0
  0
POINT
  5
7B1
330
3A0
100
AcDbEntity
  8
Defpoints
 62
     0
440
 16777216
100
AcDbPoint
 10
231.9375
 20
135.53125
 30
0.0
  0
POINT
  5
7B2
330
3A0
100
AcDbEntity
  8
Defpoints
 62
     0
440
 16777216
100
AcDbPoint
 10
213.890625
 20
135.53125
 30
0.0
  0
ENDBLK
  5
3A2
330
3A0
100
AcDbEntity
  8
0
100
AcDbBlockEnd
  0
BLOCK
  5
3AD
330
3AC
100
AcDbEntity
  8
0
100
AcDbBlockBegin
  2
*D49
 70
     1
 10
0.0
 20
0.0
 30
0.0
  3
*D49
  1

  0
LINE
  5
7B3
330
3AC
100
AcDbEntity
  8
FD_Dimensions
 62
     0
440
 16777216
370
    -2
100
AcDbLine
 10
231.9375
 20
113.43125
 30
0.0
 11
231.9375
 21
92.103125
 31
0.0
  0
LINE
  5
7B4
330
3AC
100
AcDbEntity
  8
FD_Dimensions
 62
     0
440
 16777216
370
    -2
100
AcDbLine
 10
239.9375
 20
113.43125
 30
0.0
 11
239.9375
 21
92.103125
 31
0.0
  0
LINE
  5
7B5
330
3AC
100
AcDbEntity
  8
FD_Dimensions
 62
     0
440
 16777216
370
    -2
100
AcDbLine
 10
228.4375
 20
94.203125
 30
0.0
 11
224.9375
 21
94.203125
 31
0.0
  0
LINE
  5
7B6
330
3AC
100
AcDbEntity
  8
FD_Dimensions
 62
     0
440
 16777216
370
    -2
100
AcDbLine
 10
243.4375
 20
94.203125
 30
0.0
 11
246.9375
 21
94.203125
 31
0.0
  0
LINE
  5
7B7
330
3AC
100
AcDbEntity
  8
FD_Dimensions
 62
     0
440
 16777216
370
    -2
100
AcDbLine
 10
231.9375
 20
94.203125
 30
0.0
 11
239.9375
 21
94.203125
 31
0.0
  0
SOLID
  5
7B8
330
3AC
100
AcDbEntity
  8
FD_Dimensions
 62
     0
440
 16777216
100
AcDbTrace
 10
228.4375
 20
94.786458
 30
0.0
 11
228.4375
 21
93.619792
 31
0.0
 12
231.9375
 22
94.203125
 32
0.0
 13
231.9375
 23
94.203125
 33
0.0
  0
SOLID
  5
7B9
330
3AC
100
AcDbEntity
  8
FD_Dimensions
 62
     0
440
 16777216
100
AcDbTrace
 10
243.4375
 20
94.786458
 30
0.0
 11
243.4375
 21
93.619792
 31
0.0
 12
239.9375
 22
94.203125
 32
0.0
 13
239.9375
 23
94.203125
 33
0.0
  0
MTEXT
  5
7BA
330
3AC
100
AcDbEntity
  8
FD_Dimensions
 62
     0
440
 16777216
100
AcDbMText
 10
235.9375
 20
97.39013
 30
0.0
 40
3.5
 41
0.0
 46
0.0
 71
     5
 72
     1
  1
8
 73
     1
 44
1.0
  0
POINT
  5
7BB
330
3AC
100
AcDbEntity
  8
Defpoints
 62
     0
440
 16777216
100
AcDbPoint
 10
231.9375
 20
115.53125
 30
0.0
  0
POINT
  5
7BC
330
3AC
100
AcDbEntity
  8
Defpoints
 62
     0
440
 16777216
100
AcDbPoint
 10
239.9375
 20
115.53125
 30
0.0
  0
POINT
  5
7BD
330
3AC
100
AcDbEntity
  8
Defpoints
 62
     0
440
 16777216
100
AcDbPoint
 10
239.9375
 20
94.203125
 30
0.0
  0
ENDBLK
  5
3AE
330
3AC
100
AcDbEntity
  8
0
100
AcDbBlockEnd
  0
BLOCK
  5
3BB
330
3BA
100
AcDbEntity
  8
0
100
AcDbBlockBegin
  2
*D50
 70
     1
 10
0.0
 20
0.0
 30
0.0
  3
*D50
  1

  0
LINE
  5
7BE
330
3BA
100
AcDbEntity
  8
FD_Dimensions
 62
     0
440
 16777216
370
    -2
100
AcDbLine
 10
254.0375
 20
112.03125
 30
0.0
 11
286.85
 21
112.03125
 31
0.0
  0
LINE
  5
7BF
330
3BA
100
AcDbEntity
  8
FD_Dimensions
 62
     0
440
 16777216
370
    -2
100
AcDbLine
 10
254.0375
 20
119.53125
 30
0.0
 11
286.85
 21
119.53125
 31
0.0
  0
LINE
  5
7C0
330
3BA
100
AcDbEntity
  8
FD_Dimensions
 62
     0
440
 16777216
370
    -2
100
AcDbLine
 10
284.75
 20
108.53125
 30
0.0
 11
284.75
 21
105.03125
 31
0.0
  0
LINE
  5
7C1
330
3BA
100
AcDbEntity
  8
FD_Dimensions
 62
     0
440
 16777216
370
    -2
100
AcDbLine
 10
284.75
 20
123.03125
 30
0.0
 11
284.75
 21
135.700964
 31
0.0
  0
LINE
  5
7C2
330
3BA
100
AcDbEntity
  8
FD_Dimensions
 62
     0
440
 16777216
370
    -2
100
AcDbLine
 10
284.75
 20
112.03125
 30
0.0
 11
284.75
 21
119.53125
 31
0.0
  0
SOLID
  5
7C3
330
3BA
100
AcDbEntity
  8
FD_Dimensions
 62
     0
440
 16777216
100
AcDbTrace
 10
284.166667
 20
108.53125
 30
0.0
 11
285.333333
 21
108.53125
 31
0.0
 12
284.75
 22
112.03125
 32
0.0
 13
284.75
 23
112.03125
 33
0.0
  0
SOLID
  5
7C4
330
3BA
100
AcDbEntity
  8
FD_Dimensions
 62
     0
440
 16777216
100
AcDbTrace
 10
284.166667
 20
123.03125
 30
0.0
 11
285.333333
 21
123.03125
 31
0.0
 12
284.75
 22
119.53125
 32
0.0
 13
284.75
 23
119.53125
 33
0.0
  0
MTEXT
  5
7C5
330
3BA
100
AcDbEntity
  8
FD_Dimensions
 62
     0
440
 16777216
100
AcDbMText
 10
281.570157
 20
131.116107
 30
0.0
 40
3.5
 41
0.0
 46
0.0
 71
     5
 72
     1
  1
7.5
 11
0.0
 21
1.0
 31
0.0
 73
     1
 44
1.0
  0
POINT
  5
7C6
330
3BA
100
AcDbEntity
  8
Defpoints
 62
     0
440
 16777216
100
AcDbPoint
 10
251.9375
 20
112.03125
 30
0.0
  0
POINT
  5
7C7
330
3BA
100
AcDbEntity
  8
Defpoints
 62
     0
440
 16777216
100
AcDbPoint
 10
251.9375
 20
119.53125
 30
0.0
  0
POINT
  5
7C8
330
3BA
100
AcDbEntity
  8
Defpoints
 62
     0
440
 16777216
100
AcDbPoint
 10
284.75
 20
119.53125
 30
0.0
  0
ENDBLK
  5
3BC
330
3BA
100
AcDbEntity
  8
0
100
AcDbBlockEnd
  0
BLOCK
  5
3C9
330
3C8
100
AcDbEntity
  8
0
100
AcDbBlockBegin
  2
*D51
 70
     1
 10
0.0
 20
0.0
 30
0.0
  3
*D51
  1

  0
LINE
  5
7C9
330
3C8
100
AcDbEntity
  8
FD_Dimensions
 62
     0
440
 16777216
370
    -2
100
AcDbLine
 10
251.9375
 20
109.93125
 30
0.0
 11
251.9375
 21
92.704688
 31
0.0
  0
LINE
  5
7CA
330
3C8
100
AcDbEntity
  8
FD_Dimensions
 62
     0
440
 16777216
370
    -2
100
AcDbLine
 10
255.9375
 20
109.93125
 30
0.0
 11
255.9375
 21
92.704688
 31
0.0
  0
LINE
  5
7CB
330
3C8
100
AcDbEntity
  8
FD_Dimensions
 62
     0
440
 16777216
370
    -2
100
AcDbLine
 10
248.4375
 20
94.804688
 30
0.0
 11
244.9375
 21
94.804688
 31
0.0
  0
LINE
  5
7CC
330
3C8
100
AcDbEntity
  8
FD_Dimensions
 62
     0
440
 16777216
370
    -2
100
AcDbLine
 10
259.4375
 20
94.804688
 30
0.0
 11
268.158373
 21
94.804688
 31
0.0
  0
LINE
  5
7CD
330
3C8
100
AcDbEntity
  8
FD_Dimensions
 62
     0
440
 16777216
370
    -2
100
AcDbLine
 10
251.9375
 20
94.804688
 30
0.0
 11
255.9375
 21
94.804688
 31
0.0
  0
SOLID
  5
7CE
330
3C8
100
AcDbEntity
  8
FD_Dimensions
 62
     0
440
 16777216
100
AcDbTrace
 10
248.4375
 20
95.388021
 30
0.0
 11
248.4375
 21
94.221354
 31
0.0
 12
251.9375
 22
94.804688
 32
0.0
 13
251.9375
 23
94.804688
 33
0.0
  0
SOLID
  5
7CF
330
3C8
100
AcDbEntity
  8
FD_Dimensions
 62
     0
440
 16777216
100
AcDbTrace
 10
259.4375
 20
95.388021
 30
0.0
 11
259.4375
 21
94.221354
 31
0.0
 12
255.9375
 22
94.804688
 32
0.0
 13
255.9375
 23
94.804688
 33
0.0
  0
MTEXT
  5
7D0
330
3C8
100
AcDbEntity
  8
FD_Dimensions
 62
     0
440
 16777216
100
AcDbMText
 10
265.547937
 20
97.954688
 30
0.0
 40
3.5
 41
0.0
 46
0.0
 71
     5
 72
     1
  1
4
 73
     1
 44
1.0
  0
POINT
  5
7D1
330
3C8
100
AcDbEntity
  8
Defpoints
 62
     0
440
 16777216
100
AcDbPoint
 10
251.9375
 20
112.03125
 30
0.0
  0
POINT
  5
7D2
330
3C8
100
AcDbEntity
  8
Defpoints
 62
     0
440
 16777216
100
AcDbPoint
 10
255.9375
 20
112.03125
 30
0.0
  0
POINT
  5
7D3
330
3C8
100
AcDbEntity
  8
Defpoints
 62
     0
440
 16777216
100
AcDbPoint
 10
255.9375
 20
94.804688
 30
0.0
  0
ENDBLK
  5
3CA
330
3C8
100
AcDbEntity
  8
0
100
AcDbBlockEnd
  0
BLOCK
  5
3D7
330
3D6
100
AcDbEntity
  8
0
100
AcDbBlockBegin
  2
*D52
 70
     1
 10
0.0
 20
0.0
 30
0.0
  3
*D52
  1

  0
LINE
  5
7D4
330
3D6
100
AcDbEntity
  8
FD_Dimensions
 62
     0
440
 16777216
370
    -2
100
AcDbLine
 10
144.423438
 20
194.429688
 30
0.0
 11
133.759375
 21
194.429688
 31
0.0
  0
LINE
  5
7D5
330
3D6
100
AcDbEntity
  8
FD_Dimensions
 62
     0
440
 16777216
370
    -2
100
AcDbLine
 10
144.423438
 20
198.429688
 30
0.0
 11
133.759375
 21
198.429688
 31
0.0
  0
LINE
  5
7D6
330
3D6
100
AcDbEntity
  8
FD_Dimensions
 62
     0
440
 16777216
370
    -2
100
AcDbLine
 10
135.859375
 20
190.929688
 30
0.0
 11
135.859375
 21
187.429688
 31
0.0
  0
LINE
  5
7D7
330
3D6
100
AcDbEntity
  8
FD_Dimensions
 62
     0
440
 16777216
370
    -2
100
AcDbLine
 10
135.859375
 20
201.929688
 30
0.0
 11
135.859375
 21
210.650561
 31
0.0
  0
LINE
  5
7D8
330
3D6
100
AcDbEntity
  8
FD_Dimensions
 62
     0
440
 16777216
370
    -2
100
AcDbLine
 10
135.859375
 20
194.429688
 30
0.0
 11
135.859375
 21
198.429688
 31
0.0
  0
SOLID
  5
7D9
330
3D6
100
AcDbEntity
  8
FD_Dimensions
 62
     0
440
 16777216
100
AcDbTrace
 10
135.276042
 20
190.929688
 30
0.0
 11
136.442708
 21
190.929688
 31
0.0
 12
135.859375
 22
194.429688
 32
0.0
 13
135.859375
 23
194.429688
 33
0.0
  0
SOLID
  5
7DA
330
3D6
100
AcDbEntity
  8
FD_Dimensions
 62
     0
440
 16777216
100
AcDbTrace
 10
135.276042
 20
201.929688
 30
0.0
 11
136.442708
 21
201.929688
 31
0.0
 12
135.859375
 22
198.429688
 32
0.0
 13
135.859375
 23
198.429688
 33
0.0
  0
MTEXT
  5
7DB
330
3D6
100
AcDbEntity
  8
FD_Dimensions
 62
     0
440
 16777216
100
AcDbMText
 10
132.709375
 20
208.040124
 30
0.0
 40
3.5
 41
0.0
 46
0.0
 71
     5
 72
     1
  1
4
 11
0.0
 21
1.0
 31
0.0
 73
     1
 44
1.0
  0
POINT
  5
7DC
330
3D6
100
AcDbEntity
  8
Defpoints
 62
     0
440
 16777216
100
AcDbPoint
 10
146.523438
 20
194.429688
 30
0.0
  0
POINT
  5
7DD
330
3D6
100
AcDbEntity
  8
Defpoints
 62
     0
440
 16777216
100
AcDbPoint
 10
146.523438
 20
198.429688
 30
0.0
  0
POINT
  5
7DE
330
3D6
100
AcDbEntity
  8
Defpoints
 62
     0
440
 16777216
100
AcDbPoint
 10
135.859375
 20
198.429688
 30
0.0
  0
ENDBLK
  5
3D8
330
3D6
100
AcDbEntity
  8
0
100
AcDbBlockEnd
  0
ENDSEC
  0
SECTION
  2
ENTITIES
  0
INSERT
  5
100
330
70
100
AcDbEntity
  8
BORDER
100
AcDbBlockReference
  2
ISO_A3_SHEET
 10
0.0
 20
0.0
 30
0.0
  0
INSERT
  5
146
330
70
100
AcDbEntity
  8
TITLEBLOCK
100
AcDbBlockReference
 66
     1
  2
ISO_TITLEBLOCK
 10
410.0
 20
10.0
 30
0.0
  0
ATTRIB
  5
182
330
146
100
AcDbEntity
  8
TITLEBLOCK
100
AcDbText
 10
360.0
 20
11.5
 30
0.0
 40
3.5
  1

  7
FusionTitle
 11
360.0
 21
15.0
 31
0.0
100
AcDbAttribute
280
     0
  2
DATE_OF_ISSUE
 70
     0
 74
     3
280
     1
  0
ATTRIB
  5
183
330
146
100
AcDbEntity
  8
TITLEBLOCK
100
AcDbText
 10
354.0
 20
11.35
 30
0.0
 40
3.5
  1

  7
FusionTitle
 72
     1
 11
354.0
 21
14.85
 31
0.0
100
AcDbAttribute
280
     0
  2
REV
 70
     0
 74
     3
280
     1
  0
ATTRIB
  5
184
330
146
100
AcDbEntity
  8
TITLEBLOCK
100
AcDbText
 10
289.0
 20
11.5
 30
0.0
 40
5.0
  1

  7
FusionTitle
 11
289.0
 21
16.5
 31
0.0
100
AcDbAttribute
280
     0
  2
TITLE_3
 70
     0
 74
     3
280
     1
  0
ATTRIB
  5
185
330
146
100
AcDbEntity
  8
TITLEBLOCK
100
AcDbText
 10
350.0
 20
38.5
 30
0.0
 40
3.5
  1

  7
FusionTitle
 11
350.0
 21
42.0
 31
0.0
100
AcDbAttribute
280
     0
  2
DOCUMENT_STATUS
 70
     0
 74
     3
280
     1
  0
ATTRIB
  5
186
330
146
100
AcDbEntity
  8
TITLEBLOCK
100
AcDbText
 10
289.0
 20
38.5
 30
0.0
 40
3.5
  1

  7
FusionTitle
 11
289.0
 21
42.0
 31
0.0
100
AcDbAttribute
280
     0
  2
DOCUMENT_TYPE
 70
     0
 74
     3
280
     1
  0
ATTRIB
  5
187
330
146
100
AcDbEntity
  8
TITLEBLOCK
100
AcDbText
 10
409.007162
 20
48.5
 30
0.0
 40
3.5
  1

  7
FusionTitle
 72
     2
 11
409.007162
 21
52.0
 31
0.0
100
AcDbAttribute
280
     0
  2
APPROVED_DATE
 70
     0
 74
     3
280
     1
  0
ATTRIB
  5
188
330
146
100
AcDbEntity
  8
TITLEBLOCK
100
AcDbText
 10
328.967258
 20
48.5
 30
0.0
 40
3.5
  1
20.04.26
  7
FusionTitle
 72
     2
 11
348.0
 21
52.0
 31
0.0
100
AcDbAttribute
280
     0
  2
CREATED_DATE
 70
     0
 74
     3
280
     1
  0
ATTRIB
  5
189
330
146
100
AcDbEntity
  8
TITLEBLOCK
100
AcDbText
 10
399.101467
 20
11.35
 30
0.0
 40
3.5
  1
1/1
  7
FusionTitle
 72
     1
 11
402.5
 21
14.85
 31
0.0
100
AcDbAttribute
280
     0
  2
SHEET
 70
     0
 74
     3
280
     1
  0
ATTRIB
  5
18A
330
146
100
AcDbEntity
  8
TITLEBLOCK
100
AcDbText
 10
289.0
 20
19.0
 30
0.0
 40
5.0
  1

  7
FusionTitle
 11
289.0
 21
24.0
 31
0.0
100
AcDbAttribute
280
     0
  2
TITLE_2
 70
     0
 74
     3
280
     1
  0
ATTRIB
  5
18B
330
146
100
AcDbEntity
  8
TITLEBLOCK
100
AcDbText
 10
379.5
 20
24.751432
 30
0.0
 40
5.0
  1

  7
FusionTitle
 72
     1
 11
379.5
 21
29.751432
 31
0.0
100
AcDbAttribute
280
     0
  2
DRAWING_NUMBER
 70
     0
 74
     3
280
     1
  0
ATTRIB
  5
18C
330
146
100
AcDbEntity
  8
TITLEBLOCK
100
AcDbText
 10
289.0
 20
26.5
 30
0.0
 40
5.0
  1
face
  7
FusionTitle
 11
289.0
 21
31.5
 31
0.0
100
AcDbAttribute
280
     0
  2
TITLE_1
 70
     0
 74
     3
280
     1
  0
ATTRIB
  5
18D
330
146
100
AcDbEntity
  8
TITLEBLOCK
100
AcDbText
 10
350.0
 20
48.5
 30
0.0
 40
3.5
  1

  7
FusionTitle
 11
350.0
 21
52.0
 31
0.0
100
AcDbAttribute
280
     0
  2
APPROVED_BY
 70
     0
 74
     3
280
     1
  0
ATTRIB
  5
18E
330
146
100
AcDbEntity
  8
TITLEBLOCK
100
AcDbText
 10
289.0
 20
48.5
 30
0.0
 40
3.5
  1
Shrikar Nakhye
  7
FusionTitle
 11
289.0
 21
52.0
 31
0.0
100
AcDbAttribute
280
     0
  2
CREATED_BY
 70
     0
 74
     3
280
     1
  0
ATTRIB
  5
18F
330
146
100
AcDbEntity
  8
TITLEBLOCK
100
AcDbText
 10
255.0
 20
48.5
 30
0.0
 40
3.5
  1

  7
FusionTitle
 11
255.0
 21
52.0
 31
0.0
100
AcDbAttribute
280
     0
  2
TECHNICAL_REFERENCE
 70
     0
 74
     3
280
     1
  0
ATTRIB
  5
190
330
146
100
AcDbEntity
  8
TITLEBLOCK
100
AcDbText
 10
231.0
 20
48.5
 30
0.0
 40
3.5
  1

  7
FusionTitle
 11
231.0
 21
52.0
 31
0.0
100
AcDbAttribute
280
     0
  2
DEPT
 70
     0
 74
     3
280
     1
  0
SEQEND
  5
191
330
146
100
AcDbEntity
  8
TITLEBLOCK
  0
INSERT
  5
192
330
70
100
AcDbEntity
  8
Smart Centers
 48
0.75
100
AcDbBlockReference
  2
*U11
 10
166.523438
 20
125.53125
 30
0.0
  0
INSERT
  5
1CE
330
70
100
AcDbEntity
  8
Smart Centers
 48
0.75
100
AcDbBlockReference
  2
*U12
 10
166.523438
 20
125.53125
 30
0.0
  0
DIMENSION
  5
1D8
330
70
100
AcDbEntity
  8
FD_Dimensions
100
AcDbDimension
280
     0
  2
*D33
 10
186.523438
 20
85.023438
 30
0.0
 11
166.523438
 21
88.210443
 31
0.0
 70
    32
 71
     5
 42
40.0
 73
     0
 74
     0
 75
     0
  3
Dim-ISO-25
100
AcDbAlignedDimension
 13
146.523438
 23
105.53125
 33
0.0
 14
186.523438
 24
105.53125
 34
0.0
100
AcDbRotatedDimension
1001
FUSDOC_AUTODIM_XDATA
1070
     1
1071
        0
1071
     4000
1071
        1
1071
  1049600
1071
        0
1071
        0
1001
ACAD_DIMASSOC_CALC_DIMLFAC
1040
-1.0
1001
ACAD_DIMASSOC_DIMLFAC
1040
-1.0
1001
ACAD_DIMASSOC_OVERRIDDEN_DIMLFAC
1040
0.0
1001
AUTO_ARRANGE_XDATA
1070
     1
1071
        4
1040
20.507813
1040
0.0
1001
ACAD_DSTYLE_DIMJAG_POSITION
1070
   387
1070
     0
1070
   389
1010
0.0
1020
0.0
1030
0.0
1001
ACAD
1000
DSTYLE
1002
{
1070
   144
1040
1.0
1002
}
  0
DIMENSION
  5
1E6
330
70
100
AcDbEntity
  8
FD_Dimensions
100
AcDbDimension
280
     0
  2
*D34
 10
135.859375
 20
145.53125
 30
0.0
 11
132.67237
 21
125.53125
 31
0.0
 70
    32
 71
     5
 42
40.0
 73
     0
 74
     0
 75
     0
  3
Dim-ISO-25
100
AcDbAlignedDimension
 13
146.523438
 23
105.53125
 33
0.0
 14
146.523438
 24
145.53125
 34
0.0
 50
90.0
100
AcDbRotatedDimension
1001
FUSDOC_AUTODIM_XDATA
1070
     1
1071
        0
1071
     4000
1071
        1
1071
  1049600
1071
        0
1071
        0
1001
ACAD_DIMASSOC_CALC_DIMLFAC
1040
-1.0
1001
ACAD_DIMASSOC_DIMLFAC
1040
-1.0
1001
ACAD_DIMASSOC_OVERRIDDEN_DIMLFAC
1040
0.0
1001
AUTO_ARRANGE_XDATA
1070
     1
1071
        7
1040
10.664062
1040
0.0
1001
ACAD_DSTYLE_DIMJAG_POSITION
1070
   387
1070
     0
1070
   389
1010
0.0
1020
0.0
1030
0.0
1001
ACAD
1000
DSTYLE
1002
{
1070
   144
1040
1.0
1002
}
  0
DIMENSION
  5
1F3
330
70
100
AcDbEntity
  8
FD_Dimensions
100
AcDbDimension
280
     0
  2
*D35
 10
263.9375
 20
64.515625
 30
0.0
 11
243.9375
 21
67.70263
 31
0.0
 70
    32
 71
     5
 42
40.0
 73
     0
 74
     0
 75
     0
  3
Dim-ISO-25
100
AcDbAlignedDimension
 13
223.9375
 23
105.53125
 33
0.0
 14
263.9375
 24
105.53125
 34
0.0
100
AcDbRotatedDimension
1001
FUSDOC_AUTODIM_XDATA
1070
     1
1071
        0
1071
     4000
1071
        1
1071
  1049604
1071
        0
1071
        0
1001
ACAD_DIMASSOC_CALC_DIMLFAC
1040
-1.0
1001
ACAD_DIMASSOC_DIMLFAC
1040
-1.0
1001
ACAD_DIMASSOC_OVERRIDDEN_DIMLFAC
1040
0.0
1001
AUTO_ARRANGE_XDATA
1070
     1
1071
        4
1040
41.015625
1040
0.0
1001
ACAD_DSTYLE_DIMJAG_POSITION
1070
   387
1070
     0
1070
   389
1010
0.0
1020
0.0
1030
0.0
1001
ACAD
1000
DSTYLE
1002
{
1070
   144
1040
1.0
1002
}
  0
DIMENSION
  5
200
330
70
100
AcDbEntity
  8
FD_Dimensions
100
AcDbDimension
280
     0
  2
*D36
 10
154.823438
 20
125.53125
 30
0.0
 11
133.954891
 21
158.099797
 31
0.0
 70
    34
  1
4X <>
 71
     5
 42
1.570796
 73
     0
 74
     0
 75
     0
  3
Dim-ISO-25
100
AcDb2LineAngularDimension
 13
166.523438
 23
135.210156
 33
0.0
 14
166.523438
 24
137.23125
 34
0.0
 15
156.844531
 25
125.53125
 35
0.0
 16
145.0875
 26
162.659383
 36
0.0
1001
ISCENTERMARKPATTERNDIM
1071
        1
1001
FUSDOC_AUTODIM_XDATA
1070
     1
1071
        0
1071
     3800
1071
        0
1071
        0
1071
  8388608
1071
        0
1001
AUTO_ARRANGE_XDATA
1070
     1
1040
42.871875
1001
ACAD_DSTYLE_DIMJAG_POSITION
1070
   387
1070
     0
1070
   389
1010
0.0
1020
0.0
1030
0.0
1001
ACAD
1000
DSTYLE
1002
{
1070
   144
1040
1.0
1070
     3
1000

1002
}
  0
DIMENSION
  5
20F
330
70
100
AcDbEntity
  8
FD_Dimensions
100
AcDbDimension
280
     0
  2
*D37
 10
162.970687
 20
119.499836
 30
0.0
 11
184.182515
 21
155.510614
 31
0.0
 70
   163
 71
     5
 42
14.0
 73
     0
 74
     0
 75
     0
  3
Dim-ISO-25
100
AcDbDiametricDimension
 15
170.076188
 25
131.562664
 35
0.0
 40
0.0
1001
ISCENTERMARKPATTERNDIM
1071
        1
1001
FUSDOC_AUTODIM_XDATA
1070
     1
1071
        0
1071
     3800
1071
        0
1071
        0
1071
  8388608
1071
        0
1001
ACAD_DIMASSOC_CALC_DIMLFAC
1040
-1.0
1001
ACAD_DIMASSOC_DIMLFAC
1040
-1.0
1001
ACAD_DIMASSOC_OVERRIDDEN_DIMLFAC
1040
0.0
1001
AUTO_ARRANGE_XDATA
1070
     2
1040
5.244711
1070
     0
1040
27.793753
1001
ACAD_DSTYLE_DIMJAG_POSITION
1070
   387
1070
     0
1070
   389
1010
0.0
1020
0.0
1030
0.0
1001
ACAD_DSTYLE_DIMRADIAL_EXTENSION
1070
   387
1070
     1
1070
   388
1040
0.0
1070
   390
1040
6.283184
1001
ACAD
1000
DSTYLE
1002
{
1070
   144
1040
1.0
1002
}
  0
DIMENSION
  5
21B
330
70
100
AcDbEntity
  8
FD_Dimensions
100
AcDbDimension
280
     0
  2
*D38
 10
196.632813
 20
125.53125
 30
0.0
 11
193.445807
 21
115.53125
 31
0.0
 70
    32
 71
     5
 42
20.0
 73
     0
 74
     0
 75
     0
  3
Dim-ISO-25
100
AcDbAlignedDimension
 13
182.523438
 23
105.53125
 33
0.0
 14
172.023438
 24
125.53125
 34
0.0
 50
90.0
100
AcDbRotatedDimension
1001
FUSDOC_AUTODIM_XDATA
1070
     1
1071
        0
1071
     3800
1071
        0
1071
   197632
1071
 16777216
1071
        0
1001
ACAD_DIMASSOC_CALC_DIMLFAC
1040
-1.0
1001
ACAD_DIMASSOC_DIMLFAC
1040
-1.0
1001
ACAD_DIMASSOC_OVERRIDDEN_DIMLFAC
1040
0.0
1001
AUTO_ARRANGE_XDATA
1070
     1
1071
        4
1040
14.109375
1040
0.0
1001
ACAD_DSTYLE_DIMJAG_POSITION
1070
   387
1070
     0
1070
   389
1010
0.0
1020
0.0
1030
0.0
1001
ACAD
1000
DSTYLE
1002
{
1070
   144
1040
1.0
1002
}
  0
DIMENSION
  5
228
330
70
100
AcDbEntity
  8
FD_Dimensions
100
AcDbDimension
280
     0
  2
*D39
 10
166.523438
 20
95.421875
 30
0.0
 11
156.523438
 21
98.60888
 31
0.0
 70
    32
 71
     5
 42
20.0
 73
     0
 74
     0
 75
     0
  3
Dim-ISO-25
100
AcDbAlignedDimension
 13
146.523438
 23
105.53125
 33
0.0
 14
166.523438
 24
120.03125
 34
0.0
100
AcDbRotatedDimension
1001
FUSDOC_AUTODIM_XDATA
1070
     1
1071
        0
1071
     3800
1071
        0
1071
   197632
1071
 16777216
1071
        0
1001
ACAD_DIMASSOC_CALC_DIMLFAC
1040
-1.0
1001
ACAD_DIMASSOC_DIMLFAC
1040
-1.0
1001
ACAD_DIMASSOC_OVERRIDDEN_DIMLFAC
1040
0.0
1001
AUTO_ARRANGE_XDATA
1070
     1
1071
        4
1040
10.109375
1040
0.0
1001
ACAD_DSTYLE_DIMJAG_POSITION
1070
   387
1070
     0
1070
   389
1010
0.0
1020
0.0
1030
0.0
1001
ACAD
1000
DSTYLE
1002
{
1070
   144
1040
1.0
1002
}
  0
DIMENSION
  5
235
330
70
100
AcDbEntity
  8
FD_Dimensions
100
AcDbDimension
280
     0
  2
*D40
 10
174.12712
 20
124.494154
 30
0.0
 11
157.54252
 21
152.985647
 31
0.0
 70
   163
 71
     5
 42
2.4
 73
     0
 74
     0
 75
     0
  3
Dim-ISO-25
100
AcDbDiametricDimension
 15
172.919755
 25
126.568346
 35
0.0
 40
0.0
1001
FUSDOC_AUTODIM_XDATA
1070
     1
1071
        0
1071
     3000
1071
        0
1071
       32
1071
        0
1071
        0
1001
ACAD_DIMASSOC_CALC_DIMLFAC
1040
-1.0
1001
ACAD_DIMASSOC_DIMLFAC
1040
-1.0
1001
ACAD_DIMASSOC_OVERRIDDEN_DIMLFAC
1040
0.0
1001
AUTO_ARRANGE_XDATA
1070
     2
1040
4.185243
1070
     0
1040
30.566864
1001
ACAD_DSTYLE_DIMJAG_POSITION
1070
   387
1070
     0
1070
   389
1010
0.0
1020
0.0
1030
0.0
1001
ACAD_DSTYLE_DIMRADIAL_EXTENSION
1070
   387
1070
     1
1070
   388
1040
0.0
1070
   390
1040
0.0
1001
ACAD
1000
DSTYLE
1002
{
1070
   144
1040
1.0
1002
}
  0
DIMENSION
  5
241
330
70
100
AcDbEntity
  8
FD_Dimensions
100
AcDbDimension
280
     0
  2
*D41
 10
167.911224
 20
124.091094
 30
0.0
 11
144.757598
 21
148.118442
 31
0.0
 70
   163
 71
     5
 42
4.0
 73
     0
 74
     0
 75
     0
  3
Dim-ISO-25
100
AcDbDiametricDimension
 15
165.135651
 25
126.971406
 35
0.0
 40
0.0
1001
FUSDOC_AUTODIM_XDATA
1070
     1
1071
        0
1071
     3000
1071
        0
1071
       32
1071
        0
1071
        0
1001
ACAD_DIMASSOC_CALC_DIMLFAC
1040
-1.0
1001
ACAD_DIMASSOC_DIMLFAC
1040
-1.0
1001
ACAD_DIMASSOC_OVERRIDDEN_DIMLFAC
1040
0.0
1001
AUTO_ARRANGE_XDATA
1070
     2
1040
3.945507
1070
     0
1040
29.367706
1001
ACAD_DSTYLE_DIMJAG_POSITION
1070
   387
1070
     0
1070
   389
1010
0.0
1020
0.0
1030
0.0
1001
ACAD_DSTYLE_DIMRADIAL_EXTENSION
1070
   387
1070
     1
1070
   388
1040
0.0
1070
   390
1040
0.0
1001
ACAD
1000
DSTYLE
1002
{
1070
   144
1040
1.0
1002
}
  0
DIMENSION
  5
24D
330
70
100
AcDbEntity
  8
FD_Dimensions
100
AcDbDimension
280
     0
  2
*D42
 10
251.9375
 20
74.296875
 30
0.0
 11
237.9375
 21
77.48388
 31
0.0
 70
    32
 71
     5
 42
28.0
 73
     0
 74
     0
 75
     0
  3
Dim-ISO-25
100
AcDbAlignedDimension
 13
223.9375
 23
105.53125
 33
0.0
 14
251.9375
 24
112.03125
 34
0.0
100
AcDbRotatedDimension
1001
FUSDOC_AUTODIM_XDATA
1070
     1
1071
        0
1071
     1500
1071
        0
1071
   132096
1071
        0
1071
        0
1001
ACAD_DIMASSOC_CALC_DIMLFAC
1040
-1.0
1001
ACAD_DIMASSOC_DIMLFAC
1040
-1.0
1001
ACAD_DIMASSOC_OVERRIDDEN_DIMLFAC
1040
0.0
1001
AUTO_ARRANGE_XDATA
1070
     1
1071
        4
1040
31.234375
1040
0.0
1001
ACAD_DSTYLE_DIMJAG_POSITION
1070
   387
1070
     0
1070
   389
1010
0.0
1020
0.0
1030
0.0
1001
ACAD
1000
DSTYLE
1002
{
1070
   144
1040
1.0
1002
}
  0
DIMENSION
  5
25A
330
70
100
AcDbEntity
  8
FD_Dimensions
100
AcDbDimension
280
     0
  2
*D43
 10
295.414063
 20
131.53125
 30
0.0
 11
292.227057
 21
118.53125
 31
0.0
 70
    32
 71
     5
 42
26.0
 73
     0
 74
     0
 75
     0
  3
Dim-ISO-25
100
AcDbAlignedDimension
 13
223.9375
 23
105.53125
 33
0.0
 14
251.9375
 24
131.53125
 34
0.0
 50
90.0
100
AcDbRotatedDimension
1001
ACAD_DIMASSOC_CALC_DIMLFAC
1040
-1.0
1001
ACAD_DIMASSOC_DIMLFAC
1040
-1.0
1001
ACAD_DIMASSOC_OVERRIDDEN_DIMLFAC
1040
0.0
1001
FUSDOC_AUTODIM_XDATA
1070
     1
1071
        0
1071
     1500
1071
        0
1071
   132096
1071
        0
1071
        0
1001
AUTO_ARRANGE_XDATA
1070
     1
1071
        4
1040
43.476563
1040
0.0
1001
ACAD_DSTYLE_DIMJAG_POSITION
1070
   387
1070
     0
1070
   389
1010
0.0
1020
0.0
1030
0.0
1001
ACAD
1000
DSTYLE
1002
{
1070
   144
1040
1.0
1002
}
  0
DIMENSION
  5
267
330
70
100
AcDbEntity
  8
FD_Dimensions
100
AcDbDimension
280
     0
  2
*D44
 10
213.890625
 20
115.53125
 30
0.0
 11
210.70362
 21
110.53125
 31
0.0
 70
    32
 71
     5
 42
10.0
 73
     0
 74
     0
 75
     0
  3
Dim-ISO-25
100
AcDbAlignedDimension
 13
223.9375
 23
105.53125
 33
0.0
 14
231.9375
 24
115.53125
 34
0.0
 50
90.0
100
AcDbRotatedDimension
1001
FUSDOC_AUTODIM_XDATA
1070
     1
1071
        0
1071
     1500
1071
        0
1071
   197632
1071
        0
1071
        0
1001
ACAD_DIMASSOC_CALC_DIMLFAC
1040
-1.0
1001
ACAD_DIMASSOC_DIMLFAC
1040
-1.0
1001
ACAD_DIMASSOC_OVERRIDDEN_DIMLFAC
1040
0.0
1001
AUTO_ARRANGE_XDATA
1070
     1
1071
        7
1040
10.046875
1040
0.0
1001
ACAD_DSTYLE_DIMJAG_POSITION
1070
   387
1070
     0
1070
   389
1010
0.0
1020
0.0
1030
0.0
1001
ACAD
1000
DSTYLE
1002
{
1070
   144
1040
1.0
1002
}
  0
DIMENSION
  5
274
330
70
100
AcDbEntity
  8
FD_Dimensions
100
AcDbDimension
280
     0
  2
*D45
 10
231.9375
 20
84.359375
 30
0.0
 11
227.9375
 21
87.54638
 31
0.0
 70
    32
 71
     5
 42
8.0
 73
     0
 74
     0
 75
     0
  3
Dim-ISO-25
100
AcDbAlignedDimension
 13
223.9375
 23
105.53125
 33
0.0
 14
231.9375
 24
115.53125
 34
0.0
100
AcDbRotatedDimension
1001
FUSDOC_AUTODIM_XDATA
1070
     1
1071
        0
1071
     1500
1071
        0
1071
   132096
1071
        0
1071
        0
1001
ACAD_DIMASSOC_CALC_DIMLFAC
1040
-1.0
1001
ACAD_DIMASSOC_DIMLFAC
1040
-1.0
1001
ACAD_DIMASSOC_OVERRIDDEN_DIMLFAC
1040
0.0
1001
AUTO_ARRANGE_XDATA
1070
     1
1071
        4
1040
21.171875
1040
0.0
1001
ACAD_DSTYLE_DIMJAG_POSITION
1070
   387
1070
     0
1070
   389
1010
0.0
1020
0.0
1030
0.0
1001
ACAD
1000
DSTYLE
1002
{
1070
   144
1040
1.0
1002
}
  0
DIMENSION
  5
283
330
70
100
AcDbEntity
  8
FD_Dimensions
100
AcDbDimension
280
     0
  2
*D46
 10
274.085938
 20
112.03125
 30
0.0
 11
270.898932
 21
123.639981
 31
0.0
 70
    32
 71
     5
 42
6.5
 73
     0
 74
     0
 75
     0
  3
Dim-ISO-25
100
AcDbAlignedDimension
 13
223.9375
 23
105.53125
 33
0.0
 14
251.9375
 24
112.03125
 34
0.0
 50
90.0
100
AcDbRotatedDimension
1001
ACAD_DIMASSOC_CALC_DIMLFAC
1040
-1.0
1001
ACAD_DIMASSOC_DIMLFAC
1040
-1.0
1001
ACAD_DIMASSOC_OVERRIDDEN_DIMLFAC
1040
0.0
1001
FUSDOC_AUTODIM_XDATA
1070
     1
1071
        0
1071
     1500
1071
        0
1071
   197632
1071
        0
1071
        0
1001
AUTO_ARRANGE_XDATA
1070
     1
1071
        4
1040
22.148438
1040
0.0
1001
ACAD_DSTYLE_DIMJAG_POSITION
1070
   387
1070
     0
1070
   389
1010
0.0
1020
0.0
1030
0.0
1001
ACAD
1000
DSTYLE
1002
{
1070
   144
1040
1.0
1002
}
  0
DIMENSION
  5
292
330
70
100
AcDbEntity
  8
FD_Dimensions
100
AcDbDimension
280
     0
  2
*D47
 10
182.523438
 20
183.664063
 30
0.0
 11
164.523438
 21
186.852262
 31
0.0
 70
    32
 71
     5
 42
36.0
 73
     0
 74
     0
 75
     0
  3
Dim-ISO-25
100
AcDbAlignedDimension
 13
146.523438
 23
198.429688
 33
0.0
 14
182.523438
 24
198.429688
 34
0.0
100
AcDbRotatedDimension
1001
FUSDOC_AUTODIM_XDATA
1070
     1
1071
        0
1071
      100
1071
        1
1071
     1028
1071
        0
1071
        0
1001
ACAD_DIMASSOC_CALC_DIMLFAC
1040
-1.0
1001
ACAD_DIMASSOC_DIMLFAC
1040
-1.0
1001
ACAD_DIMASSOC_OVERRIDDEN_DIMLFAC
1040
0.0
1001
AUTO_ARRANGE_XDATA
1070
     1
1071
        4
1040
14.765625
1040
0.0
1001
ACAD_DSTYLE_DIMJAG_POSITION
1070
   387
1070
     0
1070
   389
1010
0.0
1020
0.0
1030
0.0
1001
ACAD
1000
DSTYLE
1002
{
1070
   144
1040
1.0
1002
}
  0
DIMENSION
  5
29F
330
70
100
AcDbEntity
  8
FD_Dimensions
100
AcDbDimension
280
     0
  2
*D48
 10
213.890625
 20
135.53125
 30
0.0
 11
210.70362
 21
125.53125
 31
0.0
 70
    32
 71
     5
 42
20.0
 73
     0
 74
     0
 75
     0
  3
Dim-ISO-25
100
AcDbAlignedDimension
 13
231.9375
 23
115.53125
 33
0.0
 14
231.9375
 24
135.53125
 34
0.0
 50
90.0
100
AcDbRotatedDimension
1001
FUSDOC_AUTODIM_XDATA
1070
     1
1071
        0
1071
      100
1071
        1
1071
     1024
1071
        0
1071
        0
1001
ACAD_DIMASSOC_CALC_DIMLFAC
1040
-1.0
1001
ACAD_DIMASSOC_DIMLFAC
1040
-1.0
1001
ACAD_DIMASSOC_OVERRIDDEN_DIMLFAC
1040
0.0
1001
AUTO_ARRANGE_XDATA
1070
     1
1071
        7
1040
18.046875
1040
0.0
1001
ACAD_DSTYLE_DIMJAG_POSITION
1070
   387
1070
     0
1070
   389
1010
0.0
1020
0.0
1030
0.0
1001
ACAD
1000
DSTYLE
1002
{
1070
   144
1040
1.0
1002
}
  0
DIMENSION
  5
2AC
330
70
100
AcDbEntity
  8
FD_Dimensions
100
AcDbDimension
280
     0
  2
*D49
 10
239.9375
 20
94.203125
 30
0.0
 11
235.9375
 21
97.39013
 31
0.0
 70
    32
 71
     5
 42
8.0
 73
     0
 74
     0
 75
     0
  3
Dim-ISO-25
100
AcDbAlignedDimension
 13
231.9375
 23
115.53125
 33
0.0
 14
239.9375
 24
115.53125
 34
0.0
100
AcDbRotatedDimension
1001
FUSDOC_AUTODIM_XDATA
1070
     1
1071
        0
1071
      100
1071
        1
1071
     1028
1071
        0
1071
        0
1001
ACAD_DIMASSOC_CALC_DIMLFAC
1040
-1.0
1001
ACAD_DIMASSOC_DIMLFAC
1040
-1.0
1001
ACAD_DIMASSOC_OVERRIDDEN_DIMLFAC
1040
0.0
1001
AUTO_ARRANGE_XDATA
1070
     1
1071
        4
1040
21.328125
1040
0.0
1001
ACAD_DSTYLE_DIMJAG_POSITION
1070
   387
1070
     0
1070
   389
1010
0.0
1020
0.0
1030
0.0
1001
ACAD
1000
DSTYLE
1002
{
1070
   144
1040
1.0
1002
}
  0
DIMENSION
  5
2BB
330
70
100
AcDbEntity
  8
FD_Dimensions
100
AcDbDimension
280
     0
  2
*D50
 10
284.75
 20
119.53125
 30
0.0
 11
281.570157
 21
131.116107
 31
0.0
 70
    32
 71
     5
 42
7.5
 73
     0
 74
     0
 75
     0
  3
Dim-ISO-25
100
AcDbAlignedDimension
 13
251.9375
 23
112.03125
 33
0.0
 14
251.9375
 24
119.53125
 34
0.0
 50
90.0
100
AcDbRotatedDimension
1001
ACAD_DIMASSOC_CALC_DIMLFAC
1040
-1.0
1001
ACAD_DIMASSOC_DIMLFAC
1040
-1.0
1001
ACAD_DIMASSOC_OVERRIDDEN_DIMLFAC
1040
0.0
1001
FUSDOC_AUTODIM_XDATA
1070
     1
1071
        0
1071
      100
1071
        1
1071
    66560
1071
        0
1071
        0
1001
AUTO_ARRANGE_XDATA
1070
     1
1071
        4
1040
32.8125
1040
0.0
1001
ACAD_DSTYLE_DIMJAG_POSITION
1070
   387
1070
     0
1070
   389
1010
0.0
1020
0.0
1030
0.0
1001
ACAD
1000
DSTYLE
1002
{
1070
   144
1040
1.0
1002
}
  0
DIMENSION
  5
2CA
330
70
100
AcDbEntity
  8
FD_Dimensions
100
AcDbDimension
280
     0
  2
*D51
 10
255.9375
 20
94.804688
 30
0.0
 11
265.547937
 21
97.954688
 31
0.0
 70
    32
 71
     5
 42
4.0
 73
     0
 74
     0
 75
     0
  3
Dim-ISO-25
100
AcDbAlignedDimension
 13
251.9375
 23
112.03125
 33
0.0
 14
255.9375
 24
112.03125
 34
0.0
100
AcDbRotatedDimension
1001
FUSDOC_AUTODIM_XDATA
1070
     1
1071
        0
1071
      100
1071
        1
1071
     1028
1071
        0
1071
        0
1001
ACAD_DIMASSOC_CALC_DIMLFAC
1040
-1.0
1001
ACAD_DIMASSOC_DIMLFAC
1040
-1.0
1001
ACAD_DIMASSOC_OVERRIDDEN_DIMLFAC
1040
0.0
1001
AUTO_ARRANGE_XDATA
1070
     1
1071
        4
1040
17.226563
1040
0.0
1001
ACAD_DSTYLE_DIMJAG_POSITION
1070
   387
1070
     0
1070
   389
1010
0.0
1020
0.0
1030
0.0
1001
ACAD
1000
DSTYLE
1002
{
1070
   144
1040
1.0
1002
}
  0
DIMENSION
  5
2D9
330
70
100
AcDbEntity
  8
FD_Dimensions
100
AcDbDimension
280
     0
  2
*D52
 10
135.859375
 20
198.429688
 30
0.0
 11
132.709375
 21
208.040124
 31
0.0
 70
    32
 71
     5
 42
4.0
 73
     0
 74
     0
 75
     0
  3
Dim-ISO-25
100
AcDbAlignedDimension
 13
146.523438
 23
194.429688
 33
0.0
 14
146.523438
 24
198.429688
 34
0.0
 50
90.0
100
AcDbRotatedDimension
1001
FUSDOC_AUTODIM_XDATA
1070
     1
1071
        0
1071
      100
1071
        1
1071
     1040
1071
        0
1071
        0
1001
ACAD_DIMASSOC_CALC_DIMLFAC
1040
-1.0
1001
ACAD_DIMASSOC_DIMLFAC
1040
-1.0
1001
ACAD_DIMASSOC_OVERRIDDEN_DIMLFAC
1040
0.0
1001
AUTO_ARRANGE_XDATA
1070
     1
1071
        7
1040
10.664063
1040
0.0
1001
ACAD_DSTYLE_DIMJAG_POSITION
1070
   387
1070
     0
1070
   389
1010
0.0
1020
0.0
1030
0.0
1001
ACAD
1000
DSTYLE
1002
{
1070
   144
1040
1.0
1002
}
  0
LINE
  5
622
330
70
100
AcDbEntity
  8
Visible
100
AcDbLine
 10
182.523438
 20
145.53125
 30
0.0
 11
146.523438
 21
145.53125
 31
0.0
210
1.0
220
-0.0000000000000002
230
0.0
  0
LINE
  5
623
330
70
100
AcDbEntity
  8
Visible
100
AcDbLine
 10
146.523438
 20
145.53125
 30
0.0
 11
146.523438
 21
105.53125
 31
0.0
210
1.0
220
-0.0000000000000002
230
0.0
  0
LINE
  5
624
330
70
100
AcDbEntity
  8
Visible
100
AcDbLine
 10
146.523438
 20
105.53125
 30
0.0
 11
182.523438
 21
105.53125
 31
0.0
210
1.0
220
-0.0000000000000002
230
0.0
  0
CIRCLE
  5
625
330
70
100
AcDbEntity
  8
Visible
100
AcDbCircle
 10
166.523438
 20
118.53125
 30
0.0
 40
1.199999999999999
  0
CIRCLE
  5
626
330
70
100
AcDbEntity
  8
Visible
100
AcDbCircle
 10
166.523438
 20
132.53125
 30
0.0
 40
1.2
  0
CIRCLE
  5
627
330
70
100
AcDbEntity
  8
Visible
100
AcDbCircle
 10
166.523438
 20
125.53125
 30
0.0
 40
2.0
  0
CIRCLE
  5
628
330
70
100
AcDbEntity
  8
Visible
100
AcDbCircle
 10
173.523438
 20
125.53125
 30
0.0
 40
1.2
  0
CIRCLE
  5
629
330
70
100
AcDbEntity
  8
Visible
100
AcDbCircle
 10
159.523438
 20
125.53125
 30
0.0
 40
1.199999999999999
  0
LINE
  5
62A
330
70
100
AcDbEntity
  8
Visible
100
AcDbLine
 10
182.523438
 20
145.53125
 30
0.0
 11
186.523438
 21
145.53125
 31
0.0
210
1.0
220
-0.0000000000000002
230
0.0
  0
LINE
  5
62B
330
70
100
AcDbEntity
  8
Visible
100
AcDbLine
 10
182.523438
 20
105.53125
 30
0.0
 11
186.523438
 21
105.53125
 31
0.0
210
1.0
220
-0.0000000000000002
230
0.0
  0
LINE
  5
62C
330
70
100
AcDbEntity
  8
Visible
100
AcDbLine
 10
186.523438
 20
145.53125
 30
0.0
 11
186.523438
 21
105.53125
 31
0.0
210
1.0
220
-0.0000000000000002
230
0.0
  0
LINE
  5
62D
330
70
100
AcDbEntity
  8
Visible
100
AcDbLine
 10
182.523438
 20
145.53125
 30
0.0
 11
182.523438
 21
105.53125
 31
0.0
210
1.0
220
-0.0000000000000002
230
0.0
  0
LINE
  5
62E
330
70
100
AcDbEntity
  8
Hidden
100
AcDbLine
 10
182.523438
 20
112.03125
 30
0.0
 11
186.523438
 21
112.03125
 31
0.0
210
1.0
220
-0.0000000000000002
230
0.0
  0
LINE
  5
62F
330
70
100
AcDbEntity
  8
Hidden
100
AcDbLine
 10
182.523438
 20
119.53125
 30
0.0
 11
186.523438
 21
119.53125
 31
0.0
210
1.0
220
-0.0000000000000002
230
0.0
  0
LINE
  5
630
330
70
100
AcDbEntity
  8
Hidden
100
AcDbLine
 10
182.523438
 20
131.53125
 30
0.0
 11
186.523438
 21
131.53125
 31
0.0
210
1.0
220
-0.0000000000000002
230
0.0
  0
LINE
  5
631
330
70
100
AcDbEntity
  8
Hidden
100
AcDbLine
 10
182.523438
 20
139.03125
 30
0.0
 11
186.523438
 21
139.03125
 31
0.0
210
1.0
220
-0.0000000000000002
230
0.0
  0
LINE
  5
632
330
70
100
AcDbEntity
  8
Hidden
100
AcDbLine
 10
182.523438
 20
115.53125
 30
0.0
 11
186.523438
 21
115.53125
 31
0.0
210
1.0
220
-0.0000000000000002
230
0.0
  0
LINE
  5
633
330
70
100
AcDbEntity
  8
Hidden
100
AcDbLine
 10
182.523438
 20
135.53125
 30
0.0
 11
186.523438
 21
135.53125
 31
0.0
210
1.0
220
-0.0000000000000002
230
0.0
  0
LINE
  5
634
330
70
100
AcDbEntity
  8
Visible
100
AcDbLine
 10
227.9375
 20
145.53125
 30
0.0
 11
227.9375
 21
105.53125
 31
0.0
210
0.0000000000002967
220
0.0
230
-1.0
  0
LINE
  5
635
330
70
100
AcDbEntity
  8
Visible
100
AcDbLine
 10
223.9375
 20
145.53125
 30
0.0
 11
223.9375
 21
105.53125
 31
0.0
210
0.0000000000002967
220
0.0
230
-1.0
  0
LINE
  5
636
330
70
100
AcDbEntity
  8
Visible
100
AcDbLine
 10
227.9375
 20
145.53125
 30
0.0
 11
263.9375
 21
145.53125
 31
0.0
210
0.0000000000002967
220
0.0
230
-1.0
  0
LINE
  5
637
330
70
100
AcDbEntity
  8
Visible
100
AcDbLine
 10
227.9375
 20
145.53125
 30
0.0
 11
223.9375
 21
145.53125
 31
0.0
210
0.0000000000002967
220
0.0
230
-1.0
  0
LINE
  5
638
330
70
100
AcDbEntity
  8
Visible
100
AcDbLine
 10
227.9375
 20
105.53125
 30
0.0
 11
223.9375
 21
105.53125
 31
0.0
210
0.0000000000002967
220
0.0
230
-1.0
  0
LINE
  5
639
330
70
100
AcDbEntity
  8
Visible
100
AcDbLine
 10
263.9375
 20
105.53125
 30
0.0
 11
227.9375
 21
105.53125
 31
0.0
210
0.0000000000002967
220
0.0
230
-1.0
  0
LINE
  5
63A
330
70
100
AcDbEntity
  8
Visible
100
AcDbLine
 10
263.9375
 20
145.53125
 30
0.0
 11
263.9375
 21
105.53125
 31
0.0
210
0.0000000000002967
220
0.0
230
-1.0
  0
LINE
  5
63B
330
70
100
AcDbEntity
  8
Visible
100
AcDbLine
 10
239.9375
 20
115.53125
 30
0.0
 11
231.9375
 21
115.53125
 31
0.0
210
0.0000000000002967
220
0.0
230
-1.0
  0
LINE
  5
63C
330
70
100
AcDbEntity
  8
Visible
100
AcDbLine
 10
231.9375
 20
115.53125
 30
0.0
 11
231.9375
 21
135.53125
 31
0.0
210
0.0000000000002967
220
0.0
230
-1.0
  0
LINE
  5
63D
330
70
100
AcDbEntity
  8
Visible
100
AcDbLine
 10
231.9375
 20
135.53125
 30
0.0
 11
239.9375
 21
135.53125
 31
0.0
210
0.0000000000002967
220
0.0
230
-1.0
  0
LINE
  5
63E
330
70
100
AcDbEntity
  8
Visible
100
AcDbLine
 10
239.9375
 20
135.53125
 30
0.0
 11
239.9375
 21
115.53125
 31
0.0
210
0.0000000000002967
220
0.0
230
-1.0
  0
LINE
  5
63F
330
70
100
AcDbEntity
  8
Visible
100
AcDbLine
 10
255.9375
 20
131.53125
 30
0.0
 11
251.9375
 21
131.53125
 31
0.0
210
0.0000000000002967
220
0.0
230
-1.0
  0
LINE
  5
640
330
70
100
AcDbEntity
  8
Visible
100
AcDbLine
 10
251.9375
 20
131.53125
 30
0.0
 11
251.9375
 21
139.03125
 31
0.0
210
0.0000000000002967
220
0.0
230
-1.0
  0
LINE
  5
641
330
70
100
AcDbEntity
  8
Visible
100
AcDbLine
 10
251.9375
 20
139.03125
 30
0.0
 11
255.9375
 21
139.03125
 31
0.0
210
0.0000000000002967
220
0.0
230
-1.0
  0
LINE
  5
642
330
70
100
AcDbEntity
  8
Visible
100
AcDbLine
 10
255.9375
 20
139.03125
 30
0.0
 11
255.9375
 21
131.53125
 31
0.0
210
0.0000000000002967
220
0.0
230
-1.0
  0
LINE
  5
643
330
70
100
AcDbEntity
  8
Visible
100
AcDbLine
 10
255.9375
 20
112.03125
 30
0.0
 11
251.9375
 21
112.03125
 31
0.0
210
0.0000000000002967
220
0.0
230
-1.0
  0
LINE
  5
644
330
70
100
AcDbEntity
  8
Visible
100
AcDbLine
 10
251.9375
 20
112.03125
 30
0.0
 11
251.9375
 21
119.53125
 31
0.0
210
0.0000000000002967
220
0.0
230
-1.0
  0
LINE
  5
645
330
70
100
AcDbEntity
  8
Visible
100
AcDbLine
 10
251.9375
 20
119.53125
 30
0.0
 11
255.9375
 21
119.53125
 31
0.0
210
0.0000000000002967
220
0.0
230
-1.0
  0
LINE
  5
646
330
70
100
AcDbEntity
  8
Visible
100
AcDbLine
 10
255.9375
 20
119.53125
 30
0.0
 11
255.9375
 21
112.03125
 31
0.0
210
0.0000000000002967
220
0.0
230
-1.0
  0
LINE
  5
647
330
70
100
AcDbEntity
  8
Hidden
100
AcDbLine
 10
227.9375
 20
123.53125
 30
0.0
 11
223.9375
 21
123.53125
 31
0.0
210
0.0000000000002967
220
0.0
230
-1.0
  0
LINE
  5
648
330
70
100
AcDbEntity
  8
Hidden
100
AcDbLine
 10
227.9375
 20
127.53125
 30
0.0
 11
223.9375
 21
127.53125
 31
0.0
210
0.0000000000002967
220
0.0
230
-1.0
  0
LINE
  5
649
330
70
100
AcDbEntity
  8
Hidden
100
AcDbLine
 10
227.9375
 20
131.33125
 30
0.0
 11
223.9375
 21
131.33125
 31
0.0
210
0.0000000000002967
220
0.0
230
-1.0
  0
LINE
  5
64A
330
70
100
AcDbEntity
  8
Hidden
100
AcDbLine
 10
227.9375
 20
133.73125
 30
0.0
 11
223.9375
 21
133.73125
 31
0.0
210
0.0000000000002967
220
0.0
230
-1.0
  0
LINE
  5
64B
330
70
100
AcDbEntity
  8
Hidden
100
AcDbLine
 10
227.9375
 20
117.33125
 30
0.0
 11
223.9375
 21
117.33125
 31
0.0
210
0.0000000000002967
220
0.0
230
-1.0
  0
LINE
  5
64C
330
70
100
AcDbEntity
  8
Hidden
100
AcDbLine
 10
227.9375
 20
119.73125
 30
0.0
 11
223.9375
 21
119.73125
 31
0.0
210
0.0000000000002967
220
0.0
230
-1.0
  0
LINE
  5
64D
330
70
100
AcDbEntity
  8
Hidden
100
AcDbLine
 10
227.9375
 20
124.33125
 30
0.0
 11
223.9375
 21
124.33125
 31
0.0
210
0.0000000000002967
220
0.0
230
-1.0
  0
LINE
  5
64E
330
70
100
AcDbEntity
  8
Hidden
100
AcDbLine
 10
227.9375
 20
126.73125
 30
0.0
 11
223.9375
 21
126.73125
 31
0.0
210
0.0000000000002967
220
0.0
230
-1.0
  0
LINE
  5
64F
330
70
100
AcDbEntity
  8
Visible
100
AcDbLine
 10
146.523438
 20
198.429688
 30
0.0
 11
182.523438
 21
198.429688
 31
0.0
210
1.0
220
-0.0000000000000002
230
0.0
  0
LINE
  5
650
330
70
100
AcDbEntity
  8
Visible
100
AcDbLine
 10
146.523438
 20
194.429688
 30
0.0
 11
186.523438
 21
194.429688
 31
0.0
210
1.0
220
-0.0000000000000002
230
0.0
  0
LINE
  5
651
330
70
100
AcDbEntity
  8
Visible
100
AcDbLine
 10
146.523438
 20
198.429688
 30
0.0
 11
146.523438
 21
194.429688
 31
0.0
210
1.0
220
-0.0000000000000002
230
0.0
  0
LINE
  5
652
330
70
100
AcDbEntity
  8
Visible
100
AcDbLine
 10
186.523438
 20
234.429688
 30
0.0
 11
186.523438
 21
194.429688
 31
0.0
210
1.0
220
-0.0000000000000002
230
0.0
  0
LINE
  5
653
330
70
100
AcDbEntity
  8
Visible
100
AcDbLine
 10
182.523438
 20
234.429688
 30
0.0
 11
186.523438
 21
234.429688
 31
0.0
210
1.0
220
-0.0000000000000002
230
0.0
  0
LINE
  5
654
330
70
100
AcDbEntity
  8
Visible
100
AcDbLine
 10
182.523438
 20
234.429688
 30
0.0
 11
182.523438
 21
198.429688
 31
0.0
210
1.0
220
-0.0000000000000002
230
0.0
  0
LINE
  5
655
330
70
100
AcDbEntity
  8
Hidden
100
AcDbLine
 10
182.523438
 20
222.429688
 30
0.0
 11
186.523438
 21
222.429688
 31
0.0
210
1.0
220
-0.0000000000000002
230
0.0
  0
LINE
  5
656
330
70
100
AcDbEntity
  8
Hidden
100
AcDbLine
 10
182.523438
 20
226.429688
 30
0.0
 11
186.523438
 21
226.429688
 31
0.0
210
1.0
220
-0.0000000000000002
230
0.0
  0
LINE
  5
657
330
70
100
AcDbEntity
  8
Hidden
100
AcDbLine
 10
182.523438
 20
202.429688
 30
0.0
 11
186.523438
 21
202.429688
 31
0.0
210
1.0
220
-0.0000000000000002
230
0.0
  0
LINE
  5
658
330
70
100
AcDbEntity
  8
Hidden
100
AcDbLine
 10
182.523438
 20
210.429688
 30
0.0
 11
186.523438
 21
210.429688
 31
0.0
210
1.0
220
-0.0000000000000002
230
0.0
  0
LINE
  5
659
330
70
100
AcDbEntity
  8
Hidden
100
AcDbLine
 10
168.523438
 20
198.429688
 30
0.0
 11
168.523438
 21
194.429688
 31
0.0
210
1.0
220
-0.0000000000000002
230
0.0
  0
LINE
  5
65A
330
70
100
AcDbEntity
  8
Hidden
100
AcDbLine
 10
164.523438
 20
198.429688
 30
0.0
 11
164.523438
 21
194.429688
 31
0.0
210
1.0
220
-0.0000000000000002
230
0.0
  0
LINE
  5
65B
330
70
100
AcDbEntity
  8
Hidden
100
AcDbLine
 10
174.723438
 20
198.429688
 30
0.0
 11
174.723438
 21
194.429688
 31
0.0
210
1.0
220
-0.0000000000000002
230
0.0
  0
LINE
  5
65C
330
70
100
AcDbEntity
  8
Hidden
100
AcDbLine
 10
172.323438
 20
198.429688
 30
0.0
 11
172.323438
 21
194.429688
 31
0.0
210
1.0
220
-0.0000000000000002
230
0.0
  0
LINE
  5
65D
330
70
100
AcDbEntity
  8
Hidden
100
AcDbLine
 10
167.723438
 20
198.429688
 30
0.0
 11
167.723438
 21
194.429688
 31
0.0
210
1.0
220
-0.0000000000000002
230
0.0
  0
LINE
  5
65E
330
70
100
AcDbEntity
  8
Hidden
100
AcDbLine
 10
165.323438
 20
198.429688
 30
0.0
 11
165.323438
 21
194.429688
 31
0.0
210
1.0
220
-0.0000000000000002
230
0.0
  0
LINE
  5
65F
330
70
100
AcDbEntity
  8
Hidden
100
AcDbLine
 10
160.723438
 20
198.429688
 30
0.0
 11
160.723438
 21
194.429688
 31
0.0
210
1.0
220
-0.0000000000000002
230
0.0
  0
LINE
  5
660
330
70
100
AcDbEntity
  8
Hidden
100
AcDbLine
 10
158.323438
 20
198.429688
 30
0.0
 11
158.323438
 21
194.429688
 31
0.0
210
1.0
220
-0.0000000000000002
230
0.0
  0
ENDSEC
  0
SECTION
  2
OBJECTS
  0
DICTIONARY
  5
C
330
0
100
AcDbDictionary
281
     1
  3
ACAD_COLOR
350
63
  3
ACAD_DETAILVIEWSTYLE
350
6A
  3
ACAD_GROUP
350
D
  3
ACAD_LAYOUT
350
62
  3
ACAD_MATERIAL
350
10
  3
ACAD_MLEADERSTYLE
350
66
  3
ACAD_MLINESTYLE
350
5F
  3
ACAD_PLOTSETTINGS
350
61
  3
ACAD_PLOTSTYLENAME
350
E
  3
ACAD_SCALELIST
350
42
  3
ACAD_SECTIONVIEWSTYLE
350
68
  3
ACAD_TABLESTYLE
350
64
  3
ACAD_VISUALSTYLE
350
29
  3
ACDB_RECOMPOSE_DATA
350
7E8
  3
AcDbVariableDictionary
350
7DF
  0
DICTIONARY
  5
AE
330
70
100
AcDbDictionary
280
     1
281
     1
  3
ACAD_SORTENTS
360
AF
  0
DICTIONARY
  5
103
330
102
100
AcDbDictionary
280
     1
281
     1
  0
DICTIONARY
  5
149
330
148
100
AcDbDictionary
280
     1
281
     1
  3
ACAD_SORTENTS
360
621
  0
DICTIONARY
  5
164
330
163
100
AcDbDictionary
280
     1
281
     1
  0
DICTIONARY
  5
166
330
165
100
AcDbDictionary
280
     1
281
     1
  0
DICTIONARY
  5
168
330
167
100
AcDbDictionary
280
     1
281
     1
  0
DICTIONARY
  5
16A
330
169
100
AcDbDictionary
280
     1
281
     1
  0
DICTIONARY
  5
16C
330
16B
100
AcDbDictionary
280
     1
281
     1
  0
DICTIONARY
  5
16E
330
16D
100
AcDbDictionary
280
     1
281
     1
  0
DICTIONARY
  5
170
330
16F
100
AcDbDictionary
280
     1
281
     1
  0
DICTIONARY
  5
172
330
171
100
AcDbDictionary
280
     1
281
     1
  0
DICTIONARY
  5
174
330
173
100
AcDbDictionary
280
     1
281
     1
  0
DICTIONARY
  5
176
330
175
100
AcDbDictionary
280
     1
281
     1
  0
DICTIONARY
  5
178
330
177
100
AcDbDictionary
280
     1
281
     1
  0
DICTIONARY
  5
17A
330
179
100
AcDbDictionary
280
     1
281
     1
  0
DICTIONARY
  5
17C
330
17B
100
AcDbDictionary
280
     1
281
     1
  0
DICTIONARY
  5
17E
330
17D
100
AcDbDictionary
280
     1
281
     1
  0
DICTIONARY
  5
180
330
17F
100
AcDbDictionary
280
     1
281
     1
  0
DICTIONARY
  5
63
102
{ACAD_REACTORS
330
C
102
}
330
C
100
AcDbDictionary
281
     1
  0
DICTIONARY
  5
6A
102
{ACAD_REACTORS
330
C
102
}
330
C
100
AcDbDictionary
281
     1
  3
Imperial24
350
6B
  0
DICTIONARY
  5
D
102
{ACAD_REACTORS
330
C
102
}
330
C
100
AcDbDictionary
281
     1
  0
DICTIONARY
  5
62
102
{ACAD_REACTORS
330
C
102
}
330
C
100
AcDbDictionary
281
     1
  3
Model
350
73
  3
Sheet1
350
6F
  3
Sheet2
350
77
  0
DICTIONARY
  5
10
102
{ACAD_REACTORS
330
C
102
}
330
C
100
AcDbDictionary
281
     1
  3
ByBlock
350
19
  3
ByLayer
350
11
  3
Global
350
21
  0
DICTIONARY
  5
66
102
{ACAD_REACTORS
330
C
102
}
330
C
100
AcDbDictionary
281
     1
  3
Standard
350
67
  0
DICTIONARY
  5
5F
102
{ACAD_REACTORS
330
C
102
}
330
C
100
AcDbDictionary
281
     1
  3
Standard
350
60
  0
DICTIONARY
  5
61
102
{ACAD_REACTORS
330
C
102
}
330
C
100
AcDbDictionary
281
     1
  0
ACDBDICTIONARYWDFLT
  5
E
102
{ACAD_REACTORS
330
C
102
}
330
C
100
AcDbDictionary
281
     1
  3
Normal
350
F
100
AcDbDictionaryWithDefault
340
F
  0
DICTIONARY
  5
42
102
{ACAD_REACTORS
330
C
102
}
330
C
100
AcDbDictionary
281
     1
  3
A0
350
43
  3
A1
350
44
  3
A2
350
45
  3
A3
350
46
  3
A4
350
47
  3
A5
350
48
  3
A6
350
49
  3
A7
350
4A
  3
A8
350
4B
  3
A9
350
4C
  3
B0
350
4D
  3
B1
350
4E
  3
B2
350
4F
  3
B3
350
50
  3
B4
350
51
  3
B5
350
52
  3
B6
350
53
  0
DICTIONARY
  5
68
102
{ACAD_REACTORS
330
C
102
}
330
C
100
AcDbDictionary
281
     1
  3
Imperial24
350
69
  0
DICTIONARY
  5
64
102
{ACAD_REACTORS
330
C
102
}
330
C
100
AcDbDictionary
281
     1
  3
Standard
350
65
  0
DICTIONARY
  5
29
102
{ACAD_REACTORS
330
C
102
}
330
C
100
AcDbDictionary
281
     1
  3
2dWireframe
350
2F
  3
Basic
350
2E
  3
Brighten
350
35
  3
ColorChange
350
39
  3
Conceptual
350
32
  3
Dim
350
34
  3
EdgeColorOff
350
41
  3
Facepattern
350
38
  3
Flat
350
2A
  3
FlatWithEdges
350
2B
  3
Gouraud
350
2C
  3
GouraudWithEdges
350
2D
  3
Hidden
350
31
  3
JitterOff
350
3F
  3
Linepattern
350
37
  3
OverhangOff
350
40
  3
Realistic
350
33
  3
Shaded
350
3E
  3
Shaded with edges
350
3D
  3
Shades of Gray
350
3A
  3
Sketchy
350
3B
  3
Thicken
350
36
  3
Wireframe
350
30
  3
X-Ray
350
3C
  0
XRECORD
  5
7E8
102
{ACAD_REACTORS
330
C
102
}
330
C
100
AcDbXrecord
280
     1
 90
        1
330
65
  0
DICTIONARY
  5
7DF
102
{ACAD_REACTORS
330
C
102
}
330
C
100
AcDbDictionary
281
     1
  3
ANNOALLVISIBLE
350
7E4
  3
CANNOSCALE
350
7E5
  3
CMLEADERSTYLE
350
7E1
  3
CTABLESTYLE
350
7E0
  3
CVIEWDETAILSTYLE
350
7E2
  3
CVIEWSECTIONSTYLE
350
7E3
  0
SORTENTSTABLE
  5
AF
102
{ACAD_REACTORS
330
AE
102
}
330
AE
100
AcDbSortentsTable
330
70
  0
SORTENTSTABLE
  5
621
102
{ACAD_REACTORS
330
149
102
}
330
149
100
AcDbSortentsTable
330
148
  0
ACDBDETAILVIEWSTYLE
  5
6B
102
{ACAD_XDICTIONARY
360
7EB
102
}
102
{ACAD_REACTORS
330
6A
102
}
330
6A
100
AcDbModelDocViewStyle
 70
     0
  3
Imperial24
290
     0
100
AcDbDetailViewStyle
 70
     0
 71
     0
 90
        3
 71
     1
340
55
 62
   256
 40
0.24
340
0
 62
   256
 40
0.24
300

 40
0.36
280
     3
 71
     2
340
5D
 90
       25
 62
   256
 71
     3
340
55
 62
   256
 40
0.24
 90
        1
 40
0.75
 90
        1
300
%<\AcVar ViewType \f "%tc1">% %<\AcVar ViewDetailId>%\PSCALE %<\AcVar ViewScale \f "%sn">%
 71
     4
340
5D
 90
       25
 62
   256
340
5D
 90
       25
 62
   256
280
     0
  0
LAYOUT
  5
73
102
{ACAD_REACTORS
330
62
102
}
330
62
100
AcDbPlotSettings
  1

  2
AutoCAD PDF (High Quality Print).pc3
  4
ISO_full_bleed_A3_(420.00_x_297.00_MM)
  6

 40
0.0
 41
0.0
 42
0.0
 43
0.0
 44
420.0
 45
297.0
 46
0.0
 47
0.0
 48
0.0
 49
0.0
140
0.0
141
0.0
142
1.0
143
1.352753
 70
 11952
 72
     1
 73
     0
 74
     0
  7

 75
     0
147
0.739233
 76
     0
 77
     2
 78
   300
148
74.078165
149
13.64
100
AcDbLayout
  1
Model
 70
     1
 71
     0
 10
0.0
 20
0.0
 11
12.0
 21
9.0
 12
0.0
 22
0.0
 32
0.0
 14
0.0
 24
0.0
 34
0.0
 15
0.0
 25
0.0
 35
0.0
146
0.0
 13
0.0
 23
0.0
 33
0.0
 16
1.0
 26
0.0
 36
0.0
 17
0.0
 27
1.0
 37
0.0
 76
     0
330
70
1001
ACAD_PSEXT
1000
AutoCAD PDF (High Quality Print).pc3
1000
DWG To PDF
1000
File
1000

1070
     0
  0
LAYOUT
  5
6F
102
{ACAD_REACTORS
330
62
102
}
330
62
100
AcDbPlotSettings
  1

  2

  4

  6

 40
0.0
 41
0.0
 42
0.0
 43
0.0
 44
0.0
 45
0.0
 46
0.0
 47
0.0
 48
0.0
 49
0.0
140
0.0
141
0.0
142
1.0
143
1.0
 70
   688
 72
     0
 73
     0
 74
     5
  7

 75
    16
147
1.0
 76
     0
 77
     2
 78
   300
148
0.0
149
0.0
100
AcDbLayout
  1
Sheet1
 70
     1
 71
     1
 10
0.0
 20
0.0
 11
12.0
 21
9.0
 12
0.0
 22
0.0
 32
0.0
 14
0.0
 24
0.0
 34
0.0
 15
0.0
 25
0.0
 35
0.0
146
0.0
 13
0.0
 23
0.0
 33
0.0
 16
1.0
 26
0.0
 36
0.0
 17
0.0
 27
1.0
 37
0.0
 76
     0
330
6C
  0
LAYOUT
  5
77
102
{ACAD_REACTORS
330
62
102
}
330
62
100
AcDbPlotSettings
  1

  2

  4

  6

 40
0.0
 41
0.0
 42
0.0
 43
0.0
 44
0.0
 45
0.0
 46
0.0
 47
0.0
 48
0.0
 49
0.0
140
0.0
141
0.0
142
1.0
143
1.0
 70
   688
 72
     0
 73
     0
 74
     5
  7

 75
    16
147
1.0
 76
     0
 77
     2
 78
   300
148
0.0
149
0.0
100
AcDbLayout
  1
Sheet2
 70
     1
 71
     2
 10
0.0
 20
0.0
 11
12.0
 21
9.0
 12
0.0
 22
0.0
 32
0.0
 14
0.0
 24
0.0
 34
0.0
 15
0.0
 25
0.0
 35
0.0
146
0.0
 13
0.0
 23
0.0
 33
0.0
 16
1.0
 26
0.0
 36
0.0
 17
0.0
 27
1.0
 37
0.0
 76
     0
330
74
  0
MATERIAL
  5
19
102
{ACAD_XDICTIONARY
360
1A
102
}
102
{ACAD_REACTORS
330
10
102
}
330
10
100
AcDbMaterial
  1
ByBlock
 72
     0
 43
0.020833
 43
0.0
 43
0.0
 43
0.0
 43
0.0
 43
0.020833
 43
0.0
 43
0.0
 43
0.0
 43
0.0
 43
1.0
 43
0.0
 43
0.0
 43
0.0
 43
0.0
 43
1.0
 77
     0
 47
0.020833
 47
0.0
 47
0.0
 47
0.0
 47
0.0
 47
0.020833
 47
0.0
 47
0.0
 47
0.0
 47
0.0
 47
1.0
 47
0.0
 47
0.0
 47
0.0
 47
0.0
 47
1.0
171
     0
 49
0.020833
 49
0.0
 49
0.0
 49
0.0
 49
0.0
 49
0.020833
 49
0.0
 49
0.0
 49
0.0
 49
0.0
 49
1.0
 49
0.0
 49
0.0
 49
0.0
 49
0.0
 49
1.0
175
     0
142
0.020833
142
0.0
142
0.0
142
0.0
142
0.0
142
0.020833
142
0.0
142
0.0
142
0.0
142
0.0
142
1.0
142
0.0
142
0.0
142
0.0
142
0.0
142
1.0
179
     0
144
0.020833
144
0.0
144
0.0
144
0.0
144
0.0
144
0.020833
144
0.0
144
0.0
144
0.0
144
0.0
144
1.0
144
0.0
144
0.0
144
0.0
144
0.0
144
1.0
147
0.020833
147
0.0
147
0.0
147
0.0
147
0.0
147
0.020833
147
0.0
147
0.0
147
0.0
147
0.0
147
1.0
147
0.0
147
0.0
147
0.0
147
0.0
147
1.0
  0
MATERIAL
  5
11
102
{ACAD_XDICTIONARY
360
12
102
}
102
{ACAD_REACTORS
330
10
102
}
330
10
100
AcDbMaterial
  1
ByLayer
 72
     0
 43
0.020833
 43
0.0
 43
0.0
 43
0.0
 43
0.0
 43
0.020833
 43
0.0
 43
0.0
 43
0.0
 43
0.0
 43
1.0
 43
0.0
 43
0.0
 43
0.0
 43
0.0
 43
1.0
 77
     0
 47
0.020833
 47
0.0
 47
0.0
 47
0.0
 47
0.0
 47
0.020833
 47
0.0
 47
0.0
 47
0.0
 47
0.0
 47
1.0
 47
0.0
 47
0.0
 47
0.0
 47
0.0
 47
1.0
171
     0
 49
0.020833
 49
0.0
 49
0.0
 49
0.0
 49
0.0
 49
0.020833
 49
0.0
 49
0.0
 49
0.0
 49
0.0
 49
1.0
 49
0.0
 49
0.0
 49
0.0
 49
0.0
 49
1.0
175
     0
142
0.020833
142
0.0
142
0.0
142
0.0
142
0.0
142
0.020833
142
0.0
142
0.0
142
0.0
142
0.0
142
1.0
142
0.0
142
0.0
142
0.0
142
0.0
142
1.0
179
     0
144
0.020833
144
0.0
144
0.0
144
0.0
144
0.0
144
0.020833
144
0.0
144
0.0
144
0.0
144
0.0
144
1.0
144
0.0
144
0.0
144
0.0
144
0.0
144
1.0
147
0.020833
147
0.0
147
0.0
147
0.0
147
0.0
147
0.020833
147
0.0
147
0.0
147
0.0
147
0.0
147
1.0
147
0.0
147
0.0
147
0.0
147
0.0
147
1.0
  0
MATERIAL
  5
21
102
{ACAD_XDICTIONARY
360
22
102
}
102
{ACAD_REACTORS
330
10
102
}
330
10
100
AcDbMaterial
  1
Global
 72
     0
 43
0.020833
 43
0.0
 43
0.0
 43
0.0
 43
0.0
 43
0.020833
 43
0.0
 43
0.0
 43
0.0
 43
0.0
 43
1.0
 43
0.0
 43
0.0
 43
0.0
 43
0.0
 43
1.0
 77
     0
 47
0.020833
 47
0.0
 47
0.0
 47
0.0
 47
0.0
 47
0.020833
 47
0.0
 47
0.0
 47
0.0
 47
0.0
 47
1.0
 47
0.0
 47
0.0
 47
0.0
 47
0.0
 47
1.0
171
     0
 49
0.020833
 49
0.0
 49
0.0
 49
0.0
 49
0.0
 49
0.020833
 49
0.0
 49
0.0
 49
0.0
 49
0.0
 49
1.0
 49
0.0
 49
0.0
 49
0.0
 49
0.0
 49
1.0
175
     0
142
0.020833
142
0.0
142
0.0
142
0.0
142
0.0
142
0.020833
142
0.0
142
0.0
142
0.0
142
0.0
142
1.0
142
0.0
142
0.0
142
0.0
142
0.0
142
1.0
179
     0
144
0.020833
144
0.0
144
0.0
144
0.0
144
0.0
144
0.020833
144
0.0
144
0.0
144
0.0
144
0.0
144
1.0
144
0.0
144
0.0
144
0.0
144
0.0
144
1.0
147
0.020833
147
0.0
147
0.0
147
0.0
147
0.0
147
0.020833
147
0.0
147
0.0
147
0.0
147
0.0
147
1.0
147
0.0
147
0.0
147
0.0
147
0.0
147
1.0
  0
MLEADERSTYLE
  5
67
102
{ACAD_REACTORS
330
66
102
}
330
66
100
AcDbMLeaderStyle
179
     2
170
     2
171
     1
172
     0
 90
        2
 40
0.0
 41
0.0
173
     1
 91
-1056964608
340
5B
 92
       -2
290
     1
 42
0.09
291
     1
 43
0.36
  3
Standard
 44
0.18
300

342
55
174
     1
178
     6
175
     1
176
     0
 93
-1056964608
 45
0.18
292
     0
297
     0
 46
0.18
 94
-1056964608
 47
1.0
 49
1.0
140
1.0
293
     1
141
0.0
294
     1
177
     0
142
1.0
295
     0
296
     0
143
0.125
271
     0
272
     9
273
     9
298
     1
  0
MLINESTYLE
  5
60
102
{ACAD_REACTORS
330
5F
102
}
330
5F
100
AcDbMlineStyle
  2
STANDARD
 70
     0
  3

 62
   256
 51
90.0
 52
90.0
 71
     0
  0
ACDBPLACEHOLDER
  5
F
102
{ACAD_REACTORS
330
E
102
}
330
E
  0
SCALE
  5
43
102
{ACAD_REACTORS
330
42
102
}
330
42
100
AcDbScale
 70
     0
300
1:1
140
1.0
141
1.0
290
     1
  0
SCALE
  5
44
102
{ACAD_REACTORS
330
42
102
}
330
42
100
AcDbScale
 70
     0
300
1:2
140
1.0
141
2.0
290
     0
  0
SCALE
  5
45
102
{ACAD_REACTORS
330
42
102
}
330
42
100
AcDbScale
 70
     0
300
1:4
140
1.0
141
4.0
290
     0
  0
SCALE
  5
46
102
{ACAD_REACTORS
330
42
102
}
330
42
100
AcDbScale
 70
     0
300
1:5
140
1.0
141
5.0
290
     0
  0
SCALE
  5
47
102
{ACAD_REACTORS
330
42
102
}
330
42
100
AcDbScale
 70
     0
300
1:8
140
1.0
141
8.0
290
     0
  0
SCALE
  5
48
102
{ACAD_REACTORS
330
42
102
}
330
42
100
AcDbScale
 70
     0
300
1:10
140
1.0
141
10.0
290
     0
  0
SCALE
  5
49
102
{ACAD_REACTORS
330
42
102
}
330
42
100
AcDbScale
 70
     0
300
1:16
140
1.0
141
16.0
290
     0
  0
SCALE
  5
4A
102
{ACAD_REACTORS
330
42
102
}
330
42
100
AcDbScale
 70
     0
300
1:20
140
1.0
141
20.0
290
     0
  0
SCALE
  5
4B
102
{ACAD_REACTORS
330
42
102
}
330
42
100
AcDbScale
 70
     0
300
1:30
140
1.0
141
30.0
290
     0
  0
SCALE
  5
4C
102
{ACAD_REACTORS
330
42
102
}
330
42
100
AcDbScale
 70
     0
300
1:40
140
1.0
141
40.0
290
     0
  0
SCALE
  5
4D
102
{ACAD_REACTORS
330
42
102
}
330
42
100
AcDbScale
 70
     0
300
1:50
140
1.0
141
50.0
290
     0
  0
SCALE
  5
4E
102
{ACAD_REACTORS
330
42
102
}
330
42
100
AcDbScale
 70
     0
300
1:100
140
1.0
141
100.0
290
     0
  0
SCALE
  5
4F
102
{ACAD_REACTORS
330
42
102
}
330
42
100
AcDbScale
 70
     0
300
2:1
140
2.0
141
1.0
290
     0
  0
SCALE
  5
50
102
{ACAD_REACTORS
330
42
102
}
330
42
100
AcDbScale
 70
     0
300
4:1
140
4.0
141
1.0
290
     0
  0
SCALE
  5
51
102
{ACAD_REACTORS
330
42
102
}
330
42
100
AcDbScale
 70
     0
300
8:1
140
8.0
141
1.0
290
     0
  0
SCALE
  5
52
102
{ACAD_REACTORS
330
42
102
}
330
42
100
AcDbScale
 70
     0
300
10:1
140
10.0
141
1.0
290
     0
  0
SCALE
  5
53
102
{ACAD_REACTORS
330
42
102
}
330
42
100
AcDbScale
 70
     0
300
100:1
140
100.0
141
1.0
290
     0
  0
ACDBSECTIONVIEWSTYLE
  5
69
102
{ACAD_XDICTIONARY
360
7E9
102
}
102
{ACAD_REACTORS
330
68
102
}
330
68
100
AcDbModelDocViewStyle
 70
     0
  3
Imperial24
290
     0
100
AcDbSectionViewStyle
 70
     0
 71
     0
 90
       78
 71
     1
340
55
 62
   256
 40
0.24
340
0
340
0
 62
   256
 40
0.24
300
I, O, Q, S, X, Z
 40
0.48
 90
        3
 40
0.18
 90
        1
 71
     2
340
5D
 90
       25
 62
   256
340
5D
 90
       50
 62
   256
 40
0.24
 40
0.0
 40
0.24
 71
     3
340
55
 62
   256
 40
0.24
 90
        1
 40
0.75
 90
        1
300
%<\AcVar ViewType \f "%tc1">% %<\AcVar ViewSectionStartId>%-%<\AcVar ViewSectionEndId>%\PSCALE %<\AcVar ViewScale \f "%sn">%
 71
     4
 62
   256
 62
   257
300
ANSI31
 40
1.0
 90
        0
290
     0
290
     0
 90
        6
 40
0.0
 40
1.570796
 40
0.261799
 40
1.308997
 40
-0.261799
 40
1.832596
  0
TABLESTYLE
  5
65
102
{ACAD_XDICTIONARY
360
7E6
102
}
102
{ACAD_REACTORS
330
64
102
}
330
64
100
AcDbTableStyle
280
     0
  3
Standard
 70
     0
 71
     0
 40
1.5
 41
1.5
280
     0
281
     0
  7
Standard
140
0.18
170
     2
 62
     0
 63
     7
283
     0
 90
      512
 91
        0
  1

274
    -2
284
     1
 64
     0
275
    -2
285
     1
 65
     0
276
    -2
286
     1
 66
     0
277
    -2
287
     1
 67
     0
278
    -2
288
     1
 68
     0
279
    -2
289
     1
 69
     0
  7
Standard
140
0.25
170
     5
 62
     0
 63
     7
283
     0
 90
      512
 91
        0
  1

274
    -2
284
     1
 64
     0
275
    -2
285
     1
 65
     0
276
    -2
286
     1
 66
     0
277
    -2
287
     1
 67
     0
278
    -2
288
     1
 68
     0
279
    -2
289
     1
 69
     0
  7
Standard
140
0.18
170
     5
 62
     0
 63
     7
283
     0
 90
      512
 91
        0
  1

274
    -2
284
     1
 64
     0
275
    -2
285
     1
 65
     0
276
    -2
286
     1
 66
     0
277
    -2
287
     1
 67
     0
278
    -2
288
     1
 68
     0
279
    -2
289
     1
 69
     0
  0
VISUALSTYLE
  5
2F
102
{ACAD_REACTORS
330
29
102
}
330
29
100
AcDbVisualStyle
  2
2dWireframe
 70
     4
177
     3
291
     0
 70
    58
 90
        0
176
     1
 90
        2
176
     1
 90
        0
176
     1
 90
        0
176
     1
 40
0.6
176
     1
 40
30.0
176
     1
 62
     7
420
 16777215
176
     1
 90
        1
176
     1
 90
        4
176
     1
 62
     7
176
     1
 62
   257
176
     1
 90
        1
176
     1
 90
        1
176
     1
 40
1.0
176
     1
 90
        0
176
     1
 62
   257
176
     1
 40
1.0
176
     1
 90
        1
176
     1
 90
        6
176
     1
 90
        2
176
     1
 62
     7
176
     1
 90
        5
176
     1
 90
        0
176
     1
 90
        0
176
     1
290
     0
176
     1
 90
        1
176
     1
 40
0.0
176
     1
 90
        0
176
     1
290
     1
176
     1
290
     1
176
     1
290
     0
176
     1
290
     0
176
     1
290
     0
176
     1
290
     0
176
     1
290
     0
176
     1
290
     0
176
     1
290
     0
176
     1
 90
       50
176
     1
 40
0.0
176
     1
 40
1.0
176
     1
 90
        0
176
     1
 62
    18
420
        0
176
     1
 90
       50
176
     1
 90
        3
176
     1
 62
     5
420
      255
176
     1
290
     0
176
     1
 90
       50
176
     1
 90
       50
176
     1
 90
       50
176
     1
290
     0
176
     1
 90
       50
176
     1
 62
   256
176
     0
 40
1.0
176
     0
 90
        2
176
     1
  1
strokes_ogs.tif
176
     1
290
     0
176
     1
 40
1.0
176
     1
 40
1.0
176
     1
1001
ACAD
1000
AcDbSavedByObjectVersion
1070
     0
  0
VISUALSTYLE
  5
2E
102
{ACAD_REACTORS
330
29
102
}
330
29
100
AcDbVisualStyle
  2
Basic
 70
     7
177
     3
291
     1
 70
    58
 90
        1
176
     1
 90
        0
176
     1
 90
        1
176
     1
 90
        0
176
     1
 40
0.6
176
     1
 40
30.0
176
     1
 62
     7
420
 16777215
176
     1
 90
        0
176
     1
 90
        4
176
     1
 62
     7
176
     1
 62
   257
176
     1
 90
        1
176
     1
 90
        1
176
     1
 40
1.0
176
     1
 90
        8
176
     1
 62
     7
176
     1
 40
1.0
176
     1
 90
        1
176
     1
 90
        6
176
     1
 90
        2
176
     1
 62
     7
176
     1
 90
        5
176
     1
 90
        0
176
     1
 90
        0
176
     1
290
     0
176
     1
 90
        1
176
     1
 40
0.0
176
     1
 90
        0
176
     1
290
     0
176
     1
290
     1
176
     1
290
     1
176
     1
290
     0
176
     1
290
     0
176
     1
290
     0
176
     1
290
     0
176
     1
290
     0
176
     1
290
     0
176
     1
 90
       50
176
     1
 40
0.0
176
     1
 40
1.0
176
     1
 90
        0
176
     1
 62
    18
420
        0
176
     1
 90
       50
176
     1
 90
        3
176
     1
 62
     5
420
      255
176
     1
290
     0
176
     1
 90
       50
176
     1
 90
       50
176
     1
 90
       50
176
     1
290
     0
176
     1
 90
       50
176
     1
 62
   256
176
     0
 40
1.0
176
     0
 90
        2
176
     1
  1
strokes_ogs.tif
176
     1
290
     0
176
     1
 40
1.0
176
     1
 40
1.0
176
     1
1001
ACAD
1000
AcDbSavedByObjectVersion
1070
     0
  0
VISUALSTYLE
  5
35
102
{ACAD_REACTORS
330
29
102
}
330
29
100
AcDbVisualStyle
  2
Brighten
 70
    12
177
     3
291
     1
 70
    58
 90
        2
176
     1
 90
        2
176
     1
 90
        0
176
     1
 90
        0
176
     1
 40
0.6
176
     1
 40
30.0
176
     1
 62
     7
420
 16777215
176
     1
 90
        1
176
     1
 90
        4
176
     1
 62
     7
176
     1
 62
   257
176
     1
 90
        1
176
     1
 90
        1
176
     1
 40
1.0
176
     1
 90
        8
176
     1
 62
     7
176
     1
 40
1.0
176
     1
 90
        1
176
     1
 90
        6
176
     1
 90
        2
176
     1
 62
     7
176
     1
 90
        5
176
     1
 90
        0
176
     1
 90
        0
176
     1
290
     0
176
     1
 90
        1
176
     1
 40
50.0
176
     1
 90
        0
176
     1
290
     0
176
     1
290
     1
176
     1
290
     1
176
     1
290
     0
176
     1
290
     0
176
     1
290
     0
176
     1
290
     0
176
     1
290
     0
176
     1
290
     0
176
     1
 90
       50
176
     1
 40
0.0
176
     1
 40
1.0
176
     1
 90
        0
176
     1
 62
    18
420
        0
176
     1
 90
       50
176
     1
 90
        3
176
     1
 62
     5
420
      255
176
     1
290
     0
176
     1
 90
       50
176
     1
 90
       50
176
     1
 90
       50
176
     1
290
     0
176
     1
 90
       50
176
     1
 62
   256
176
     0
 40
1.0
176
     0
 90
        2
176
     1
  1
strokes_ogs.tif
176
     1
290
     0
176
     1
 40
1.0
176
     1
 40
1.0
176
     1
1001
ACAD
1000
AcDbSavedByObjectVersion
1070
     0
  0
VISUALSTYLE
  5
39
102
{ACAD_REACTORS
330
29
102
}
330
29
100
AcDbVisualStyle
  2
ColorChange
 70
    16
177
     3
291
     1
 70
    58
 90
        2
176
     1
 90
        2
176
     1
 90
        3
176
     1
 90
        0
176
     1
 40
0.6
176
     1
 40
30.0
176
     1
 62
     8
420
  8421504
176
     1
 90
        1
176
     1
 90
        4
176
     1
 62
     7
176
     1
 62
   257
176
     1
 90
        1
176
     1
 90
        1
176
     1
 40
1.0
176
     1
 90
        8
176
     1
 62
     8
420
  8421504
176
     1
 40
1.0
176
     1
 90
        1
176
     1
 90
        6
176
     1
 90
        2
176
     1
 62
     7
176
     1
 90
        5
176
     1
 90
        0
176
     1
 90
        0
176
     1
290
     0
176
     1
 90
        1
176
     1
 40
0.0
176
     1
 90
        0
176
     1
290
     0
176
     1
290
     1
176
     1
290
     1
176
     1
290
     0
176
     1
290
     0
176
     1
290
     0
176
     1
290
     0
176
     1
290
     0
176
     1
290
     0
176
     1
 90
       50
176
     1
 40
0.0
176
     1
 40
1.0
176
     1
 90
        0
176
     1
 62
    18
420
        0
176
     1
 90
       50
176
     1
 90
        3
176
     1
 62
     5
420
      255
176
     1
290
     0
176
     1
 90
       50
176
     1
 90
       50
176
     1
 90
       50
176
     1
290
     0
176
     1
 90
       50
176
     1
 62
   256
176
     0
 40
1.0
176
     0
 90
        2
176
     1
  1
strokes_ogs.tif
176
     1
290
     0
176
     1
 40
1.0
176
     1
 40
1.0
176
     1
1001
ACAD
1000
AcDbSavedByObjectVersion
1070
     0
  0
VISUALSTYLE
  5
32
102
{ACAD_REACTORS
330
29
102
}
330
29
100
AcDbVisualStyle
  2
Conceptual
 70
     9
177
     3
291
     0
 70
    58
 90
        3
176
     1
 90
        2
176
     1
 90
        0
176
     1
 90
        0
176
     1
 40
0.6
176
     1
 40
30.0
176
     1
 62
     7
420
 16777215
176
     1
 90
        2
176
     1
 90
        2
176
     1
 62
     7
176
     1
 62
   257
176
     1
 90
        1
176
     1
 90
        1
176
     1
 40
179.0
176
     1
 90
        8
176
     1
 62
     7
176
     1
 40
1.0
176
     1
 90
        1
176
     1
 90
        6
176
     1
 90
        2
176
     1
 62
     7
176
     1
 90
        3
176
     1
 90
        0
176
     1
 90
        0
176
     1
290
     0
176
     1
 90
        1
176
     1
 40
0.0
176
     1
 90
        0
176
     1
290
     0
176
     1
290
     1
176
     1
290
     1
176
     1
290
     0
176
     1
290
     0
176
     1
290
     0
176
     1
290
     0
176
     1
290
     0
176
     1
290
     0
176
     1
 90
       50
176
     1
 40
0.0
176
     1
 40
1.0
176
     1
 90
        0
176
     1
 62
    18
420
        0
176
     1
 90
       50
176
     1
 90
        3
176
     1
 62
     5
420
      255
176
     1
290
     0
176
     1
 90
       50
176
     1
 90
       50
176
     1
 90
       50
176
     1
290
     0
176
     1
 90
       50
176
     1
 62
   256
176
     0
 40
1.0
176
     0
 90
        2
176
     1
  1
strokes_ogs.tif
176
     1
290
     0
176
     1
 40
1.0
176
     1
 40
1.0
176
     1
1001
ACAD
1000
AcDbSavedByObjectVersion
1070
     0
  0
VISUALSTYLE
  5
34
102
{ACAD_REACTORS
330
29
102
}
330
29
100
AcDbVisualStyle
  2
Dim
 70
    11
177
     3
291
     1
 70
    58
 90
        2
176
     1
 90
        2
176
     1
 90
        0
176
     1
 90
        0
176
     1
 40
0.6
176
     1
 40
30.0
176
     1
 62
     7
420
 16777215
176
     1
 90
        1
176
     1
 90
        4
176
     1
 62
     7
176
     1
 62
   257
176
     1
 90
        1
176
     1
 90
        1
176
     1
 40
1.0
176
     1
 90
        8
176
     1
 62
     7
176
     1
 40
1.0
176
     1
 90
        1
176
     1
 90
        6
176
     1
 90
        2
176
     1
 62
     7
176
     1
 90
        5
176
     1
 90
        0
176
     1
 90
        0
176
     1
290
     0
176
     1
 90
        1
176
     1
 40
-50.0
176
     1
 90
        0
176
     1
290
     0
176
     1
290
     1
176
     1
290
     1
176
     1
290
     0
176
     1
290
     0
176
     1
290
     0
176
     1
290
     0
176
     1
290
     0
176
     1
290
     0
176
     1
 90
       50
176
     1
 40
0.0
176
     1
 40
1.0
176
     1
 90
        0
176
     1
 62
    18
420
        0
176
     1
 90
       50
176
     1
 90
        3
176
     1
 62
     5
420
      255
176
     1
290
     0
176
     1
 90
       50
176
     1
 90
       50
176
     1
 90
       50
176
     1
290
     0
176
     1
 90
       50
176
     1
 62
   256
176
     0
 40
1.0
176
     0
 90
        2
176
     1
  1
strokes_ogs.tif
176
     1
290
     0
176
     1
 40
1.0
176
     1
 40
1.0
176
     1
1001
ACAD
1000
AcDbSavedByObjectVersion
1070
     0
  0
VISUALSTYLE
  5
41
102
{ACAD_REACTORS
330
29
102
}
330
29
100
AcDbVisualStyle
  2
EdgeColorOff
 70
    22
177
     3
291
     1
 70
    58
 90
        2
176
     0
 90
        2
176
     0
 90
        0
176
     0
 90
        0
176
     0
 40
0.6
176
     0
 40
30.0
176
     0
 62
     7
420
 16777215
176
     0
 90
        1
176
     0
 90
        4
176
     0
 62
     7
176
     0
 62
   257
176
     0
 90
        1
176
     0
 90
        1
176
     0
 40
1.0
176
     0
 90
        8
176
     2
 62
     7
176
     0
 40
1.0
176
     0
 90
        1
176
     0
 90
        6
176
     0
 90
        2
176
     0
 62
     7
176
     0
 90
        5
176
     0
 90
        0
176
     0
 90
        0
176
     0
290
     0
176
     0
 90
        1
176
     0
 40
0.0
176
     0
 90
        0
176
     0
290
     0
176
     0
290
     1
176
     0
290
     1
176
     0
290
     0
176
     0
290
     0
176
     0
290
     0
176
     0
290
     0
176
     0
290
     0
176
     0
290
     0
176
     0
 90
       50
176
     0
 40
0.0
176
     0
 40
1.0
176
     0
 90
        0
176
     0
 62
    18
420
        0
176
     0
 90
       50
176
     0
 90
        3
176
     0
 62
     5
420
      255
176
     0
290
     0
176
     0
 90
       50
176
     0
 90
       50
176
     0
 90
       50
176
     0
290
     0
176
     0
 90
       50
176
     0
 62
   256
176
     0
 40
1.0
176
     0
 90
        2
176
     0
  1
strokes_ogs.tif
176
     0
290
     0
176
     0
 40
1.0
176
     0
 40
1.0
176
     0
1001
ACAD
1000
AcDbSavedByObjectVersion
1070
     0
  0
VISUALSTYLE
  5
38
102
{ACAD_REACTORS
330
29
102
}
330
29
100
AcDbVisualStyle
  2
Facepattern
 70
    15
177
     3
291
     1
 70
    58
 90
        2
176
     1
 90
        2
176
     1
 90
        0
176
     1
 90
        0
176
     1
 40
0.6
176
     1
 40
30.0
176
     1
 62
     7
420
 16777215
176
     1
 90
        1
176
     1
 90
        4
176
     1
 62
     7
176
     1
 62
   257
176
     1
 90
        1
176
     1
 90
        1
176
     1
 40
1.0
176
     1
 90
        8
176
     1
 62
     7
176
     1
 40
1.0
176
     1
 90
        1
176
     1
 90
        6
176
     1
 90
        2
176
     1
 62
     7
176
     1
 90
        5
176
     1
 90
        0
176
     1
 90
        0
176
     1
290
     0
176
     1
 90
        1
176
     1
 40
0.0
176
     1
 90
        0
176
     1
290
     0
176
     1
290
     1
176
     1
290
     1
176
     1
290
     0
176
     1
290
     0
176
     1
290
     0
176
     1
290
     0
176
     1
290
     0
176
     1
290
     0
176
     1
 90
       50
176
     1
 40
0.0
176
     1
 40
1.0
176
     1
 90
        0
176
     1
 62
    18
420
        0
176
     1
 90
       50
176
     1
 90
        3
176
     1
 62
     5
420
      255
176
     1
290
     0
176
     1
 90
       50
176
     1
 90
       50
176
     1
 90
       50
176
     1
290
     0
176
     1
 90
       50
176
     1
 62
   256
176
     0
 40
1.0
176
     0
 90
        2
176
     1
  1
strokes_ogs.tif
176
     1
290
     0
176
     1
 40
1.0
176
     1
 40
1.0
176
     1
1001
ACAD
1000
AcDbSavedByObjectVersion
1070
     0
  0
VISUALSTYLE
  5
2A
102
{ACAD_REACTORS
330
29
102
}
330
29
100
AcDbVisualStyle
  2
Flat
 70
     0
177
     3
291
     1
 70
    58
 90
        2
176
     1
 90
        1
176
     1
 90
        1
176
     1
 90
        2
176
     1
 40
0.6
176
     1
 40
30.0
176
     1
 62
     7
420
 16777215
176
     1
 90
        0
176
     1
 90
        0
176
     1
 62
     7
176
     1
 62
   257
176
     1
 90
        1
176
     1
 90
        1
176
     1
 40
1.0
176
     1
 90
        8
176
     1
 62
     7
176
     1
 40
1.0
176
     1
 90
        1
176
     1
 90
        6
176
     1
 90
        2
176
     1
 62
     7
176
     1
 90
        5
176
     1
 90
        0
176
     1
 90
        0
176
     1
290
     0
176
     1
 90
       13
176
     1
 40
0.0
176
     1
 90
        0
176
     1
290
     0
176
     1
290
     1
176
     1
290
     1
176
     1
290
     0
176
     1
290
     0
176
     1
290
     0
176
     1
290
     0
176
     1
290
     0
176
     1
290
     0
176
     1
 90
       50
176
     1
 40
0.0
176
     1
 40
1.0
176
     1
 90
        0
176
     1
 62
    18
420
        0
176
     1
 90
       50
176
     1
 90
        3
176
     1
 62
     5
420
      255
176
     1
290
     0
176
     1
 90
       50
176
     1
 90
       50
176
     1
 90
       50
176
     1
290
     0
176
     1
 90
       50
176
     1
 62
   256
176
     0
 40
1.0
176
     0
 90
        2
176
     1
  1
strokes_ogs.tif
176
     1
290
     0
176
     1
 40
1.0
176
     1
 40
1.0
176
     1
1001
ACAD
1000
AcDbSavedByObjectVersion
1070
     0
  0
VISUALSTYLE
  5
2B
102
{ACAD_REACTORS
330
29
102
}
330
29
100
AcDbVisualStyle
  2
FlatWithEdges
 70
     1
177
     3
291
     1
 70
    58
 90
        2
176
     1
 90
        1
176
     1
 90
        1
176
     1
 90
        2
176
     1
 40
0.6
176
     1
 40
30.0
176
     1
 62
     7
420
 16777215
176
     1
 90
        1
176
     1
 90
        0
176
     1
 62
     7
176
     1
 62
   257
176
     1
 90
        1
176
     1
 90
        1
176
     1
 40
1.0
176
     1
 90
        0
176
     1
 62
   257
176
     1
 40
1.0
176
     1
 90
        1
176
     1
 90
        6
176
     1
 90
        2
176
     1
 62
     7
176
     1
 90
        5
176
     1
 90
        0
176
     1
 90
        0
176
     1
290
     0
176
     1
 90
       13
176
     1
 40
0.0
176
     1
 90
        0
176
     1
290
     0
176
     1
290
     1
176
     1
290
     1
176
     1
290
     0
176
     1
290
     0
176
     1
290
     0
176
     1
290
     0
176
     1
290
     0
176
     1
290
     0
176
     1
 90
       50
176
     1
 40
0.0
176
     1
 40
1.0
176
     1
 90
        0
176
     1
 62
    18
420
        0
176
     1
 90
       50
176
     1
 90
        3
176
     1
 62
     5
420
      255
176
     1
290
     0
176
     1
 90
       50
176
     1
 90
       50
176
     1
 90
       50
176
     1
290
     0
176
     1
 90
       50
176
     1
 62
   256
176
     0
 40
1.0
176
     0
 90
        2
176
     1
  1
strokes_ogs.tif
176
     1
290
     0
176
     1
 40
1.0
176
     1
 40
1.0
176
     1
1001
ACAD
1000
AcDbSavedByObjectVersion
1070
     0
  0
VISUALSTYLE
  5
2C
102
{ACAD_REACTORS
330
29
102
}
330
29
100
AcDbVisualStyle
  2
Gouraud
 70
     2
177
     3
291
     1
 70
    58
 90
        2
176
     1
 90
        2
176
     1
 90
        1
176
     1
 90
        2
176
     1
 40
0.6
176
     1
 40
30.0
176
     1
 62
     7
420
 16777215
176
     1
 90
        0
176
     1
 90
        0
176
     1
 62
     7
176
     1
 62
   257
176
     1
 90
        1
176
     1
 90
        1
176
     1
 40
1.0
176
     1
 90
        0
176
     1
 62
     7
176
     1
 40
1.0
176
     1
 90
        1
176
     1
 90
        6
176
     1
 90
        2
176
     1
 62
     7
176
     1
 90
        5
176
     1
 90
        0
176
     1
 90
        0
176
     1
290
     0
176
     1
 90
       13
176
     1
 40
0.0
176
     1
 90
        0
176
     1
290
     0
176
     1
290
     1
176
     1
290
     1
176
     1
290
     0
176
     1
290
     0
176
     1
290
     0
176
     1
290
     0
176
     1
290
     0
176
     1
290
     0
176
     1
 90
       50
176
     1
 40
0.0
176
     1
 40
1.0
176
     1
 90
        0
176
     1
 62
    18
420
        0
176
     1
 90
       50
176
     1
 90
        3
176
     1
 62
     5
420
      255
176
     1
290
     0
176
     1
 90
       50
176
     1
 90
       50
176
     1
 90
       50
176
     1
290
     0
176
     1
 90
       50
176
     1
 62
   256
176
     0
 40
1.0
176
     0
 90
        2
176
     1
  1
strokes_ogs.tif
176
     1
290
     0
176
     1
 40
1.0
176
     1
 40
1.0
176
     1
1001
ACAD
1000
AcDbSavedByObjectVersion
1070
     0
  0
VISUALSTYLE
  5
2D
102
{ACAD_REACTORS
330
29
102
}
330
29
100
AcDbVisualStyle
  2
GouraudWithEdges
 70
     3
177
     3
291
     1
 70
    58
 90
        2
176
     1
 90
        2
176
     1
 90
        1
176
     1
 90
        2
176
     1
 40
0.6
176
     1
 40
30.0
176
     1
 62
     7
420
 16777215
176
     1
 90
        1
176
     1
 90
        0
176
     1
 62
     7
176
     1
 62
   257
176
     1
 90
        1
176
     1
 90
        1
176
     1
 40
1.0
176
     1
 90
        0
176
     1
 62
   257
176
     1
 40
1.0
176
     1
 90
        1
176
     1
 90
        6
176
     1
 90
        2
176
     1
 62
     7
176
     1
 90
        5
176
     1
 90
        0
176
     1
 90
        0
176
     1
290
     0
176
     1
 90
       13
176
     1
 40
0.0
176
     1
 90
        0
176
     1
290
     0
176
     1
290
     1
176
     1
290
     1
176
     1
290
     0
176
     1
290
     0
176
     1
290
     0
176
     1
290
     0
176
     1
290
     0
176
     1
290
     0
176
     1
 90
       50
176
     1
 40
0.0
176
     1
 40
1.0
176
     1
 90
        0
176
     1
 62
    18
420
        0
176
     1
 90
       50
176
     1
 90
        3
176
     1
 62
     5
420
      255
176
     1
290
     0
176
     1
 90
       50
176
     1
 90
       50
176
     1
 90
       50
176
     1
290
     0
176
     1
 90
       50
176
     1
 62
   256
176
     0
 40
1.0
176
     0
 90
        2
176
     1
  1
strokes_ogs.tif
176
     1
290
     0
176
     1
 40
1.0
176
     1
 40
1.0
176
     1
1001
ACAD
1000
AcDbSavedByObjectVersion
1070
     0
  0
VISUALSTYLE
  5
31
102
{ACAD_REACTORS
330
29
102
}
330
29
100
AcDbVisualStyle
  2
Hidden
 70
     6
177
     3
291
     0
 70
    58
 90
        1
176
     1
 90
        2
176
     1
 90
        2
176
     1
 90
        0
176
     1
 40
0.6
176
     1
 40
30.0
176
     1
 62
     7
420
 16777215
176
     1
 90
        2
176
     1
 90
        2
176
     1
 62
     7
176
     1
 62
   257
176
     1
 90
        2
176
     1
 90
        1
176
     1
 40
40.0
176
     1
 90
        0
176
     1
 62
   257
176
     1
 40
1.0
176
     1
 90
        1
176
     1
 90
        6
176
     1
 90
        2
176
     1
 62
     7
176
     1
 90
        3
176
     1
 90
        0
176
     1
 90
        0
176
     1
290
     0
176
     1
 90
        1
176
     1
 40
0.0
176
     1
 90
        0
176
     1
290
     0
176
     1
290
     1
176
     1
290
     1
176
     1
290
     0
176
     1
290
     0
176
     1
290
     0
176
     1
290
     0
176
     1
290
     0
176
     1
290
     0
176
     1
 90
       50
176
     1
 40
0.0
176
     1
 40
1.0
176
     1
 90
        0
176
     1
 62
    18
420
        0
176
     1
 90
       50
176
     1
 90
        3
176
     1
 62
     5
420
      255
176
     1
290
     0
176
     1
 90
       50
176
     1
 90
       50
176
     1
 90
       50
176
     1
290
     0
176
     1
 90
       50
176
     1
 62
   256
176
     0
 40
1.0
176
     0
 90
        2
176
     1
  1
strokes_ogs.tif
176
     1
290
     0
176
     1
 40
1.0
176
     1
 40
1.0
176
     1
1001
ACAD
1000
AcDbSavedByObjectVersion
1070
     0
  0
VISUALSTYLE
  5
3F
102
{ACAD_REACTORS
330
29
102
}
330
29
100
AcDbVisualStyle
  2
JitterOff
 70
    20
177
     3
291
     1
 70
    58
 90
        2
176
     0
 90
        2
176
     0
 90
        0
176
     0
 90
        0
176
     0
 40
0.6
176
     0
 40
30.0
176
     0
 62
     7
420
 16777215
176
     0
 90
        1
176
     0
 90
        4
176
     0
 62
     7
176
     0
 62
   257
176
     0
 90
        1
176
     0
 90
        1
176
     0
 40
1.0
176
     0
 90
       10
176
     2
 62
     7
176
     0
 40
1.0
176
     0
 90
        1
176
     0
 90
        6
176
     0
 90
        2
176
     0
 62
     7
176
     0
 90
        5
176
     0
 90
        0
176
     0
 90
        0
176
     0
290
     0
176
     0
 90
        1
176
     0
 40
0.0
176
     0
 90
        0
176
     0
290
     0
176
     0
290
     1
176
     0
290
     1
176
     0
290
     0
176
     0
290
     0
176
     0
290
     0
176
     0
290
     0
176
     0
290
     0
176
     0
290
     0
176
     0
 90
       50
176
     0
 40
0.0
176
     0
 40
1.0
176
     0
 90
        0
176
     0
 62
    18
420
        0
176
     0
 90
       50
176
     0
 90
        3
176
     0
 62
     5
420
      255
176
     0
290
     0
176
     0
 90
       50
176
     0
 90
       50
176
     0
 90
       50
176
     0
290
     0
176
     0
 90
       50
176
     0
 62
   256
176
     0
 40
1.0
176
     0
 90
        2
176
     0
  1
strokes_ogs.tif
176
     0
290
     0
176
     0
 40
1.0
176
     0
 40
1.0
176
     0
1001
ACAD
1000
AcDbSavedByObjectVersion
1070
     0
  0
VISUALSTYLE
  5
37
102
{ACAD_REACTORS
330
29
102
}
330
29
100
AcDbVisualStyle
  2
Linepattern
 70
    14
177
     3
291
     1
 70
    58
 90
        2
176
     1
 90
        2
176
     1
 90
        0
176
     1
 90
        0
176
     1
 40
0.6
176
     1
 40
30.0
176
     1
 62
     7
420
 16777215
176
     1
 90
        1
176
     1
 90
        4
176
     1
 62
     7
176
     1
 62
   257
176
     1
 90
        7
176
     1
 90
        7
176
     1
 40
1.0
176
     1
 90
        8
176
     1
 62
     7
176
     1
 40
1.0
176
     1
 90
        1
176
     1
 90
        6
176
     1
 90
        2
176
     1
 62
     7
176
     1
 90
        5
176
     1
 90
        0
176
     1
 90
        0
176
     1
290
     0
176
     1
 90
        1
176
     1
 40
0.0
176
     1
 90
        0
176
     1
290
     0
176
     1
290
     1
176
     1
290
     1
176
     1
290
     0
176
     1
290
     0
176
     1
290
     0
176
     1
290
     0
176
     1
290
     0
176
     1
290
     0
176
     1
 90
       50
176
     1
 40
0.0
176
     1
 40
1.0
176
     1
 90
        0
176
     1
 62
    18
420
        0
176
     1
 90
       50
176
     1
 90
        3
176
     1
 62
     5
420
      255
176
     1
290
     0
176
     1
 90
       50
176
     1
 90
       50
176
     1
 90
       50
176
     1
290
     0
176
     1
 90
       50
176
     1
 62
   256
176
     0
 40
1.0
176
     0
 90
        2
176
     1
  1
strokes_ogs.tif
176
     1
290
     0
176
     1
 40
1.0
176
     1
 40
1.0
176
     1
1001
ACAD
1000
AcDbSavedByObjectVersion
1070
     0
  0
VISUALSTYLE
  5
40
102
{ACAD_REACTORS
330
29
102
}
330
29
100
AcDbVisualStyle
  2
OverhangOff
 70
    21
177
     3
291
     1
 70
    58
 90
        2
176
     0
 90
        2
176
     0
 90
        0
176
     0
 90
        0
176
     0
 40
0.6
176
     0
 40
30.0
176
     0
 62
     7
420
 16777215
176
     0
 90
        1
176
     0
 90
        4
176
     0
 62
     7
176
     0
 62
   257
176
     0
 90
        1
176
     0
 90
        1
176
     0
 40
1.0
176
     0
 90
        9
176
     2
 62
     7
176
     0
 40
1.0
176
     0
 90
        1
176
     0
 90
        6
176
     0
 90
        2
176
     0
 62
     7
176
     0
 90
        5
176
     0
 90
        0
176
     0
 90
        0
176
     0
290
     0
176
     0
 90
        1
176
     0
 40
0.0
176
     0
 90
        0
176
     0
290
     0
176
     0
290
     1
176
     0
290
     1
176
     0
290
     0
176
     0
290
     0
176
     0
290
     0
176
     0
290
     0
176
     0
290
     0
176
     0
290
     0
176
     0
 90
       50
176
     0
 40
0.0
176
     0
 40
1.0
176
     0
 90
        0
176
     0
 62
    18
420
        0
176
     0
 90
       50
176
     0
 90
        3
176
     0
 62
     5
420
      255
176
     0
290
     0
176
     0
 90
       50
176
     0
 90
       50
176
     0
 90
       50
176
     0
290
     0
176
     0
 90
       50
176
     0
 62
   256
176
     0
 40
1.0
176
     0
 90
        2
176
     0
  1
strokes_ogs.tif
176
     0
290
     0
176
     0
 40
1.0
176
     0
 40
1.0
176
     0
1001
ACAD
1000
AcDbSavedByObjectVersion
1070
     0
  0
VISUALSTYLE
  5
33
102
{ACAD_REACTORS
330
29
102
}
330
29
100
AcDbVisualStyle
  2
Realistic
 70
     8
177
     3
291
     0
 70
    58
 90
        2
176
     1
 90
        3
176
     1
 90
        0
176
     1
 90
        2
176
     1
 40
0.6
176
     1
 40
30.0
176
     1
 62
     7
420
 16777215
176
     1
 90
        0
176
     1
 90
        0
176
     1
 62
     7
176
     1
 62
   257
176
     1
 90
        1
176
     1
 90
        1
176
     1
 40
1.0
176
     1
 90
        8
176
     1
 62
   257
176
     1
 40
1.0
176
     1
 90
        1
176
     1
 90
        6
176
     1
 90
        2
176
     1
 62
     7
176
     1
 90
        3
176
     1
 90
        0
176
     1
 90
        0
176
     1
290
     0
176
     1
 90
       13
176
     1
 40
0.0
176
     1
 90
        0
176
     1
290
     0
176
     1
290
     1
176
     1
290
     1
176
     1
290
     0
176
     1
290
     0
176
     1
290
     0
176
     1
290
     0
176
     1
290
     0
176
     1
290
     0
176
     1
 90
       50
176
     1
 40
0.0
176
     1
 40
1.0
176
     1
 90
        0
176
     1
 62
    18
420
        0
176
     1
 90
       50
176
     1
 90
        3
176
     1
 62
     5
420
      255
176
     1
290
     0
176
     1
 90
       50
176
     1
 90
       50
176
     1
 90
       50
176
     1
290
     0
176
     1
 90
       50
176
     1
 62
   256
176
     0
 40
1.0
176
     0
 90
        2
176
     1
  1
strokes_ogs.tif
176
     1
290
     0
176
     1
 40
1.0
176
     1
 40
1.0
176
     1
1001
ACAD
1000
AcDbSavedByObjectVersion
1070
     0
  0
VISUALSTYLE
  5
3E
102
{ACAD_REACTORS
330
29
102
}
330
29
100
AcDbVisualStyle
  2
Shaded
 70
    27
177
     3
291
     0
 70
    58
 90
        2
176
     1
 90
        2
176
     1
 90
        1
176
     1
 90
        2
176
     1
 40
0.6
176
     1
 40
30.0
176
     1
 62
     7
420
 16777215
176
     1
 90
        0
176
     1
 90
        4
176
     1
 62
     7
176
     1
 62
   257
176
     1
 90
        1
176
     1
 90
        1
176
     1
 40
1.0
176
     1
 90
        8
176
     1
 62
   257
176
     1
 40
1.0
176
     1
 90
        1
176
     1
 90
        6
176
     1
 90
        2
176
     1
 62
     8
420
  7895160
176
     1
 90
        3
176
     1
 90
        0
176
     1
 90
        0
176
     1
290
     0
176
     1
 90
        5
176
     1
 40
0.0
176
     1
 90
        0
176
     1
290
     0
176
     1
290
     1
176
     1
290
     1
176
     1
290
     0
176
     1
290
     0
176
     1
290
     0
176
     1
290
     0
176
     1
290
     0
176
     1
290
     0
176
     1
 90
       50
176
     1
 40
0.0
176
     1
 40
1.0
176
     1
 90
        0
176
     1
 62
    18
420
        0
176
     1
 90
       50
176
     1
 90
        3
176
     1
 62
     5
420
      255
176
     1
290
     0
176
     1
 90
       50
176
     1
 90
       50
176
     1
 90
       50
176
     1
290
     0
176
     1
 90
       50
176
     1
 62
   256
176
     0
 40
1.0
176
     0
 90
        2
176
     1
  1
strokes_ogs.tif
176
     1
290
     0
176
     1
 40
1.0
176
     1
 40
1.0
176
     1
1001
ACAD
1000
AcDbSavedByObjectVersion
1070
     0
  0
VISUALSTYLE
  5
3D
102
{ACAD_REACTORS
330
29
102
}
330
29
100
AcDbVisualStyle
  2
Shaded with edges
 70
    26
177
     3
291
     0
 70
    58
 90
        2
176
     1
 90
        2
176
     1
 90
        1
176
     1
 90
        2
176
     1
 40
0.6
176
     1
 40
30.0
176
     1
 62
     7
420
 16777215
176
     1
 90
        1
176
     1
 90
        2
176
     1
 62
     7
176
     1
 62
   257
176
     1
 90
        2
176
     1
 90
        1
176
     1
 40
1.0
176
     1
 90
        8
176
     1
 62
   257
176
     1
 40
1.0
176
     1
 90
        1
176
     1
 90
        6
176
     1
 90
        2
176
     1
 62
     7
176
     1
 90
        3
176
     1
 90
        0
176
     1
 90
        0
176
     1
290
     0
176
     1
 90
        5
176
     1
 40
0.0
176
     1
 90
        0
176
     1
290
     0
176
     1
290
     1
176
     1
290
     1
176
     1
290
     0
176
     1
290
     0
176
     1
290
     0
176
     1
290
     0
176
     1
290
     0
176
     1
290
     0
176
     1
 90
       50
176
     1
 40
0.0
176
     1
 40
1.0
176
     1
 90
        0
176
     1
 62
    18
420
        0
176
     1
 90
       50
176
     1
 90
        3
176
     1
 62
     5
420
      255
176
     1
290
     0
176
     1
 90
       50
176
     1
 90
       50
176
     1
 90
       50
176
     1
290
     0
176
     1
 90
       50
176
     1
 62
   256
176
     0
 40
1.0
176
     0
 90
        2
176
     1
  1
strokes_ogs.tif
176
     1
290
     0
176
     1
 40
1.0
176
     1
 40
1.0
176
     1
1001
ACAD
1000
AcDbSavedByObjectVersion
1070
     0
  0
VISUALSTYLE
  5
3A
102
{ACAD_REACTORS
330
29
102
}
330
29
100
AcDbVisualStyle
  2
Shades of Gray
 70
    23
177
     3
291
     0
 70
    58
 90
        2
176
     1
 90
        2
176
     1
 90
        3
176
     1
 90
        0
176
     1
 40
0.6
176
     1
 40
30.0
176
     1
 62
     7
420
 16777215
176
     1
 90
        2
176
     1
 90
        2
176
     1
 62
     7
176
     1
 62
     7
176
     1
 90
        1
176
     1
 90
        1
176
     1
 40
40.0
176
     1
 90
        8
176
     1
 62
     7
176
     1
 40
1.0
176
     1
 90
        1
176
     1
 90
        6
176
     1
 90
        2
176
     1
 62
     7
176
     1
 90
        3
176
     1
 90
        0
176
     1
 90
        0
176
     1
290
     0
176
     1
 90
        1
176
     1
 40
0.0
176
     1
 90
        0
176
     1
290
     0
176
     1
290
     1
176
     1
290
     1
176
     1
290
     0
176
     1
290
     0
176
     1
290
     0
176
     1
290
     0
176
     1
290
     0
176
     1
290
     0
176
     1
 90
       50
176
     1
 40
0.0
176
     1
 40
1.0
176
     1
 90
        0
176
     1
 62
    18
420
        0
176
     1
 90
       50
176
     1
 90
        3
176
     1
 62
     5
420
      255
176
     1
290
     0
176
     1
 90
       50
176
     1
 90
       50
176
     1
 90
       50
176
     1
290
     0
176
     1
 90
       50
176
     1
 62
   256
176
     0
 40
1.0
176
     0
 90
        2
176
     1
  1
strokes_ogs.tif
176
     1
290
     0
176
     1
 40
1.0
176
     1
 40
1.0
176
     1
1001
ACAD
1000
AcDbSavedByObjectVersion
1070
     0
  0
VISUALSTYLE
  5
3B
102
{ACAD_REACTORS
330
29
102
}
330
29
100
AcDbVisualStyle
  2
Sketchy
 70
    24
177
     3
291
     0
 70
    58
 90
        1
176
     1
 90
        2
176
     1
 90
        2
176
     1
 90
        0
176
     1
 40
0.6
176
     1
 40
30.0
176
     1
 62
     7
420
 16777215
176
     1
 90
        2
176
     1
 90
        2
176
     1
 62
     7
176
     1
 62
     7
176
     1
 90
        1
176
     1
 90
        1
176
     1
 40
40.0
176
     1
 90
       11
176
     1
 62
     7
176
     1
 40
1.0
176
     1
 90
        1
176
     1
 90
        6
176
     1
 90
        2
176
     1
 62
     7
176
     1
 90
        6
176
     1
 90
        0
176
     1
 90
        0
176
     1
290
     0
176
     1
 90
        1
176
     1
 40
0.0
176
     1
 90
        0
176
     1
290
     0
176
     1
290
     1
176
     1
290
     1
176
     1
290
     0
176
     1
290
     0
176
     1
290
     0
176
     1
290
     0
176
     1
290
     0
176
     1
290
     0
176
     1
 90
       50
176
     1
 40
0.0
176
     1
 40
1.0
176
     1
 90
        0
176
     1
 62
    18
420
        0
176
     1
 90
       50
176
     1
 90
        3
176
     1
 62
     5
420
      255
176
     1
290
     0
176
     1
 90
       50
176
     1
 90
       50
176
     1
 90
       50
176
     1
290
     0
176
     1
 90
       50
176
     1
 62
   256
176
     0
 40
1.0
176
     0
 90
        2
176
     1
  1
strokes_ogs.tif
176
     1
290
     0
176
     1
 40
1.0
176
     1
 40
1.0
176
     1
1001
ACAD
1000
AcDbSavedByObjectVersion
1070
     0
  0
VISUALSTYLE
  5
36
102
{ACAD_REACTORS
330
29
102
}
330
29
100
AcDbVisualStyle
  2
Thicken
 70
    13
177
     3
291
     1
 70
    58
 90
        2
176
     1
 90
        2
176
     1
 90
        0
176
     1
 90
        0
176
     1
 40
0.6
176
     1
 40
30.0
176
     1
 62
     7
420
 16777215
176
     1
 90
        1
176
     1
 90
        4
176
     1
 62
     7
176
     1
 62
   257
176
     1
 90
        1
176
     1
 90
        1
176
     1
 40
1.0
176
     1
 90
       12
176
     1
 62
     7
176
     1
 40
1.0
176
     1
 90
        1
176
     1
 90
        6
176
     1
 90
        2
176
     1
 62
     7
176
     1
 90
        5
176
     1
 90
        0
176
     1
 90
        0
176
     1
290
     0
176
     1
 90
        1
176
     1
 40
0.0
176
     1
 90
        0
176
     1
290
     0
176
     1
290
     1
176
     1
290
     1
176
     1
290
     0
176
     1
290
     0
176
     1
290
     0
176
     1
290
     0
176
     1
290
     0
176
     1
290
     0
176
     1
 90
       50
176
     1
 40
0.0
176
     1
 40
1.0
176
     1
 90
        0
176
     1
 62
    18
420
        0
176
     1
 90
       50
176
     1
 90
        3
176
     1
 62
     5
420
      255
176
     1
290
     0
176
     1
 90
       50
176
     1
 90
       50
176
     1
 90
       50
176
     1
290
     0
176
     1
 90
       50
176
     1
 62
   256
176
     0
 40
1.0
176
     0
 90
        2
176
     1
  1
strokes_ogs.tif
176
     1
290
     0
176
     1
 40
1.0
176
     1
 40
1.0
176
     1
1001
ACAD
1000
AcDbSavedByObjectVersion
1070
     0
  0
VISUALSTYLE
  5
30
102
{ACAD_REACTORS
330
29
102
}
330
29
100
AcDbVisualStyle
  2
Wireframe
 70
     5
177
     3
291
     0
 70
    58
 90
        0
176
     1
 90
        2
176
     1
 90
        0
176
     1
 90
        0
176
     1
 40
0.6
176
     1
 40
30.0
176
     1
 62
     7
420
 16777215
176
     1
 90
        1
176
     1
 90
        4
176
     1
 62
     7
176
     1
 62
   257
176
     1
 90
        1
176
     1
 90
        1
176
     1
 40
1.0
176
     1
 90
        0
176
     1
 62
   257
176
     1
 40
1.0
176
     1
 90
        1
176
     1
 90
        6
176
     1
 90
        2
176
     1
 62
     7
176
     1
 90
        3
176
     1
 90
        0
176
     1
 90
        0
176
     1
290
     0
176
     1
 90
        1
176
     1
 40
0.0
176
     1
 90
        0
176
     1
290
     0
176
     1
290
     1
176
     1
290
     1
176
     1
290
     0
176
     1
290
     0
176
     1
290
     0
176
     1
290
     0
176
     1
290
     0
176
     1
290
     0
176
     1
 90
       50
176
     1
 40
0.0
176
     1
 40
1.0
176
     1
 90
        0
176
     1
 62
    18
420
        0
176
     1
 90
       50
176
     1
 90
        3
176
     1
 62
     5
420
      255
176
     1
290
     0
176
     1
 90
       50
176
     1
 90
       50
176
     1
 90
       50
176
     1
290
     0
176
     1
 90
       50
176
     1
 62
   256
176
     0
 40
1.0
176
     0
 90
        2
176
     1
  1
strokes_ogs.tif
176
     1
290
     0
176
     1
 40
1.0
176
     1
 40
1.0
176
     1
1001
ACAD
1000
AcDbSavedByObjectVersion
1070
     0
  0
VISUALSTYLE
  5
3C
102
{ACAD_REACTORS
330
29
102
}
330
29
100
AcDbVisualStyle
  2
X-Ray
 70
    25
177
     3
291
     0
 70
    58
 90
        2
176
     1
 90
        2
176
     1
 90
        1
176
     1
 90
        1
176
     1
 40
0.5
176
     1
 40
30.0
176
     1
 62
     7
420
 16777215
176
     1
 90
        1
176
     1
 90
        0
176
     1
 62
     7
176
     1
 62
   257
176
     1
 90
        1
176
     1
 90
        1
176
     1
 40
1.0
176
     1
 90
        8
176
     1
 62
     7
176
     1
 40
1.0
176
     1
 90
        1
176
     1
 90
        6
176
     1
 90
        2
176
     1
 62
     7
176
     1
 90
        3
176
     1
 90
        0
176
     1
 90
        0
176
     1
290
     0
176
     1
 90
       13
176
     1
 40
0.0
176
     1
 90
        0
176
     1
290
     0
176
     1
290
     1
176
     1
290
     1
176
     1
290
     0
176
     1
290
     0
176
     1
290
     0
176
     1
290
     0
176
     1
290
     0
176
     1
290
     0
176
     1
 90
       50
176
     1
 40
0.0
176
     1
 40
1.0
176
     1
 90
        0
176
     1
 62
    18
420
        0
176
     1
 90
       50
176
     1
 90
        3
176
     1
 62
     5
420
      255
176
     1
290
     0
176
     1
 90
       50
176
     1
 90
       50
176
     1
 90
       50
176
     1
290
     0
176
     1
 90
       50
176
     1
 62
   256
176
     0
 40
1.0
176
     0
 90
        2
176
     1
  1
strokes_ogs.tif
176
     1
290
     0
176
     1
 40
1.0
176
     1
 40
1.0
176
     1
1001
ACAD
1000
AcDbSavedByObjectVersion
1070
     0
  0
DICTIONARYVAR
  5
7E4
102
{ACAD_REACTORS
330
7DF
102
}
330
7DF
100
DictionaryVariables
280
     0
  1
0
  0
DICTIONARYVAR
  5
7E5
102
{ACAD_REACTORS
330
7DF
102
}
330
7DF
100
DictionaryVariables
280
     0
  1
1:1
  0
DICTIONARYVAR
  5
7E1
102
{ACAD_REACTORS
330
7DF
102
}
330
7DF
100
DictionaryVariables
280
     0
  1
STANDARD
  0
DICTIONARYVAR
  5
7E0
102
{ACAD_REACTORS
330
7DF
102
}
330
7DF
100
DictionaryVariables
280
     0
  1
STANDARD
  0
DICTIONARYVAR
  5
7E2
102
{ACAD_REACTORS
330
7DF
102
}
330
7DF
100
DictionaryVariables
280
     0
  1
Imperial24
  0
DICTIONARYVAR
  5
7E3
102
{ACAD_REACTORS
330
7DF
102
}
330
7DF
100
DictionaryVariables
280
     0
  1
Imperial24
  0
DICTIONARY
  5
7EB
330
6B
100
AcDbDictionary
280
     1
281
     1
  3
ACAD_XREC_ROUNDTRIP
360
7EC
  0
DICTIONARY
  5
1A
330
19
100
AcDbDictionary
280
     1
281
     1
  3
BUMPTILE
360
1C
  3
DIFFUSETILE
360
1B
  3
OPACITYTILE
360
1F
  3
REFLECTIONTILE
360
1E
  3
REFRACTIONTILE
360
20
  3
SPECULARTILE
360
1D
  0
DICTIONARY
  5
12
330
11
100
AcDbDictionary
280
     1
281
     1
  3
BUMPTILE
360
14
  3
DIFFUSETILE
360
13
  3
OPACITYTILE
360
17
  3
REFLECTIONTILE
360
16
  3
REFRACTIONTILE
360
18
  3
SPECULARTILE
360
15
  0
DICTIONARY
  5
22
330
21
100
AcDbDictionary
280
     1
281
     1
  3
BUMPTILE
360
24
  3
DIFFUSETILE
360
23
  3
OPACITYTILE
360
27
  3
REFLECTIONTILE
360
26
  3
REFRACTIONTILE
360
28
  3
SPECULARTILE
360
25
  0
DICTIONARY
  5
7E9
330
69
100
AcDbDictionary
280
     1
281
     1
  3
ACAD_XREC_ROUNDTRIP
360
7EA
  0
DICTIONARY
  5
7E6
330
65
100
AcDbDictionary
280
     1
281
     1
  3
ACAD_ROUNDTRIP_2008_TABLESTYLE_CELLSTYLEMAP
360
7E7
  0
XRECORD
  5
7EC
102
{ACAD_REACTORS
330
7EB
102
}
330
7EB
100
AcDbXrecord
280
     1
102
DISPLAYNAME
  1
Imperial24
102
FLAGS
 90
        0
  0
XRECORD
  5
1C
102
{ACAD_REACTORS
330
1A
102
}
330
1A
100
AcDbXrecord
280
     1
270
     1
271
     1
  0
XRECORD
  5
1B
102
{ACAD_REACTORS
330
1A
102
}
330
1A
100
AcDbXrecord
280
     1
270
     1
271
     1
  0
XRECORD
  5
1F
102
{ACAD_REACTORS
330
1A
102
}
330
1A
100
AcDbXrecord
280
     1
270
     1
271
     1
  0
XRECORD
  5
1E
102
{ACAD_REACTORS
330
1A
102
}
330
1A
100
AcDbXrecord
280
     1
270
     1
271
     1
  0
XRECORD
  5
20
102
{ACAD_REACTORS
330
1A
102
}
330
1A
100
AcDbXrecord
280
     1
270
     1
271
     1
  0
XRECORD
  5
1D
102
{ACAD_REACTORS
330
1A
102
}
330
1A
100
AcDbXrecord
280
     1
270
     1
271
     1
  0
XRECORD
  5
14
102
{ACAD_REACTORS
330
12
102
}
330
12
100
AcDbXrecord
280
     1
270
     1
271
     1
  0
XRECORD
  5
13
102
{ACAD_REACTORS
330
12
102
}
330
12
100
AcDbXrecord
280
     1
270
     1
271
     1
  0
XRECORD
  5
17
102
{ACAD_REACTORS
330
12
102
}
330
12
100
AcDbXrecord
280
     1
270
     1
271
     1
  0
XRECORD
  5
16
102
{ACAD_REACTORS
330
12
102
}
330
12
100
AcDbXrecord
280
     1
270
     1
271
     1
  0
XRECORD
  5
18
102
{ACAD_REACTORS
330
12
102
}
330
12
100
AcDbXrecord
280
     1
270
     1
271
     1
  0
XRECORD
  5
15
102
{ACAD_REACTORS
330
12
102
}
330
12
100
AcDbXrecord
280
     1
270
     1
271
     1
  0
XRECORD
  5
24
102
{ACAD_REACTORS
330
22
102
}
330
22
100
AcDbXrecord
280
     1
270
     1
271
     1
  0
XRECORD
  5
23
102
{ACAD_REACTORS
330
22
102
}
330
22
100
AcDbXrecord
280
     1
270
     1
271
     1
  0
XRECORD
  5
27
102
{ACAD_REACTORS
330
22
102
}
330
22
100
AcDbXrecord
280
     1
270
     1
271
     1
  0
XRECORD
  5
26
102
{ACAD_REACTORS
330
22
102
}
330
22
100
AcDbXrecord
280
     1
270
     1
271
     1
  0
XRECORD
  5
28
102
{ACAD_REACTORS
330
22
102
}
330
22
100
AcDbXrecord
280
     1
270
     1
271
     1
  0
XRECORD
  5
25
102
{ACAD_REACTORS
330
22
102
}
330
22
100
AcDbXrecord
280
     1
270
     1
271
     1
  0
XRECORD
  5
7EA
102
{ACAD_REACTORS
330
7E9
102
}
330
7E9
100
AcDbXrecord
280
     1
102
DISPLAYNAME
  1
Imperial24
102
FLAGS
 90
        0
  0
CELLSTYLEMAP
  5
7E7
102
{ACAD_REACTORS
330
7E6
102
}
330
7E6
100
AcDbCellStyleMap
 90
        3
300
CELLSTYLE
  1
TABLEFORMAT_BEGIN
 90
        5
170
     1
 91
        0
 92
    32768
 62
   257
 93
        1
300
CONTENTFORMAT
  1
CONTENTFORMAT_BEGIN
 90
        0
 91
        0
 92
      512
 93
        0
300

 40
0.0
140
1.0
 94
        5
 62
     0
340
55
144
0.25
309
CONTENTFORMAT_END
171
     1
301
MARGIN
  1
CELLMARGIN_BEGIN
 40
1.5
 40
1.5
 40
1.5
 40
1.5
 40
0.18
 40
0.18
309
CELLMARGIN_END
 94
        0
309
TABLEFORMAT_END
  1
CELLSTYLE_BEGIN
 90
        1
 91
        1
300
_TITLE
309
CELLSTYLE_END
300
CELLSTYLE
  1
TABLEFORMAT_BEGIN
 90
        5
170
     1
 91
        0
 92
        0
 62
   257
 93
        1
300
CONTENTFORMAT
  1
CONTENTFORMAT_BEGIN
 90
        0
 91
        0
 92
      512
 93
        0
300

 40
0.0
140
1.0
 94
        5
 62
     0
340
55
144
0.18
309
CONTENTFORMAT_END
171
     1
301
MARGIN
  1
CELLMARGIN_BEGIN
 40
1.5
 40
1.5
 40
1.5
 40
1.5
 40
0.18
 40
0.18
309
CELLMARGIN_END
 94
        0
309
TABLEFORMAT_END
  1
CELLSTYLE_BEGIN
 90
        2
 91
        1
300
_HEADER
309
CELLSTYLE_END
300
CELLSTYLE
  1
TABLEFORMAT_BEGIN
 90
        5
170
     1
 91
        0
 92
        0
 62
   257
 93
        1
300
CONTENTFORMAT
  1
CONTENTFORMAT_BEGIN
 90
        0
 91
        0
 92
      512
 93
        0
300

 40
0.0
140
1.0
 94
        2
 62
     0
340
55
144
0.18
309
CONTENTFORMAT_END
171
     1
301
MARGIN
  1
CELLMARGIN_BEGIN
 40
1.5
 40
1.5
 40
1.5
 40
1.5
 40
0.18
 40
0.18
309
CELLMARGIN_END
 94
        0
309
TABLEFORMAT_END
  1
CELLSTYLE_BEGIN
 90
        3
 91
        2
300
_DATA
309
CELLSTYLE_END
  0
ENDSEC
  0
EOF
