  0
SECTION
  2
HEADER
  9
$ACADVER
  1
AC1027
  9
$ACADMAINTVER
 70
   125
  9
$DWGCODEPAGE
  3
ANSI_1252
  9
$LASTSAVEDBY
  1
kaley
  9
$REQUIREDVERSIONS
160
                 0
  9
$INSBASE
 10
0.0
 20
0.0
 30
0.0
  9
$EXTMIN
 10
0.0
 20
0.0
 30
0.0
  9
$EXTMAX
 10
420.0
 20
297.0
 30
0.0
  9
$LIMMIN
 10
0.0
 20
0.0
  9
$LIMMAX
 10
420.0
 20
297.0
  9
$ORTHOMODE
 70
     0
  9
$REGENMODE
 70
     1
  9
$FILLMODE
 70
     1
  9
$QTEXTMODE
 70
     0
  9
$MIRRTEXT
 70
     0
  9
$LTSCALE
 40
0.75
  9
$ATTMODE
 70
     1
  9
$TEXTSIZE
 40
3.5
  9
$TRACEWID
 40
1.0
  9
$TEXTSTYLE
  7
Standard
  9
$CLAYER
  8
0
  9
$CELTYPE
  6
ByLayer
  9
$CECOLOR
 62
   256
  9
$CELTSCALE
 40
1.0
  9
$DISPSILH
 70
     0
  9
$DIMSCALE
 40
1.0
  9
$DIMASZ
 40
3.5
  9
$DIMEXO
 40
2.1
  9
$DIMDLI
 40
10.5
  9
$DIMRND
 40
0.0
  9
$DIMDLE
 40
0.0
  9
$DIMEXE
 40
2.1
  9
$DIMTP
 40
0.1
  9
$DIMTM
 40
0.1
  9
$DIMTXT
 40
3.5
  9
$DIMCEN
 40
0.0
  9
$DIMTSZ
 40
0.0
  9
$DIMTOL
 70
     0
  9
$DIMLIM
 70
     0
  9
$DIMTIH
 70
     0
  9
$DIMTOH
 70
     0
  9
$DIMSE1
 70
     0
  9
$DIMSE2
 70
     0
  9
$DIMTAD
 70
     1
  9
$DIMZIN
 70
    12
  9
$DIMBLK
  1

  9
$DIMASO
 70
     1
  9
$DIMSHO
 70
     1
  9
$DIMPOST
  1

  9
$DIMAPOST
  1

  9
$DIMALT
 70
     0
  9
$DIMALTD
 70
     2
  9
$DIMALTF
 40
0.03937
  9
$DIMLFAC
 40
1.0
  9
$DIMTOFL
 70
     1
  9
$DIMTVP
 40
0.0
  9
$DIMTIX
 70
     0
  9
$DIMSOXD
 70
     0
  9
$DIMSAH
 70
     0
  9
$DIMBLK1
  1

  9
$DIMBLK2
  1

  9
$DIMSTYLE
  2
Dim-ISO-25
  9
$DIMCLRD
 70
     0
  9
$DIMCLRE
 70
     0
  9
$DIMCLRT
 70
     0
  9
$DIMTFAC
 40
0.714286
  9
$DIMGAP
 40
1.4
  9
$DIMJUST
 70
     0
  9
$DIMSD1
 70
     0
  9
$DIMSD2
 70
     0
  9
$DIMTOLJ
 70
     0
  9
$DIMTZIN
 70
    12
  9
$DIMALTZ
 70
    12
  9
$DIMALTTZ
 70
    12
  9
$DIMUPT
 70
     0
  9
$DIMDEC
 70
     2
  9
$DIMTDEC
 70
     2
  9
$DIMALTU
 70
     2
  9
$DIMALTTD
 70
     2
  9
$DIMTXSTY
  7
Standard
  9
$DIMAUNIT
 70
     0
  9
$DIMADEC
 70
     2
  9
$DIMALTRND
 40
0.0
  9
$DIMAZIN
 70
     3
  9
$DIMDSEP
 70
    46
  9
$DIMATFIT
 70
     3
  9
$DIMFRAC
 70
     0
  9
$DIMLDRBLK
  1

  9
$DIMLUNIT
 70
     2
  9
$DIMLWD
 70
    -2
  9
$DIMLWE
 70
    -2
  9
$DIMTMOVE
 70
     0
  9
$DIMFXL
 40
1.0
  9
$DIMFXLON
 70
     0
  9
$DIMJOGANG
 40
0.785398
  9
$DIMTFILL
 70
     0
  9
$DIMTFILLCLR
 70
     0
  9
$DIMARCSYM
 70
     0
  9
$DIMLTYPE
  6

  9
$DIMLTEX1
  6

  9
$DIMLTEX2
  6

  9
$DIMTXTDIRECTION
 70
     0
  9
$LUNITS
 70
     2
  9
$LUPREC
 70
     4
  9
$SKETCHINC
 40
1.0
  9
$FILLETRAD
 40
0.0
  9
$AUNITS
 70
     0
  9
$AUPREC
 70
     0
  9
$MENU
  1
.
  9
$ELEVATION
 40
0.0
  9
$PELEVATION
 40
0.0
  9
$THICKNESS
 40
0.0
  9
$LIMCHECK
 70
     0
  9
$CHAMFERA
 40
0.0
  9
$CHAMFERB
 40
0.0
  9
$CHAMFERC
 40
0.0
  9
$CHAMFERD
 40
0.0
  9
$SKPOLY
 70
     0
  9
$TDCREATE
 40
2461158.774236111
  9
$TDUCREATE
 40
2461158.690902778
  9
$TDUPDATE
 40
2461158.774236111
  9
$TDUUPDATE
 40
2461158.690902778
  9
$TDINDWG
 40
0.0000000000
  9
$TDUSRTIMER
 40
0.0000000000
  9
$USRTIMER
 70
     1
  9
$ANGBASE
 50
0.0
  9
$ANGDIR
 70
     0
  9
$PDMODE
 70
     0
  9
$PDSIZE
 40
0.0
  9
$PLINEWID
 40
0.0
  9
$SPLFRAME
 70
     0
  9
$SPLINETYPE
 70
     6
  9
$SPLINESEGS
 70
     8
  9
$HANDSEED
  5
61E
  9
$SURFTAB1
 70
     6
  9
$SURFTAB2
 70
     6
  9
$SURFTYPE
 70
     6
  9
$SURFU
 70
     6
  9
$SURFV
 70
     6
  9
$UCSBASE
  2

  9
$UCSNAME
  2

  9
$UCSORG
 10
0.0
 20
0.0
 30
0.0
  9
$UCSXDIR
 10
1.0
 20
0.0
 30
0.0
  9
$UCSYDIR
 10
0.0
 20
1.0
 30
0.0
  9
$UCSORTHOREF
  2

  9
$UCSORTHOVIEW
 70
     0
  9
$UCSORGTOP
 10
0.0
 20
0.0
 30
0.0
  9
$UCSORGBOTTOM
 10
0.0
 20
0.0
 30
0.0
  9
$UCSORGLEFT
 10
0.0
 20
0.0
 30
0.0
  9
$UCSORGRIGHT
 10
0.0
 20
0.0
 30
0.0
  9
$UCSORGFRONT
 10
0.0
 20
0.0
 30
0.0
  9
$UCSORGBACK
 10
0.0
 20
0.0
 30
0.0
  9
$PUCSBASE
  2

  9
$PUCSNAME
  2

  9
$PUCSORG
 10
0.0
 20
0.0
 30
0.0
  9
$PUCSXDIR
 10
1.0
 20
0.0
 30
0.0
  9
$PUCSYDIR
 10
0.0
 20
1.0
 30
0.0
  9
$PUCSORTHOREF
  2

  9
$PUCSORTHOVIEW
 70
     0
  9
$PUCSORGTOP
 10
0.0
 20
0.0
 30
0.0
  9
$PUCSORGBOTTOM
 10
0.0
 20
0.0
 30
0.0
  9
$PUCSORGLEFT
 10
0.0
 20
0.0
 30
0.0
  9
$PUCSORGRIGHT
 10
0.0
 20
0.0
 30
0.0
  9
$PUCSORGFRONT
 10
0.0
 20
0.0
 30
0.0
  9
$PUCSORGBACK
 10
0.0
 20
0.0
 30
0.0
  9
$USERI1
 70
     0
  9
$USERI2
 70
     0
  9
$USERI3
 70
     0
  9
$USERI4
 70
     0
  9
$USERI5
 70
     0
  9
$USERR1
 40
0.0
  9
$USERR2
 40
0.0
  9
$USERR3
 40
0.0
  9
$USERR4
 40
0.0
  9
$USERR5
 40
0.0
  9
$WORLDVIEW
 70
     1
  9
$SHADEDGE
 70
     3
  9
$SHADEDIF
 70
    70
  9
$TILEMODE
 70
     1
  9
$MAXACTVP
 70
    64
  9
$PINSBASE
 10
0.0
 20
0.0
 30
0.0
  9
$PLIMCHECK
 70
     0
  9
$PEXTMIN
 10
1.000000E+20
 20
1.000000E+20
 30
1.000000E+20
  9
$PEXTMAX
 10
-1.000000E+20
 20
-1.000000E+20
 30
-1.000000E+20
  9
$PLIMMIN
 10
0.0
 20
0.0
  9
$PLIMMAX
 10
12.0
 20
9.0
  9
$UNITMODE
 70
     0
  9
$VISRETAIN
 70
     1
  9
$PLINEGEN
 70
     0
  9
$PSLTSCALE
 70
     1
  9
$TREEDEPTH
 70
  3020
  9
$CMLSTYLE
  2
Standard
  9
$CMLJUST
 70
     0
  9
$CMLSCALE
 40
20.0
  9
$PROXYGRAPHICS
 70
     1
  9
$MEASUREMENT
 70
     1
  9
$CELWEIGHT
370
    -1
  9
$ENDCAPS
280
     0
  9
$JOINSTYLE
280
     0
  9
$LWDISPLAY
290
     0
  9
$INSUNITS
 70
     4
  9
$HYPERLINKBASE
  1

  9
$STYLESHEET
  1

  9
$XEDIT
290
     1
  9
$CEPSNTYPE
380
     0
  9
$PSTYLEMODE
290
     1
  9
$FINGERPRINTGUID
  2
{82AAF2C6-89E7-4046-837B-0B8EA2F44894}
  9
$VERSIONGUID
  2
{DA5DD822-205B-F54F-943A-733F53CC5558}
  9
$EXTNAMES
290
     1
  9
$PSVPSCALE
 40
0.0
  9
$OLESTARTUP
290
     0
  9
$SORTENTS
280
   127
  9
$INDEXCTL
280
     0
  9
$HIDETEXT
280
     1
  9
$XCLIPFRAME
280
     0
  9
$HALOGAP
280
     0
  9
$OBSCOLOR
 70
   257
  9
$OBSLTYPE
280
     0
  9
$INTERSECTIONDISPLAY
280
     0
  9
$INTERSECTIONCOLOR
 70
   257
  9
$DIMASSOC
280
     2
  9
$PROJECTNAME
  1

  9
$CAMERADISPLAY
290
     0
  9
$LENSLENGTH
 40
50.0
  9
$CAMERAHEIGHT
 40
0.0
  9
$STEPSPERSEC
 40
2.0
  9
$STEPSIZE
 40
6.0
  9
$3DDWFPREC
 40
2.0
  9
$PSOLWIDTH
 40
5.0
  9
$PSOLHEIGHT
 40
80.0
  9
$LOFTANG1
 40
1.570796
  9
$LOFTANG2
 40
1.570796
  9
$LOFTMAG1
 40
0.0
  9
$LOFTMAG2
 40
0.0
  9
$LOFTPARAM
 70
     7
  9
$LOFTNORMALS
280
     1
  9
$LATITUDE
 40
37.795
  9
$LONGITUDE
 40
-122.394
  9
$NORTHDIRECTION
 40
0.0
  9
$TIMEZONE
 70
 -8000
  9
$LIGHTGLYPHDISPLAY
280
     1
  9
$TILEMODELIGHTSYNCH
280
     1
  9
$CMATERIAL
347
11
  9
$SOLIDHIST
280
     0
  9
$SHOWHIST
280
     1
  9
$DWFFRAME
280
     2
  9
$DGNFRAME
280
     0
  9
$REALWORLDSCALE
290
     1
  9
$INTERFERECOLOR
 62
     1
  9
$INTERFEREOBJVS
345
33
  9
$INTERFEREVPVS
346
30
  9
$CSHADOW
280
     0
  9
$SHADOWPLANELOCATION
 40
0.0
  0
ENDSEC
  0
SECTION
  2
CLASSES
  0
CLASS
  1
ACDBDICTIONARYWDFLT
  2
AcDbDictionaryWithDefault
  3
ObjectDBX Classes
 90
        0
 91
        1
280
     0
281
     0
  0
CLASS
  1
MATERIAL
  2
AcDbMaterial
  3
ObjectDBX Classes
 90
     1153
 91
        3
280
     0
281
     0
  0
CLASS
  1
VISUALSTYLE
  2
AcDbVisualStyle
  3
ObjectDBX Classes
 90
     4095
 91
       24
280
     0
281
     0
  0
CLASS
  1
SCALE
  2
AcDbScale
  3
ObjectDBX Classes
 90
     1153
 91
       17
280
     0
281
     0
  0
CLASS
  1
TABLESTYLE
  2
AcDbTableStyle
  3
ObjectDBX Classes
 90
     4095
 91
        1
280
     0
281
     0
  0
CLASS
  1
MLEADERSTYLE
  2
AcDbMLeaderStyle
  3
ACDB_MLEADERSTYLE_CLASS
 90
     4095
 91
        1
280
     0
281
     0
  0
CLASS
  1
ACDBSECTIONVIEWSTYLE
  2
AcDbSectionViewStyle
  3
ObjectDBX Classes
 90
     1025
 91
        1
280
     0
281
     0
  0
CLASS
  1
ACDBDETAILVIEWSTYLE
  2
AcDbDetailViewStyle
  3
ObjectDBX Classes
 90
     1025
 91
        1
280
     0
281
     0
  0
CLASS
  1
ACMESCOPE
  2
AcMeScope
  3
AcMeServices
 90
     1024
 91
        1
280
     0
281
     0
  0
CLASS
  1
ACMECOMMANDHISTORY
  2
AcMeCommandHistory
  3
AcMeServices
 90
     1024
 91
        1
280
     0
281
     0
  0
CLASS
  1
ACIMSYSVARMAN
  2
AcImSysVarManager
  3
AcMeServices
 90
     1024
 91
        1
280
     0
281
     0
  0
CLASS
  1
ACIMINTSYSVAR
  2
AcImIntSysVar
  3
AcMeServices
 90
     1024
 91
        1
280
     0
281
     0
  0
CLASS
  1
ACMESTATEMGR
  2
AcMeStateMgr
  3
AcMeServices
 90
     1024
 91
        1
280
     0
281
     0
  0
CLASS
  1
ACGREFMASTER
  2
AcGrefMaster
  3
AcAttribServices
 90
     1024
 91
        1
280
     0
281
     0
  0
CLASS
  1
SORTENTSTABLE
  2
AcDbSortentsTable
  3
ObjectDBX Classes
 90
        0
 91
        3
280
     0
281
     0
  0
CLASS
  1
DICTIONARYVAR
  2
AcDbDictionaryVar
  3
ObjectDBX Classes
 90
        0
 91
        6
280
     0
281
     0
  0
CLASS
  1
CELLSTYLEMAP
  2
AcDbCellStyleMap
  3
ObjectDBX Classes
 90
     1152
 91
        1
280
     0
281
     0
  0
ENDSEC
  0
SECTION
  2
TABLES
  0
TABLE
  2
VPORT
  5
8
330
0
100
AcDbSymbolTable
 70
     1
1001
ACAD
1000
DbSaveVer
1071
      428
  0
VPORT
  5
57
330
8
100
AcDbSymbolTableRecord
100
AcDbViewportTableRecord
  2
*Active
 70
     0
 10
0.0
 20
0.0
 11
1.0
 21
1.0
 12
210.0
 22
148.5
 13
0.0
 23
0.0
 14
10.0
 24
10.0
 15
0.0
 25
0.0
 16
0.0
 26
0.0
 36
1.0
 17
0.0
 27
0.0
 37
0.0
 40
297.0
 41
1.751026
 42
50.0
 43
0.0
 44
0.0
 50
0.0
 51
0.0
 71
     0
 72
 20000
 73
     1
 74
     0
 75
     0
 76
     0
 77
     0
 78
     0
281
     0
 65
     1
110
0.0
120
0.0
130
0.0
111
1.0
121
0.0
131
0.0
112
0.0
122
1.0
132
0.0
 79
     0
146
0.0
348
2F
 60
     3
 61
     5
292
     1
282
     1
141
0.0
142
0.0
 63
   250
421
  3355443
  0
ENDTAB
  0
TABLE
  2
LTYPE
  5
5
330
0
100
AcDbSymbolTable
 70
    16
  0
LTYPE
  5
5B
330
5
100
AcDbSymbolTableRecord
100
AcDbLinetypeTableRecord
  2
ByBlock
 70
     0
  3

 72
    65
 73
     0
 40
0.0
  0
LTYPE
  5
5C
330
5
100
AcDbSymbolTableRecord
100
AcDbLinetypeTableRecord
  2
ByLayer
 70
     0
  3

 72
    65
 73
     0
 40
0.0
  0
LTYPE
  5
5D
330
5
100
AcDbSymbolTableRecord
100
AcDbLinetypeTableRecord
  2
Continuous
 70
     0
  3
Solid line
 72
    65
 73
     0
 40
0.0
  0
LTYPE
  5
81
330
5
100
AcDbSymbolTableRecord
100
AcDbLinetypeTableRecord
  2
HIDDEN
 70
     0
  3
Hidden __ __ __ __ __ __ __ __ __ __ __ __ __ _
 72
    65
 73
     2
 40
9.525
 49
6.35
 74
     0
 49
-3.175
 74
     0
  0
LTYPE
  5
82
330
5
100
AcDbSymbolTableRecord
100
AcDbLinetypeTableRecord
  2
PHANTOM2
 70
     0
  3
Phantom (.5x) ___ _ _ ___ _ _ ___ _ _ ___ _ _
 72
    65
 73
     6
 40
31.75
 49
15.875
 74
     0
 49
-3.175
 74
     0
 49
3.175
 74
     0
 49
-3.175
 74
     0
 49
3.175
 74
     0
 49
-3.175
 74
     0
  0
LTYPE
  5
83
330
5
100
AcDbSymbolTableRecord
100
AcDbLinetypeTableRecord
  2
CENTER
 70
     0
  3
Center ____ _ ____ _ ____ _ ____ _ ____ _ ____
 72
    65
 73
     4
 40
50.8
 49
31.75
 74
     0
 49
-6.35
 74
     0
 49
6.35
 74
     0
 49
-6.35
 74
     0
  0
LTYPE
  5
9D
330
5
100
AcDbSymbolTableRecord
100
AcDbLinetypeTableRecord
  2
CENTER2
 70
     0
  3
Center (.5x) ___ _ ___ _ ___ _ ___ _ ___ _ ___
 72
    65
 73
     4
 40
28.575
 49
19.05
 74
     0
 49
-3.175
 74
     0
 49
3.175
 74
     0
 49
-3.175
 74
     0
  0
LTYPE
  5
9E
330
5
100
AcDbSymbolTableRecord
100
AcDbLinetypeTableRecord
  2
HIDDEN2
 70
     0
  3
Hidden (.5x) _ _ _ _ _ _ _ _ _ _ _ _ _ _ _ _ _
 72
    65
 73
     2
 40
4.7625
 49
3.175
 74
     0
 49
-1.5875
 74
     0
  0
LTYPE
  5
9F
330
5
100
AcDbSymbolTableRecord
100
AcDbLinetypeTableRecord
  2
AM_ISO02W050
 70
     0
  3
__ __ __ __ __ __ __ __ __ __ __ __ __ __ __
 72
    65
 73
     2
 40
7.5
 49
6.0
 74
     0
 49
-1.5
 74
     0
  0
LTYPE
  5
A0
330
5
100
AcDbSymbolTableRecord
100
AcDbLinetypeTableRecord
  2
AM_ISO08W050
 70
     0
  3
____ . ____ . ____ . ____ . ____ . ____ . ____
 72
    65
 73
     4
 40
18.0
 49
12.0
 74
     0
 49
-1.5
 74
     0
 49
3.0
 74
     0
 49
-1.5
 74
     0
  0
LTYPE
  5
A1
330
5
100
AcDbSymbolTableRecord
100
AcDbLinetypeTableRecord
  2
AM_ISO09W050
 70
     0
  3
_____ . . _____ . . _____ . . ____ .. ____
 72
    65
 73
     6
 40
22.5
 49
12.0
 74
     0
 49
-1.5
 74
     0
 49
3.0
 74
     0
 49
-1.5
 74
     0
 49
3.0
 74
     0
 49
-1.5
 74
     0
  0
LTYPE
  5
A2
330
5
100
AcDbSymbolTableRecord
100
AcDbLinetypeTableRecord
  2
Amconstr
 70
     0
  3
_______________________
 72
    65
 73
     2
 40
9999.0
 49
9999.0
 74
     0
 49
0.0
 74
     0
  0
LTYPE
  5
A3
330
5
100
AcDbSymbolTableRecord
100
AcDbLinetypeTableRecord
  2
AM_ISO08W050x2
 70
     0
  3
__ . __ . __ . __ . __ . __
 72
    65
 73
     4
 40
9.0
 49
6.0
 74
     0
 49
-0.75
 74
     0
 49
1.5
 74
     0
 49
-0.75
 74
     0
  0
LTYPE
  5
A4
330
5
100
AcDbSymbolTableRecord
100
AcDbLinetypeTableRecord
  2
AM_ISO02W050x2
 70
     0
  3
 _ _ _ _ _ _ _ _ _ _ _ _
 72
    65
 73
     2
 40
3.75
 49
3.0
 74
     0
 49
-0.75
 74
     0
  0
LTYPE
  5
A5
330
5
100
AcDbSymbolTableRecord
100
AcDbLinetypeTableRecord
  2
Amzigzag
 70
     0
  3
/\/-/\/-/\/-/\/-/\/-/\/
 72
    65
 73
     2
 40
11.0001
 49
0.0001
 74
     4
 75
   136
340
9A
 46
0.04
 50
0.0
 44
0.0
 45
0.0
 49
-11.0
 74
     0
  0
LTYPE
  5
A6
330
5
100
AcDbSymbolTableRecord
100
AcDbLinetypeTableRecord
  2
ACISOWELD
 70
     0
  3
_ _ _ _ _
 72
    65
 73
     2
 40
2.0
 49
2.0
 74
     0
 49
-1.0
 74
     0
  0
LTYPE
  5
A7
330
5
100
AcDbSymbolTableRecord
100
AcDbLinetypeTableRecord
  2
ACISOTGL
 70
     0
  3
_ _ _ _ _
 72
    65
 73
     2
 40
3.0
 49
2.0
 74
     0
 49
-1.0
 74
     0
  0
LTYPE
  5
A8
330
5
100
AcDbSymbolTableRecord
100
AcDbLinetypeTableRecord
  2
ACISOTGB
 70
     0
  3
__ . . __ . .
 72
    65
 73
     6
 40
9.0
 49
4.0
 74
     0
 49
-1.0
 74
     0
 49
1.0
 74
     0
 49
-1.0
 74
     0
 49
1.0
 74
     0
 49
-1.0
 74
     0
  0
ENDTAB
  0
TABLE
  2
LAYER
  5
2
330
0
100
AcDbSymbolTable
 70
    11
  0
LAYER
  5
54
330
2
100
AcDbSymbolTableRecord
100
AcDbLayerTableRecord
  2
0
 70
     0
 62
     7
  6
Continuous
370
    -3
390
F
347
21
348
0
1001
AcAecLayerStandard
1000

1000

  0
LAYER
  5
79
330
2
100
AcDbSymbolTableRecord
100
AcDbLayerTableRecord
  2
Defpoints
 70
     0
 62
     7
  6
Continuous
290
     0
370
    -3
390
F
347
21
348
0
1001
AcAecLayerStandard
1000

1000

  0
LAYER
  5
B4
330
2
100
AcDbSymbolTableRecord
100
AcDbLayerTableRecord
  2
Visible
 70
     0
 62
     7
  6
Continuous
370
    50
390
F
347
21
348
0
  0
LAYER
  5
C2
330
2
100
AcDbSymbolTableRecord
100
AcDbLayerTableRecord
  2
Hidden
 70
     0
 62
     7
  6
HIDDEN2
370
    25
390
F
347
21
348
0
  0
LAYER
  5
1AC
330
2
100
AcDbSymbolTableRecord
100
AcDbLayerTableRecord
  2
BORDER
 70
     0
 62
     7
  6
Continuous
370
    25
390
F
347
21
348
0
1001
AcAecLayerStandard
1000

1000

1001
AcCmTransparency
1071
        0
  0
LAYER
  5
1F2
330
2
100
AcDbSymbolTableRecord
100
AcDbLayerTableRecord
  2
TITLEBLOCK
 70
     0
 62
     7
  6
Continuous
370
    35
390
F
347
21
348
0
1001
AcAecLayerStandard
1000

1000

1001
AcCmTransparency
1071
        0
  0
LAYER
  5
23E
330
2
100
AcDbSymbolTableRecord
100
AcDbLayerTableRecord
  2
Smart Centers
 70
     0
 62
     7
  6
CENTER2
370
    25
390
F
347
21
348
0
  0
LAYER
  5
267
330
2
100
AcDbSymbolTableRecord
100
AcDbLayerTableRecord
  2
FD_Dimensions
 70
     0
 62
     7
  6
Continuous
370
    25
390
F
347
21
348
0
  0
ENDTAB
  0
TABLE
  2
STYLE
  5
3
330
0
100
AcDbSymbolTable
 70
     5
  0
STYLE
  5
55
330
3
100
AcDbSymbolTableRecord
100
AcDbTextStyleTableRecord
  2
Standard
 70
     0
 40
0.0
 41
1.0
 50
0.0
 71
     0
 42
3.5
  3
Arial.ttf
  4

1001
ACAD
1000
Arial
1071
       34
  0
STYLE
  5
5A
330
3
100
AcDbSymbolTableRecord
100
AcDbTextStyleTableRecord
  2
Annotative
 70
     0
 40
0.0
 41
1.0
 50
0.0
 71
     0
 42
0.2
  3
txt
  4

1001
AcadAnnotative
1000
AnnotativeData
1002
{
1070
     1
1070
     1
1002
}
  0
STYLE
  5
99
330
3
100
AcDbSymbolTableRecord
100
AcDbTextStyleTableRecord
  2
FusionTitle
 70
     0
 40
0.0
 41
1.0
 50
0.0
 71
     0
 42
2.5
  3
Arial.ttf
  4

1001
ACAD
1000
Arial
1071
       34
  0
STYLE
  5
9A
330
3
100
AcDbSymbolTableRecord
100
AcDbTextStyleTableRecord
  2

 70
     1
 40
0.0
 41
1.0
 50
0.0
 71
     0
 42
10.0
  3
genltshp.shx
  4

  0
STYLE
  5
9B
330
3
100
AcDbSymbolTableRecord
100
AcDbTextStyleTableRecord
  2
ACISOGDT
 70
     0
 40
0.0
 41
1.0
 50
0.0
 71
     0
 42
10.0
  3
amgdt.shx
  4

  0
ENDTAB
  0
TABLE
  2
VIEW
  5
6
330
0
100
AcDbSymbolTable
 70
     0
  0
ENDTAB
  0
TABLE
  2
UCS
  5
7
330
0
100
AcDbSymbolTable
 70
     0
  0
ENDTAB
  0
TABLE
  2
APPID
  5
9
330
0
100
AcDbSymbolTable
 70
    26
  0
APPID
  5
56
330
9
100
AcDbSymbolTableRecord
100
AcDbRegAppTableRecord
  2
ACAD
 70
     0
  0
APPID
  5
5E
330
9
100
AcDbSymbolTableRecord
100
AcDbRegAppTableRecord
  2
AcadAnnotative
 70
     0
  0
APPID
  5
78
330
9
100
AcDbSymbolTableRecord
100
AcDbRegAppTableRecord
  2
ACAD_PSEXT
 70
     0
  0
APPID
  5
7A
330
9
100
AcDbSymbolTableRecord
100
AcDbRegAppTableRecord
  2
MCAD_NO_VIS
 70
     0
  0
APPID
  5
7B
330
9
100
AcDbSymbolTableRecord
100
AcDbRegAppTableRecord
  2
ACAD_TEMP_GRAPHIC
 70
     0
  0
APPID
  5
84
330
9
100
AcDbSymbolTableRecord
100
AcDbRegAppTableRecord
  2
ACAD_DSTYLE_DIMJAG
 70
     0
  0
APPID
  5
85
330
9
100
AcDbSymbolTableRecord
100
AcDbRegAppTableRecord
  2
ACAD_DSTYLE_DIMTALN
 70
     0
  0
APPID
  5
86
330
9
100
AcDbSymbolTableRecord
100
AcDbRegAppTableRecord
  2
ACAD_NAV_VCDISPLAY
 70
     0
  0
APPID
  5
87
330
9
100
AcDbSymbolTableRecord
100
AcDbRegAppTableRecord
  2
AcAecLayerStandard
 70
     0
  0
APPID
  5
88
330
9
100
AcDbSymbolTableRecord
100
AcDbRegAppTableRecord
  2
AcCmTransparency
 70
     0
  0
APPID
  5
89
330
9
100
AcDbSymbolTableRecord
100
AcDbRegAppTableRecord
  2
AcDbDynamicBlockGUID
 70
     0
  0
APPID
  5
8A
330
9
100
AcDbSymbolTableRecord
100
AcDbRegAppTableRecord
  2
ACAD_DSTYLE_DIMBREAK
 70
     0
  0
APPID
  5
8B
330
9
100
AcDbSymbolTableRecord
100
AcDbRegAppTableRecord
  2
ACAD_DSTYLE_DIMRADIAL_EXTENSION
 70
     0
  0
APPID
  5
8C
330
9
100
AcDbSymbolTableRecord
100
AcDbRegAppTableRecord
  2
FUSIONTITLEBLOCK
 70
     0
  0
APPID
  5
8D
330
9
100
AcDbSymbolTableRecord
100
AcDbRegAppTableRecord
  2
FUSIONCURRENTTITLEBLOCK
 70
     0
  0
APPID
  5
8E
330
9
100
AcDbSymbolTableRecord
100
AcDbRegAppTableRecord
  2
AcSynergy
 70
     0
  0
APPID
  5
8F
330
9
100
AcDbSymbolTableRecord
100
AcDbRegAppTableRecord
  2
FUSDOC_AUTODIM_XDATA
 70
     0
  0
APPID
  5
90
330
9
100
AcDbSymbolTableRecord
100
AcDbRegAppTableRecord
  2
ACAD_DSTYLE_DIMJAG_POSITION
 70
     0
  0
APPID
  5
91
330
9
100
AcDbSymbolTableRecord
100
AcDbRegAppTableRecord
  2
ACAD_DIMASSOC_CALC_DIMLFAC
 70
     0
  0
APPID
  5
92
330
9
100
AcDbSymbolTableRecord
100
AcDbRegAppTableRecord
  2
ACAD_DIMASSOC_DIMLFAC
 70
     0
  0
APPID
  5
93
330
9
100
AcDbSymbolTableRecord
100
AcDbRegAppTableRecord
  2
ACAD_DIMASSOC_OVERRIDDEN_DIMLFAC
 70
     0
  0
APPID
  5
94
330
9
100
AcDbSymbolTableRecord
100
AcDbRegAppTableRecord
  2
AUTO_ARRANGE_XDATA
 70
     0
  0
APPID
  5
95
330
9
100
AcDbSymbolTableRecord
100
AcDbRegAppTableRecord
  2
FUSDOC_XDATA_AUTO_CREATED_LAYOUT
 70
     0
  0
APPID
  5
96
330
9
100
AcDbSymbolTableRecord
100
AcDbRegAppTableRecord
  2
FUSDOC_XDATA_AUTO_DIM_CMD_USED_IN_LAYOUT
 70
     0
  0
APPID
  5
97
330
9
100
AcDbSymbolTableRecord
100
AcDbRegAppTableRecord
  2
FUSDOC_XDATA_AUTO_TIDY_UP_CMD_USED_IN_LAYOUT
 70
     0
  0
APPID
  5
98
330
9
100
AcDbSymbolTableRecord
100
AcDbRegAppTableRecord
  2
ACATTRIBSERVICES
 70
     0
  0
ENDTAB
  0
TABLE
  2
DIMSTYLE
  5
A
330
0
100
AcDbSymbolTable
 70
     4
100
AcDbDimStyleTable
 71
     1
340
AC
  0
DIMSTYLE
105
58
330
A
100
AcDbSymbolTableRecord
100
AcDbDimStyleTableRecord
  2
Standard
 70
     0
 41
3.5
 42
2.1
 43
10.5
 44
2.1
 78
    12
 79
     3
140
3.5
143
0.03937
146
0.714286
147
1.4
179
     2
271
     2
272
     2
284
    12
340
55
  0
DIMSTYLE
105
59
330
A
100
AcDbSymbolTableRecord
100
AcDbDimStyleTableRecord
  2
Annotative
 70
     0
 40
0.0
 41
3.5
 42
2.1
 43
10.5
 44
2.1
 73
     0
 74
     0
 77
     1
 78
    12
 79
     3
140
3.5
141
2.5
143
0.03937
146
0.714286
147
1.4
171
     3
172
     1
179
     2
271
     2
272
     2
274
     3
278
    44
283
     0
284
    12
340
55
1001
AcadAnnotative
1000
AnnotativeData
1002
{
1070
     1
1070
     1
1002
}
  0
DIMSTYLE
105
AB
330
A
100
AcDbSymbolTableRecord
100
AcDbDimStyleTableRecord
  2
ISO-25
 70
     0
  4
in
 41
3.5
 42
2.1
 43
10.5
 44
2.1
 47
0.1
 48
0.1
 73
     0
 74
     0
 77
     1
 78
    12
 79
     3
140
3.5
141
0.0
143
0.03937
146
0.714286
147
1.4
171
     4
172
     1
176
   256
177
   256
178
   256
179
     2
271
     2
272
     2
274
     4
283
     0
284
    12
285
     8
340
55
1001
ACAD_DSTYLE_DIMJAG
1070
   388
1040
1.5
1001
ACAD_DSTYLE_DIMTALN
1070
   392
1070
     1
1001
ACAD_DSTYLE_DIMBREAK
1070
   391
1040
3.5
  0
DIMSTYLE
105
AC
102
{ACAD_REACTORS
330
266
330
274
330
281
330
28E
330
29B
330
2A7
330
2B3
330
2C0
330
2CD
330
2DA
102
}
330
A
100
AcDbSymbolTableRecord
100
AcDbDimStyleTableRecord
  2
Dim-ISO-25
 70
     0
 41
3.5
 42
2.1
 43
10.5
 44
2.1
 47
0.1
 48
0.1
 73
     0
 74
     0
 77
     1
 78
    12
 79
     3
140
3.5
141
0.0
143
0.03937
146
0.714286
147
1.4
172
     1
179
     2
271
     2
272
     2
283
     0
284
    12
285
    12
286
    12
340
55
1001
ACAD_DSTYLE_DIMJAG
1070
   388
1040
1.5
1001
ACAD_DSTYLE_DIMTALN
1070
   392
1070
     1
1001
ACAD_DSTYLE_DIMBREAK
1070
   391
1040
3.5
  0
ENDTAB
  0
TABLE
  2
BLOCK_RECORD
  5
1
330
0
100
AcDbSymbolTable
 70
    30
  0
BLOCK_RECORD
  5
70
102
{ACAD_XDICTIONARY
360
AD
102
}
330
1
100
AcDbSymbolTableRecord
100
AcDbBlockTableRecord
  2
*Model_Space
340
73
 70
     0
280
     1
281
     0
  0
BLOCK_RECORD
  5
6C
330
1
100
AcDbSymbolTableRecord
100
AcDbBlockTableRecord
  2
*Paper_Space
340
6F
 70
     0
280
     1
281
     0
  0
BLOCK_RECORD
  5
74
330
1
100
AcDbSymbolTableRecord
100
AcDbBlockTableRecord
  2
*Paper_Space0
340
77
 70
     0
280
     1
281
     0
  0
BLOCK_RECORD
  5
1AD
102
{ACAD_XDICTIONARY
360
1AE
102
}
330
1
100
AcDbSymbolTableRecord
100
AcDbBlockTableRecord
  2
ISO_A3_SHEET
340
0
310
2800000020000000200000000100080000000000000400000000000000000000000000000000000000000000000080000080000000808000800000008000800080800000C0C0C000C0DCC000F0CAA6000020400000206000002080000020A0000020C0000020E00000400000004020000040400000406000004080000040A0
310
000040C0000040E00000600000006020000060400000606000006080000060A0000060C0000060E00000800000008020000080400000806000008080000080A0000080C0000080E00000A0000000A0200000A0400000A0600000A0800000A0A00000A0C00000A0E00000C0000000C0200000C0400000C0600000C0800000C0
310
A00000C0C00000C0E00000E0000000E0200000E0400000E0600000E0800000E0A00000E0C00000E0E00040000000400020004000400040006000400080004000A0004000C0004000E00040200000402020004020400040206000402080004020A0004020C0004020E000404000004040200040404000404060004040800040
310
40A0004040C0004040E00040600000406020004060400040606000406080004060A0004060C0004060E00040800000408020004080400040806000408080004080A0004080C0004080E00040A0000040A0200040A0400040A0600040A0800040A0A00040A0C00040A0E00040C0000040C0200040C0400040C0600040C08000
310
40C0A00040C0C00040C0E00040E0000040E0200040E0400040E0600040E0800040E0A00040E0C00040E0E00080000000800020008000400080006000800080008000A0008000C0008000E00080200000802020008020400080206000802080008020A0008020C0008020E00080400000804020008040400080406000804080
310
008040A0008040C0008040E00080600000806020008060400080606000806080008060A0008060C0008060E00080800000808020008080400080806000808080008080A0008080C0008080E00080A0000080A0200080A0400080A0600080A0800080A0A00080A0C00080A0E00080C0000080C0200080C0400080C0600080C0
310
800080C0A00080C0C00080C0E00080E0000080E0200080E0400080E0600080E0800080E0A00080E0C00080E0E000C0000000C0002000C0004000C0006000C0008000C000A000C000C000C000E000C0200000C0202000C0204000C0206000C0208000C020A000C020C000C020E000C0400000C0402000C0404000C0406000C0
310
408000C040A000C040C000C040E000C0600000C0602000C0604000C0606000C0608000C060A000C060C000C060E000C0800000C0802000C0804000C0806000C0808000C080A000C080C000C080E000C0A00000C0A02000C0A04000C0A06000C0A08000C0A0A000C0A0C000C0A0E000C0C00000C0C02000C0C04000C0C06000
310
C0C08000C0C0A000F0FBFF00A4A0A000808080000000FF0000FF000000FFFF00FF000000FF00FF00FFFF0000FFFFFF0049494949494949494949494949494949494949494949494949494949494949494949494949494949494949494949494949494949494949494949494949494949494949494949494949494949494949
310
494949494949494949494949494949494949494949494949494949494949494949494949494949494949494949494949494949494949494949494949494949494949494949494949494949494949494949494949494949494949494949494949494949494949494949494949494949494949FFFFFFFFFFFFFFFFFFFFFFFFFF
310
FFFFFFFFFFFFFFFFFFFFFFFFFFFFFFFFFF4949FF49FF494949494949494949494949FF494949494949494949494949FFFF49494949FF49494949494949494949494949494949494949494949494949FF49494949FFFF49494949494949494949494949494949494949494949494949FF4949494949FF494949494949494949
310
49494949494949494949494949494949FF4949494949FF49494949494949494949494949494949494949494949494949FF49494949FFFF49494949494949494949494949494949494949494949494949FF4949494949FF49494949494949494949494949494949494949494949494949FF4949494949FF4949494949494949
310
4949494949494949494949494949494949FF4949494949FF49494949494949494949494949494949494949494949494949FF49494949FFFF49494949494949494949494949494949494949494949494949FF4949494949FF49494949494949494949494949494949494949494949494949FF4949494949FF49494949494949
310
494949494949494949494949494949494949FF49494949FFFF49494949494949494949494949494949494949494949494949FF4949494949FF49494949494949494949494949494949494949494949494949FF4949494949FF49494949494949494949494949494949494949494949494949FF49494949FFFF494949494949
310
49494949494949494949494949494949494949FF4949494949FF49494949494949494949494949494949494949494949494949FF494949FF49FF494949494949494949494949FF494949494949494949494949FFFF4949FFFFFFFFFFFFFFFFFFFFFFFFFFFFFFFFFFFFFFFFFFFFFFFFFFFFFFFFFFFF49494949494949494949
310
49494949494949494949494949494949494949494949494949494949494949494949494949494949494949494949494949494949494949494949494949494949494949494949494949494949494949494949494949494949494949494949494949494949494949494949494949494949494949494949494949494949494949
310
4949494949494949494949494949494949494949494949494949494949494949494949494949494949494949494949494949494949494949
102
{BLKREFS
331
1AB
102
}
 70
     4
280
     1
281
     0
1001
AcDbDynamicBlockGUID
1000
{B4874B5E-8040-BF49-A9B6-B81412F7B0AC}
  0
BLOCK_RECORD
  5
1F3
102
{ACAD_XDICTIONARY
360
1F4
102
}
330
1
100
AcDbSymbolTableRecord
100
AcDbBlockTableRecord
  2
ISO_TITLEBLOCK
340
0
310
2800000020000000200000000100080000000000000400000000000000000000000000000000000000000000000080000080000000808000800000008000800080800000C0C0C000C0DCC000F0CAA6000020400000206000002080000020A0000020C0000020E00000400000004020000040400000406000004080000040A0
310
000040C0000040E00000600000006020000060400000606000006080000060A0000060C0000060E00000800000008020000080400000806000008080000080A0000080C0000080E00000A0000000A0200000A0400000A0600000A0800000A0A00000A0C00000A0E00000C0000000C0200000C0400000C0600000C0800000C0
310
A00000C0C00000C0E00000E0000000E0200000E0400000E0600000E0800000E0A00000E0C00000E0E00040000000400020004000400040006000400080004000A0004000C0004000E00040200000402020004020400040206000402080004020A0004020C0004020E000404000004040200040404000404060004040800040
310
40A0004040C0004040E00040600000406020004060400040606000406080004060A0004060C0004060E00040800000408020004080400040806000408080004080A0004080C0004080E00040A0000040A0200040A0400040A0600040A0800040A0A00040A0C00040A0E00040C0000040C0200040C0400040C0600040C08000
310
40C0A00040C0C00040C0E00040E0000040E0200040E0400040E0600040E0800040E0A00040E0C00040E0E00080000000800020008000400080006000800080008000A0008000C0008000E00080200000802020008020400080206000802080008020A0008020C0008020E00080400000804020008040400080406000804080
310
008040A0008040C0008040E00080600000806020008060400080606000806080008060A0008060C0008060E00080800000808020008080400080806000808080008080A0008080C0008080E00080A0000080A0200080A0400080A0600080A0800080A0A00080A0C00080A0E00080C0000080C0200080C0400080C0600080C0
310
800080C0A00080C0C00080C0E00080E0000080E0200080E0400080E0600080E0800080E0A00080E0C00080E0E000C0000000C0002000C0004000C0006000C0008000C000A000C000C000C000E000C0200000C0202000C0204000C0206000C0208000C020A000C020C000C020E000C0400000C0402000C0404000C0406000C0
310
408000C040A000C040C000C040E000C0600000C0602000C0604000C0606000C0608000C060A000C060C000C060E000C0800000C0802000C0804000C0806000C0808000C080A000C080C000C080E000C0A00000C0A02000C0A04000C0A06000C0A08000C0A0A000C0A0C000C0A0E000C0C00000C0C02000C0C04000C0C06000
310
C0C08000C0C0A000F0FBFF00A4A0A000808080000000FF0000FF000000FFFF00FF000000FF00FF00FFFF0000FFFFFF0049494949494949494949494949494949494949494949494949494949494949494949494949494949494949494949494949494949494949494949494949494949494949494949494949494949494949
310
49494949494949494949494949494949494949494949494949494949494949494949494949494949494949494949494949494949494949494949494949494949494949494949494949494949494949494949494949494949494949494949494949494949494949494949494949494949494949494949494949494949494949
310
49494949494949494949494949494949494949494949494949494949494949494949494949494949494949494949494949494949494949494949494949494949494949494949494949494949494949494949494949494949494949494949494949494949494949494949494949494949494949494949494949494949494949
310
49494949494949494949494949494949494949494949494949494949494949494949494949494949494949494949494949494949FFFFFFFFFFFFFFFFFFFFFFFFFFFFFFFFFFFFFFFFFFFFFFFFFFFFFF4949494949FF4949494949494949FFFFFFFFFF49494949FFFFFFFFFFFFFFFFFFFF49494949FF4949494949494949FFFF
310
FFFFFF494949FFFFFFFFFFFFFFFFFFFF4949494949FF4949494949494949FFFFFFFFFF494949FFFFFFFFFFFFFFFFFFFF4949494949FF4949494949494949FFFFFFFFFFFFFFFFFFFFFFFFFFFFFFFFFFFF4949494949FFFFFFFFFFFFFFFFFFFFFFFFFFFFFFFFFFFFFFFFFFFFFFFFFFFFFF4949494949FFFFFF49FFFFFFFFFFFF
310
FFFFFFFFFFFFFFFFFFFFFFFFFFFFFFFFFFFFFFFF4949FFFFFFFFFFFFFFFFFFFFFFFFFFFFFFFFFFFFFFFFFFFFFFFFFFFFFF494949494949494949494949494949494949494949494949494949494949494949494949494949494949494949494949494949494949494949494949494949494949494949494949494949494949
310
49494949494949494949494949494949494949494949494949494949494949494949494949494949494949494949494949494949494949494949494949494949494949494949494949494949494949494949494949494949494949494949494949494949494949494949494949494949494949494949494949494949494949
310
49494949494949494949494949494949494949494949494949494949494949494949494949494949494949494949494949494949494949494949494949494949494949494949494949494949494949494949494949494949494949494949494949494949494949494949494949494949494949494949494949494949494949
310
4949494949494949494949494949494949494949494949494949494949494949494949494949494949494949494949494949494949494949
102
{BLKREFS
331
1F1
102
}
 70
     4
280
     1
281
     0
1001
AcDbDynamicBlockGUID
1000
{BCD52D05-323A-B54A-8A21-1B84008CF9CB}
1001
FUSIONTITLEBLOCK
1000
TitleBlock
  0
BLOCK_RECORD
  5
23F
330
1
100
AcDbSymbolTableRecord
100
AcDbBlockTableRecord
  2
*U6
340
0
102
{BLKREFS
331
23D
102
}
 70
     0
280
     1
281
     0
  0
BLOCK_RECORD
  5
249
330
1
100
AcDbSymbolTableRecord
100
AcDbBlockTableRecord
  2
*U7
340
0
102
{BLKREFS
331
248
102
}
 70
     0
280
     1
281
     0
  0
BLOCK_RECORD
  5
253
330
1
100
AcDbSymbolTableRecord
100
AcDbBlockTableRecord
  2
*U8
340
0
102
{BLKREFS
331
252
102
}
 70
     0
280
     1
281
     0
  0
BLOCK_RECORD
  5
25D
330
1
100
AcDbSymbolTableRecord
100
AcDbBlockTableRecord
  2
*U9
340
0
102
{BLKREFS
331
25C
102
}
 70
     0
280
     1
281
     0
  0
BLOCK_RECORD
  5
268
330
1
100
AcDbSymbolTableRecord
100
AcDbBlockTableRecord
  2
*D10
340
0
 70
     0
280
     1
281
     0
  0
BLOCK_RECORD
  5
275
330
1
100
AcDbSymbolTableRecord
100
AcDbBlockTableRecord
  2
*D11
340
0
 70
     0
280
     1
281
     0
  0
BLOCK_RECORD
  5
282
330
1
100
AcDbSymbolTableRecord
100
AcDbBlockTableRecord
  2
*D12
340
0
 70
     0
280
     1
281
     0
  0
BLOCK_RECORD
  5
28F
330
1
100
AcDbSymbolTableRecord
100
AcDbBlockTableRecord
  2
*D13
340
0
 70
     0
280
     1
281
     0
  0
BLOCK_RECORD
  5
29C
330
1
100
AcDbSymbolTableRecord
100
AcDbBlockTableRecord
  2
*D14
340
0
 70
     0
280
     1
281
     0
  0
BLOCK_RECORD
  5
2A8
330
1
100
AcDbSymbolTableRecord
100
AcDbBlockTableRecord
  2
*D15
340
0
 70
     0
280
     1
281
     0
  0
BLOCK_RECORD
  5
2B4
330
1
100
AcDbSymbolTableRecord
100
AcDbBlockTableRecord
  2
*D16
340
0
 70
     0
280
     1
281
     0
  0
BLOCK_RECORD
  5
2C1
330
1
100
AcDbSymbolTableRecord
100
AcDbBlockTableRecord
  2
*D17
340
0
 70
     0
280
     1
281
     0
  0
BLOCK_RECORD
  5
2CE
330
1
100
AcDbSymbolTableRecord
100
AcDbBlockTableRecord
  2
*D18
340
0
 70
     0
280
     1
281
     0
  0
BLOCK_RECORD
  5
2DB
330
1
100
AcDbSymbolTableRecord
100
AcDbBlockTableRecord
  2
*D19
340
0
 70
     0
280
     1
281
     0
  0
BLOCK_RECORD
  5
2EA
330
1
100
AcDbSymbolTableRecord
100
AcDbBlockTableRecord
  2
*D20
340
0
 70
     0
280
     1
281
     0
  0
BLOCK_RECORD
  5
2F6
330
1
100
AcDbSymbolTableRecord
100
AcDbBlockTableRecord
  2
*D21
340
0
 70
     0
280
     1
281
     0
  0
BLOCK_RECORD
  5
302
330
1
100
AcDbSymbolTableRecord
100
AcDbBlockTableRecord
  2
*D22
340
0
 70
     0
280
     1
281
     0
  0
BLOCK_RECORD
  5
30E
330
1
100
AcDbSymbolTableRecord
100
AcDbBlockTableRecord
  2
*D23
340
0
 70
     0
280
     1
281
     0
  0
BLOCK_RECORD
  5
31A
330
1
100
AcDbSymbolTableRecord
100
AcDbBlockTableRecord
  2
*D24
340
0
 70
     0
280
     1
281
     0
  0
BLOCK_RECORD
  5
325
330
1
100
AcDbSymbolTableRecord
100
AcDbBlockTableRecord
  2
*D25
340
0
 70
     0
280
     1
281
     0
  0
BLOCK_RECORD
  5
330
330
1
100
AcDbSymbolTableRecord
100
AcDbBlockTableRecord
  2
*D26
340
0
 70
     0
280
     1
281
     0
  0
BLOCK_RECORD
  5
33C
330
1
100
AcDbSymbolTableRecord
100
AcDbBlockTableRecord
  2
*D27
340
0
 70
     0
280
     1
281
     0
  0
BLOCK_RECORD
  5
348
330
1
100
AcDbSymbolTableRecord
100
AcDbBlockTableRecord
  2
*D28
340
0
 70
     0
280
     1
281
     0
  0
BLOCK_RECORD
  5
354
330
1
100
AcDbSymbolTableRecord
100
AcDbBlockTableRecord
  2
*D29
340
0
 70
     0
280
     1
281
     0
  0
ENDTAB
  0
ENDSEC
  0
SECTION
  2
BLOCKS
  0
BLOCK
  5
71
330
70
100
AcDbEntity
  8
0
100
AcDbBlockBegin
  2
*Model_Space
 70
     0
 10
0.0
 20
0.0
 30
0.0
  3
*Model_Space
  1

  0
ENDBLK
  5
72
330
70
100
AcDbEntity
  8
0
100
AcDbBlockEnd
  0
BLOCK
  5
6D
330
6C
100
AcDbEntity
 67
     1
  8
0
100
AcDbBlockBegin
  2
*Paper_Space
 70
     0
 10
0.0
 20
0.0
 30
0.0
  3
*Paper_Space
  1

  0
ENDBLK
  5
6E
330
6C
100
AcDbEntity
 67
     1
  8
0
100
AcDbBlockEnd
  0
BLOCK
  5
75
330
74
100
AcDbEntity
 67
     1
  8
0
100
AcDbBlockBegin
  2
*Paper_Space0
 70
     0
 10
0.0
 20
0.0
 30
0.0
  3
*Paper_Space0
  1

  0
ENDBLK
  5
76
330
74
100
AcDbEntity
 67
     1
  8
0
100
AcDbBlockEnd
  0
BLOCK
  5
1AF
330
1AD
100
AcDbEntity
  8
0
100
AcDbBlockBegin
  2
ISO_A3_SHEET
 70
     0
 10
0.0
 20
0.0
 30
0.0
  3
ISO_A3_SHEET
  1

  0
LINE
  5
1B0
330
1AD
100
AcDbEntity
  8
Defpoints
100
AcDbLine
 10
0.0
 20
0.0
 30
0.0
 11
15.0
 21
0.0
 31
0.0
  0
LINE
  5
1B1
330
1AD
100
AcDbEntity
  8
Defpoints
100
AcDbLine
 10
405.0
 20
0.0
 30
0.0
 11
420.0
 21
0.0
 31
0.0
  0
LINE
  5
1B2
330
1AD
100
AcDbEntity
  8
BORDER
100
AcDbLine
 10
20.0
 20
10.0
 30
0.0
 11
410.0
 21
10.0
 31
0.0
  0
LINE
  5
1B3
330
1AD
100
AcDbEntity
  8
Defpoints
100
AcDbLine
 10
420.0
 20
0.0
 30
0.0
 11
420.0
 21
15.0
 31
0.0
  0
LINE
  5
1B4
330
1AD
100
AcDbEntity
  8
Defpoints
100
AcDbLine
 10
420.0
 20
282.0
 30
0.0
 11
420.0
 21
297.0
 31
0.0
  0
LINE
  5
1B5
330
1AD
100
AcDbEntity
  8
Defpoints
100
AcDbLine
 10
420.0
 20
297.0
 30
0.0
 11
405.0
 21
297.0
 31
0.0
  0
LINE
  5
1B6
330
1AD
100
AcDbEntity
  8
Defpoints
100
AcDbLine
 10
15.0
 20
297.0
 30
0.0
 11
0.0
 21
297.0
 31
0.0
  0
LINE
  5
1B7
330
1AD
100
AcDbEntity
  8
BORDER
100
AcDbLine
 10
410.0
 20
287.0
 30
0.0
 11
20.0
 21
287.0
 31
0.0
  0
LINE
  5
1B8
330
1AD
100
AcDbEntity
  8
Defpoints
100
AcDbLine
 10
0.0
 20
297.0
 30
0.0
 11
0.0
 21
282.0
 31
0.0
  0
LINE
  5
1B9
330
1AD
100
AcDbEntity
  8
Defpoints
100
AcDbLine
 10
0.0
 20
15.0
 30
0.0
 11
0.0
 21
0.0
 31
0.0
  0
LINE
  5
1BA
330
1AD
100
AcDbEntity
  8
BORDER
100
AcDbLine
 10
20.0
 20
287.0
 30
0.0
 11
20.0
 21
10.0
 31
0.0
  0
LINE
  5
1BB
330
1AD
100
AcDbEntity
  8
BORDER
100
AcDbLine
 10
410.0
 20
287.0
 30
0.0
 11
410.0
 21
10.0
 31
0.0
  0
LINE
  5
1BC
330
1AD
100
AcDbEntity
  8
BORDER
100
AcDbLine
 10
215.0
 20
5.0
 30
0.0
 11
215.0
 21
15.0
 31
0.0
  0
LINE
  5
1BD
330
1AD
100
AcDbEntity
  8
BORDER
100
AcDbLine
 10
215.0
 20
292.0
 30
0.0
 11
215.0
 21
282.0
 31
0.0
  0
LINE
  5
1BE
330
1AD
100
AcDbEntity
  8
BORDER
100
AcDbLine
 10
265.0
 20
292.0
 30
0.0
 11
265.0
 21
287.0
 31
0.0
  0
LINE
  5
1BF
330
1AD
100
AcDbEntity
  8
BORDER
100
AcDbLine
 10
315.0
 20
292.0
 30
0.0
 11
315.0
 21
287.0
 31
0.0
  0
LINE
  5
1C0
330
1AD
100
AcDbEntity
  8
BORDER
100
AcDbLine
 10
365.0
 20
292.0
 30
0.0
 11
365.0
 21
287.0
 31
0.0
  0
LINE
  5
1C1
330
1AD
100
AcDbEntity
  8
BORDER
100
AcDbLine
 10
165.0
 20
292.0
 30
0.0
 11
165.0
 21
287.0
 31
0.0
  0
LINE
  5
1C2
330
1AD
100
AcDbEntity
  8
BORDER
100
AcDbLine
 10
115.0
 20
292.0
 30
0.0
 11
115.0
 21
287.0
 31
0.0
  0
LINE
  5
1C3
330
1AD
100
AcDbEntity
  8
BORDER
100
AcDbLine
 10
65.0
 20
292.0
 30
0.0
 11
65.0
 21
287.0
 31
0.0
  0
LINE
  5
1C4
330
1AD
100
AcDbEntity
  8
BORDER
100
AcDbLine
 10
15.0
 20
148.5
 30
0.0
 11
25.0
 21
148.5
 31
0.0
  0
LINE
  5
1C5
330
1AD
100
AcDbEntity
  8
BORDER
100
AcDbLine
 10
15.0
 20
100.66667
 30
0.0
 11
20.0
 21
100.66667
 31
0.0
  0
LINE
  5
1C6
330
1AD
100
AcDbEntity
  8
BORDER
100
AcDbLine
 10
15.0
 20
52.83334
 30
0.0
 11
20.0
 21
52.83334
 31
0.0
  0
LINE
  5
1C7
330
1AD
100
AcDbEntity
  8
BORDER
100
AcDbLine
 10
15.0
 20
196.33333
 30
0.0
 11
20.0
 21
196.33333
 31
0.0
  0
LINE
  5
1C8
330
1AD
100
AcDbEntity
  8
BORDER
100
AcDbLine
 10
15.0
 20
244.16666
 30
0.0
 11
20.0
 21
244.16666
 31
0.0
  0
LINE
  5
1C9
330
1AD
100
AcDbEntity
  8
BORDER
100
AcDbLine
 10
415.0
 20
148.5
 30
0.0
 11
405.0
 21
148.5
 31
0.0
  0
LINE
  5
1CA
330
1AD
100
AcDbEntity
  8
BORDER
100
AcDbLine
 10
265.0
 20
5.0
 30
0.0
 11
265.0
 21
10.0
 31
0.0
  0
LINE
  5
1CB
330
1AD
100
AcDbEntity
  8
BORDER
100
AcDbLine
 10
315.0
 20
5.0
 30
0.0
 11
315.0
 21
10.0
 31
0.0
  0
LINE
  5
1CC
330
1AD
100
AcDbEntity
  8
BORDER
100
AcDbLine
 10
365.0
 20
5.0
 30
0.0
 11
365.0
 21
10.0
 31
0.0
  0
LINE
  5
1CD
330
1AD
100
AcDbEntity
  8
BORDER
100
AcDbLine
 10
165.0
 20
5.0
 30
0.0
 11
165.0
 21
10.0
 31
0.0
  0
LINE
  5
1CE
330
1AD
100
AcDbEntity
  8
BORDER
100
AcDbLine
 10
115.0
 20
5.0
 30
0.0
 11
115.0
 21
10.0
 31
0.0
  0
LINE
  5
1CF
330
1AD
100
AcDbEntity
  8
BORDER
100
AcDbLine
 10
65.0
 20
5.0
 30
0.0
 11
65.0
 21
10.0
 31
0.0
  0
LINE
  5
1D0
330
1AD
100
AcDbEntity
  8
BORDER
100
AcDbLine
 10
415.0
 20
100.66667
 30
0.0
 11
410.0
 21
100.66667
 31
0.0
  0
LINE
  5
1D1
330
1AD
100
AcDbEntity
  8
BORDER
100
AcDbLine
 10
415.0
 20
52.83334
 30
0.0
 11
410.0
 21
52.83334
 31
0.0
  0
LINE
  5
1D2
330
1AD
100
AcDbEntity
  8
BORDER
100
AcDbLine
 10
415.0
 20
196.33333
 30
0.0
 11
410.0
 21
196.33333
 31
0.0
  0
LINE
  5
1D3
330
1AD
100
AcDbEntity
  8
BORDER
100
AcDbLine
 10
415.0
 20
244.16666
 30
0.0
 11
410.0
 21
244.16666
 31
0.0
  0
TEXT
  5
1D4
330
1AD
100
AcDbEntity
  8
BORDER
100
AcDbText
 10
39.02882
 20
288.244884
 30
0.0
 40
2.5
  1
1
  7
FusionTitle
 72
     4
 11
40.0
 21
289.5
 31
0.0
100
AcDbText
  0
TEXT
  5
1D5
330
1AD
100
AcDbEntity
  8
BORDER
100
AcDbText
 10
16.335266
 20
266.83333
 30
0.0
 40
2.5
  1
A
  7
FusionTitle
 72
     4
 11
17.5
 21
268.08333
 31
0.0
100
AcDbText
  0
TEXT
  5
1D6
330
1AD
100
AcDbEntity
  8
BORDER
100
AcDbText
 10
89.02882
 20
288.244884
 30
0.0
 40
2.5
  1
2
  7
FusionTitle
 72
     4
 11
90.0
 21
289.5
 31
0.0
100
AcDbText
  0
TEXT
  5
1D7
330
1AD
100
AcDbEntity
  8
BORDER
100
AcDbText
 10
139.02882
 20
288.267053
 30
0.0
 40
2.5
  1
3
  7
FusionTitle
 72
     4
 11
140.0
 21
289.5
 31
0.0
100
AcDbText
  0
TEXT
  5
1D8
330
1AD
100
AcDbEntity
  8
BORDER
100
AcDbText
 10
189.02882
 20
288.25
 30
0.0
 40
2.5
  1
4
  7
FusionTitle
 72
     4
 11
190.0
 21
289.5
 31
0.0
100
AcDbText
  0
TEXT
  5
1D9
330
1AD
100
AcDbEntity
  8
BORDER
100
AcDbText
 10
239.02882
 20
288.28837
 30
0.0
 40
2.5
  1
5
  7
FusionTitle
 72
     4
 11
240.0
 21
289.5
 31
0.0
100
AcDbText
  0
TEXT
  5
1DA
330
1AD
100
AcDbEntity
  8
BORDER
100
AcDbText
 10
289.02882
 20
288.266201
 30
0.0
 40
2.5
  1
6
  7
FusionTitle
 72
     4
 11
290.0
 21
289.5
 31
0.0
100
AcDbText
  0
TEXT
  5
1DB
330
1AD
100
AcDbEntity
  8
BORDER
100
AcDbText
 10
339.02882
 20
288.266201
 30
0.0
 40
2.5
  1
7
  7
FusionTitle
 72
     4
 11
340.0
 21
289.5
 31
0.0
100
AcDbText
  0
TEXT
  5
1DC
330
1AD
100
AcDbEntity
  8
BORDER
100
AcDbText
 10
389.02882
 20
288.266201
 30
0.0
 40
2.5
  1
8
  7
FusionTitle
 72
     4
 11
390.0
 21
289.5
 31
0.0
100
AcDbText
  0
TEXT
  5
1DD
330
1AD
100
AcDbEntity
  8
BORDER
100
AcDbText
 10
39.02882
 20
6.244884
 30
0.0
 40
2.5
  1
1
  7
FusionTitle
 72
     4
 11
40.0
 21
7.5
 31
0.0
100
AcDbText
  0
TEXT
  5
1DE
330
1AD
100
AcDbEntity
  8
BORDER
100
AcDbText
 10
89.02882
 20
6.244884
 30
0.0
 40
2.5
  1
2
  7
FusionTitle
 72
     4
 11
90.0
 21
7.5
 31
0.0
100
AcDbText
  0
TEXT
  5
1DF
330
1AD
100
AcDbEntity
  8
BORDER
100
AcDbText
 10
139.02882
 20
6.267053
 30
0.0
 40
2.5
  1
3
  7
FusionTitle
 72
     4
 11
140.0
 21
7.5
 31
0.0
100
AcDbText
  0
TEXT
  5
1E0
330
1AD
100
AcDbEntity
  8
BORDER
100
AcDbText
 10
189.02882
 20
6.25
 30
0.0
 40
2.5
  1
4
  7
FusionTitle
 72
     4
 11
190.0
 21
7.5
 31
0.0
100
AcDbText
  0
TEXT
  5
1E1
330
1AD
100
AcDbEntity
  8
BORDER
100
AcDbText
 10
239.02882
 20
6.28837
 30
0.0
 40
2.5
  1
5
  7
FusionTitle
 72
     4
 11
240.0
 21
7.5
 31
0.0
100
AcDbText
  0
TEXT
  5
1E2
330
1AD
100
AcDbEntity
  8
BORDER
100
AcDbText
 10
289.02882
 20
6.266201
 30
0.0
 40
2.5
  1
6
  7
FusionTitle
 72
     4
 11
290.0
 21
7.5
 31
0.0
100
AcDbText
  0
TEXT
  5
1E3
330
1AD
100
AcDbEntity
  8
BORDER
100
AcDbText
 10
339.02882
 20
6.266201
 30
0.0
 40
2.5
  1
7
  7
FusionTitle
 72
     4
 11
340.0
 21
7.5
 31
0.0
100
AcDbText
  0
TEXT
  5
1E4
330
1AD
100
AcDbEntity
  8
BORDER
100
AcDbText
 10
389.02882
 20
6.266201
 30
0.0
 40
2.5
  1
8
  7
FusionTitle
 72
     4
 11
390.0
 21
7.5
 31
0.0
100
AcDbText
  0
TEXT
  5
1E5
330
1AD
100
AcDbEntity
  8
BORDER
100
AcDbText
 10
16.335266
 20
219.0
 30
0.0
 40
2.5
  1
B
  7
FusionTitle
 72
     4
 11
17.5
 21
220.25
 31
0.0
100
AcDbText
  0
TEXT
  5
1E6
330
1AD
100
AcDbEntity
  8
BORDER
100
AcDbText
 10
16.238915
 20
171.16667
 30
0.0
 40
2.5
  1
C
  7
FusionTitle
 72
     4
 11
17.5
 21
172.41667
 31
0.0
100
AcDbText
  0
TEXT
  5
1E7
330
1AD
100
AcDbEntity
  8
BORDER
100
AcDbText
 10
16.238915
 20
123.33334
 30
0.0
 40
2.5
  1
D
  7
FusionTitle
 72
     4
 11
17.5
 21
124.58334
 31
0.0
100
AcDbText
  0
TEXT
  5
1E8
330
1AD
100
AcDbEntity
  8
BORDER
100
AcDbText
 10
16.335266
 20
75.50001
 30
0.0
 40
2.5
  1
E
  7
FusionTitle
 72
     4
 11
17.5
 21
76.75001
 31
0.0
100
AcDbText
  0
TEXT
  5
1E9
330
1AD
100
AcDbEntity
  8
BORDER
100
AcDbText
 10
16.433322
 20
27.66668
 30
0.0
 40
2.5
  1
F
  7
FusionTitle
 72
     4
 11
17.5
 21
28.91668
 31
0.0
100
AcDbText
  0
TEXT
  5
1EA
330
1AD
100
AcDbEntity
  8
BORDER
100
AcDbText
 10
411.335266
 20
266.83333
 30
0.0
 40
2.5
  1
A
  7
FusionTitle
 72
     4
 11
412.5
 21
268.08333
 31
0.0
100
AcDbText
  0
TEXT
  5
1EB
330
1AD
100
AcDbEntity
  8
BORDER
100
AcDbText
 10
411.335266
 20
219.0
 30
0.0
 40
2.5
  1
B
  7
FusionTitle
 72
     4
 11
412.5
 21
220.25
 31
0.0
100
AcDbText
  0
TEXT
  5
1EC
330
1AD
100
AcDbEntity
  8
BORDER
100
AcDbText
 10
411.238915
 20
171.16667
 30
0.0
 40
2.5
  1
C
  7
FusionTitle
 72
     4
 11
412.5
 21
172.41667
 31
0.0
100
AcDbText
  0
TEXT
  5
1ED
330
1AD
100
AcDbEntity
  8
BORDER
100
AcDbText
 10
411.238915
 20
123.33334
 30
0.0
 40
2.5
  1
D
  7
FusionTitle
 72
     4
 11
412.5
 21
124.58334
 31
0.0
100
AcDbText
  0
TEXT
  5
1EE
330
1AD
100
AcDbEntity
  8
BORDER
100
AcDbText
 10
411.335266
 20
75.50001
 30
0.0
 40
2.5
  1
E
  7
FusionTitle
 72
     4
 11
412.5
 21
76.75001
 31
0.0
100
AcDbText
  0
TEXT
  5
1EF
330
1AD
100
AcDbEntity
  8
BORDER
100
AcDbText
 10
411.433322
 20
27.66668
 30
0.0
 40
2.5
  1
F
  7
FusionTitle
 72
     4
 11
412.5
 21
28.91668
 31
0.0
100
AcDbText
  0
ENDBLK
  5
1F0
330
1AD
100
AcDbEntity
  8
0
100
AcDbBlockEnd
  0
BLOCK
  5
1F6
330
1F3
100
AcDbEntity
  8
0
100
AcDbBlockBegin
  2
ISO_TITLEBLOCK
 70
     2
 10
0.0
 20
0.0
 30
0.0
  3
ISO_TITLEBLOCK
  1

  0
LINE
  5
1F7
330
1F3
100
AcDbEntity
  8
TITLEBLOCK
100
AcDbLine
 10
-180.0
 20
0.0
 30
0.0
 11
0.0
 21
0.0
 31
0.0
  0
LINE
  5
1F8
330
1F3
100
AcDbEntity
  8
TITLEBLOCK
100
AcDbLine
 10
-61.0
 20
10.0
 30
0.0
 11
0.0
 21
10.0
 31
0.0
  0
LINE
  5
1F9
330
1F3
100
AcDbEntity
  8
TITLEBLOCK
100
AcDbLine
 10
-122.0
 20
27.0
 30
0.0
 11
0.0
 21
27.0
 31
0.0
  0
LINE
  5
1FA
330
1F3
100
AcDbEntity
  8
TITLEBLOCK
100
AcDbLine
 10
-180.0
 20
37.0
 30
0.0
 11
0.0
 21
37.0
 31
0.0
  0
LINE
  5
1FB
330
1F3
100
AcDbEntity
  8
TITLEBLOCK
100
AcDbLine
 10
0.0
 20
0.0
 30
0.0
 11
0.0
 21
47.0
 31
0.0
  0
LINE
  5
1FC
330
1F3
100
AcDbEntity
  8
TITLEBLOCK
100
AcDbLine
 10
-15.0
 20
0.0
 30
0.0
 11
-15.0
 21
10.0
 31
0.0
  0
LINE
  5
1FD
330
1F3
100
AcDbEntity
  8
TITLEBLOCK
100
AcDbLine
 10
-51.0
 20
0.0
 30
0.0
 11
-51.0
 21
10.0
 31
0.0
  0
LINE
  5
1FE
330
1F3
100
AcDbEntity
  8
TITLEBLOCK
100
AcDbLine
 10
-61.0
 20
0.0
 30
0.0
 11
-61.0
 21
47.0
 31
0.0
  0
LINE
  5
1FF
330
1F3
100
AcDbEntity
  8
TITLEBLOCK
100
AcDbLine
 10
-122.0
 20
0.0
 30
0.0
 11
-122.0
 21
47.0
 31
0.0
  0
LINE
  5
200
330
1F3
100
AcDbEntity
  8
TITLEBLOCK
100
AcDbLine
 10
-156.0
 20
37.0
 30
0.0
 11
-156.0
 21
47.0
 31
0.0
  0
LINE
  5
201
330
1F3
100
AcDbEntity
  8
TITLEBLOCK
100
AcDbLine
 10
0.0
 20
47.0
 30
0.0
 11
-180.0
 21
47.0
 31
0.0
  0
LINE
  5
202
330
1F3
100
AcDbEntity
  8
TITLEBLOCK
100
AcDbLine
 10
-180.0
 20
47.0
 30
0.0
 11
-180.0
 21
0.0
 31
0.0
  0
TEXT
  5
203
330
1F3
100
AcDbEntity
  8
TITLEBLOCK
100
AcDbText
 10
-179.0
 20
44.2
 30
0.0
 40
1.8
  1
Dept.
  7
FusionTitle
 11
-179.0
 21
46.0
 31
0.0
100
AcDbText
 73
     3
  0
TEXT
  5
204
330
1F3
100
AcDbEntity
  8
TITLEBLOCK
100
AcDbText
 10
-155.0
 20
44.2
 30
0.0
 40
1.8
  1
Technical reference
  7
FusionTitle
 11
-155.0
 21
46.0
 31
0.0
100
AcDbText
 73
     3
  0
TEXT
  5
205
330
1F3
100
AcDbEntity
  8
TITLEBLOCK
100
AcDbText
 10
-121.0
 20
44.2
 30
0.0
 40
1.8
  1
Created by
  7
FusionTitle
 11
-121.0
 21
46.0
 31
0.0
100
AcDbText
 73
     3
  0
TEXT
  5
206
330
1F3
100
AcDbEntity
  8
TITLEBLOCK
100
AcDbText
 10
-60.0
 20
44.2
 30
0.0
 40
1.8
  1
Approved by
  7
FusionTitle
 11
-60.0
 21
46.0
 31
0.0
100
AcDbText
 73
     3
  0
TEXT
  5
207
330
1F3
100
AcDbEntity
  8
TITLEBLOCK
100
AcDbText
 10
-121.0
 20
34.2
 30
0.0
 40
1.8
  1
Document type
  7
FusionTitle
 11
-121.0
 21
36.0
 31
0.0
100
AcDbText
 73
     3
  0
TEXT
  5
208
330
1F3
100
AcDbEntity
  8
TITLEBLOCK
100
AcDbText
 10
-60.0
 20
34.2
 30
0.0
 40
1.8
  1
Document status
  7
FusionTitle
 11
-60.0
 21
36.0
 31
0.0
100
AcDbText
 73
     3
  0
TEXT
  5
209
330
1F3
100
AcDbEntity
  8
TITLEBLOCK
100
AcDbText
 10
-121.0
 20
24.2
 30
0.0
 40
1.8
  1
Title
  7
FusionTitle
 11
-121.0
 21
26.0
 31
0.0
100
AcDbText
 73
     3
  0
TEXT
  5
20A
330
1F3
100
AcDbEntity
  8
TITLEBLOCK
100
AcDbText
 10
-60.0
 20
24.2
 30
0.0
 40
1.8
  1
DWG No.
  7
FusionTitle
 11
-60.0
 21
26.0
 31
0.0
100
AcDbText
 73
     3
  0
TEXT
  5
20B
330
1F3
100
AcDbEntity
  8
TITLEBLOCK
100
AcDbText
 10
-60.0
 20
7.2
 30
0.0
 40
1.8
  1
Rev.
  7
FusionTitle
 11
-60.0
 21
9.0
 31
0.0
100
AcDbText
 73
     3
  0
TEXT
  5
20C
330
1F3
100
AcDbEntity
  8
TITLEBLOCK
100
AcDbText
 10
-50.0
 20
7.2
 30
0.0
 40
1.8
  1
Date of issue
  7
FusionTitle
 11
-50.0
 21
9.0
 31
0.0
100
AcDbText
 73
     3
  0
TEXT
  5
20D
330
1F3
100
AcDbEntity
  8
TITLEBLOCK
100
AcDbText
 10
-14.0
 20
7.2
 30
0.0
 40
1.8
  1
Sheet
  7
FusionTitle
 11
-14.0
 21
9.0
 31
0.0
100
AcDbText
 73
     3
  0
ATTDEF
  5
20E
102
{ACAD_XDICTIONARY
360
20F
102
}
330
1F3
100
AcDbEntity
  8
TITLEBLOCK
100
AcDbText
 10
-50.0
 20
1.5
 30
0.0
 40
3.5
  1

  7
FusionTitle
 11
-50.0
 21
5.0
 31
0.0
100
AcDbAttributeDefinition
280
     0
  3
Date of issue
  2
DATE_OF_ISSUE
 70
     0
 74
     3
280
     1
  0
ATTDEF
  5
210
102
{ACAD_XDICTIONARY
360
211
102
}
330
1F3
100
AcDbEntity
  8
TITLEBLOCK
100
AcDbText
 10
-61.026774
 20
1.35
 30
0.0
 40
3.5
  1

  7
FusionTitle
 72
     1
 11
-56.0
 21
4.85
 31
0.0
100
AcDbAttributeDefinition
280
     0
  3
Revision
  2
REV
 70
     0
 74
     3
280
     1
  0
ATTDEF
  5
212
102
{ACAD_XDICTIONARY
360
213
102
}
330
1F3
100
AcDbEntity
  8
TITLEBLOCK
100
AcDbText
 10
-121.0
 20
1.5
 30
0.0
 40
5.0
  1

  7
FusionTitle
 11
-121.0
 21
6.5
 31
0.0
100
AcDbAttributeDefinition
280
     0
  3
3rd Title
  2
TITLE_3
 70
     0
 74
     3
280
     1
  0
ATTDEF
  5
214
102
{ACAD_XDICTIONARY
360
215
102
}
330
1F3
100
AcDbEntity
  8
TITLEBLOCK
100
AcDbText
 10
-60.0
 20
28.5
 30
0.0
 40
3.5
  1

  7
FusionTitle
 11
-60.0
 21
32.0
 31
0.0
100
AcDbAttributeDefinition
280
     0
  3
Document status
  2
DOCUMENT_STATUS
 70
     0
 74
     3
280
     1
  0
ATTDEF
  5
216
102
{ACAD_XDICTIONARY
360
217
102
}
330
1F3
100
AcDbEntity
  8
TITLEBLOCK
100
AcDbText
 10
-121.0
 20
28.5
 30
0.0
 40
3.5
  1

  7
FusionTitle
 11
-121.0
 21
32.0
 31
0.0
100
AcDbAttributeDefinition
280
     0
  3
Document type
  2
DOCUMENT_TYPE
 70
     0
 74
     3
280
     1
  0
ATTDEF
  5
218
102
{ACAD_XDICTIONARY
360
219
102
}
330
1F3
100
AcDbEntity
  8
TITLEBLOCK
100
AcDbText
 10
-43.923943
 20
38.5
 30
0.0
 40
3.5
  1

  7
FusionTitle
 72
     2
 11
-0.992838
 21
42.0
 31
0.0
100
AcDbAttributeDefinition
280
     0
  3
Approved date
  2
APPROVED_DATE
 70
     0
 74
     3
280
     1
  0
ATTDEF
  5
21A
102
{ACAD_XDICTIONARY
360
21B
102
}
330
1F3
100
AcDbEntity
  8
TITLEBLOCK
100
AcDbText
 10
-101.123124
 20
38.5
 30
0.0
 40
3.5
  1

  7
FusionTitle
 72
     2
 11
-62.0
 21
42.0
 31
0.0
100
AcDbAttributeDefinition
280
     0
  3
Created date
  2
CREATED_DATE
 70
     0
 74
     3
280
     1
  0
ATTDEF
  5
21C
102
{ACAD_XDICTIONARY
360
21D
102
}
330
1F3
100
AcDbEntity
  8
TITLEBLOCK
100
AcDbText
 10
-15.65075
 20
1.35
 30
0.0
 40
3.5
  1

  7
FusionTitle
 72
     1
 11
-7.5
 21
4.85
 31
0.0
100
AcDbAttributeDefinition
280
     0
  3
Sheet
  2
SHEET
 70
     0
 74
     3
280
     1
  0
ATTDEF
  5
21E
102
{ACAD_XDICTIONARY
360
21F
102
}
330
1F3
100
AcDbEntity
  8
TITLEBLOCK
100
AcDbText
 10
-121.0
 20
9.0
 30
0.0
 40
5.0
  1

  7
FusionTitle
 11
-121.0
 21
14.0
 31
0.0
100
AcDbAttributeDefinition
280
     0
  3
2nd Title
  2
TITLE_2
 70
     0
 74
     3
280
     1
  0
ATTDEF
  5
220
102
{ACAD_XDICTIONARY
360
221
102
}
330
1F3
100
AcDbEntity
  8
TITLEBLOCK
100
AcDbText
 10
-64.456344
 20
14.751432
 30
0.0
 40
5.0
  1

  7
FusionTitle
 72
     1
 11
-30.5
 21
19.751432
 31
0.0
100
AcDbAttributeDefinition
280
     0
  3
Drawing number
  2
DRAWING_NUMBER
 70
     0
 74
     3
280
     1
  0
ATTDEF
  5
222
102
{ACAD_XDICTIONARY
360
223
102
}
330
1F3
100
AcDbEntity
  8
TITLEBLOCK
100
AcDbText
 10
-121.0
 20
16.5
 30
0.0
 40
5.0
  1

  7
FusionTitle
 11
-121.0
 21
21.5
 31
0.0
100
AcDbAttributeDefinition
280
     0
  3
1st Title
  2
TITLE_1
 70
     0
 74
     3
280
     1
  0
ATTDEF
  5
224
102
{ACAD_XDICTIONARY
360
225
102
}
330
1F3
100
AcDbEntity
  8
TITLEBLOCK
100
AcDbText
 10
-60.0
 20
38.5
 30
0.0
 40
3.5
  1

  7
FusionTitle
 11
-60.0
 21
42.0
 31
0.0
100
AcDbAttributeDefinition
280
     0
  3
Approved by
  2
APPROVED_BY
 70
     0
 74
     3
280
     1
  0
ATTDEF
  5
226
102
{ACAD_XDICTIONARY
360
227
102
}
330
1F3
100
AcDbEntity
  8
TITLEBLOCK
100
AcDbText
 10
-121.0
 20
38.5
 30
0.0
 40
3.5
  1

  7
FusionTitle
 11
-121.0
 21
42.0
 31
0.0
100
AcDbAttributeDefinition
280
     0
  3
Created by
  2
CREATED_BY
 70
     0
 74
     3
280
     1
  0
ATTDEF
  5
228
102
{ACAD_XDICTIONARY
360
229
102
}
330
1F3
100
AcDbEntity
  8
TITLEBLOCK
100
AcDbText
 10
-155.0
 20
38.5
 30
0.0
 40
3.5
  1

  7
FusionTitle
 11
-155.0
 21
42.0
 31
0.0
100
AcDbAttributeDefinition
280
     0
  3
Technical reference
  2
TECHNICAL_REFERENCE
 70
     0
 74
     3
280
     1
  0
ATTDEF
  5
22A
102
{ACAD_XDICTIONARY
360
22B
102
}
330
1F3
100
AcDbEntity
  8
TITLEBLOCK
100
AcDbText
 10
-179.0
 20
38.5
 30
0.0
 40
3.5
  1

  7
FusionTitle
 11
-179.0
 21
42.0
 31
0.0
100
AcDbAttributeDefinition
280
     0
  3
Department
  2
DEPT
 70
     0
 74
     3
280
     1
  0
ENDBLK
  5
22C
330
1F3
100
AcDbEntity
  8
0
100
AcDbBlockEnd
  0
BLOCK
  5
240
330
23F
100
AcDbEntity
  8
0
100
AcDbBlockBegin
  2
*U6
 70
     1
 10
0.0
 20
0.0
 30
0.0
  3
*U6
  1

  0
LINE
  5
241
330
23F
100
AcDbEntity
  8
Smart Centers
  6
Continuous
 62
     0
440
 16777216
 48
0.75
100
AcDbLine
 10
-0.892969
 20
0.0
 30
0.0
 11
0.892969
 21
0.0
 31
0.0
  0
LINE
  5
242
330
23F
100
AcDbEntity
  8
Smart Centers
  6
Continuous
 62
     0
440
 16777216
 48
0.75
100
AcDbLine
 10
0.0
 20
-0.892969
 30
0.0
 11
0.0
 21
0.892969
 31
0.0
  0
LINE
  5
243
330
23F
100
AcDbEntity
  8
Smart Centers
 62
     0
440
 16777216
 48
0.75
100
AcDbLine
 10
-5.2
 20
0.0
 30
0.0
 11
-2.678906
 21
0.0
 31
0.0
  0
LINE
  5
244
330
23F
100
AcDbEntity
  8
Smart Centers
 62
     0
440
 16777216
 48
0.75
100
AcDbLine
 10
2.678906
 20
0.0
 30
0.0
 11
5.2
 21
0.0
 31
0.0
  0
LINE
  5
245
330
23F
100
AcDbEntity
  8
Smart Centers
 62
     0
440
 16777216
 48
0.75
100
AcDbLine
 10
0.0
 20
-5.2
 30
0.0
 11
0.0
 21
-2.678906
 31
0.0
  0
LINE
  5
246
330
23F
100
AcDbEntity
  8
Smart Centers
 62
     0
440
 16777216
 48
0.75
100
AcDbLine
 10
0.0
 20
2.678906
 30
0.0
 11
0.0
 21
5.2
 31
0.0
  0
ENDBLK
  5
247
330
23F
100
AcDbEntity
  8
0
100
AcDbBlockEnd
  0
BLOCK
  5
24A
330
249
100
AcDbEntity
  8
0
100
AcDbBlockBegin
  2
*U7
 70
     1
 10
0.0
 20
0.0
 30
0.0
  3
*U7
  1

  0
LINE
  5
24B
330
249
100
AcDbEntity
  8
Smart Centers
  6
Continuous
 62
     0
440
 16777216
 48
0.75
100
AcDbLine
 10
-0.892969
 20
0.0
 30
0.0
 11
0.892969
 21
0.0
 31
0.0
  0
LINE
  5
24C
330
249
100
AcDbEntity
  8
Smart Centers
  6
Continuous
 62
     0
440
 16777216
 48
0.75
100
AcDbLine
 10
0.0
 20
-0.892969
 30
0.0
 11
0.0
 21
0.892969
 31
0.0
  0
LINE
  5
24D
330
249
100
AcDbEntity
  8
Smart Centers
 62
     0
440
 16777216
 48
0.75
100
AcDbLine
 10
-5.2
 20
0.0
 30
0.0
 11
-2.678906
 21
0.0
 31
0.0
  0
LINE
  5
24E
330
249
100
AcDbEntity
  8
Smart Centers
 62
     0
440
 16777216
 48
0.75
100
AcDbLine
 10
2.678906
 20
0.0
 30
0.0
 11
5.2
 21
0.0
 31
0.0
  0
LINE
  5
24F
330
249
100
AcDbEntity
  8
Smart Centers
 62
     0
440
 16777216
 48
0.75
100
AcDbLine
 10
0.0
 20
-5.2
 30
0.0
 11
0.0
 21
-2.678906
 31
0.0
  0
LINE
  5
250
330
249
100
AcDbEntity
  8
Smart Centers
 62
     0
440
 16777216
 48
0.75
100
AcDbLine
 10
0.0
 20
2.678906
 30
0.0
 11
0.0
 21
5.2
 31
0.0
  0
ENDBLK
  5
251
330
249
100
AcDbEntity
  8
0
100
AcDbBlockEnd
  0
BLOCK
  5
254
330
253
100
AcDbEntity
  8
0
100
AcDbBlockBegin
  2
*U8
 70
     1
 10
0.0
 20
0.0
 30
0.0
  3
*U8
  1

  0
LINE
  5
255
330
253
100
AcDbEntity
  8
Smart Centers
  6
Continuous
 62
     0
440
 16777216
 48
0.75
100
AcDbLine
 10
-0.892969
 20
0.0
 30
0.0
 11
0.892969
 21
0.0
 31
0.0
  0
LINE
  5
256
330
253
100
AcDbEntity
  8
Smart Centers
  6
Continuous
 62
     0
440
 16777216
 48
0.75
100
AcDbLine
 10
0.0
 20
-0.892969
 30
0.0
 11
0.0
 21
0.892969
 31
0.0
  0
LINE
  5
257
330
253
100
AcDbEntity
  8
Smart Centers
 62
     0
440
 16777216
 48
0.75
100
AcDbLine
 10
-5.2
 20
0.0
 30
0.0
 11
-2.678906
 21
0.0
 31
0.0
  0
LINE
  5
258
330
253
100
AcDbEntity
  8
Smart Centers
 62
     0
440
 16777216
 48
0.75
100
AcDbLine
 10
2.678906
 20
0.0
 30
0.0
 11
5.2
 21
0.0
 31
0.0
  0
LINE
  5
259
330
253
100
AcDbEntity
  8
Smart Centers
 62
     0
440
 16777216
 48
0.75
100
AcDbLine
 10
0.0
 20
-5.2
 30
0.0
 11
0.0
 21
-2.678906
 31
0.0
  0
LINE
  5
25A
330
253
100
AcDbEntity
  8
Smart Centers
 62
     0
440
 16777216
 48
0.75
100
AcDbLine
 10
0.0
 20
2.678906
 30
0.0
 11
0.0
 21
5.2
 31
0.0
  0
ENDBLK
  5
25B
330
253
100
AcDbEntity
  8
0
100
AcDbBlockEnd
  0
BLOCK
  5
25E
330
25D
100
AcDbEntity
  8
0
100
AcDbBlockBegin
  2
*U9
 70
     1
 10
0.0
 20
0.0
 30
0.0
  3
*U9
  1

  0
LINE
  5
25F
330
25D
100
AcDbEntity
  8
Smart Centers
  6
Continuous
 62
     0
440
 16777216
 48
0.75
100
AcDbLine
 10
-0.892969
 20
0.0
 30
0.0
 11
0.892969
 21
0.0
 31
0.0
  0
LINE
  5
260
330
25D
100
AcDbEntity
  8
Smart Centers
  6
Continuous
 62
     0
440
 16777216
 48
0.75
100
AcDbLine
 10
0.0
 20
-0.892969
 30
0.0
 11
0.0
 21
0.892969
 31
0.0
  0
LINE
  5
261
330
25D
100
AcDbEntity
  8
Smart Centers
 62
     0
440
 16777216
 48
0.75
100
AcDbLine
 10
-5.2
 20
0.0
 30
0.0
 11
-2.678906
 21
0.0
 31
0.0
  0
LINE
  5
262
330
25D
100
AcDbEntity
  8
Smart Centers
 62
     0
440
 16777216
 48
0.75
100
AcDbLine
 10
2.678906
 20
0.0
 30
0.0
 11
5.2
 21
0.0
 31
0.0
  0
LINE
  5
263
330
25D
100
AcDbEntity
  8
Smart Centers
 62
     0
440
 16777216
 48
0.75
100
AcDbLine
 10
0.0
 20
-5.2
 30
0.0
 11
0.0
 21
-2.678906
 31
0.0
  0
LINE
  5
264
330
25D
100
AcDbEntity
  8
Smart Centers
 62
     0
440
 16777216
 48
0.75
100
AcDbLine
 10
0.0
 20
2.678906
 30
0.0
 11
0.0
 21
5.2
 31
0.0
  0
ENDBLK
  5
265
330
25D
100
AcDbEntity
  8
0
100
AcDbBlockEnd
  0
BLOCK
  5
269
330
268
100
AcDbEntity
  8
0
100
AcDbBlockBegin
  2
*D10
 70
     1
 10
0.0
 20
0.0
 30
0.0
  3
*D10
  1

  0
LINE
  5
26A
330
268
100
AcDbEntity
  8
FD_Dimensions
 62
     0
440
 16777216
370
    -2
100
AcDbLine
 10
152.289062
 20
163.696875
 30
0.0
 11
152.289062
 21
153.032813
 31
0.0
  0
LINE
  5
26B
330
268
100
AcDbEntity
  8
FD_Dimensions
 62
     0
440
 16777216
370
    -2
100
AcDbLine
 10
210.289062
 20
163.696875
 30
0.0
 11
210.289062
 21
153.032813
 31
0.0
  0
LINE
  5
26C
330
268
100
AcDbEntity
  8
FD_Dimensions
 62
     0
440
 16777216
370
    -2
100
AcDbLine
 10
155.789062
 20
155.132813
 30
0.0
 11
206.789062
 21
155.132813
 31
0.0
  0
SOLID
  5
26D
330
268
100
AcDbEntity
  8
FD_Dimensions
 62
     0
440
 16777216
100
AcDbTrace
 10
155.789062
 20
155.716146
 30
0.0
 11
155.789062
 21
154.549479
 31
0.0
 12
152.289062
 22
155.132813
 32
0.0
 13
152.289062
 23
155.132813
 33
0.0
  0
SOLID
  5
26E
330
268
100
AcDbEntity
  8
FD_Dimensions
 62
     0
440
 16777216
100
AcDbTrace
 10
206.789062
 20
155.716146
 30
0.0
 11
206.789062
 21
154.549479
 31
0.0
 12
210.289062
 22
155.132813
 32
0.0
 13
210.289062
 23
155.132813
 33
0.0
  0
MTEXT
  5
26F
330
268
100
AcDbEntity
  8
FD_Dimensions
 62
     0
440
 16777216
100
AcDbMText
 10
181.289062
 20
158.319818
 30
0.0
 40
3.5
 41
0.0
 46
0.0
 71
     5
 72
     1
  1
58
 73
     1
 44
1.0
  0
POINT
  5
270
330
268
100
AcDbEntity
  8
Defpoints
 62
     0
440
 16777216
100
AcDbPoint
 10
152.289062
 20
165.796875
 30
0.0
  0
POINT
  5
271
330
268
100
AcDbEntity
  8
Defpoints
 62
     0
440
 16777216
100
AcDbPoint
 10
210.289062
 20
165.796875
 30
0.0
  0
POINT
  5
272
330
268
100
AcDbEntity
  8
Defpoints
 62
     0
440
 16777216
100
AcDbPoint
 10
210.289062
 20
155.132813
 30
0.0
  0
ENDBLK
  5
273
330
268
100
AcDbEntity
  8
0
100
AcDbBlockEnd
  0
BLOCK
  5
276
330
275
100
AcDbEntity
  8
0
100
AcDbBlockBegin
  2
*D11
 70
     1
 10
0.0
 20
0.0
 30
0.0
  3
*D11
  1

  0
LINE
  5
277
330
275
100
AcDbEntity
  8
FD_Dimensions
 62
     0
440
 16777216
370
    -2
100
AcDbLine
 10
150.689062
 20
165.296875
 30
0.0
 11
140.025
 21
165.296875
 31
0.0
  0
LINE
  5
278
330
275
100
AcDbEntity
  8
FD_Dimensions
 62
     0
440
 16777216
370
    -2
100
AcDbLine
 10
150.689062
 20
220.296875
 30
0.0
 11
140.025
 21
220.296875
 31
0.0
  0
LINE
  5
279
330
275
100
AcDbEntity
  8
FD_Dimensions
 62
     0
440
 16777216
370
    -2
100
AcDbLine
 10
142.125
 20
168.796875
 30
0.0
 11
142.125
 21
216.796875
 31
0.0
  0
SOLID
  5
27A
330
275
100
AcDbEntity
  8
FD_Dimensions
 62
     0
440
 16777216
100
AcDbTrace
 10
141.541667
 20
168.796875
 30
0.0
 11
142.708333
 21
168.796875
 31
0.0
 12
142.125
 22
165.296875
 32
0.0
 13
142.125
 23
165.296875
 33
0.0
  0
SOLID
  5
27B
330
275
100
AcDbEntity
  8
FD_Dimensions
 62
     0
440
 16777216
100
AcDbTrace
 10
141.541667
 20
216.796875
 30
0.0
 11
142.708333
 21
216.796875
 31
0.0
 12
142.125
 22
220.296875
 32
0.0
 13
142.125
 23
220.296875
 33
0.0
  0
MTEXT
  5
27C
330
275
100
AcDbEntity
  8
FD_Dimensions
 62
     0
440
 16777216
100
AcDbMText
 10
138.945157
 20
192.796875
 30
0.0
 40
3.5
 41
0.0
 46
0.0
 71
     5
 72
     1
  1
55
 11
0.0
 21
1.0
 31
0.0
 73
     1
 44
1.0
  0
POINT
  5
27D
330
275
100
AcDbEntity
  8
Defpoints
 62
     0
440
 16777216
100
AcDbPoint
 10
152.789062
 20
165.296875
 30
0.0
  0
POINT
  5
27E
330
275
100
AcDbEntity
  8
Defpoints
 62
     0
440
 16777216
100
AcDbPoint
 10
152.789062
 20
220.296875
 30
0.0
  0
POINT
  5
27F
330
275
100
AcDbEntity
  8
Defpoints
 62
     0
440
 16777216
100
AcDbPoint
 10
142.125
 20
220.296875
 30
0.0
  0
ENDBLK
  5
280
330
275
100
AcDbEntity
  8
0
100
AcDbBlockEnd
  0
BLOCK
  5
283
330
282
100
AcDbEntity
  8
0
100
AcDbBlockBegin
  2
*D12
 70
     1
 10
0.0
 20
0.0
 30
0.0
  3
*D12
  1

  0
LINE
  5
284
330
282
100
AcDbEntity
  8
FD_Dimensions
 62
     0
440
 16777216
370
    -2
100
AcDbLine
 10
254.293317
 20
163.672394
 30
0.0
 11
254.293317
 21
153.032813
 31
0.0
  0
LINE
  5
285
330
282
100
AcDbEntity
  8
FD_Dimensions
 62
     0
440
 16777216
370
    -2
100
AcDbLine
 10
294.465049
 20
163.696875
 30
0.0
 11
294.465049
 21
153.032813
 31
0.0
  0
LINE
  5
286
330
282
100
AcDbEntity
  8
FD_Dimensions
 62
     0
440
 16777216
370
    -2
100
AcDbLine
 10
257.793317
 20
155.132813
 30
0.0
 11
290.965049
 21
155.132813
 31
0.0
  0
SOLID
  5
287
330
282
100
AcDbEntity
  8
FD_Dimensions
 62
     0
440
 16777216
100
AcDbTrace
 10
257.793317
 20
155.716146
 30
0.0
 11
257.793317
 21
154.549479
 31
0.0
 12
254.293317
 22
155.132813
 32
0.0
 13
254.293317
 23
155.132813
 33
0.0
  0
SOLID
  5
288
330
282
100
AcDbEntity
  8
FD_Dimensions
 62
     0
440
 16777216
100
AcDbTrace
 10
290.965049
 20
155.716146
 30
0.0
 11
290.965049
 21
154.549479
 31
0.0
 12
294.465049
 22
155.132813
 32
0.0
 13
294.465049
 23
155.132813
 33
0.0
  0
MTEXT
  5
289
330
282
100
AcDbEntity
  8
FD_Dimensions
 62
     0
440
 16777216
100
AcDbMText
 10
274.379183
 20
158.319818
 30
0.0
 40
3.5
 41
0.0
 46
0.0
 71
     5
 72
     1
  1
40.17
 73
     1
 44
1.0
  0
POINT
  5
28A
330
282
100
AcDbEntity
  8
Defpoints
 62
     0
440
 16777216
100
AcDbPoint
 10
254.293317
 20
165.772394
 30
0.0
  0
POINT
  5
28B
330
282
100
AcDbEntity
  8
Defpoints
 62
     0
440
 16777216
100
AcDbPoint
 10
294.465049
 20
165.796875
 30
0.0
  0
POINT
  5
28C
330
282
100
AcDbEntity
  8
Defpoints
 62
     0
440
 16777216
100
AcDbPoint
 10
294.465049
 20
155.132813
 30
0.0
  0
ENDBLK
  5
28D
330
282
100
AcDbEntity
  8
0
100
AcDbBlockEnd
  0
BLOCK
  5
290
330
28F
100
AcDbEntity
  8
0
100
AcDbBlockBegin
  2
*D13
 70
     1
 10
0.0
 20
0.0
 30
0.0
  3
*D13
  1

  0
LINE
  5
291
330
28F
100
AcDbEntity
  8
FD_Dimensions
 62
     0
440
 16777216
370
    -2
100
AcDbLine
 10
211.889062
 20
94.152139
 30
0.0
 11
222.575496
 21
94.152139
 31
0.0
  0
LINE
  5
292
330
28F
100
AcDbEntity
  8
FD_Dimensions
 62
     0
440
 16777216
370
    -2
100
AcDbLine
 10
211.911433
 20
134.315732
 30
0.0
 11
222.575496
 21
134.315732
 31
0.0
  0
LINE
  5
293
330
28F
100
AcDbEntity
  8
FD_Dimensions
 62
     0
440
 16777216
370
    -2
100
AcDbLine
 10
220.475496
 20
97.652139
 30
0.0
 11
220.475496
 21
130.815732
 31
0.0
  0
SOLID
  5
294
330
28F
100
AcDbEntity
  8
FD_Dimensions
 62
     0
440
 16777216
100
AcDbTrace
 10
219.892162
 20
97.652139
 30
0.0
 11
221.058829
 21
97.652139
 31
0.0
 12
220.475496
 22
94.152139
 32
0.0
 13
220.475496
 23
94.152139
 33
0.0
  0
SOLID
  5
295
330
28F
100
AcDbEntity
  8
FD_Dimensions
 62
     0
440
 16777216
100
AcDbTrace
 10
219.892162
 20
130.815732
 30
0.0
 11
221.058829
 21
130.815732
 31
0.0
 12
220.475496
 22
134.315732
 32
0.0
 13
220.475496
 23
134.315732
 33
0.0
  0
MTEXT
  5
296
330
28F
100
AcDbEntity
  8
FD_Dimensions
 62
     0
440
 16777216
100
AcDbMText
 10
217.28849
 20
114.233935
 30
0.0
 40
3.5
 41
0.0
 46
0.0
 71
     5
 72
     1
  1
40.16
 11
0.0
 21
1.0
 31
0.0
 73
     1
 44
1.0
  0
POINT
  5
297
330
28F
100
AcDbEntity
  8
Defpoints
 62
     0
440
 16777216
100
AcDbPoint
 10
209.789062
 20
94.152139
 30
0.0
  0
POINT
  5
298
330
28F
100
AcDbEntity
  8
Defpoints
 62
     0
440
 16777216
100
AcDbPoint
 10
209.811433
 20
134.315732
 30
0.0
  0
POINT
  5
299
330
28F
100
AcDbEntity
  8
Defpoints
 62
     0
440
 16777216
100
AcDbPoint
 10
220.475496
 20
134.315732
 30
0.0
  0
ENDBLK
  5
29A
330
28F
100
AcDbEntity
  8
0
100
AcDbBlockEnd
  0
BLOCK
  5
29D
330
29C
100
AcDbEntity
  8
0
100
AcDbBlockBegin
  2
*D14
 70
     1
 10
0.0
 20
0.0
 30
0.0
  3
*D14
  1

  0
LINE
  5
29E
330
29C
100
AcDbEntity
  8
FD_Dimensions
 62
     0
440
 16777216
370
    -2
100
AcDbLine
 10
234.400696
 20
100.285158
 30
0.0
 11
210.748026
 21
114.476761
 31
0.0
  0
LINE
  5
29F
330
29C
100
AcDbEntity
  8
FD_Dimensions
 62
     0
440
 16777216
370
    -2
100
AcDbLine
 10
201.830099
 20
119.827517
 30
0.0
 11
198.828874
 21
121.628252
 31
0.0
  0
MTEXT
  5
2A0
330
29C
100
AcDbEntity
  8
FD_Dimensions
 62
     0
440
 16777216
100
AcDbMText
 10
230.531736
 20
106.437343
 30
0.0
 40
3.5
 41
0.0
 46
0.0
 71
     5
 72
     1
  1
∅3.4
 11
0.857493
 21
-0.514496
 31
0.0
 73
     1
 44
1.0
  0
LINE
  5
2A1
330
29C
100
AcDbEntity
  8
FD_Dimensions
 62
     0
440
 16777216
370
    -2
100
AcDbLine
 10
204.831324
 20
118.026781
 30
0.0
 11
207.7468
 21
116.277496
 31
0.0
  0
SOLID
  5
2A2
330
29C
100
AcDbEntity
  8
FD_Dimensions
 62
     0
440
 16777216
100
AcDbTrace
 10
202.130222
 20
120.327721
 30
0.0
 11
201.529977
 21
119.327312
 31
0.0
 12
204.831324
 22
118.026781
 32
0.0
 13
204.831324
 23
118.026781
 33
0.0
  0
SOLID
  5
2A3
330
29C
100
AcDbEntity
  8
FD_Dimensions
 62
     0
440
 16777216
100
AcDbTrace
 10
211.048148
 20
114.976965
 30
0.0
 11
210.447903
 21
113.976556
 31
0.0
 12
207.7468
 22
116.277496
 32
0.0
 13
207.7468
 23
116.277496
 33
0.0
  0
POINT
  5
2A4
330
29C
100
AcDbEntity
  8
Defpoints
 62
     0
440
 16777216
100
AcDbPoint
 10
207.7468
 20
116.277496
 30
0.0
  0
POINT
  5
2A5
330
29C
100
AcDbEntity
  8
Defpoints
 62
     0
440
 16777216
100
AcDbPoint
 10
204.831324
 20
118.026781
 30
0.0
  0
ENDBLK
  5
2A6
330
29C
100
AcDbEntity
  8
0
100
AcDbBlockEnd
  0
BLOCK
  5
2A9
330
2A8
100
AcDbEntity
  8
0
100
AcDbBlockBegin
  2
*D15
 70
     1
 10
0.0
 20
0.0
 30
0.0
  3
*D15
  1

  0
LINE
  5
2AA
330
2A8
100
AcDbEntity
  8
FD_Dimensions
 62
     0
440
 16777216
370
    -2
100
AcDbLine
 10
228.936879
 20
139.799955
 30
0.0
 11
209.612464
 21
120.47554
 31
0.0
  0
LINE
  5
2AB
330
2A8
100
AcDbEntity
  8
FD_Dimensions
 62
     0
440
 16777216
370
    -2
100
AcDbLine
 10
202.965661
 20
113.828737
 30
0.0
 11
200.490787
 21
111.353863
 31
0.0
  0
MTEXT
  5
2AC
330
2A8
100
AcDbEntity
  8
FD_Dimensions
 62
     0
440
 16777216
100
AcDbMText
 10
222.030023
 20
137.538636
 30
0.0
 40
3.5
 41
0.0
 46
0.0
 71
     5
 72
     1
  1
∅2.4
 11
0.707107
 21
0.707107
 31
0.0
 73
     1
 44
1.0
  0
LINE
  5
2AD
330
2A8
100
AcDbEntity
  8
FD_Dimensions
 62
     0
440
 16777216
370
    -2
100
AcDbLine
 10
205.440534
 20
116.30361
 30
0.0
 11
207.137591
 21
118.000667
 31
0.0
  0
SOLID
  5
2AE
330
2A8
100
AcDbEntity
  8
FD_Dimensions
 62
     0
440
 16777216
100
AcDbTrace
 10
202.553182
 20
114.241216
 30
0.0
 11
203.37814
 21
113.416258
 31
0.0
 12
205.440534
 22
116.30361
 32
0.0
 13
205.440534
 23
116.30361
 33
0.0
  0
SOLID
  5
2AF
330
2A8
100
AcDbEntity
  8
FD_Dimensions
 62
     0
440
 16777216
100
AcDbTrace
 10
209.199985
 20
120.888019
 30
0.0
 11
210.024943
 21
120.063062
 31
0.0
 12
207.137591
 22
118.000667
 32
0.0
 13
207.137591
 23
118.000667
 33
0.0
  0
POINT
  5
2B0
330
2A8
100
AcDbEntity
  8
Defpoints
 62
     0
440
 16777216
100
AcDbPoint
 10
207.137591
 20
118.000667
 30
0.0
  0
POINT
  5
2B1
330
2A8
100
AcDbEntity
  8
Defpoints
 62
     0
440
 16777216
100
AcDbPoint
 10
205.440534
 20
116.30361
 30
0.0
  0
ENDBLK
  5
2B2
330
2A8
100
AcDbEntity
  8
0
100
AcDbBlockEnd
  0
BLOCK
  5
2B5
330
2B4
100
AcDbEntity
  8
0
100
AcDbBlockBegin
  2
*D16
 70
     1
 10
0.0
 20
0.0
 30
0.0
  3
*D16
  1

  0
LINE
  5
2B6
330
2B4
100
AcDbEntity
  8
FD_Dimensions
 62
     0
440
 16777216
370
    -2
100
AcDbLine
 10
152.289062
 20
92.552139
 30
0.0
 11
152.289062
 21
71.781826
 31
0.0
  0
LINE
  5
2B7
330
2B4
100
AcDbEntity
  8
FD_Dimensions
 62
     0
440
 16777216
370
    -2
100
AcDbLine
 10
206.289062
 20
98.852139
 30
0.0
 11
206.289062
 21
71.781826
 31
0.0
  0
LINE
  5
2B8
330
2B4
100
AcDbEntity
  8
FD_Dimensions
 62
     0
440
 16777216
370
    -2
100
AcDbLine
 10
155.789062
 20
73.881826
 30
0.0
 11
202.789062
 21
73.881826
 31
0.0
  0
SOLID
  5
2B9
330
2B4
100
AcDbEntity
  8
FD_Dimensions
 62
     0
440
 16777216
100
AcDbTrace
 10
155.789062
 20
74.465159
 30
0.0
 11
155.789062
 21
73.298493
 31
0.0
 12
152.289062
 22
73.881826
 32
0.0
 13
152.289062
 23
73.881826
 33
0.0
  0
SOLID
  5
2BA
330
2B4
100
AcDbEntity
  8
FD_Dimensions
 62
     0
440
 16777216
100
AcDbTrace
 10
202.789062
 20
74.465159
 30
0.0
 11
202.789062
 21
73.298493
 31
0.0
 12
206.289062
 22
73.881826
 32
0.0
 13
206.289062
 23
73.881826
 33
0.0
  0
MTEXT
  5
2BB
330
2B4
100
AcDbEntity
  8
FD_Dimensions
 62
     0
440
 16777216
100
AcDbMText
 10
179.289062
 20
77.061669
 30
0.0
 40
3.5
 41
0.0
 46
0.0
 71
     5
 72
     1
  1
54
 73
     1
 44
1.0
  0
POINT
  5
2BC
330
2B4
100
AcDbEntity
  8
Defpoints
 62
     0
440
 16777216
100
AcDbPoint
 10
152.289062
 20
94.652139
 30
0.0
  0
POINT
  5
2BD
330
2B4
100
AcDbEntity
  8
Defpoints
 62
     0
440
 16777216
100
AcDbPoint
 10
206.289062
 20
100.952139
 30
0.0
  0
POINT
  5
2BE
330
2B4
100
AcDbEntity
  8
Defpoints
 62
     0
440
 16777216
100
AcDbPoint
 10
206.289062
 20
73.881826
 30
0.0
  0
ENDBLK
  5
2BF
330
2B4
100
AcDbEntity
  8
0
100
AcDbBlockEnd
  0
BLOCK
  5
2C2
330
2C1
100
AcDbEntity
  8
0
100
AcDbBlockBegin
  2
*D17
 70
     1
 10
0.0
 20
0.0
 30
0.0
  3
*D17
  1

  0
LINE
  5
2C3
330
2C1
100
AcDbEntity
  8
FD_Dimensions
 62
     0
440
 16777216
370
    -2
100
AcDbLine
 10
150.689062
 20
94.152139
 30
0.0
 11
125.2
 21
94.152139
 31
0.0
  0
LINE
  5
2C4
330
2C1
100
AcDbEntity
  8
FD_Dimensions
 62
     0
440
 16777216
370
    -2
100
AcDbLine
 10
148.989062
 20
117.152139
 30
0.0
 11
125.2
 21
117.152139
 31
0.0
  0
LINE
  5
2C5
330
2C1
100
AcDbEntity
  8
FD_Dimensions
 62
     0
440
 16777216
370
    -2
100
AcDbLine
 10
127.3
 20
97.652139
 30
0.0
 11
127.3
 21
113.652139
 31
0.0
  0
SOLID
  5
2C6
330
2C1
100
AcDbEntity
  8
FD_Dimensions
 62
     0
440
 16777216
100
AcDbTrace
 10
126.716667
 20
97.652139
 30
0.0
 11
127.883333
 21
97.652139
 31
0.0
 12
127.3
 22
94.152139
 32
0.0
 13
127.3
 23
94.152139
 33
0.0
  0
SOLID
  5
2C7
330
2C1
100
AcDbEntity
  8
FD_Dimensions
 62
     0
440
 16777216
100
AcDbTrace
 10
126.716667
 20
113.652139
 30
0.0
 11
127.883333
 21
113.652139
 31
0.0
 12
127.3
 22
117.152139
 32
0.0
 13
127.3
 23
117.152139
 33
0.0
  0
MTEXT
  5
2C8
330
2C1
100
AcDbEntity
  8
FD_Dimensions
 62
     0
440
 16777216
100
AcDbMText
 10
124.111801
 20
105.652139
 30
0.0
 40
3.5
 41
0.0
 46
0.0
 71
     5
 72
     1
  1
23
 11
0.0
 21
1.0
 31
0.0
 73
     1
 44
1.0
  0
POINT
  5
2C9
330
2C1
100
AcDbEntity
  8
Defpoints
 62
     0
440
 16777216
100
AcDbPoint
 10
152.789062
 20
94.152139
 30
0.0
  0
POINT
  5
2CA
330
2C1
100
AcDbEntity
  8
Defpoints
 62
     0
440
 16777216
100
AcDbPoint
 10
151.089062
 20
117.152139
 30
0.0
  0
POINT
  5
2CB
330
2C1
100
AcDbEntity
  8
Defpoints
 62
     0
440
 16777216
100
AcDbPoint
 10
127.3
 20
117.152139
 30
0.0
  0
ENDBLK
  5
2CC
330
2C1
100
AcDbEntity
  8
0
100
AcDbBlockEnd
  0
BLOCK
  5
2CF
330
2CE
100
AcDbEntity
  8
0
100
AcDbBlockBegin
  2
*D18
 70
     1
 10
0.0
 20
0.0
 30
0.0
  3
*D18
  1

  0
LINE
  5
2D0
330
2CE
100
AcDbEntity
  8
FD_Dimensions
 62
     0
440
 16777216
370
    -2
100
AcDbLine
 10
150.689062
 20
94.152139
 30
0.0
 11
139.965625
 21
94.152139
 31
0.0
  0
LINE
  5
2D1
330
2CE
100
AcDbEntity
  8
FD_Dimensions
 62
     0
440
 16777216
370
    -2
100
AcDbLine
 10
148.989062
 20
106.152139
 30
0.0
 11
139.965625
 21
106.152139
 31
0.0
  0
LINE
  5
2D2
330
2CE
100
AcDbEntity
  8
FD_Dimensions
 62
     0
440
 16777216
370
    -2
100
AcDbLine
 10
142.065625
 20
97.652139
 30
0.0
 11
142.065625
 21
102.652139
 31
0.0
  0
SOLID
  5
2D3
330
2CE
100
AcDbEntity
  8
FD_Dimensions
 62
     0
440
 16777216
100
AcDbTrace
 10
141.482292
 20
97.652139
 30
0.0
 11
142.648958
 21
97.652139
 31
0.0
 12
142.065625
 22
94.152139
 32
0.0
 13
142.065625
 23
94.152139
 33
0.0
  0
SOLID
  5
2D4
330
2CE
100
AcDbEntity
  8
FD_Dimensions
 62
     0
440
 16777216
100
AcDbTrace
 10
141.482292
 20
102.652139
 30
0.0
 11
142.648958
 21
102.652139
 31
0.0
 12
142.065625
 22
106.152139
 32
0.0
 13
142.065625
 23
106.152139
 33
0.0
  0
MTEXT
  5
2D5
330
2CE
100
AcDbEntity
  8
FD_Dimensions
 62
     0
440
 16777216
100
AcDbMText
 10
138.908463
 20
100.152139
 30
0.0
 40
3.5
 41
0.0
 46
0.0
 71
     5
 72
     1
  1
12
 11
0.0
 21
1.0
 31
0.0
 73
     1
 44
1.0
  0
POINT
  5
2D6
330
2CE
100
AcDbEntity
  8
Defpoints
 62
     0
440
 16777216
100
AcDbPoint
 10
152.789062
 20
94.152139
 30
0.0
  0
POINT
  5
2D7
330
2CE
100
AcDbEntity
  8
Defpoints
 62
     0
440
 16777216
100
AcDbPoint
 10
151.089062
 20
106.152139
 30
0.0
  0
POINT
  5
2D8
330
2CE
100
AcDbEntity
  8
Defpoints
 62
     0
440
 16777216
100
AcDbPoint
 10
142.065625
 20
106.152139
 30
0.0
  0
ENDBLK
  5
2D9
330
2CE
100
AcDbEntity
  8
0
100
AcDbBlockEnd
  0
BLOCK
  5
2DC
330
2DB
100
AcDbEntity
  8
0
100
AcDbBlockBegin
  2
*D19
 70
     1
 10
0.0
 20
0.0
 30
0.0
  3
*D19
  1

  0
LINE
  5
2DD
330
2DB
100
AcDbEntity
  8
FD_Dimensions
 62
     0
440
 16777216
370
    -2
100
AcDbLine
 10
152.289062
 20
92.552139
 30
0.0
 11
152.289062
 21
82.145889
 31
0.0
  0
LINE
  5
2DE
330
2DB
100
AcDbEntity
  8
FD_Dimensions
 62
     0
440
 16777216
370
    -2
100
AcDbLine
 10
159.789062
 20
98.552139
 30
0.0
 11
159.789062
 21
82.145889
 31
0.0
  0
LINE
  5
2DF
330
2DB
100
AcDbEntity
  8
FD_Dimensions
 62
     0
440
 16777216
370
    -2
100
AcDbLine
 10
148.789062
 20
84.245889
 30
0.0
 11
145.289062
 21
84.245889
 31
0.0
  0
LINE
  5
2E0
330
2DB
100
AcDbEntity
  8
FD_Dimensions
 62
     0
440
 16777216
370
    -2
100
AcDbLine
 10
163.289062
 20
84.245889
 30
0.0
 11
175.958776
 21
84.245889
 31
0.0
  0
LINE
  5
2E1
330
2DB
100
AcDbEntity
  8
FD_Dimensions
 62
     0
440
 16777216
370
    -2
100
AcDbLine
 10
152.289062
 20
84.245889
 30
0.0
 11
159.789062
 21
84.245889
 31
0.0
  0
SOLID
  5
2E2
330
2DB
100
AcDbEntity
  8
FD_Dimensions
 62
     0
440
 16777216
100
AcDbTrace
 10
148.789062
 20
84.829222
 30
0.0
 11
148.789062
 21
83.662555
 31
0.0
 12
152.289062
 22
84.245889
 32
0.0
 13
152.289062
 23
84.245889
 33
0.0
  0
SOLID
  5
2E3
330
2DB
100
AcDbEntity
  8
FD_Dimensions
 62
     0
440
 16777216
100
AcDbTrace
 10
163.289062
 20
84.829222
 30
0.0
 11
163.289062
 21
83.662555
 31
0.0
 12
159.789062
 22
84.245889
 32
0.0
 13
159.789062
 23
84.245889
 33
0.0
  0
MTEXT
  5
2E4
330
2DB
100
AcDbEntity
  8
FD_Dimensions
 62
     0
440
 16777216
100
AcDbMText
 10
171.373919
 20
87.425732
 30
0.0
 40
3.5
 41
0.0
 46
0.0
 71
     5
 72
     1
  1
7.5
 73
     1
 44
1.0
  0
POINT
  5
2E5
330
2DB
100
AcDbEntity
  8
Defpoints
 62
     0
440
 16777216
100
AcDbPoint
 10
152.289062
 20
94.652139
 30
0.0
  0
POINT
  5
2E6
330
2DB
100
AcDbEntity
  8
Defpoints
 62
     0
440
 16777216
100
AcDbPoint
 10
159.789062
 20
100.652139
 30
0.0
  0
POINT
  5
2E7
330
2DB
100
AcDbEntity
  8
Defpoints
 62
     0
440
 16777216
100
AcDbPoint
 10
159.789062
 20
84.245889
 30
0.0
  0
ENDBLK
  5
2E8
330
2DB
100
AcDbEntity
  8
0
100
AcDbBlockEnd
  0
BLOCK
  5
2EB
330
2EA
100
AcDbEntity
  8
0
100
AcDbBlockBegin
  2
*D20
 70
     1
 10
0.0
 20
0.0
 30
0.0
  3
*D20
  1

  0
LINE
  5
5B6
330
2EA
100
AcDbEntity
  8
FD_Dimensions
 62
     0
440
 16777216
370
    -2
100
AcDbLine
 10
152.289062
 20
163.696875
 30
0.0
 11
152.289062
 21
153.032813
 31
0.0
  0
LINE
  5
5B7
330
2EA
100
AcDbEntity
  8
FD_Dimensions
 62
     0
440
 16777216
370
    -2
100
AcDbLine
 10
210.289062
 20
163.696875
 30
0.0
 11
210.289062
 21
153.032813
 31
0.0
  0
LINE
  5
5B8
330
2EA
100
AcDbEntity
  8
FD_Dimensions
 62
     0
440
 16777216
370
    -2
100
AcDbLine
 10
155.789062
 20
155.132813
 30
0.0
 11
206.789062
 21
155.132813
 31
0.0
  0
SOLID
  5
5B9
330
2EA
100
AcDbEntity
  8
FD_Dimensions
 62
     0
440
 16777216
100
AcDbTrace
 10
155.789062
 20
155.716146
 30
0.0
 11
155.789062
 21
154.549479
 31
0.0
 12
152.289062
 22
155.132813
 32
0.0
 13
152.289062
 23
155.132813
 33
0.0
  0
SOLID
  5
5BA
330
2EA
100
AcDbEntity
  8
FD_Dimensions
 62
     0
440
 16777216
100
AcDbTrace
 10
206.789062
 20
155.716146
 30
0.0
 11
206.789062
 21
154.549479
 31
0.0
 12
210.289062
 22
155.132813
 32
0.0
 13
210.289062
 23
155.132813
 33
0.0
  0
MTEXT
  5
5BB
330
2EA
100
AcDbEntity
  8
FD_Dimensions
 62
     0
440
 16777216
100
AcDbMText
 10
181.289062
 20
158.319818
 30
0.0
 40
3.5
 41
0.0
 46
0.0
 71
     5
 72
     1
  1
58
 73
     1
 44
1.0
  0
POINT
  5
5BC
330
2EA
100
AcDbEntity
  8
Defpoints
 62
     0
440
 16777216
100
AcDbPoint
 10
152.289062
 20
165.796875
 30
0.0
  0
POINT
  5
5BD
330
2EA
100
AcDbEntity
  8
Defpoints
 62
     0
440
 16777216
100
AcDbPoint
 10
210.289062
 20
165.796875
 30
0.0
  0
POINT
  5
5BE
330
2EA
100
AcDbEntity
  8
Defpoints
 62
     0
440
 16777216
100
AcDbPoint
 10
210.289062
 20
155.132813
 30
0.0
  0
ENDBLK
  5
2EC
330
2EA
100
AcDbEntity
  8
0
100
AcDbBlockEnd
  0
BLOCK
  5
2F7
330
2F6
100
AcDbEntity
  8
0
100
AcDbBlockBegin
  2
*D21
 70
     1
 10
0.0
 20
0.0
 30
0.0
  3
*D21
  1

  0
LINE
  5
5BF
330
2F6
100
AcDbEntity
  8
FD_Dimensions
 62
     0
440
 16777216
370
    -2
100
AcDbLine
 10
150.689062
 20
165.296875
 30
0.0
 11
140.025
 21
165.296875
 31
0.0
  0
LINE
  5
5C0
330
2F6
100
AcDbEntity
  8
FD_Dimensions
 62
     0
440
 16777216
370
    -2
100
AcDbLine
 10
150.689062
 20
220.296875
 30
0.0
 11
140.025
 21
220.296875
 31
0.0
  0
LINE
  5
5C1
330
2F6
100
AcDbEntity
  8
FD_Dimensions
 62
     0
440
 16777216
370
    -2
100
AcDbLine
 10
142.125
 20
168.796875
 30
0.0
 11
142.125
 21
216.796875
 31
0.0
  0
SOLID
  5
5C2
330
2F6
100
AcDbEntity
  8
FD_Dimensions
 62
     0
440
 16777216
100
AcDbTrace
 10
141.541667
 20
168.796875
 30
0.0
 11
142.708333
 21
168.796875
 31
0.0
 12
142.125
 22
165.296875
 32
0.0
 13
142.125
 23
165.296875
 33
0.0
  0
SOLID
  5
5C3
330
2F6
100
AcDbEntity
  8
FD_Dimensions
 62
     0
440
 16777216
100
AcDbTrace
 10
141.541667
 20
216.796875
 30
0.0
 11
142.708333
 21
216.796875
 31
0.0
 12
142.125
 22
220.296875
 32
0.0
 13
142.125
 23
220.296875
 33
0.0
  0
MTEXT
  5
5C4
330
2F6
100
AcDbEntity
  8
FD_Dimensions
 62
     0
440
 16777216
100
AcDbMText
 10
138.945157
 20
192.796875
 30
0.0
 40
3.5
 41
0.0
 46
0.0
 71
     5
 72
     1
  1
55
 11
0.0
 21
1.0
 31
0.0
 73
     1
 44
1.0
  0
POINT
  5
5C5
330
2F6
100
AcDbEntity
  8
Defpoints
 62
     0
440
 16777216
100
AcDbPoint
 10
152.789062
 20
165.296875
 30
0.0
  0
POINT
  5
5C6
330
2F6
100
AcDbEntity
  8
Defpoints
 62
     0
440
 16777216
100
AcDbPoint
 10
152.789062
 20
220.296875
 30
0.0
  0
POINT
  5
5C7
330
2F6
100
AcDbEntity
  8
Defpoints
 62
     0
440
 16777216
100
AcDbPoint
 10
142.125
 20
220.296875
 30
0.0
  0
ENDBLK
  5
2F8
330
2F6
100
AcDbEntity
  8
0
100
AcDbBlockEnd
  0
BLOCK
  5
303
330
302
100
AcDbEntity
  8
0
100
AcDbBlockBegin
  2
*D22
 70
     1
 10
0.0
 20
0.0
 30
0.0
  3
*D22
  1

  0
LINE
  5
5C8
330
302
100
AcDbEntity
  8
FD_Dimensions
 62
     0
440
 16777216
370
    -2
100
AcDbLine
 10
254.293317
 20
163.672394
 30
0.0
 11
254.293317
 21
153.032813
 31
0.0
  0
LINE
  5
5C9
330
302
100
AcDbEntity
  8
FD_Dimensions
 62
     0
440
 16777216
370
    -2
100
AcDbLine
 10
294.465049
 20
163.696875
 30
0.0
 11
294.465049
 21
153.032813
 31
0.0
  0
LINE
  5
5CA
330
302
100
AcDbEntity
  8
FD_Dimensions
 62
     0
440
 16777216
370
    -2
100
AcDbLine
 10
257.793317
 20
155.132813
 30
0.0
 11
290.965049
 21
155.132813
 31
0.0
  0
SOLID
  5
5CB
330
302
100
AcDbEntity
  8
FD_Dimensions
 62
     0
440
 16777216
100
AcDbTrace
 10
257.793317
 20
155.716146
 30
0.0
 11
257.793317
 21
154.549479
 31
0.0
 12
254.293317
 22
155.132813
 32
0.0
 13
254.293317
 23
155.132813
 33
0.0
  0
SOLID
  5
5CC
330
302
100
AcDbEntity
  8
FD_Dimensions
 62
     0
440
 16777216
100
AcDbTrace
 10
290.965049
 20
155.716146
 30
0.0
 11
290.965049
 21
154.549479
 31
0.0
 12
294.465049
 22
155.132813
 32
0.0
 13
294.465049
 23
155.132813
 33
0.0
  0
MTEXT
  5
5CD
330
302
100
AcDbEntity
  8
FD_Dimensions
 62
     0
440
 16777216
100
AcDbMText
 10
274.379183
 20
158.319818
 30
0.0
 40
3.5
 41
0.0
 46
0.0
 71
     5
 72
     1
  1
40.17
 73
     1
 44
1.0
  0
POINT
  5
5CE
330
302
100
AcDbEntity
  8
Defpoints
 62
     0
440
 16777216
100
AcDbPoint
 10
254.293317
 20
165.772394
 30
0.0
  0
POINT
  5
5CF
330
302
100
AcDbEntity
  8
Defpoints
 62
     0
440
 16777216
100
AcDbPoint
 10
294.465049
 20
165.796875
 30
0.0
  0
POINT
  5
5D0
330
302
100
AcDbEntity
  8
Defpoints
 62
     0
440
 16777216
100
AcDbPoint
 10
294.465049
 20
155.132813
 30
0.0
  0
ENDBLK
  5
304
330
302
100
AcDbEntity
  8
0
100
AcDbBlockEnd
  0
BLOCK
  5
30F
330
30E
100
AcDbEntity
  8
0
100
AcDbBlockBegin
  2
*D23
 70
     1
 10
0.0
 20
0.0
 30
0.0
  3
*D23
  1

  0
LINE
  5
5D1
330
30E
100
AcDbEntity
  8
FD_Dimensions
 62
     0
440
 16777216
370
    -2
100
AcDbLine
 10
211.889062
 20
94.152139
 30
0.0
 11
222.575496
 21
94.152139
 31
0.0
  0
LINE
  5
5D2
330
30E
100
AcDbEntity
  8
FD_Dimensions
 62
     0
440
 16777216
370
    -2
100
AcDbLine
 10
211.911433
 20
134.315732
 30
0.0
 11
222.575496
 21
134.315732
 31
0.0
  0
LINE
  5
5D3
330
30E
100
AcDbEntity
  8
FD_Dimensions
 62
     0
440
 16777216
370
    -2
100
AcDbLine
 10
220.475496
 20
97.652139
 30
0.0
 11
220.475496
 21
130.815732
 31
0.0
  0
SOLID
  5
5D4
330
30E
100
AcDbEntity
  8
FD_Dimensions
 62
     0
440
 16777216
100
AcDbTrace
 10
219.892162
 20
97.652139
 30
0.0
 11
221.058829
 21
97.652139
 31
0.0
 12
220.475496
 22
94.152139
 32
0.0
 13
220.475496
 23
94.152139
 33
0.0
  0
SOLID
  5
5D5
330
30E
100
AcDbEntity
  8
FD_Dimensions
 62
     0
440
 16777216
100
AcDbTrace
 10
219.892162
 20
130.815732
 30
0.0
 11
221.058829
 21
130.815732
 31
0.0
 12
220.475496
 22
134.315732
 32
0.0
 13
220.475496
 23
134.315732
 33
0.0
  0
MTEXT
  5
5D6
330
30E
100
AcDbEntity
  8
FD_Dimensions
 62
     0
440
 16777216
100
AcDbMText
 10
217.28849
 20
114.233935
 30
0.0
 40
3.5
 41
0.0
 46
0.0
 71
     5
 72
     1
  1
40.16
 11
0.0
 21
1.0
 31
0.0
 73
     1
 44
1.0
  0
POINT
  5
5D7
330
30E
100
AcDbEntity
  8
Defpoints
 62
     0
440
 16777216
100
AcDbPoint
 10
209.789062
 20
94.152139
 30
0.0
  0
POINT
  5
5D8
330
30E
100
AcDbEntity
  8
Defpoints
 62
     0
440
 16777216
100
AcDbPoint
 10
209.811433
 20
134.315732
 30
0.0
  0
POINT
  5
5D9
330
30E
100
AcDbEntity
  8
Defpoints
 62
     0
440
 16777216
100
AcDbPoint
 10
220.475496
 20
134.315732
 30
0.0
  0
ENDBLK
  5
310
330
30E
100
AcDbEntity
  8
0
100
AcDbBlockEnd
  0
BLOCK
  5
31B
330
31A
100
AcDbEntity
  8
0
100
AcDbBlockBegin
  2
*D24
 70
     1
 10
0.0
 20
0.0
 30
0.0
  3
*D24
  1

  0
LINE
  5
5DA
330
31A
100
AcDbEntity
  8
FD_Dimensions
 62
     0
440
 16777216
370
    -2
100
AcDbLine
 10
234.400696
 20
100.285158
 30
0.0
 11
210.748026
 21
114.476761
 31
0.0
  0
LINE
  5
5DB
330
31A
100
AcDbEntity
  8
FD_Dimensions
 62
     0
440
 16777216
370
    -2
100
AcDbLine
 10
201.830099
 20
119.827517
 30
0.0
 11
198.828874
 21
121.628252
 31
0.0
  0
MTEXT
  5
5DC
330
31A
100
AcDbEntity
  8
FD_Dimensions
 62
     0
440
 16777216
100
AcDbMText
 10
230.531736
 20
106.437343
 30
0.0
 40
3.5
 41
0.0
 46
0.0
 71
     5
 72
     1
  1
∅3.4
 11
0.857493
 21
-0.514496
 31
0.0
 73
     1
 44
1.0
  0
LINE
  5
5DD
330
31A
100
AcDbEntity
  8
FD_Dimensions
 62
     0
440
 16777216
370
    -2
100
AcDbLine
 10
204.831324
 20
118.026781
 30
0.0
 11
207.7468
 21
116.277496
 31
0.0
  0
SOLID
  5
5DE
330
31A
100
AcDbEntity
  8
FD_Dimensions
 62
     0
440
 16777216
100
AcDbTrace
 10
202.130222
 20
120.327721
 30
0.0
 11
201.529977
 21
119.327312
 31
0.0
 12
204.831324
 22
118.026781
 32
0.0
 13
204.831324
 23
118.026781
 33
0.0
  0
SOLID
  5
5DF
330
31A
100
AcDbEntity
  8
FD_Dimensions
 62
     0
440
 16777216
100
AcDbTrace
 10
211.048148
 20
114.976965
 30
0.0
 11
210.447903
 21
113.976556
 31
0.0
 12
207.7468
 22
116.277496
 32
0.0
 13
207.7468
 23
116.277496
 33
0.0
  0
POINT
  5
5E0
330
31A
100
AcDbEntity
  8
Defpoints
 62
     0
440
 16777216
100
AcDbPoint
 10
207.7468
 20
116.277496
 30
0.0
  0
POINT
  5
5E1
330
31A
100
AcDbEntity
  8
Defpoints
 62
     0
440
 16777216
100
AcDbPoint
 10
204.831324
 20
118.026781
 30
0.0
  0
ENDBLK
  5
31C
330
31A
100
AcDbEntity
  8
0
100
AcDbBlockEnd
  0
BLOCK
  5
326
330
325
100
AcDbEntity
  8
0
100
AcDbBlockBegin
  2
*D25
 70
     1
 10
0.0
 20
0.0
 30
0.0
  3
*D25
  1

  0
LINE
  5
5E2
330
325
100
AcDbEntity
  8
FD_Dimensions
 62
     0
440
 16777216
370
    -2
100
AcDbLine
 10
228.936879
 20
139.799955
 30
0.0
 11
209.612464
 21
120.47554
 31
0.0
  0
LINE
  5
5E3
330
325
100
AcDbEntity
  8
FD_Dimensions
 62
     0
440
 16777216
370
    -2
100
AcDbLine
 10
202.965661
 20
113.828737
 30
0.0
 11
200.490787
 21
111.353863
 31
0.0
  0
MTEXT
  5
5E4
330
325
100
AcDbEntity
  8
FD_Dimensions
 62
     0
440
 16777216
100
AcDbMText
 10
222.030023
 20
137.538636
 30
0.0
 40
3.5
 41
0.0
 46
0.0
 71
     5
 72
     1
  1
∅2.4
 11
0.707107
 21
0.707107
 31
0.0
 73
     1
 44
1.0
  0
LINE
  5
5E5
330
325
100
AcDbEntity
  8
FD_Dimensions
 62
     0
440
 16777216
370
    -2
100
AcDbLine
 10
205.440534
 20
116.30361
 30
0.0
 11
207.137591
 21
118.000667
 31
0.0
  0
SOLID
  5
5E6
330
325
100
AcDbEntity
  8
FD_Dimensions
 62
     0
440
 16777216
100
AcDbTrace
 10
202.553182
 20
114.241216
 30
0.0
 11
203.37814
 21
113.416258
 31
0.0
 12
205.440534
 22
116.30361
 32
0.0
 13
205.440534
 23
116.30361
 33
0.0
  0
SOLID
  5
5E7
330
325
100
AcDbEntity
  8
FD_Dimensions
 62
     0
440
 16777216
100
AcDbTrace
 10
209.199985
 20
120.888019
 30
0.0
 11
210.024943
 21
120.063062
 31
0.0
 12
207.137591
 22
118.000667
 32
0.0
 13
207.137591
 23
118.000667
 33
0.0
  0
POINT
  5
5E8
330
325
100
AcDbEntity
  8
Defpoints
 62
     0
440
 16777216
100
AcDbPoint
 10
207.137591
 20
118.000667
 30
0.0
  0
POINT
  5
5E9
330
325
100
AcDbEntity
  8
Defpoints
 62
     0
440
 16777216
100
AcDbPoint
 10
205.440534
 20
116.30361
 30
0.0
  0
ENDBLK
  5
327
330
325
100
AcDbEntity
  8
0
100
AcDbBlockEnd
  0
BLOCK
  5
331
330
330
100
AcDbEntity
  8
0
100
AcDbBlockBegin
  2
*D26
 70
     1
 10
0.0
 20
0.0
 30
0.0
  3
*D26
  1

  0
LINE
  5
5EA
330
330
100
AcDbEntity
  8
FD_Dimensions
 62
     0
440
 16777216
370
    -2
100
AcDbLine
 10
152.289062
 20
92.552139
 30
0.0
 11
152.289062
 21
71.781826
 31
0.0
  0
LINE
  5
5EB
330
330
100
AcDbEntity
  8
FD_Dimensions
 62
     0
440
 16777216
370
    -2
100
AcDbLine
 10
206.289062
 20
98.852139
 30
0.0
 11
206.289062
 21
71.781826
 31
0.0
  0
LINE
  5
5EC
330
330
100
AcDbEntity
  8
FD_Dimensions
 62
     0
440
 16777216
370
    -2
100
AcDbLine
 10
155.789062
 20
73.881826
 30
0.0
 11
202.789062
 21
73.881826
 31
0.0
  0
SOLID
  5
5ED
330
330
100
AcDbEntity
  8
FD_Dimensions
 62
     0
440
 16777216
100
AcDbTrace
 10
155.789062
 20
74.465159
 30
0.0
 11
155.789062
 21
73.298493
 31
0.0
 12
152.289062
 22
73.881826
 32
0.0
 13
152.289062
 23
73.881826
 33
0.0
  0
SOLID
  5
5EE
330
330
100
AcDbEntity
  8
FD_Dimensions
 62
     0
440
 16777216
100
AcDbTrace
 10
202.789062
 20
74.465159
 30
0.0
 11
202.789062
 21
73.298493
 31
0.0
 12
206.289062
 22
73.881826
 32
0.0
 13
206.289062
 23
73.881826
 33
0.0
  0
MTEXT
  5
5EF
330
330
100
AcDbEntity
  8
FD_Dimensions
 62
     0
440
 16777216
100
AcDbMText
 10
179.289062
 20
77.061669
 30
0.0
 40
3.5
 41
0.0
 46
0.0
 71
     5
 72
     1
  1
54
 73
     1
 44
1.0
  0
POINT
  5
5F0
330
330
100
AcDbEntity
  8
Defpoints
 62
     0
440
 16777216
100
AcDbPoint
 10
152.289062
 20
94.652139
 30
0.0
  0
POINT
  5
5F1
330
330
100
AcDbEntity
  8
Defpoints
 62
     0
440
 16777216
100
AcDbPoint
 10
206.289062
 20
100.952139
 30
0.0
  0
POINT
  5
5F2
330
330
100
AcDbEntity
  8
Defpoints
 62
     0
440
 16777216
100
AcDbPoint
 10
206.289062
 20
73.881826
 30
0.0
  0
ENDBLK
  5
332
330
330
100
AcDbEntity
  8
0
100
AcDbBlockEnd
  0
BLOCK
  5
33D
330
33C
100
AcDbEntity
  8
0
100
AcDbBlockBegin
  2
*D27
 70
     1
 10
0.0
 20
0.0
 30
0.0
  3
*D27
  1

  0
LINE
  5
5F3
330
33C
100
AcDbEntity
  8
FD_Dimensions
 62
     0
440
 16777216
370
    -2
100
AcDbLine
 10
150.689062
 20
94.152139
 30
0.0
 11
125.2
 21
94.152139
 31
0.0
  0
LINE
  5
5F4
330
33C
100
AcDbEntity
  8
FD_Dimensions
 62
     0
440
 16777216
370
    -2
100
AcDbLine
 10
148.989062
 20
117.152139
 30
0.0
 11
125.2
 21
117.152139
 31
0.0
  0
LINE
  5
5F5
330
33C
100
AcDbEntity
  8
FD_Dimensions
 62
     0
440
 16777216
370
    -2
100
AcDbLine
 10
127.3
 20
97.652139
 30
0.0
 11
127.3
 21
113.652139
 31
0.0
  0
SOLID
  5
5F6
330
33C
100
AcDbEntity
  8
FD_Dimensions
 62
     0
440
 16777216
100
AcDbTrace
 10
126.716667
 20
97.652139
 30
0.0
 11
127.883333
 21
97.652139
 31
0.0
 12
127.3
 22
94.152139
 32
0.0
 13
127.3
 23
94.152139
 33
0.0
  0
SOLID
  5
5F7
330
33C
100
AcDbEntity
  8
FD_Dimensions
 62
     0
440
 16777216
100
AcDbTrace
 10
126.716667
 20
113.652139
 30
0.0
 11
127.883333
 21
113.652139
 31
0.0
 12
127.3
 22
117.152139
 32
0.0
 13
127.3
 23
117.152139
 33
0.0
  0
MTEXT
  5
5F8
330
33C
100
AcDbEntity
  8
FD_Dimensions
 62
     0
440
 16777216
100
AcDbMText
 10
124.111801
 20
105.652139
 30
0.0
 40
3.5
 41
0.0
 46
0.0
 71
     5
 72
     1
  1
23
 11
0.0
 21
1.0
 31
0.0
 73
     1
 44
1.0
  0
POINT
  5
5F9
330
33C
100
AcDbEntity
  8
Defpoints
 62
     0
440
 16777216
100
AcDbPoint
 10
152.789062
 20
94.152139
 30
0.0
  0
POINT
  5
5FA
330
33C
100
AcDbEntity
  8
Defpoints
 62
     0
440
 16777216
100
AcDbPoint
 10
151.089062
 20
117.152139
 30
0.0
  0
POINT
  5
5FB
330
33C
100
AcDbEntity
  8
Defpoints
 62
     0
440
 16777216
100
AcDbPoint
 10
127.3
 20
117.152139
 30
0.0
  0
ENDBLK
  5
33E
330
33C
100
AcDbEntity
  8
0
100
AcDbBlockEnd
  0
BLOCK
  5
349
330
348
100
AcDbEntity
  8
0
100
AcDbBlockBegin
  2
*D28
 70
     1
 10
0.0
 20
0.0
 30
0.0
  3
*D28
  1

  0
LINE
  5
5FC
330
348
100
AcDbEntity
  8
FD_Dimensions
 62
     0
440
 16777216
370
    -2
100
AcDbLine
 10
150.689062
 20
94.152139
 30
0.0
 11
139.965625
 21
94.152139
 31
0.0
  0
LINE
  5
5FD
330
348
100
AcDbEntity
  8
FD_Dimensions
 62
     0
440
 16777216
370
    -2
100
AcDbLine
 10
148.989062
 20
106.152139
 30
0.0
 11
139.965625
 21
106.152139
 31
0.0
  0
LINE
  5
5FE
330
348
100
AcDbEntity
  8
FD_Dimensions
 62
     0
440
 16777216
370
    -2
100
AcDbLine
 10
142.065625
 20
97.652139
 30
0.0
 11
142.065625
 21
102.652139
 31
0.0
  0
SOLID
  5
5FF
330
348
100
AcDbEntity
  8
FD_Dimensions
 62
     0
440
 16777216
100
AcDbTrace
 10
141.482292
 20
97.652139
 30
0.0
 11
142.648958
 21
97.652139
 31
0.0
 12
142.065625
 22
94.152139
 32
0.0
 13
142.065625
 23
94.152139
 33
0.0
  0
SOLID
  5
600
330
348
100
AcDbEntity
  8
FD_Dimensions
 62
     0
440
 16777216
100
AcDbTrace
 10
141.482292
 20
102.652139
 30
0.0
 11
142.648958
 21
102.652139
 31
0.0
 12
142.065625
 22
106.152139
 32
0.0
 13
142.065625
 23
106.152139
 33
0.0
  0
MTEXT
  5
601
330
348
100
AcDbEntity
  8
FD_Dimensions
 62
     0
440
 16777216
100
AcDbMText
 10
138.908463
 20
100.152139
 30
0.0
 40
3.5
 41
0.0
 46
0.0
 71
     5
 72
     1
  1
12
 11
0.0
 21
1.0
 31
0.0
 73
     1
 44
1.0
  0
POINT
  5
602
330
348
100
AcDbEntity
  8
Defpoints
 62
     0
440
 16777216
100
AcDbPoint
 10
152.789062
 20
94.152139
 30
0.0
  0
POINT
  5
603
330
348
100
AcDbEntity
  8
Defpoints
 62
     0
440
 16777216
100
AcDbPoint
 10
151.089062
 20
106.152139
 30
0.0
  0
POINT
  5
604
330
348
100
AcDbEntity
  8
Defpoints
 62
     0
440
 16777216
100
AcDbPoint
 10
142.065625
 20
106.152139
 30
0.0
  0
ENDBLK
  5
34A
330
348
100
AcDbEntity
  8
0
100
AcDbBlockEnd
  0
BLOCK
  5
355
330
354
100
AcDbEntity
  8
0
100
AcDbBlockBegin
  2
*D29
 70
     1
 10
0.0
 20
0.0
 30
0.0
  3
*D29
  1

  0
LINE
  5
605
330
354
100
AcDbEntity
  8
FD_Dimensions
 62
     0
440
 16777216
370
    -2
100
AcDbLine
 10
152.289062
 20
92.552139
 30
0.0
 11
152.289062
 21
82.145889
 31
0.0
  0
LINE
  5
606
330
354
100
AcDbEntity
  8
FD_Dimensions
 62
     0
440
 16777216
370
    -2
100
AcDbLine
 10
159.789062
 20
98.552139
 30
0.0
 11
159.789062
 21
82.145889
 31
0.0
  0
LINE
  5
607
330
354
100
AcDbEntity
  8
FD_Dimensions
 62
     0
440
 16777216
370
    -2
100
AcDbLine
 10
148.789062
 20
84.245889
 30
0.0
 11
145.289062
 21
84.245889
 31
0.0
  0
LINE
  5
608
330
354
100
AcDbEntity
  8
FD_Dimensions
 62
     0
440
 16777216
370
    -2
100
AcDbLine
 10
163.289062
 20
84.245889
 30
0.0
 11
175.958776
 21
84.245889
 31
0.0
  0
LINE
  5
609
330
354
100
AcDbEntity
  8
FD_Dimensions
 62
     0
440
 16777216
370
    -2
100
AcDbLine
 10
152.289062
 20
84.245889
 30
0.0
 11
159.789062
 21
84.245889
 31
0.0
  0
SOLID
  5
60A
330
354
100
AcDbEntity
  8
FD_Dimensions
 62
     0
440
 16777216
100
AcDbTrace
 10
148.789062
 20
84.829222
 30
0.0
 11
148.789062
 21
83.662555
 31
0.0
 12
152.289062
 22
84.245889
 32
0.0
 13
152.289062
 23
84.245889
 33
0.0
  0
SOLID
  5
60B
330
354
100
AcDbEntity
  8
FD_Dimensions
 62
     0
440
 16777216
100
AcDbTrace
 10
163.289062
 20
84.829222
 30
0.0
 11
163.289062
 21
83.662555
 31
0.0
 12
159.789062
 22
84.245889
 32
0.0
 13
159.789062
 23
84.245889
 33
0.0
  0
MTEXT
  5
60C
330
354
100
AcDbEntity
  8
FD_Dimensions
 62
     0
440
 16777216
100
AcDbMText
 10
171.373919
 20
87.425732
 30
0.0
 40
3.5
 41
0.0
 46
0.0
 71
     5
 72
     1
  1
7.5
 73
     1
 44
1.0
  0
POINT
  5
60D
330
354
100
AcDbEntity
  8
Defpoints
 62
     0
440
 16777216
100
AcDbPoint
 10
152.289062
 20
94.652139
 30
0.0
  0
POINT
  5
60E
330
354
100
AcDbEntity
  8
Defpoints
 62
     0
440
 16777216
100
AcDbPoint
 10
159.789062
 20
100.652139
 30
0.0
  0
POINT
  5
60F
330
354
100
AcDbEntity
  8
Defpoints
 62
     0
440
 16777216
100
AcDbPoint
 10
159.789062
 20
84.245889
 30
0.0
  0
ENDBLK
  5
356
330
354
100
AcDbEntity
  8
0
100
AcDbBlockEnd
  0
ENDSEC
  0
SECTION
  2
ENTITIES
  0
INSERT
  5
1AB
330
70
100
AcDbEntity
  8
BORDER
100
AcDbBlockReference
  2
ISO_A3_SHEET
 10
0.0
 20
0.0
 30
0.0
  0
INSERT
  5
1F1
330
70
100
AcDbEntity
  8
TITLEBLOCK
100
AcDbBlockReference
 66
     1
  2
ISO_TITLEBLOCK
 10
410.0
 20
10.0
 30
0.0
  0
ATTRIB
  5
22D
330
1F1
100
AcDbEntity
  8
TITLEBLOCK
100
AcDbText
 10
360.0
 20
11.5
 30
0.0
 40
3.5
  1

  7
FusionTitle
 11
360.0
 21
15.0
 31
0.0
100
AcDbAttribute
280
     0
  2
DATE_OF_ISSUE
 70
     0
 74
     3
280
     1
  0
ATTRIB
  5
22E
330
1F1
100
AcDbEntity
  8
TITLEBLOCK
100
AcDbText
 10
354.0
 20
11.35
 30
0.0
 40
3.5
  1

  7
FusionTitle
 72
     1
 11
354.0
 21
14.85
 31
0.0
100
AcDbAttribute
280
     0
  2
REV
 70
     0
 74
     3
280
     1
  0
ATTRIB
  5
22F
330
1F1
100
AcDbEntity
  8
TITLEBLOCK
100
AcDbText
 10
289.0
 20
11.5
 30
0.0
 40
5.0
  1

  7
FusionTitle
 11
289.0
 21
16.5
 31
0.0
100
AcDbAttribute
280
     0
  2
TITLE_3
 70
     0
 74
     3
280
     1
  0
ATTRIB
  5
230
330
1F1
100
AcDbEntity
  8
TITLEBLOCK
100
AcDbText
 10
350.0
 20
38.5
 30
0.0
 40
3.5
  1

  7
FusionTitle
 11
350.0
 21
42.0
 31
0.0
100
AcDbAttribute
280
     0
  2
DOCUMENT_STATUS
 70
     0
 74
     3
280
     1
  0
ATTRIB
  5
231
330
1F1
100
AcDbEntity
  8
TITLEBLOCK
100
AcDbText
 10
289.0
 20
38.5
 30
0.0
 40
3.5
  1

  7
FusionTitle
 11
289.0
 21
42.0
 31
0.0
100
AcDbAttribute
280
     0
  2
DOCUMENT_TYPE
 70
     0
 74
     3
280
     1
  0
ATTRIB
  5
232
330
1F1
100
AcDbEntity
  8
TITLEBLOCK
100
AcDbText
 10
409.007162
 20
48.5
 30
0.0
 40
3.5
  1

  7
FusionTitle
 72
     2
 11
409.007162
 21
52.0
 31
0.0
100
AcDbAttribute
280
     0
  2
APPROVED_DATE
 70
     0
 74
     3
280
     1
  0
ATTRIB
  5
233
330
1F1
100
AcDbEntity
  8
TITLEBLOCK
100
AcDbText
 10
328.967258
 20
48.5
 30
0.0
 40
3.5
  1
20.04.26
  7
FusionTitle
 72
     2
 11
348.0
 21
52.0
 31
0.0
100
AcDbAttribute
280
     0
  2
CREATED_DATE
 70
     0
 74
     3
280
     1
  0
ATTRIB
  5
234
330
1F1
100
AcDbEntity
  8
TITLEBLOCK
100
AcDbText
 10
399.101467
 20
11.35
 30
0.0
 40
3.5
  1
1/1
  7
FusionTitle
 72
     1
 11
402.5
 21
14.85
 31
0.0
100
AcDbAttribute
280
     0
  2
SHEET
 70
     0
 74
     3
280
     1
  0
ATTRIB
  5
235
330
1F1
100
AcDbEntity
  8
TITLEBLOCK
100
AcDbText
 10
289.0
 20
19.0
 30
0.0
 40
5.0
  1

  7
FusionTitle
 11
289.0
 21
24.0
 31
0.0
100
AcDbAttribute
280
     0
  2
TITLE_2
 70
     0
 74
     3
280
     1
  0
ATTRIB
  5
236
330
1F1
100
AcDbEntity
  8
TITLEBLOCK
100
AcDbText
 10
379.5
 20
24.751432
 30
0.0
 40
5.0
  1

  7
FusionTitle
 72
     1
 11
379.5
 21
29.751432
 31
0.0
100
AcDbAttribute
280
     0
  2
DRAWING_NUMBER
 70
     0
 74
     3
280
     1
  0
ATTRIB
  5
237
330
1F1
100
AcDbEntity
  8
TITLEBLOCK
100
AcDbText
 10
289.0
 20
26.5
 30
0.0
 40
5.0
  1
foot
  7
FusionTitle
 11
289.0
 21
31.5
 31
0.0
100
AcDbAttribute
280
     0
  2
TITLE_1
 70
     0
 74
     3
280
     1
  0
ATTRIB
  5
238
330
1F1
100
AcDbEntity
  8
TITLEBLOCK
100
AcDbText
 10
350.0
 20
48.5
 30
0.0
 40
3.5
  1

  7
FusionTitle
 11
350.0
 21
52.0
 31
0.0
100
AcDbAttribute
280
     0
  2
APPROVED_BY
 70
     0
 74
     3
280
     1
  0
ATTRIB
  5
239
330
1F1
100
AcDbEntity
  8
TITLEBLOCK
100
AcDbText
 10
289.0
 20
48.5
 30
0.0
 40
3.5
  1
Shrikar Nakhye
  7
FusionTitle
 11
289.0
 21
52.0
 31
0.0
100
AcDbAttribute
280
     0
  2
CREATED_BY
 70
     0
 74
     3
280
     1
  0
ATTRIB
  5
23A
330
1F1
100
AcDbEntity
  8
TITLEBLOCK
100
AcDbText
 10
255.0
 20
48.5
 30
0.0
 40
3.5
  1

  7
FusionTitle
 11
255.0
 21
52.0
 31
0.0
100
AcDbAttribute
280
     0
  2
TECHNICAL_REFERENCE
 70
     0
 74
     3
280
     1
  0
ATTRIB
  5
23B
330
1F1
100
AcDbEntity
  8
TITLEBLOCK
100
AcDbText
 10
231.0
 20
48.5
 30
0.0
 40
3.5
  1

  7
FusionTitle
 11
231.0
 21
52.0
 31
0.0
100
AcDbAttribute
280
     0
  2
DEPT
 70
     0
 74
     3
280
     1
  0
SEQEND
  5
23C
330
1F1
100
AcDbEntity
  8
TITLEBLOCK
  0
INSERT
  5
23D
330
70
100
AcDbEntity
  8
Smart Centers
 48
0.75
100
AcDbBlockReference
  2
*U6
 10
156.289062
 20
117.152139
 30
0.0
  0
INSERT
  5
248
330
70
100
AcDbEntity
  8
Smart Centers
 48
0.75
100
AcDbBlockReference
  2
*U7
 10
156.289062
 20
106.152139
 30
0.0
  0
INSERT
  5
252
330
70
100
AcDbEntity
  8
Smart Centers
 48
0.75
100
AcDbBlockReference
  2
*U8
 10
206.289062
 20
106.152139
 30
0.0
  0
INSERT
  5
25C
330
70
100
AcDbEntity
  8
Smart Centers
 48
0.75
100
AcDbBlockReference
  2
*U9
 10
206.289062
 20
117.152139
 30
0.0
  0
DIMENSION
  5
266
330
70
100
AcDbEntity
  8
FD_Dimensions
100
AcDbDimension
280
     0
  2
*D20
 10
210.289062
 20
155.132813
 30
0.0
 11
181.289062
 21
158.319818
 31
0.0
 70
    32
 71
     5
 42
58.0
 73
     0
 74
     0
 75
     0
  3
Dim-ISO-25
100
AcDbAlignedDimension
 13
152.289062
 23
165.796875
 33
0.0
 14
210.289062
 24
165.796875
 34
0.0
100
AcDbRotatedDimension
1001
FUSDOC_AUTODIM_XDATA
1070
     1
1071
        0
1071
     4000
1071
        1
1071
  1049600
1071
        0
1071
        0
1001
ACAD_DIMASSOC_CALC_DIMLFAC
1040
-1.0
1001
ACAD_DIMASSOC_DIMLFAC
1040
-1.0
1001
ACAD_DIMASSOC_OVERRIDDEN_DIMLFAC
1040
0.0
1001
AUTO_ARRANGE_XDATA
1070
     1
1071
        4
1040
10.664063
1040
0.0
1001
ACAD_DSTYLE_DIMJAG_POSITION
1070
   387
1070
     0
1070
   389
1010
0.0
1020
0.0
1030
0.0
1001
ACAD
1000
DSTYLE
1002
{
1070
   144
1040
1.0
1002
}
  0
DIMENSION
  5
274
330
70
100
AcDbEntity
  8
FD_Dimensions
100
AcDbDimension
280
     0
  2
*D21
 10
142.125
 20
220.296875
 30
0.0
 11
138.945157
 21
192.796875
 31
0.0
 70
    32
 71
     5
 42
55.0
 73
     0
 74
     0
 75
     0
  3
Dim-ISO-25
100
AcDbAlignedDimension
 13
152.789062
 23
165.296875
 33
0.0
 14
152.789062
 24
220.296875
 34
0.0
 50
90.0
100
AcDbRotatedDimension
1001
FUSDOC_AUTODIM_XDATA
1070
     1
1071
        0
1071
     4000
1071
        1
1071
  1049616
1071
        0
1071
        0
1001
ACAD_DIMASSOC_CALC_DIMLFAC
1040
-1.0
1001
ACAD_DIMASSOC_DIMLFAC
1040
-1.0
1001
ACAD_DIMASSOC_OVERRIDDEN_DIMLFAC
1040
0.0
1001
AUTO_ARRANGE_XDATA
1070
     1
1071
        7
1040
10.664063
1040
0.0
1001
ACAD_DSTYLE_DIMJAG_POSITION
1070
   387
1070
     0
1070
   389
1010
0.0
1020
0.0
1030
0.0
1001
ACAD
1000
DSTYLE
1002
{
1070
   144
1040
1.0
1002
}
  0
DIMENSION
  5
281
330
70
100
AcDbEntity
  8
FD_Dimensions
100
AcDbDimension
280
     0
  2
*D22
 10
294.465049
 20
155.132813
 30
0.0
 11
274.379183
 21
158.319818
 31
0.0
 70
    32
 71
     5
 42
40.171732
 73
     0
 74
     0
 75
     0
  3
Dim-ISO-25
100
AcDbAlignedDimension
 13
254.293317
 23
165.772394
 33
0.0
 14
294.465049
 24
165.796875
 34
0.0
100
AcDbRotatedDimension
1001
FUSDOC_AUTODIM_XDATA
1070
     1
1071
        0
1071
     3920
1071
        1
1071
  3146756
1071
        0
1071
        0
1001
ACAD_DIMASSOC_CALC_DIMLFAC
1040
-1.0
1001
ACAD_DIMASSOC_DIMLFAC
1040
-1.0
1001
ACAD_DIMASSOC_OVERRIDDEN_DIMLFAC
1040
0.0
1001
AUTO_ARRANGE_XDATA
1070
     1
1071
        4
1040
10.639582
1040
0.0
1001
ACAD_DSTYLE_DIMJAG_POSITION
1070
   387
1070
     0
1070
   389
1010
0.0
1020
0.0
1030
0.0
1001
ACAD
1000
DSTYLE
1002
{
1070
   144
1040
1.0
1002
}
  0
DIMENSION
  5
28E
330
70
100
AcDbEntity
  8
FD_Dimensions
100
AcDbDimension
280
     0
  2
*D23
 10
220.475496
 20
134.315732
 30
0.0
 11
217.28849
 21
114.233935
 31
0.0
 70
    32
 71
     5
 42
40.163594
 73
     0
 74
     0
 75
     0
  3
Dim-ISO-25
100
AcDbAlignedDimension
 13
209.789062
 23
94.152139
 33
0.0
 14
209.811433
 24
134.315732
 34
0.0
 50
90.0
100
AcDbRotatedDimension
1001
FUSDOC_AUTODIM_XDATA
1070
     1
1071
        0
1071
     3920
1071
        1
1071
  3146768
1071
        0
1071
        0
1001
ACAD_DIMASSOC_CALC_DIMLFAC
1040
-1.0
1001
ACAD_DIMASSOC_DIMLFAC
1040
-1.0
1001
ACAD_DIMASSOC_OVERRIDDEN_DIMLFAC
1040
0.0
1001
AUTO_ARRANGE_XDATA
1070
     1
1071
        4
1040
10.664063
1040
0.0
1001
ACAD_DSTYLE_DIMJAG_POSITION
1070
   387
1070
     0
1070
   389
1010
0.0
1020
0.0
1030
0.0
1001
ACAD
1000
DSTYLE
1002
{
1070
   144
1040
1.0
1002
}
  0
DIMENSION
  5
29B
330
70
100
AcDbEntity
  8
FD_Dimensions
100
AcDbDimension
280
     0
  2
*D24
 10
204.831324
 20
118.026781
 30
0.0
 11
228.841673
 21
103.620572
 31
0.0
 70
   163
 71
     5
 42
3.4
 73
     0
 74
     0
 75
     0
  3
Dim-ISO-25
100
AcDbDiametricDimension
 15
207.7468
 25
116.277496
 35
0.0
 40
0.0
1001
FUSDOC_AUTODIM_XDATA
1070
     1
1071
        0
1071
     3000
1071
        0
1071
       32
1071
        0
1071
        0
1001
ACAD_DIMASSOC_CALC_DIMLFAC
1040
-1.0
1001
ACAD_DIMASSOC_DIMLFAC
1040
-1.0
1001
ACAD_DIMASSOC_OVERRIDDEN_DIMLFAC
1040
0.0
1001
AUTO_ARRANGE_XDATA
1070
     2
1040
0.54042
1070
     0
1040
24.600638
1001
ACAD_DSTYLE_DIMJAG_POSITION
1070
   387
1070
     0
1070
   389
1010
0.0
1020
0.0
1030
0.0
1001
ACAD_DSTYLE_DIMRADIAL_EXTENSION
1070
   387
1070
     1
1070
   388
1040
0.0
1070
   390
1040
0.0
1001
ACAD
1000
DSTYLE
1002
{
1070
   144
1040
1.0
1002
}
  0
DIMENSION
  5
2A7
330
70
100
AcDbEntity
  8
FD_Dimensions
100
AcDbDimension
280
     0
  2
*D25
 10
205.440534
 20
116.30361
 30
0.0
 11
224.352791
 21
135.215867
 31
0.0
 70
   163
 71
     5
 42
2.4
 73
     0
 74
     0
 75
     0
  3
Dim-ISO-25
100
AcDbDiametricDimension
 15
207.137591
 25
118.000667
 35
0.0
 40
0.0
1001
FUSDOC_AUTODIM_XDATA
1070
     1
1071
        0
1071
     3000
1071
        0
1071
       32
1071
        0
1071
        0
1001
ACAD_DIMASSOC_CALC_DIMLFAC
1040
-1.0
1001
ACAD_DIMASSOC_DIMLFAC
1040
-1.0
1001
ACAD_DIMASSOC_OVERRIDDEN_DIMLFAC
1040
0.0
1001
AUTO_ARRANGE_XDATA
1070
     2
1040
5.497787
1070
     0
1040
24.34597
1001
ACAD_DSTYLE_DIMJAG_POSITION
1070
   387
1070
     0
1070
   389
1010
0.0
1020
0.0
1030
0.0
1001
ACAD_DSTYLE_DIMRADIAL_EXTENSION
1070
   387
1070
     1
1070
   388
1040
0.0
1070
   390
1040
0.0
1001
ACAD
1000
DSTYLE
1002
{
1070
   144
1040
1.0
1002
}
  0
DIMENSION
  5
2B3
330
70
100
AcDbEntity
  8
FD_Dimensions
100
AcDbDimension
280
     0
  2
*D26
 10
206.289062
 20
73.881826
 30
0.0
 11
179.289062
 21
77.061669
 31
0.0
 70
    32
 71
     5
 42
54.0
 73
     0
 74
     0
 75
     0
  3
Dim-ISO-25
100
AcDbAlignedDimension
 13
152.289062
 23
94.652139
 33
0.0
 14
206.289062
 24
100.952139
 34
0.0
100
AcDbRotatedDimension
1001
FUSDOC_AUTODIM_XDATA
1070
     1
1071
        0
1071
     1500
1071
        0
1071
   132096
1071
        0
1071
        0
1001
ACAD_DIMASSOC_CALC_DIMLFAC
1040
-1.0
1001
ACAD_DIMASSOC_DIMLFAC
1040
-1.0
1001
ACAD_DIMASSOC_OVERRIDDEN_DIMLFAC
1040
0.0
1001
AUTO_ARRANGE_XDATA
1070
     1
1071
        4
1040
20.770312
1040
0.0
1001
ACAD_DSTYLE_DIMJAG_POSITION
1070
   387
1070
     0
1070
   389
1010
0.0
1020
0.0
1030
0.0
1001
ACAD
1000
DSTYLE
1002
{
1070
   144
1040
1.0
1002
}
  0
DIMENSION
  5
2C0
330
70
100
AcDbEntity
  8
FD_Dimensions
100
AcDbDimension
280
     0
  2
*D27
 10
127.3
 20
117.152139
 30
0.0
 11
124.111801
 21
105.652139
 31
0.0
 70
    32
 71
     5
 42
23.0
 73
     0
 74
     0
 75
     0
  3
Dim-ISO-25
100
AcDbAlignedDimension
 13
152.789062
 23
94.152139
 33
0.0
 14
151.089062
 24
117.152139
 34
0.0
 50
90.0
100
AcDbRotatedDimension
1001
FUSDOC_AUTODIM_XDATA
1070
     1
1071
        0
1071
     1500
1071
        0
1071
   132096
1071
        0
1071
        0
1001
ACAD_DIMASSOC_CALC_DIMLFAC
1040
-1.0
1001
ACAD_DIMASSOC_DIMLFAC
1040
-1.0
1001
ACAD_DIMASSOC_OVERRIDDEN_DIMLFAC
1040
0.0
1001
AUTO_ARRANGE_XDATA
1070
     1
1071
        7
1040
23.789063
1040
0.0
1001
ACAD_DSTYLE_DIMJAG_POSITION
1070
   387
1070
     0
1070
   389
1010
0.0
1020
0.0
1030
0.0
1001
ACAD
1000
DSTYLE
1002
{
1070
   144
1040
1.0
1002
}
  0
DIMENSION
  5
2CD
330
70
100
AcDbEntity
  8
FD_Dimensions
100
AcDbDimension
280
     0
  2
*D28
 10
142.065625
 20
106.152139
 30
0.0
 11
138.908463
 21
100.152139
 31
0.0
 70
    32
 71
     5
 42
12.0
 73
     0
 74
     0
 75
     0
  3
Dim-ISO-25
100
AcDbAlignedDimension
 13
152.789062
 23
94.152139
 33
0.0
 14
151.089062
 24
106.152139
 34
0.0
 50
90.0
100
AcDbRotatedDimension
1001
FUSDOC_AUTODIM_XDATA
1070
     1
1071
        0
1071
     1500
1071
        0
1071
   132096
1071
        0
1071
        0
1001
ACAD_DIMASSOC_CALC_DIMLFAC
1040
-1.0
1001
ACAD_DIMASSOC_DIMLFAC
1040
-1.0
1001
ACAD_DIMASSOC_OVERRIDDEN_DIMLFAC
1040
0.0
1001
AUTO_ARRANGE_XDATA
1070
     1
1071
        7
1040
9.023438
1040
0.0
1001
ACAD_DSTYLE_DIMJAG_POSITION
1070
   387
1070
     0
1070
   389
1010
0.0
1020
0.0
1030
0.0
1001
ACAD
1000
DSTYLE
1002
{
1070
   144
1040
1.0
1002
}
  0
DIMENSION
  5
2DA
330
70
100
AcDbEntity
  8
FD_Dimensions
100
AcDbDimension
280
     0
  2
*D29
 10
159.789062
 20
84.245889
 30
0.0
 11
171.373919
 21
87.425732
 31
0.0
 70
    32
 71
     5
 42
7.5
 73
     0
 74
     0
 75
     0
  3
Dim-ISO-25
100
AcDbAlignedDimension
 13
152.289062
 23
94.652139
 33
0.0
 14
159.789062
 24
100.652139
 34
0.0
100
AcDbRotatedDimension
1001
FUSDOC_AUTODIM_XDATA
1070
     1
1071
        0
1071
     1500
1071
        0
1071
   132096
1071
        0
1071
        0
1001
ACAD_DIMASSOC_CALC_DIMLFAC
1040
-1.0
1001
ACAD_DIMASSOC_DIMLFAC
1040
-1.0
1001
ACAD_DIMASSOC_OVERRIDDEN_DIMLFAC
1040
0.0
1001
AUTO_ARRANGE_XDATA
1070
     1
1071
        4
1040
10.40625
1040
0.0
1001
ACAD_DSTYLE_DIMJAG_POSITION
1070
   387
1070
     0
1070
   389
1010
0.0
1020
0.0
1030
0.0
1001
ACAD
1000
DSTYLE
1002
{
1070
   144
1040
1.0
1002
}
  0
LINE
  5
471
330
70
100
AcDbEntity
  8
Visible
100
AcDbLine
 10
210.289062
 20
219.796875
 30
0.0
 11
210.289062
 21
169.796875
 31
0.0
210
0.0
220
1.0
230
0.0
  0
LINE
  5
472
330
70
100
AcDbEntity
  8
Visible
100
AcDbLine
 10
210.289062
 20
168.796875
 30
0.0
 11
210.289062
 21
169.796875
 31
0.0
210
0.0
220
1.0
230
0.0
  0
LINE
  5
473
330
70
100
AcDbEntity
  8
Visible
100
AcDbLine
 10
210.289062
 20
168.796875
 30
0.0
 11
210.289062
 21
165.796875
 31
0.0
210
0.0
220
1.0
230
0.0
  0
LINE
  5
474
330
70
100
AcDbEntity
  8
Visible
100
AcDbLine
 10
152.289062
 20
169.796875
 30
0.0
 11
152.289062
 21
168.796875
 31
0.0
210
0.0
220
1.0
230
0.0
  0
LINE
  5
475
330
70
100
AcDbEntity
  8
Visible
100
AcDbLine
 10
152.289062
 20
169.796875
 30
0.0
 11
152.289062
 21
219.796875
 31
0.0
210
0.0
220
1.0
230
0.0
  0
LINE
  5
476
330
70
100
AcDbEntity
  8
Visible
100
AcDbLine
 10
152.289062
 20
165.796875
 30
0.0
 11
152.289062
 21
168.796875
 31
0.0
210
0.0
220
1.0
230
0.0
  0
LINE
  5
477
330
70
100
AcDbEntity
  8
Visible
100
AcDbLine
 10
152.789062
 20
169.296875
 30
0.0
 11
209.789062
 21
169.296875
 31
0.0
210
0.0
220
1.0
230
0.0
  0
LINE
  5
478
330
70
100
AcDbEntity
  8
Visible
100
AcDbLine
 10
209.789062
 20
165.296875
 30
0.0
 11
152.789062
 21
165.296875
 31
0.0
210
0.0
220
1.0
230
0.0
  0
LINE
  5
479
330
70
100
AcDbEntity
  8
Visible
100
AcDbLine
 10
152.789062
 20
220.296875
 30
0.0
 11
209.789062
 21
220.296875
 31
0.0
210
0.0
220
1.0
230
0.0
  0
LINE
  5
47A
330
70
100
AcDbEntity
  8
Visible
100
AcDbLine
 10
152.789062
 20
219.796875
 30
0.0
 11
152.789062
 21
169.796875
 31
0.0
210
0.0
220
1.0
230
0.0
  0
LINE
  5
47B
330
70
100
AcDbEntity
  8
Visible
100
AcDbLine
 10
152.789062
 20
169.796875
 30
0.0
 11
209.789062
 21
169.796875
 31
0.0
210
0.0
220
1.0
230
0.0
  0
LINE
  5
47C
330
70
100
AcDbEntity
  8
Visible
100
AcDbLine
 10
209.789062
 20
169.796875
 30
0.0
 11
209.789062
 21
219.796875
 31
0.0
210
0.0
220
1.0
230
0.0
  0
LINE
  5
47D
330
70
100
AcDbEntity
  8
Visible
100
AcDbLine
 10
209.789062
 20
219.796875
 30
0.0
 11
152.789062
 21
219.796875
 31
0.0
210
0.0
220
1.0
230
0.0
  0
ARC
  5
47E
330
70
100
AcDbEntity
  8
Hidden
100
AcDbCircle
 10
-938.032203
 20
192.796753
 30
0.0
 40
1147.846129718291
100
AcDbArc
 50
358.667914
 51
1.332474
  0
ARC
  5
47F
330
70
100
AcDbEntity
  8
Hidden
100
AcDbCircle
 10
181.289183
 20
1332.463348
 30
0.0
 40
1166.693958357356
100
AcDbArc
 50
268.614008
 51
271.385657
  0
ARC
  5
480
330
70
100
AcDbEntity
  8
Hidden
100
AcDbCircle
 10
1302.833915
 20
192.795544
 30
0.0
 40
1150.075652121343
100
AcDbArc
 50
178.670058
 51
181.329435
  0
ARC
  5
481
330
70
100
AcDbEntity
  8
Hidden
100
AcDbCircle
 10
181.291377
 20
-944.681365
 30
0.0
 40
1164.513591464077
100
AcDbArc
 50
88.611865
 51
91.388687
  0
LINE
  5
482
330
70
100
AcDbEntity
  8
Visible
100
AcDbLine
 10
152.789062
 20
168.796875
 30
0.0
 11
152.789062
 21
165.796875
 31
0.0
210
0.0
220
1.0
230
0.0
  0
LINE
  5
483
330
70
100
AcDbEntity
  8
Visible
100
AcDbLine
 10
152.789062
 20
165.796875
 30
0.0
 11
209.789062
 21
165.796875
 31
0.0
210
0.0
220
1.0
230
0.0
  0
LINE
  5
484
330
70
100
AcDbEntity
  8
Visible
100
AcDbLine
 10
209.789062
 20
165.796875
 30
0.0
 11
209.789062
 21
168.796875
 31
0.0
210
0.0
220
1.0
230
0.0
  0
LINE
  5
485
330
70
100
AcDbEntity
  8
Visible
100
AcDbLine
 10
209.789062
 20
168.796875
 30
0.0
 11
152.789062
 21
168.796875
 31
0.0
210
0.0
220
1.0
230
0.0
  0
LINE
  5
486
330
70
100
AcDbEntity
  8
Hidden
100
AcDbLine
 10
160.289062
 20
168.796875
 30
0.0
 11
160.289062
 21
165.796875
 31
0.0
210
0.0
220
1.0
230
0.0
  0
LINE
  5
487
330
70
100
AcDbEntity
  8
Hidden
100
AcDbLine
 10
160.789062
 20
165.796875
 30
0.0
 11
160.789062
 21
168.796875
 31
0.0
210
0.0
220
1.0
230
0.0
  0
LINE
  5
488
330
70
100
AcDbEntity
  8
Hidden
100
AcDbLine
 10
201.789062
 20
168.796875
 30
0.0
 11
201.789062
 21
165.796875
 31
0.0
210
0.0
220
1.0
230
0.0
  0
LINE
  5
489
330
70
100
AcDbEntity
  8
Hidden
100
AcDbLine
 10
202.289062
 20
165.796875
 30
0.0
 11
202.289062
 21
168.796875
 31
0.0
210
0.0
220
1.0
230
0.0
  0
LINE
  5
48A
330
70
100
AcDbEntity
  8
Hidden
100
AcDbLine
 10
202.789062
 20
169.296875
 30
0.0
 11
202.289062
 21
168.796875
 31
0.0
210
0.0
220
1.0
230
0.0
  0
LINE
  5
48B
330
70
100
AcDbEntity
  8
Hidden
100
AcDbLine
 10
159.789062
 20
169.296875
 30
0.0
 11
160.539062
 21
168.546875
 31
0.0
210
0.0
220
1.0
230
0.0
  0
LINE
  5
48C
330
70
100
AcDbEntity
  8
Hidden
100
AcDbLine
 10
201.789062
 20
168.796875
 30
0.0
 11
201.789062
 21
169.296875
 31
0.0
210
0.0
220
1.0
230
0.0
  0
LINE
  5
48D
330
70
100
AcDbEntity
  8
Hidden
100
AcDbLine
 10
160.789062
 20
168.796875
 30
0.0
 11
160.539062
 21
168.546875
 31
0.0
210
0.0
220
1.0
230
0.0
  0
LINE
  5
48E
330
70
100
AcDbEntity
  8
Hidden
100
AcDbLine
 10
160.789062
 20
168.796875
 30
0.0
 11
160.789062
 21
169.296875
 31
0.0
210
0.0
220
1.0
230
0.0
  0
LINE
  5
48F
330
70
100
AcDbEntity
  8
Hidden
100
AcDbLine
 10
202.289062
 20
165.796875
 30
0.0
 11
202.789062
 21
165.296875
 31
0.0
210
0.0
220
1.0
230
0.0
  0
LINE
  5
490
330
70
100
AcDbEntity
  8
Hidden
100
AcDbLine
 10
201.789062
 20
165.796875
 30
0.0
 11
201.789062
 21
165.296875
 31
0.0
210
0.0
220
1.0
230
0.0
  0
LINE
  5
491
330
70
100
AcDbEntity
  8
Hidden
100
AcDbLine
 10
160.789062
 20
165.296875
 30
0.0
 11
160.789062
 21
165.796875
 31
0.0
210
0.0
220
1.0
230
0.0
  0
LINE
  5
492
330
70
100
AcDbEntity
  8
Hidden
100
AcDbLine
 10
160.539062
 20
166.046875
 30
0.0
 11
159.789062
 21
165.296875
 31
0.0
210
0.0
220
1.0
230
0.0
  0
LINE
  5
493
330
70
100
AcDbEntity
  8
Hidden
100
AcDbLine
 10
160.539062
 20
166.046875
 30
0.0
 11
160.789062
 21
165.796875
 31
0.0
210
0.0
220
1.0
230
0.0
  0
LINE
  5
494
330
70
100
AcDbEntity
  8
Visible
100
AcDbLine
 10
209.789062
 20
169.796875
 30
0.0
 11
210.289062
 21
169.796875
 31
0.0
210
0.0
220
1.0
230
0.0
  0
LINE
  5
495
330
70
100
AcDbEntity
  8
Visible
100
AcDbLine
 10
209.789062
 20
169.296875
 30
0.0
 11
209.789062
 21
169.796875
 31
0.0
210
0.0
220
1.0
230
0.0
  0
LINE
  5
496
330
70
100
AcDbEntity
  8
Visible
100
AcDbLine
 10
152.789062
 20
169.296875
 30
0.0
 11
152.789062
 21
169.796875
 31
0.0
210
0.0
220
1.0
230
0.0
  0
LINE
  5
497
330
70
100
AcDbEntity
  8
Visible
100
AcDbLine
 10
210.289062
 20
168.796875
 30
0.0
 11
209.789062
 21
169.296875
 31
0.0
210
0.0
220
1.0
230
0.0
  0
LINE
  5
498
330
70
100
AcDbEntity
  8
Visible
100
AcDbLine
 10
209.789062
 20
219.796875
 30
0.0
 11
210.289062
 21
219.796875
 31
0.0
210
0.0
220
1.0
230
0.0
  0
LINE
  5
499
330
70
100
AcDbEntity
  8
Visible
100
AcDbLine
 10
152.289062
 20
169.796875
 30
0.0
 11
152.789062
 21
169.796875
 31
0.0
210
0.0
220
1.0
230
0.0
  0
LINE
  5
49A
330
70
100
AcDbEntity
  8
Visible
100
AcDbLine
 10
152.789062
 20
169.296875
 30
0.0
 11
152.289062
 21
168.796875
 31
0.0
210
0.0
220
1.0
230
0.0
  0
LINE
  5
49B
330
70
100
AcDbEntity
  8
Visible
100
AcDbLine
 10
209.789062
 20
169.296875
 30
0.0
 11
209.789062
 21
168.796875
 31
0.0
210
0.0
220
1.0
230
0.0
  0
LINE
  5
49C
330
70
100
AcDbEntity
  8
Visible
100
AcDbLine
 10
152.789062
 20
168.796875
 30
0.0
 11
152.789062
 21
169.296875
 31
0.0
210
0.0
220
1.0
230
0.0
  0
LINE
  5
49D
330
70
100
AcDbEntity
  8
Visible
100
AcDbLine
 10
210.289062
 20
168.796875
 30
0.0
 11
209.789062
 21
168.796875
 31
0.0
210
0.0
220
1.0
230
0.0
  0
LINE
  5
49E
330
70
100
AcDbEntity
  8
Visible
100
AcDbLine
 10
209.789062
 20
220.296875
 30
0.0
 11
210.289062
 21
219.796875
 31
0.0
210
0.0
220
1.0
230
0.0
  0
LINE
  5
49F
330
70
100
AcDbEntity
  8
Visible
100
AcDbLine
 10
209.789062
 20
219.796875
 30
0.0
 11
209.789062
 21
220.296875
 31
0.0
210
0.0
220
1.0
230
0.0
  0
LINE
  5
4A0
330
70
100
AcDbEntity
  8
Visible
100
AcDbLine
 10
152.789062
 20
219.796875
 30
0.0
 11
152.789062
 21
220.296875
 31
0.0
210
0.0
220
1.0
230
0.0
  0
LINE
  5
4A1
330
70
100
AcDbEntity
  8
Visible
100
AcDbLine
 10
152.289062
 20
219.796875
 30
0.0
 11
152.789062
 21
219.796875
 31
0.0
210
0.0
220
1.0
230
0.0
  0
LINE
  5
4A2
330
70
100
AcDbEntity
  8
Visible
100
AcDbLine
 10
152.789062
 20
168.796875
 30
0.0
 11
152.289062
 21
168.796875
 31
0.0
210
0.0
220
1.0
230
0.0
  0
LINE
  5
4A3
330
70
100
AcDbEntity
  8
Visible
100
AcDbLine
 10
210.039062
 20
165.546875
 30
0.0
 11
209.789062
 21
165.796875
 31
0.0
210
0.0
220
1.0
230
0.0
  0
LINE
  5
4A4
330
70
100
AcDbEntity
  8
Visible
100
AcDbLine
 10
210.039062
 20
165.546875
 30
0.0
 11
210.289062
 21
165.796875
 31
0.0
210
0.0
220
1.0
230
0.0
  0
LINE
  5
4A5
330
70
100
AcDbEntity
  8
Visible
100
AcDbLine
 10
152.289062
 20
219.796875
 30
0.0
 11
152.789062
 21
220.296875
 31
0.0
210
0.0
220
1.0
230
0.0
  0
LINE
  5
4A6
330
70
100
AcDbEntity
  8
Visible
100
AcDbLine
 10
152.789062
 20
165.796875
 30
0.0
 11
152.289062
 21
165.796875
 31
0.0
210
0.0
220
1.0
230
0.0
  0
LINE
  5
4A7
330
70
100
AcDbEntity
  8
Visible
100
AcDbLine
 10
209.789062
 20
165.296875
 30
0.0
 11
210.039062
 21
165.546875
 31
0.0
210
0.0
220
1.0
230
0.0
  0
LINE
  5
4A8
330
70
100
AcDbEntity
  8
Visible
100
AcDbLine
 10
152.789062
 20
165.296875
 30
0.0
 11
152.789062
 21
165.796875
 31
0.0
210
0.0
220
1.0
230
0.0
  0
SPLINE
  5
4A9
330
70
100
AcDbEntity
  8
Hidden
100
AcDbSpline
210
0.0
220
0.0
230
1.0
 70
     8
 71
     3
 72
    10
 73
     6
 74
     0
 42
0.000000001
 43
0.0000000001
 40
0.0000013417988058
 40
0.0000013417988058
 40
0.0000013417988058
 40
0.0000013417988058
 40
0.0533913716484014
 40
0.0533913716484014
 40
0.1067985598131572
 40
0.1067985598131572
 40
0.1067985598131572
 40
0.1067985598131572
 10
210.0536769686296
 20
220.0322605147092
 30
0.0
 10
209.9610038528226
 20
219.9409313244177
 30
0.0
 10
209.8686855551987
 20
219.8499733644633
 30
0.0
 10
209.6847131806407
 20
219.6687570665898
 30
0.0
 10
209.5931121260473
 20
219.5785493012885
 30
0.0
 10
209.5018490460861
 20
219.4886933364791
 30
0.0
  0
ARC
  5
4AA
330
70
100
AcDbEntity
  8
Hidden
100
AcDbCircle
 10
185.910662
 20
231.342165
 30
0.0
 40
34.91473656021293
100
AcDbArc
 50
198.442355
 51
199.846583
  0
LINE
  5
4AB
330
70
100
AcDbEntity
  8
Visible
100
AcDbLine
 10
152.789062
 20
165.296875
 30
0.0
 11
152.289062
 21
165.796875
 31
0.0
210
0.0
220
1.0
230
0.0
  0
ARC
  5
4AC
330
70
100
AcDbEntity
  8
Hidden
100
AcDbCircle
 10
139.374506
 20
185.960741
 30
0.0
 40
36.21698154946152
100
AcDbArc
 50
67.781327
 51
69.109173
  0
SPLINE
  5
4AD
330
70
100
AcDbEntity
  8
Hidden
100
AcDbSpline
210
0.0
220
0.0
230
1.0
 70
     8
 71
     3
 72
    10
 73
     6
 74
     0
 42
0.000000001
 43
0.0000000001
 40
-0.1068389773172238
 40
-0.1068389773172238
 40
-0.1068389773172238
 40
-0.1068389773172238
 40
-0.053430015301841
 40
-0.053430015301841
 40
-0.0000009940097992
 40
-0.0000009940097992
 40
-0.0000009940097992
 40
-0.0000009940097992
 10
153.0694953906513
 20
166.1127536920109
 30
0.0
 10
152.9785704927981
 20
166.0221852678898
 30
0.0
 10
152.8874632070128
 20
165.931428655679
 30
0.0
 10
152.7044333451267
 20
165.7490922435653
 30
0.0
 10
152.6125454694665
 20
165.6575489274372
 30
0.0
 10
152.5202954816141
 20
165.5656420081424
 30
0.0
  0
ARC
  5
4AE
330
70
100
AcDbEntity
  8
Hidden
100
AcDbCircle
 10
223.297162
 20
199.363361
 30
0.0
 40
35.99888433264401
100
AcDbArc
 50
247.467344
 51
248.817038
  0
ARC
  5
4AF
330
70
100
AcDbEntity
  8
Hidden
100
AcDbCircle
 10
176.942373
 20
154.19723
 30
0.0
 40
34.67141676312002
100
AcDbArc
 50
18.671282
 51
20.100329
  0
LINE
  5
4B0
330
70
100
AcDbEntity
  8
Hidden
100
AcDbLine
 10
207.489062
 20
168.796875
 30
0.0
 11
207.489062
 21
165.796875
 31
0.0
210
0.0
220
1.0
230
0.0
  0
LINE
  5
4B1
330
70
100
AcDbEntity
  8
Hidden
100
AcDbLine
 10
205.089062
 20
168.796875
 30
0.0
 11
205.089062
 21
165.796875
 31
0.0
210
0.0
220
1.0
230
0.0
  0
LINE
  5
4B2
330
70
100
AcDbEntity
  8
Hidden
100
AcDbLine
 10
157.489062
 20
168.796875
 30
0.0
 11
157.489062
 21
165.796875
 31
0.0
210
0.0
220
1.0
230
0.0
  0
LINE
  5
4B3
330
70
100
AcDbEntity
  8
Hidden
100
AcDbLine
 10
155.089062
 20
168.796875
 30
0.0
 11
155.089062
 21
165.796875
 31
0.0
210
0.0
220
1.0
230
0.0
  0
LINE
  5
4B4
330
70
100
AcDbEntity
  8
Hidden
100
AcDbLine
 10
157.489062
 20
165.796875
 30
0.0
 11
157.989062
 21
165.296875
 31
0.0
210
0.0
220
1.0
230
0.0
  0
LINE
  5
4B5
330
70
100
AcDbEntity
  8
Hidden
100
AcDbLine
 10
155.089062
 20
165.796875
 30
0.0
 11
154.589062
 21
165.296875
 31
0.0
210
0.0
220
1.0
230
0.0
  0
LINE
  5
4B6
330
70
100
AcDbEntity
  8
Hidden
100
AcDbLine
 10
155.089062
 20
168.796875
 30
0.0
 11
154.589062
 21
169.296875
 31
0.0
210
0.0
220
1.0
230
0.0
  0
LINE
  5
4B7
330
70
100
AcDbEntity
  8
Hidden
100
AcDbLine
 10
157.489062
 20
168.796875
 30
0.0
 11
157.989062
 21
169.296875
 31
0.0
210
0.0
220
1.0
230
0.0
  0
LINE
  5
4B8
330
70
100
AcDbEntity
  8
Hidden
100
AcDbLine
 10
207.489062
 20
165.796875
 30
0.0
 11
207.989062
 21
165.296875
 31
0.0
210
0.0
220
1.0
230
0.0
  0
LINE
  5
4B9
330
70
100
AcDbEntity
  8
Hidden
100
AcDbLine
 10
205.089062
 20
165.796875
 30
0.0
 11
204.589062
 21
165.296875
 31
0.0
210
0.0
220
1.0
230
0.0
  0
LINE
  5
4BA
330
70
100
AcDbEntity
  8
Hidden
100
AcDbLine
 10
205.089062
 20
168.796875
 30
0.0
 11
204.589062
 21
169.296875
 31
0.0
210
0.0
220
1.0
230
0.0
  0
LINE
  5
4BB
330
70
100
AcDbEntity
  8
Hidden
100
AcDbLine
 10
207.489062
 20
168.796875
 30
0.0
 11
207.989062
 21
169.296875
 31
0.0
210
0.0
220
1.0
230
0.0
  0
ARC
  5
4BC
330
70
100
AcDbEntity
  8
Hidden
100
AcDbCircle
 10
1968.063551
 20
192.796875
 30
0.0
 40
1712.798773278636
100
AcDbArc
 50
179.096769
 51
180.903231
  0
LINE
  5
4BD
330
70
100
AcDbEntity
  8
Visible
100
AcDbLine
 10
257.965049
 20
169.796875
 30
0.0
 11
258.965049
 21
168.796875
 31
0.0
210
0.0
220
1.0
230
0.0
  0
LINE
  5
4BE
330
70
100
AcDbEntity
  8
Visible
100
AcDbLine
 10
257.965049
 20
169.796875
 30
0.0
 11
257.965049
 21
219.796875
 31
0.0
210
0.0
220
1.0
230
0.0
  0
LINE
  5
4BF
330
70
100
AcDbEntity
  8
Visible
100
AcDbLine
 10
257.965049
 20
219.796875
 30
0.0
 11
255.478375
 21
219.796875
 31
0.0
210
0.0
220
1.0
230
0.0
  0
ARC
  5
4C0
330
70
100
AcDbEntity
  8
Visible
100
AcDbCircle
 10
1987.711334
 20
192.784171
 30
0.0
 40
1732.447592482728
100
AcDbArc
 50
179.106593
 51
180.892566
  0
LINE
  5
4C1
330
70
100
AcDbEntity
  8
Visible
100
AcDbLine
 10
255.478371
 20
165.796875
 30
0.0
 11
293.965049
 21
165.796875
 31
0.0
210
0.0
220
1.0
230
0.0
  0
LINE
  5
4C2
330
70
100
AcDbEntity
  8
Visible
100
AcDbLine
 10
293.965049
 20
165.796875
 30
0.0
 11
293.965049
 21
168.796875
 31
0.0
210
0.0
220
1.0
230
0.0
  0
LINE
  5
4C3
330
70
100
AcDbEntity
  8
Visible
100
AcDbLine
 10
293.965049
 20
168.796875
 30
0.0
 11
258.965049
 21
168.796875
 31
0.0
210
0.0
220
1.0
230
0.0
  0
LINE
  5
4C4
330
70
100
AcDbEntity
  8
Visible
100
AcDbLine
 10
258.965049
 20
169.296875
 30
0.0
 11
293.965049
 21
169.296875
 31
0.0
210
0.0
220
1.0
230
0.0
  0
LINE
  5
4C5
330
70
100
AcDbEntity
  8
Visible
100
AcDbLine
 10
293.965049
 20
165.296875
 30
0.0
 11
255.526364
 21
165.296875
 31
0.0
210
0.0
220
1.0
230
0.0
  0
LINE
  5
4C6
330
70
100
AcDbEntity
  8
Visible
100
AcDbLine
 10
255.526364
 20
165.296875
 30
0.0
 11
255.302434
 21
165.296875
 31
0.0
210
0.0
220
1.0
230
0.0
  0
LINE
  5
4C7
330
70
100
AcDbEntity
  8
Visible
100
AcDbLine
 10
255.301099
 20
220.296875
 30
0.0
 11
255.522642
 21
220.296875
 31
0.0
210
0.0
220
1.0
230
0.0
  0
LINE
  5
4C8
330
70
100
AcDbEntity
  8
Visible
100
AcDbLine
 10
255.522642
 20
220.296875
 30
0.0
 11
257.965049
 21
220.296875
 31
0.0
210
0.0
220
1.0
230
0.0
  0
LINE
  5
4C9
330
70
100
AcDbEntity
  8
Visible
100
AcDbLine
 10
258.465049
 20
219.796875
 30
0.0
 11
258.465049
 21
169.796875
 31
0.0
210
0.0
220
1.0
230
0.0
  0
ARC
  5
4CA
330
70
100
AcDbEntity
  8
Hidden
100
AcDbCircle
 10
2603.030265
 20
192.79539
 30
0.0
 40
2348.739652744514
100
AcDbArc
 50
179.348821
 51
180.650923
  0
SPLINE
  5
4CB
330
70
100
AcDbEntity
  8
Visible
100
AcDbSpline
210
0.0
220
0.0
230
1.0
 70
     8
 71
     3
 72
    20
 73
    16
 74
     0
 42
0.000000001
 43
0.0000000001
 40
2.862918703393951
 40
2.862918703393951
 40
2.862918703393951
 40
2.862918703393951
 40
2.863252579244075
 40
2.863252579244075
 40
3.219845296708739
 40
3.219845296708739
 40
3.844136379613559
 40
3.844136379613559
 40
4.784036443903314
 40
4.784036443903314
 40
5.256798737796738
 40
5.256798737796738
 40
5.493103476501068
 40
5.493103476501068
 40
5.726576274659208
 40
5.726576274659208
 40
5.726576274659208
 40
5.726576274659208
 10
254.2936516188911
 20
165.7723277417887
 30
-0.000000000001819
 10
254.2936516189093
 20
165.7723277417854
 30
-0.000000000001819
 10
254.293651619173
 20
165.7723277431454
 30
-0.000000000001819
 10
254.2936521633146
 20
165.7723306542087
 30
-0.000000000001819
 10
254.2939322817474
 20
165.7738885116111
 30
-0.000000000001819
 10
254.295529702591
 20
165.7826987026796
 30
-0.000000000001819
 10
254.2974450165657
 20
165.7933639590218
 30
-0.000000000001819
 10
254.3067166405326
 20
165.8329442980478
 30
-0.000000000001819
 10
254.3161280231616
 20
165.8691985492159
 30
-0.000000000001819
 10
254.347393991884
 20
165.9443247891913
 30
-0.000000000001819
 10
254.3608716387644
 20
165.9730367051874
 30
-0.000000000001819
 10
254.3880571946175
 20
166.0214531372866
 30
-0.000000000001819
 10
254.398316466486
 20
166.0385245939387
 30
-0.000000000001819
 10
254.4215239835757
 20
166.0741809574313
 30
-0.000000000001819
 10
254.4346411699953
 20
166.0930172303696
 30
-0.000000000001819
 10
254.449528916417
 20
166.1127539819735
 30
-0.000000000001819
  0
ARC
  5
4CC
330
70
100
AcDbEntity
  8
Visible
100
AcDbCircle
 10
2603.599623
 20
192.788283
 30
0.0
 40
2349.308536344299
100
AcDbArc
 50
179.348809
 51
180.650588
  0
SPLINE
  5
4CD
330
70
100
AcDbEntity
  8
Visible
100
AcDbSpline
210
0.0
220
0.0
230
1.0
 70
     8
 71
     3
 72
    18
 73
    14
 74
     0
 42
0.000000001
 43
0.0000000001
 40
0.0
 40
0.0
 40
0.0
 40
0.0
 40
0.2667647054100232
 40
0.2667647054100232
 40
0.536108466724496
 40
0.536108466724496
 40
1.072908287803075
 40
1.072908287803075
 40
2.138157134033692
 40
2.138157134033692
 40
2.84665940112527
 40
2.84665940112527
 40
2.84699147565346
 40
2.84699147565346
 40
2.84699147565346
 40
2.84699147565346
 10
254.4496663100108
 20
219.4885149278255
 30
-0.000000000001819
 10
254.4328139771715
 20
219.510990142734
 30
-0.000000000001819
 10
254.4182398432622
 20
219.532332041674
 30
-0.000000000001819
 10
254.3929333975375
 20
219.5723158300532
 30
-0.000000000001819
 10
254.3819786983604
 20
219.5913158196909
 30
-0.000000000001819
 10
254.3534561211436
 20
219.644778803731
 30
-0.000000000001819
 10
254.3401342586567
 20
219.6757199929426
 30
-0.000000000001819
 10
254.3105125772708
 20
219.7542603896129
 30
-0.000000000001819
 10
254.3033431954482
 20
219.7891015433455
 30
-0.000000000001819
 10
254.2968840923786
 20
219.8214554565123
 30
-0.000000000001819
 10
254.2959309495527
 20
219.8277911962644
 30
-0.000000000001819
 10
254.295929520702
 20
219.8277959298769
 30
-0.000000000001819
 10
254.2959295201654
 20
219.8277959306908
 30
-0.000000000001819
 10
254.2959295197615
 20
219.8277959301009
 30
-0.000000000001819
  0
LINE
  5
4CE
330
70
100
AcDbEntity
  8
Visible
100
AcDbLine
 10
294.465049
 20
168.796875
 30
0.0
 11
294.465049
 21
165.796875
 31
0.0
210
0.0
220
1.0
230
0.0
  0
LINE
  5
4CF
330
70
100
AcDbEntity
  8
Hidden
100
AcDbLine
 10
286.965049
 20
168.796875
 30
0.0
 11
286.965049
 21
165.796875
 31
0.0
210
0.0
220
1.0
230
0.0
  0
LINE
  5
4D0
330
70
100
AcDbEntity
  8
Hidden
100
AcDbLine
 10
266.965049
 20
165.796875
 30
0.0
 11
266.965049
 21
168.796875
 31
0.0
210
0.0
220
1.0
230
0.0
  0
LINE
  5
4D1
330
70
100
AcDbEntity
  8
Hidden
100
AcDbLine
 10
287.465049
 20
165.796875
 30
0.0
 11
287.465049
 21
168.796875
 31
0.0
210
0.0
220
1.0
230
0.0
  0
LINE
  5
4D2
330
70
100
AcDbEntity
  8
Hidden
100
AcDbLine
 10
266.465049
 20
168.796875
 30
0.0
 11
266.465049
 21
165.796875
 31
0.0
210
0.0
220
1.0
230
0.0
  0
LINE
  5
4D3
330
70
100
AcDbEntity
  8
Hidden
100
AcDbLine
 10
286.965049
 20
169.296875
 30
0.0
 11
286.965049
 21
168.796875
 31
0.0
210
0.0
220
1.0
230
0.0
  0
LINE
  5
4D4
330
70
100
AcDbEntity
  8
Hidden
100
AcDbLine
 10
287.965049
 20
169.296875
 30
0.0
 11
287.215049
 21
168.546875
 31
0.0
210
0.0
220
1.0
230
0.0
  0
LINE
  5
4D5
330
70
100
AcDbEntity
  8
Hidden
100
AcDbLine
 10
287.215049
 20
168.546875
 30
0.0
 11
286.965049
 21
168.796875
 31
0.0
210
0.0
220
1.0
230
0.0
  0
LINE
  5
4D6
330
70
100
AcDbEntity
  8
Hidden
100
AcDbLine
 10
266.965049
 20
169.296875
 30
0.0
 11
266.965049
 21
168.796875
 31
0.0
210
0.0
220
1.0
230
0.0
  0
LINE
  5
4D7
330
70
100
AcDbEntity
  8
Hidden
100
AcDbLine
 10
266.465049
 20
168.796875
 30
0.0
 11
265.965049
 21
169.296875
 31
0.0
210
0.0
220
1.0
230
0.0
  0
LINE
  5
4D8
330
70
100
AcDbEntity
  8
Hidden
100
AcDbLine
 10
286.965049
 20
165.796875
 30
0.0
 11
286.965049
 21
165.296875
 31
0.0
210
0.0
220
1.0
230
0.0
  0
LINE
  5
4D9
330
70
100
AcDbEntity
  8
Hidden
100
AcDbLine
 10
265.965049
 20
165.296875
 30
0.0
 11
266.465049
 21
165.796875
 31
0.0
210
0.0
220
1.0
230
0.0
  0
LINE
  5
4DA
330
70
100
AcDbEntity
  8
Hidden
100
AcDbLine
 10
287.215049
 20
166.046875
 30
0.0
 11
287.965049
 21
165.296875
 31
0.0
210
0.0
220
1.0
230
0.0
  0
LINE
  5
4DB
330
70
100
AcDbEntity
  8
Hidden
100
AcDbLine
 10
266.965049
 20
165.296875
 30
0.0
 11
266.965049
 21
165.796875
 31
0.0
210
0.0
220
1.0
230
0.0
  0
LINE
  5
4DC
330
70
100
AcDbEntity
  8
Hidden
100
AcDbLine
 10
286.965049
 20
165.796875
 30
0.0
 11
287.215049
 21
166.046875
 31
0.0
210
0.0
220
1.0
230
0.0
  0
LINE
  5
4DD
330
70
100
AcDbEntity
  8
Visible
100
AcDbLine
 10
258.965049
 20
169.296875
 30
0.0
 11
258.465049
 21
169.796875
 31
0.0
210
0.0
220
1.0
230
0.0
  0
LINE
  5
4DE
330
70
100
AcDbEntity
  8
Visible
100
AcDbLine
 10
258.965049
 20
169.296875
 30
0.0
 11
258.965049
 21
168.796875
 31
0.0
210
0.0
220
1.0
230
0.0
  0
LINE
  5
4DF
330
70
100
AcDbEntity
  8
Visible
100
AcDbLine
 10
257.965049
 20
169.796875
 30
0.0
 11
258.465049
 21
169.796875
 31
0.0
210
0.0
220
1.0
230
0.0
  0
LINE
  5
4E0
330
70
100
AcDbEntity
  8
Visible
100
AcDbLine
 10
293.965049
 20
169.296875
 30
0.0
 11
293.965049
 21
168.796875
 31
0.0
210
0.0
220
1.0
230
0.0
  0
LINE
  5
4E1
330
70
100
AcDbEntity
  8
Visible
100
AcDbLine
 10
294.465049
 20
168.796875
 30
0.0
 11
293.965049
 21
169.296875
 31
0.0
210
0.0
220
1.0
230
0.0
  0
LINE
  5
4E2
330
70
100
AcDbEntity
  8
Visible
100
AcDbLine
 10
258.465049
 20
219.796875
 30
0.0
 11
257.965049
 21
220.296875
 31
0.0
210
0.0
220
1.0
230
0.0
  0
LINE
  5
4E3
330
70
100
AcDbEntity
  8
Visible
100
AcDbLine
 10
257.965049
 20
219.796875
 30
0.0
 11
258.465049
 21
219.796875
 31
0.0
210
0.0
220
1.0
230
0.0
  0
LINE
  5
4E4
330
70
100
AcDbEntity
  8
Visible
100
AcDbLine
 10
294.465049
 20
168.796875
 30
0.0
 11
293.965049
 21
168.796875
 31
0.0
210
0.0
220
1.0
230
0.0
  0
LINE
  5
4E5
330
70
100
AcDbEntity
  8
Hidden
100
AcDbLine
 10
294.215049
 20
165.546875
 30
0.0
 11
293.965049
 21
165.796875
 31
0.0
210
0.0
220
1.0
230
0.0
  0
ELLIPSE
  5
4E6
330
70
100
AcDbEntity
  8
Hidden
100
AcDbEllipse
 10
301.151726
 20
248.818408
 30
0.0
 11
-61.4090532332236
 21
0.0103953525823597
 31
0.0000000000000005
210
0.0
220
0.0
230
-0.9999999999999998
 40
0.7070312359691081
 41
-0.7323217100069992
 42
-0.7250564672060177
  0
ARC
  5
4E7
330
70
100
AcDbEntity
  8
Hidden
100
AcDbCircle
 10
288.121856
 20
178.29282
 30
0.0
 40
53.17000676464449
100
AcDbArc
 50
127.814929
 51
128.277608
  0
LINE
  5
4E8
330
70
100
AcDbEntity
  8
Visible
100
AcDbLine
 10
257.965049
 20
219.796875
 30
0.0
 11
257.965049
 21
220.296875
 31
0.0
210
0.0
220
1.0
230
0.0
  0
LINE
  5
4E9
330
70
100
AcDbEntity
  8
Visible
100
AcDbLine
 10
294.465049
 20
165.796875
 30
0.0
 11
293.965049
 21
165.796875
 31
0.0
210
0.0
220
1.0
230
0.0
  0
LINE
  5
4EA
330
70
100
AcDbEntity
  8
Visible
100
AcDbLine
 10
293.965049
 20
165.296875
 30
0.0
 11
294.465049
 21
165.796875
 31
0.0
210
0.0
220
1.0
230
0.0
  0
ARC
  5
4EB
330
70
100
AcDbEntity
  8
Hidden
100
AcDbCircle
 10
-220.907036
 20
265.610846
 30
0.0
 40
57.02940229944186
210
0.0
220
0.0
230
-1.0
100
AcDbArc
 50
233.054925
 51
233.97334
  0
ARC
  5
4EC
330
70
100
AcDbEntity
  8
Visible
100
AcDbCircle
 10
166.647816
 20
337.14851
 30
0.0
 40
146.8095345083882
100
AcDbArc
 50
306.73154
 51
307.255834
  0
LINE
  5
4ED
330
70
100
AcDbEntity
  8
Visible
100
AcDbLine
 10
255.478375
 20
219.796875
 30
0.0
 11
255.522642
 21
220.296875
 31
0.0
210
0.0
220
1.0
230
0.0
  0
LINE
  5
4EE
330
70
100
AcDbEntity
  8
Visible
100
AcDbLine
 10
293.965049
 20
165.296875
 30
0.0
 11
293.965049
 21
165.796875
 31
0.0
210
0.0
220
1.0
230
0.0
  0
ARC
  5
4EF
330
70
100
AcDbEntity
  8
Visible
100
AcDbCircle
 10
278.651886
 20
140.618023
 30
0.0
 40
82.50031691457449
100
AcDbArc
 50
106.313328
 51
107.059168
  0
SPLINE
  5
4F0
330
70
100
AcDbEntity
  8
Visible
100
AcDbSpline
210
0.0
220
0.0
230
1.0
 70
     8
 71
     3
 72
    10
 73
     6
 74
     0
 42
0.000000001
 43
0.0000000001
 40
-0.0439345823868171
 40
-0.0439345823868171
 40
-0.0439345823868171
 40
-0.0439345823868171
 40
-0.0219672830946623
 40
-0.0219672830946623
 40
0.0
 40
0.0
 40
0.0
 40
0.0
 10
255.184965799097
 20
165.5656420103604
 30
-0.000000000003638
 10
255.2336702301527
 20
165.6043051529659
 30
-0.000000000003638
 10
255.2824736484181
 20
165.6429059816334
 30
-0.000000000003638
 10
255.3802760547405
 20
165.7199834635215
 30
-0.000000000003638
 10
255.4292750427539
 20
165.7584601169457
 30
-0.000000000003638
 10
255.4783707374154
 20
165.7968750066712
 30
-0.000000000003638
  0
ELLIPSE
  5
4F1
330
70
100
AcDbEntity
  8
Visible
100
AcDbEllipse
 10
300.857475
 20
194.331954
 30
0.0
 11
61.16200620460285
 21
0.0000000100737548
 31
-0.0000000000000005
210
0.0
220
0.0
230
1.0
 40
0.7071246767957798
 41
3.869260404264988
 42
3.877613736378845
  0
ARC
  5
4F2
330
70
100
AcDbEntity
  8
Visible
100
AcDbCircle
 10
220.372577
 20
119.538142
 30
0.0
 40
57.70990500323869
100
AcDbArc
 50
52.898366
 51
53.808421
  0
LINE
  5
4F3
330
70
100
AcDbEntity
  8
Hidden
100
AcDbLine
 10
255.481559
 20
165.796875
 30
0.0
 11
255.526364
 21
165.296875
 31
0.0
210
0.0
220
1.0
230
0.0
  0
ARC
  5
4F4
330
70
100
AcDbEntity
  8
Hidden
100
AcDbCircle
 10
278.816918
 20
243.932265
 30
0.0
 40
81.5455586892653
100
AcDbArc
 50
252.613205
 51
253.371593
  0
ARC
  5
4F5
330
70
100
AcDbEntity
  8
Hidden
100
AcDbCircle
 10
167.364463
 20
50.018055
 30
0.0
 40
145.1265900532402
100
AcDbArc
 50
52.592288
 51
53.125667
  0
ARC
  5
4F6
330
70
100
AcDbEntity
  8
Visible
100
AcDbCircle
 10
327.493411
 20
192.787691
 30
0.0
 40
78.02612702046471
100
AcDbArc
 50
159.725113
 51
200.257266
  0
LINE
  5
4F7
330
70
100
AcDbEntity
  8
Hidden
100
AcDbLine
 10
283.665049
 20
168.796875
 30
0.0
 11
283.665049
 21
165.796875
 31
0.0
210
0.0
220
1.0
230
0.0
  0
LINE
  5
4F8
330
70
100
AcDbEntity
  8
Hidden
100
AcDbLine
 10
281.265049
 20
168.796875
 30
0.0
 11
281.265049
 21
165.796875
 31
0.0
210
0.0
220
1.0
230
0.0
  0
LINE
  5
4F9
330
70
100
AcDbEntity
  8
Hidden
100
AcDbLine
 10
272.665049
 20
168.796875
 30
0.0
 11
272.665049
 21
165.796875
 31
0.0
210
0.0
220
1.0
230
0.0
  0
LINE
  5
4FA
330
70
100
AcDbEntity
  8
Hidden
100
AcDbLine
 10
270.265049
 20
168.796875
 30
0.0
 11
270.265049
 21
165.796875
 31
0.0
210
0.0
220
1.0
230
0.0
  0
LINE
  5
4FB
330
70
100
AcDbEntity
  8
Hidden
100
AcDbLine
 10
272.665049
 20
165.796875
 30
0.0
 11
273.165049
 21
165.296875
 31
0.0
210
0.0
220
1.0
230
0.0
  0
LINE
  5
4FC
330
70
100
AcDbEntity
  8
Hidden
100
AcDbLine
 10
270.265049
 20
165.796875
 30
0.0
 11
269.765049
 21
165.296875
 31
0.0
210
0.0
220
1.0
230
0.0
  0
LINE
  5
4FD
330
70
100
AcDbEntity
  8
Hidden
100
AcDbLine
 10
270.265049
 20
168.796875
 30
0.0
 11
269.765049
 21
169.296875
 31
0.0
210
0.0
220
1.0
230
0.0
  0
LINE
  5
4FE
330
70
100
AcDbEntity
  8
Hidden
100
AcDbLine
 10
272.665049
 20
168.796875
 30
0.0
 11
273.165049
 21
169.296875
 31
0.0
210
0.0
220
1.0
230
0.0
  0
LINE
  5
4FF
330
70
100
AcDbEntity
  8
Hidden
100
AcDbLine
 10
283.665049
 20
165.796875
 30
0.0
 11
284.165049
 21
165.296875
 31
0.0
210
0.0
220
1.0
230
0.0
  0
LINE
  5
500
330
70
100
AcDbEntity
  8
Hidden
100
AcDbLine
 10
281.265049
 20
165.796875
 30
0.0
 11
280.765049
 21
165.296875
 31
0.0
210
0.0
220
1.0
230
0.0
  0
LINE
  5
501
330
70
100
AcDbEntity
  8
Hidden
100
AcDbLine
 10
281.265049
 20
168.796875
 30
0.0
 11
280.765049
 21
169.296875
 31
0.0
210
0.0
220
1.0
230
0.0
  0
LINE
  5
502
330
70
100
AcDbEntity
  8
Hidden
100
AcDbLine
 10
283.665049
 20
168.796875
 30
0.0
 11
284.165049
 21
169.296875
 31
0.0
210
0.0
220
1.0
230
0.0
  0
SPLINE
  5
503
330
70
100
AcDbEntity
  8
Visible
100
AcDbSpline
210
-0.4228854746684726
220
0.9061831356378359
230
0.0
 70
    24
 71
     3
 72
     8
 73
     4
 74
     0
 42
0.000000001
 43
0.0000000001
 40
0.0
 40
0.0
 40
0.0
 40
0.0
 40
0.1109234327870475
 40
0.1109234327870475
 40
0.1109234327870475
 40
0.1109234327870475
 10
254.2959295088149
 20
219.8277959250085
 30
-0.000000000001819
 10
254.6309859891462
 20
219.9841556200337
 30
-0.000000000001819
 10
254.9660425121037
 20
220.1405153349495
 30
-0.000000000003638
 10
255.3010989424929
 20
220.2968750066712
 30
-0.000000000003638
  0
LINE
  5
504
330
70
100
AcDbEntity
  8
Visible
100
AcDbLine
 10
255.302434
 20
165.296875
 30
0.0
 11
254.293652
 21
165.772328
 31
0.0
210
0.0
220
1.0
230
0.0
  0
LINE
  5
505
330
70
100
AcDbEntity
  8
Visible
100
AcDbLine
 10
210.289062
 20
133.343694
 30
0.0
 11
210.289062
 21
133.135629
 31
0.0
  0
LINE
  5
506
330
70
100
AcDbEntity
  8
Visible
100
AcDbLine
 10
210.289062
 20
133.135629
 30
0.0
 11
210.289062
 21
130.652139
 31
0.0
  0
LINE
  5
507
330
70
100
AcDbEntity
  8
Visible
100
AcDbLine
 10
210.289062
 20
129.652139
 30
0.0
 11
210.289062
 21
130.652139
 31
0.0
  0
LINE
  5
508
330
70
100
AcDbEntity
  8
Visible
100
AcDbLine
 10
210.289062
 20
129.652139
 30
0.0
 11
210.289062
 21
94.652139
 31
0.0
  0
LINE
  5
509
330
70
100
AcDbEntity
  8
Visible
100
AcDbLine
 10
152.289062
 20
130.652139
 30
0.0
 11
152.289062
 21
129.652139
 31
0.0
  0
LINE
  5
50A
330
70
100
AcDbEntity
  8
Visible
100
AcDbLine
 10
152.289062
 20
130.652139
 30
0.0
 11
152.289062
 21
133.138813
 31
0.0
  0
LINE
  5
50B
330
70
100
AcDbEntity
  8
Visible
100
AcDbLine
 10
152.289062
 20
133.138813
 30
0.0
 11
152.289062
 21
133.344883
 31
0.0
  0
LINE
  5
50C
330
70
100
AcDbEntity
  8
Visible
100
AcDbLine
 10
152.289062
 20
94.652139
 30
0.0
 11
152.289062
 21
129.652139
 31
0.0
  0
LINE
  5
50D
330
70
100
AcDbEntity
  8
Visible
100
AcDbLine
 10
209.789062
 20
129.652139
 30
0.0
 11
152.789062
 21
129.652139
 31
0.0
  0
LINE
  5
50E
330
70
100
AcDbEntity
  8
Visible
100
AcDbLine
 10
152.789062
 20
129.652139
 30
0.0
 11
152.789062
 21
94.652139
 31
0.0
  0
LINE
  5
50F
330
70
100
AcDbEntity
  8
Visible
100
AcDbLine
 10
152.789062
 20
94.652139
 30
0.0
 11
209.789062
 21
94.652139
 31
0.0
  0
LINE
  5
510
330
70
100
AcDbEntity
  8
Visible
100
AcDbLine
 10
209.789062
 20
94.652139
 30
0.0
 11
209.789062
 21
129.652139
 31
0.0
  0
LINE
  5
511
330
70
100
AcDbEntity
  8
Visible
100
AcDbLine
 10
160.789062
 20
122.652139
 30
0.0
 11
159.789062
 21
121.652139
 31
0.0
  0
LINE
  5
512
330
70
100
AcDbEntity
  8
Visible
100
AcDbLine
 10
160.789062
 20
122.652139
 30
0.0
 11
201.789062
 21
122.652139
 31
0.0
  0
LINE
  5
513
330
70
100
AcDbEntity
  8
Visible
100
AcDbLine
 10
202.789062
 20
121.652139
 30
0.0
 11
201.789062
 21
122.652139
 31
0.0
  0
LINE
  5
514
330
70
100
AcDbEntity
  8
Visible
100
AcDbLine
 10
202.789062
 20
121.652139
 30
0.0
 11
202.789062
 21
101.652139
 31
0.0
  0
LINE
  5
515
330
70
100
AcDbEntity
  8
Visible
100
AcDbLine
 10
201.789062
 20
100.652139
 30
0.0
 11
202.789062
 21
101.652139
 31
0.0
  0
LINE
  5
516
330
70
100
AcDbEntity
  8
Visible
100
AcDbLine
 10
201.789062
 20
100.652139
 30
0.0
 11
159.789062
 21
100.652139
 31
0.0
  0
LINE
  5
517
330
70
100
AcDbEntity
  8
Visible
100
AcDbLine
 10
159.789062
 20
100.652139
 30
0.0
 11
159.789062
 21
121.652139
 31
0.0
  0
CIRCLE
  5
518
330
70
100
AcDbEntity
  8
Visible
100
AcDbCircle
 10
156.289062
 20
117.152139
 30
0.0
 40
1.700000000000007
  0
CIRCLE
  5
519
330
70
100
AcDbEntity
  8
Visible
100
AcDbCircle
 10
156.289062
 20
106.152139
 30
0.0
 40
1.700000000000007
  0
CIRCLE
  5
51A
330
70
100
AcDbEntity
  8
Visible
100
AcDbCircle
 10
206.289062
 20
106.152139
 30
0.0
 40
1.699999999999979
  0
CIRCLE
  5
51B
330
70
100
AcDbEntity
  8
Visible
100
AcDbCircle
 10
206.289062
 20
117.152139
 30
0.0
 40
1.699999999999979
  0
ARC
  5
51C
330
70
100
AcDbEntity
  8
Hidden
100
AcDbCircle
 10
181.289062
 20
-1636.537999
 30
0.0
 40
1769.862860508245
100
AcDbArc
 50
89.077327
 51
90.922673
  0
LINE
  5
51D
330
70
100
AcDbEntity
  8
Visible
100
AcDbLine
 10
209.789062
 20
130.652139
 30
0.0
 11
209.789062
 21
133.094549
 31
0.0
  0
ARC
  5
51E
330
70
100
AcDbEntity
  8
Visible
100
AcDbCircle
 10
181.305535
 20
-1681.62444
 30
0.0
 40
1814.948158149968
100
AcDbArc
 50
89.100769
 51
90.900271
  0
LINE
  5
51F
330
70
100
AcDbEntity
  8
Visible
100
AcDbLine
 10
152.789062
 20
133.094545
 30
0.0
 11
152.789062
 21
130.652139
 31
0.0
  0
LINE
  5
520
330
70
100
AcDbEntity
  8
Visible
100
AcDbLine
 10
152.789062
 20
130.652139
 30
0.0
 11
209.789062
 21
130.652139
 31
0.0
  0
LINE
  5
521
330
70
100
AcDbEntity
  8
Visible
100
AcDbLine
 10
209.789062
 20
130.152139
 30
0.0
 11
152.789062
 21
130.152139
 31
0.0
  0
ARC
  5
522
330
70
100
AcDbEntity
  8
Visible
100
AcDbCircle
 10
209.987814
 20
133.549478
 30
0.0
 40
0.7861342091171425
100
AcDbArc
 50
102.962825
 51
128.172215
  0
ARC
  5
523
330
70
100
AcDbEntity
  8
Hidden
100
AcDbCircle
 10
181.290477
 20
-2342.864895
 30
0.0
 40
2477.201533622418
100
AcDbArc
 50
89.347472
 51
90.652746
  0
SPLINE
  5
524
330
70
100
AcDbEntity
  8
Hidden
100
AcDbSpline
210
0.0
220
0.0
230
1.0
 70
     8
 71
     3
 72
    10
 73
     6
 74
     0
 42
0.000000001
 43
0.0000000001
 40
2.594034541266098
 40
2.594034541266098
 40
2.594034541266098
 40
2.594034541266098
 40
2.594401298606359
 40
2.594401298606359
 40
2.594471280287264
 40
2.594471280287264
 40
2.594471280287264
 40
2.594471280287264
 10
152.7609730926269
 20
134.3135423769836
 30
0.0
 10
152.7609730868644
 20
134.3135423749554
 30
0.0
 10
152.7609730829335
 20
134.3135423725762
 30
0.0
 10
152.7609730804343
 20
134.3135423693256
 30
0.0
 10
152.7609730800995
 20
134.3135423687908
 30
0.0
 10
152.7609730798322
 20
134.3135423682415
 30
0.0
  0
ARC
  5
525
330
70
100
AcDbEntity
  8
Visible
100
AcDbCircle
 10
152.589224
 20
133.552874
 30
0.0
 40
0.779973171984419
100
AcDbArc
 50
51.985662
 51
77.276713
  0
ARC
  5
526
330
70
100
AcDbEntity
  8
Visible
100
AcDbCircle
 10
181.324593
 20
-2255.130031
 30
0.0
 40
2389.471348510602
100
AcDbArc
 50
89.324336
 51
90.677526
  0
LINE
  5
527
330
70
100
AcDbEntity
  8
Visible
100
AcDbLine
 10
209.789062
 20
94.152139
 30
0.0
 11
152.789062
 21
94.152139
 31
0.0
  0
LINE
  5
528
330
70
100
AcDbEntity
  8
Visible
100
AcDbLine
 10
160.289062
 20
121.652139
 30
0.0
 11
160.289062
 21
101.652139
 31
0.0
  0
LINE
  5
529
330
70
100
AcDbEntity
  8
Visible
100
AcDbLine
 10
160.789062
 20
101.152139
 30
0.0
 11
201.789062
 21
101.152139
 31
0.0
  0
LINE
  5
52A
330
70
100
AcDbEntity
  8
Visible
100
AcDbLine
 10
202.289062
 20
101.652139
 30
0.0
 11
202.289062
 21
121.652139
 31
0.0
  0
LINE
  5
52B
330
70
100
AcDbEntity
  8
Visible
100
AcDbLine
 10
201.789062
 20
122.152139
 30
0.0
 11
160.789062
 21
122.152139
 31
0.0
  0
CIRCLE
  5
52C
330
70
100
AcDbEntity
  8
Visible
100
AcDbCircle
 10
206.289062
 20
117.152139
 30
0.0
 40
1.2
  0
CIRCLE
  5
52D
330
70
100
AcDbEntity
  8
Visible
100
AcDbCircle
 10
206.289062
 20
106.152139
 30
0.0
 40
1.2
  0
CIRCLE
  5
52E
330
70
100
AcDbEntity
  8
Visible
100
AcDbCircle
 10
156.289062
 20
106.152139
 30
0.0
 40
1.2
  0
CIRCLE
  5
52F
330
70
100
AcDbEntity
  8
Visible
100
AcDbCircle
 10
156.289062
 20
117.152139
 30
0.0
 40
1.2
  0
LINE
  5
530
330
70
100
AcDbEntity
  8
Visible
100
AcDbLine
 10
202.789062
 20
101.652139
 30
0.0
 11
202.289062
 21
101.652139
 31
0.0
  0
LINE
  5
531
330
70
100
AcDbEntity
  8
Visible
100
AcDbLine
 10
202.289062
 20
121.652139
 30
0.0
 11
202.789062
 21
121.652139
 31
0.0
  0
LINE
  5
532
330
70
100
AcDbEntity
  8
Visible
100
AcDbLine
 10
159.789062
 20
100.652139
 30
0.0
 11
160.539062
 21
101.402139
 31
0.0
  0
LINE
  5
533
330
70
100
AcDbEntity
  8
Visible
100
AcDbLine
 10
201.789062
 20
101.152139
 30
0.0
 11
201.789062
 21
100.652139
 31
0.0
  0
LINE
  5
534
330
70
100
AcDbEntity
  8
Visible
100
AcDbLine
 10
160.789062
 20
101.152139
 30
0.0
 11
160.539062
 21
101.402139
 31
0.0
  0
LINE
  5
535
330
70
100
AcDbEntity
  8
Visible
100
AcDbLine
 10
201.789062
 20
122.152139
 30
0.0
 11
201.789062
 21
122.652139
 31
0.0
  0
LINE
  5
536
330
70
100
AcDbEntity
  8
Visible
100
AcDbLine
 10
202.289062
 20
121.652139
 30
0.0
 11
201.789062
 21
122.152139
 31
0.0
  0
LINE
  5
537
330
70
100
AcDbEntity
  8
Visible
100
AcDbLine
 10
201.789062
 20
101.152139
 30
0.0
 11
202.289062
 21
101.652139
 31
0.0
  0
LINE
  5
538
330
70
100
AcDbEntity
  8
Visible
100
AcDbLine
 10
160.539062
 20
101.402139
 30
0.0
 11
160.289062
 21
101.652139
 31
0.0
  0
LINE
  5
539
330
70
100
AcDbEntity
  8
Visible
100
AcDbLine
 10
159.789062
 20
121.652139
 30
0.0
 11
160.289062
 21
121.652139
 31
0.0
  0
LINE
  5
53A
330
70
100
AcDbEntity
  8
Visible
100
AcDbLine
 10
160.789062
 20
122.152139
 30
0.0
 11
160.789062
 21
122.652139
 31
0.0
  0
LINE
  5
53B
330
70
100
AcDbEntity
  8
Visible
100
AcDbLine
 10
160.789062
 20
122.152139
 30
0.0
 11
160.289062
 21
121.652139
 31
0.0
  0
LINE
  5
53C
330
70
100
AcDbEntity
  8
Visible
100
AcDbLine
 10
209.789062
 20
129.652139
 30
0.0
 11
209.789062
 21
130.152139
 31
0.0
  0
LINE
  5
53D
330
70
100
AcDbEntity
  8
Visible
100
AcDbLine
 10
210.289062
 20
129.652139
 30
0.0
 11
209.789062
 21
129.652139
 31
0.0
  0
LINE
  5
53E
330
70
100
AcDbEntity
  8
Visible
100
AcDbLine
 10
152.789062
 20
129.652139
 30
0.0
 11
152.789062
 21
130.152139
 31
0.0
  0
LINE
  5
53F
330
70
100
AcDbEntity
  8
Visible
100
AcDbLine
 10
210.289062
 20
94.652139
 30
0.0
 11
209.789062
 21
94.652139
 31
0.0
  0
LINE
  5
540
330
70
100
AcDbEntity
  8
Visible
100
AcDbLine
 10
209.789062
 20
130.152139
 30
0.0
 11
210.289062
 21
130.652139
 31
0.0
  0
LINE
  5
541
330
70
100
AcDbEntity
  8
Visible
100
AcDbLine
 10
152.789062
 20
129.652139
 30
0.0
 11
152.289062
 21
129.652139
 31
0.0
  0
LINE
  5
542
330
70
100
AcDbEntity
  8
Visible
100
AcDbLine
 10
152.789062
 20
94.652139
 30
0.0
 11
152.289062
 21
94.652139
 31
0.0
  0
LINE
  5
543
330
70
100
AcDbEntity
  8
Visible
100
AcDbLine
 10
209.789062
 20
94.652139
 30
0.0
 11
209.789062
 21
94.152139
 31
0.0
  0
LINE
  5
544
330
70
100
AcDbEntity
  8
Visible
100
AcDbLine
 10
152.789062
 20
94.152139
 30
0.0
 11
152.789062
 21
94.652139
 31
0.0
  0
LINE
  5
545
330
70
100
AcDbEntity
  8
Visible
100
AcDbLine
 10
210.289062
 20
94.652139
 30
0.0
 11
209.789062
 21
94.152139
 31
0.0
  0
LINE
  5
546
330
70
100
AcDbEntity
  8
Visible
100
AcDbLine
 10
209.789062
 20
130.652139
 30
0.0
 11
210.289062
 21
130.652139
 31
0.0
  0
LINE
  5
547
330
70
100
AcDbEntity
  8
Visible
100
AcDbLine
 10
209.789062
 20
130.152139
 30
0.0
 11
209.789062
 21
130.652139
 31
0.0
  0
LINE
  5
548
330
70
100
AcDbEntity
  8
Visible
100
AcDbLine
 10
152.789062
 20
130.152139
 30
0.0
 11
152.789062
 21
130.652139
 31
0.0
  0
LINE
  5
549
330
70
100
AcDbEntity
  8
Visible
100
AcDbLine
 10
152.289062
 20
130.652139
 30
0.0
 11
152.789062
 21
130.152139
 31
0.0
  0
LINE
  5
54A
330
70
100
AcDbEntity
  8
Visible
100
AcDbLine
 10
152.789062
 20
94.152139
 30
0.0
 11
152.289062
 21
94.652139
 31
0.0
  0
ELLIPSE
  5
54B
330
70
100
AcDbEntity
  8
Visible
100
AcDbEllipse
 10
181.253595
 20
87.465462
 30
0.0
 11
0.0103976706760597
 21
61.40905318709391
 31
0.0
210
0.0
220
0.0
230
1.0
 40
0.7071823081099625
 41
-0.7320822837693673
 42
-0.7248170409562184
  0
ARC
  5
54C
330
70
100
AcDbEntity
  8
Visible
100
AcDbCircle
 10
251.793117
 20
100.495332
 30
0.0
 40
53.17000676724079
100
AcDbArc
 50
141.722392
 51
142.185071
  0
LINE
  5
54D
330
70
100
AcDbEntity
  8
Visible
100
AcDbLine
 10
152.289062
 20
130.652139
 30
0.0
 11
152.789062
 21
130.652139
 31
0.0
  0
LINE
  5
54E
330
70
100
AcDbEntity
  8
Hidden
100
AcDbLine
 10
209.789062
 20
94.652139
 30
0.0
 11
210.039062
 21
94.402139
 31
0.0
  0
ARC
  5
54F
330
70
100
AcDbEntity
  8
Visible
100
AcDbCircle
 10
256.750319
 20
169.06805
 30
0.0
 40
58.7405831311702
100
AcDbArc
 50
216.451682
 51
217.348156
  0
ARC
  5
550
330
70
100
AcDbEntity
  8
Visible
100
AcDbCircle
 10
225.677154
 20
114.60482
 30
0.0
 40
75.19670141053528
100
AcDbArc
 50
164.920817
 51
165.765872
  0
LINE
  5
551
330
70
100
AcDbEntity
  8
Visible
100
AcDbLine
 10
152.289062
 20
133.138813
 30
0.0
 11
152.789062
 21
133.094545
 31
0.0
  0
ARC
  5
552
330
70
100
AcDbEntity
  8
Visible
100
AcDbCircle
 10
48.450123
 20
212.746437
 30
0.0
 40
130.8430329255436
100
AcDbArc
 50
322.524595
 51
323.09008
  0
SPLINE
  5
553
330
70
100
AcDbEntity
  8
Hidden
100
AcDbSpline
210
0.0
220
0.0
230
1.0
 70
     8
 71
     3
 72
    10
 73
     6
 74
     0
 42
0.000000001
 43
0.0000000001
 40
-0.0439345823868171
 40
-0.0439345823868171
 40
-0.0439345823868171
 40
-0.0439345823868171
 40
-0.0219672830946623
 40
-0.0219672830946623
 40
0.0
 40
0.0
 40
0.0
 40
0.0
 10
152.5202954664619
 20
133.4322217359695
 30
0.0
 10
152.4816323238556
 20
133.3835173049119
 30
0.0
 10
152.4430314951878
 20
133.3347138866465
 30
0.0
 10
152.3659540132994
 20
133.2369114803241
 30
0.0
 10
152.327477359875
 20
133.1879124923107
 30
0.0
 10
152.2890624701504
 20
133.1388167976492
 30
0.0
  0
ELLIPSE
  5
554
330
70
100
AcDbEntity
  8
Hidden
100
AcDbEllipse
 10
123.75726
 20
87.759713
 30
0.0
 11
-0.0024370059691651
 21
61.16200622164035
 31
0.0
210
0.0
220
0.0
230
-0.9999999999999998
 40
0.7070888862748721
 41
0.7276677516054773
 42
0.7360210837141277
  0
ARC
  5
555
330
70
100
AcDbEntity
  8
Hidden
100
AcDbCircle
 10
106.261856
 20
168.549317
 30
0.0
 40
58.07799578976308
100
AcDbArc
 50
322.796048
 51
323.701566
  0
LINE
  5
556
330
70
100
AcDbEntity
  8
Hidden
100
AcDbLine
 10
210.289062
 20
133.135629
 30
0.0
 11
209.789062
 21
133.090824
 31
0.0
  0
ARC
  5
557
330
70
100
AcDbEntity
  8
Hidden
100
AcDbCircle
 10
312.556176
 20
211.931649
 30
0.0
 40
129.1021894567846
100
AcDbArc
 50
217.037924
 51
217.613974
  0
ARC
  5
558
330
70
100
AcDbEntity
  8
Hidden
100
AcDbCircle
 10
138.125643
 20
114.567901
 30
0.0
 40
74.01854075335205
100
AcDbArc
 50
14.492133
 51
15.354887
  0
ARC
  5
559
330
70
100
AcDbEntity
  8
Visible
100
AcDbCircle
 10
181.279355
 20
52.638819
 30
0.0
 40
86.51075702263106
100
AcDbArc
 50
70.744134
 51
109.247681
  0
SPLINE
  5
55A
330
70
100
AcDbEntity
  8
Visible
100
AcDbSpline
210
0.0
220
0.0
230
1.0
 70
     8
 71
     3
 72
     8
 73
     4
 74
     0
 42
0.000000001
 43
0.0000000001
 40
0.0
 40
0.0
 40
0.0
 40
0.0
 40
0.1077497943039092
 40
0.1077497943039092
 40
0.1077497943039092
 40
0.1077497943039092
 10
152.2890624701504
 20
133.3448830303532
 30
0.0
 10
152.4463645751093
 20
133.6677665373881
 30
0.0
 10
152.6036694614577
 20
133.9906557542563
 30
0.0
 10
152.7609730798322
 20
134.3135423682415
 30
0.0
  0
LINE
  5
55B
330
70
100
AcDbEntity
  8
Visible
100
AcDbLine
 10
209.811496
 20
134.315461
 30
0.0
 11
210.289062
 21
133.343694
 31
0.0
  0
ENDSEC
  0
SECTION
  2
OBJECTS
  0
DICTIONARY
  5
C
330
0
100
AcDbDictionary
281
     1
  3
ACAD_COLOR
350
63
  3
ACAD_DETAILVIEWSTYLE
350
6A
  3
ACAD_GROUP
350
D
  3
ACAD_LAYOUT
350
62
  3
ACAD_MATERIAL
350
10
  3
ACAD_MLEADERSTYLE
350
66
  3
ACAD_MLINESTYLE
350
5F
  3
ACAD_PLOTSETTINGS
350
61
  3
ACAD_PLOTSTYLENAME
350
E
  3
ACAD_SCALELIST
350
42
  3
ACAD_SECTIONVIEWSTYLE
350
68
  3
ACAD_TABLESTYLE
350
64
  3
ACAD_VISUALSTYLE
350
29
  3
ACDB_RECOMPOSE_DATA
350
619
  3
AcDbVariableDictionary
350
610
  0
DICTIONARY
  5
AD
330
70
100
AcDbDictionary
280
     1
281
     1
  3
ACAD_SORTENTS
360
AE
  0
DICTIONARY
  5
1AE
330
1AD
100
AcDbDictionary
280
     1
281
     1
  0
DICTIONARY
  5
1F4
330
1F3
100
AcDbDictionary
280
     1
281
     1
  3
ACAD_SORTENTS
360
470
  0
DICTIONARY
  5
20F
330
20E
100
AcDbDictionary
280
     1
281
     1
  0
DICTIONARY
  5
211
330
210
100
AcDbDictionary
280
     1
281
     1
  0
DICTIONARY
  5
213
330
212
100
AcDbDictionary
280
     1
281
     1
  0
DICTIONARY
  5
215
330
214
100
AcDbDictionary
280
     1
281
     1
  0
DICTIONARY
  5
217
330
216
100
AcDbDictionary
280
     1
281
     1
  0
DICTIONARY
  5
219
330
218
100
AcDbDictionary
280
     1
281
     1
  0
DICTIONARY
  5
21B
330
21A
100
AcDbDictionary
280
     1
281
     1
  0
DICTIONARY
  5
21D
330
21C
100
AcDbDictionary
280
     1
281
     1
  0
DICTIONARY
  5
21F
330
21E
100
AcDbDictionary
280
     1
281
     1
  0
DICTIONARY
  5
221
330
220
100
AcDbDictionary
280
     1
281
     1
  0
DICTIONARY
  5
223
330
222
100
AcDbDictionary
280
     1
281
     1
  0
DICTIONARY
  5
225
330
224
100
AcDbDictionary
280
     1
281
     1
  0
DICTIONARY
  5
227
330
226
100
AcDbDictionary
280
     1
281
     1
  0
DICTIONARY
  5
229
330
228
100
AcDbDictionary
280
     1
281
     1
  0
DICTIONARY
  5
22B
330
22A
100
AcDbDictionary
280
     1
281
     1
  0
DICTIONARY
  5
63
102
{ACAD_REACTORS
330
C
102
}
330
C
100
AcDbDictionary
281
     1
  0
DICTIONARY
  5
6A
102
{ACAD_REACTORS
330
C
102
}
330
C
100
AcDbDictionary
281
     1
  3
Imperial24
350
6B
  0
DICTIONARY
  5
D
102
{ACAD_REACTORS
330
C
102
}
330
C
100
AcDbDictionary
281
     1
  0
DICTIONARY
  5
62
102
{ACAD_REACTORS
330
C
102
}
330
C
100
AcDbDictionary
281
     1
  3
Model
350
73
  3
Sheet1
350
6F
  3
Sheet2
350
77
  0
DICTIONARY
  5
10
102
{ACAD_REACTORS
330
C
102
}
330
C
100
AcDbDictionary
281
     1
  3
ByBlock
350
19
  3
ByLayer
350
11
  3
Global
350
21
  0
DICTIONARY
  5
66
102
{ACAD_REACTORS
330
C
102
}
330
C
100
AcDbDictionary
281
     1
  3
Standard
350
67
  0
DICTIONARY
  5
5F
102
{ACAD_REACTORS
330
C
102
}
330
C
100
AcDbDictionary
281
     1
  3
Standard
350
60
  0
DICTIONARY
  5
61
102
{ACAD_REACTORS
330
C
102
}
330
C
100
AcDbDictionary
281
     1
  0
ACDBDICTIONARYWDFLT
  5
E
102
{ACAD_REACTORS
330
C
102
}
330
C
100
AcDbDictionary
281
     1
  3
Normal
350
F
100
AcDbDictionaryWithDefault
340
F
  0
DICTIONARY
  5
42
102
{ACAD_REACTORS
330
C
102
}
330
C
100
AcDbDictionary
281
     1
  3
A0
350
43
  3
A1
350
44
  3
A2
350
45
  3
A3
350
46
  3
A4
350
47
  3
A5
350
48
  3
A6
350
49
  3
A7
350
4A
  3
A8
350
4B
  3
A9
350
4C
  3
B0
350
4D
  3
B1
350
4E
  3
B2
350
4F
  3
B3
350
50
  3
B4
350
51
  3
B5
350
52
  3
B6
350
53
  0
DICTIONARY
  5
68
102
{ACAD_REACTORS
330
C
102
}
330
C
100
AcDbDictionary
281
     1
  3
Imperial24
350
69
  0
DICTIONARY
  5
64
102
{ACAD_REACTORS
330
C
102
}
330
C
100
AcDbDictionary
281
     1
  3
Standard
350
65
  0
DICTIONARY
  5
29
102
{ACAD_REACTORS
330
C
102
}
330
C
100
AcDbDictionary
281
     1
  3
2dWireframe
350
2F
  3
Basic
350
2E
  3
Brighten
350
35
  3
ColorChange
350
39
  3
Conceptual
350
32
  3
Dim
350
34
  3
EdgeColorOff
350
41
  3
Facepattern
350
38
  3
Flat
350
2A
  3
FlatWithEdges
350
2B
  3
Gouraud
350
2C
  3
GouraudWithEdges
350
2D
  3
Hidden
350
31
  3
JitterOff
350
3F
  3
Linepattern
350
37
  3
OverhangOff
350
40
  3
Realistic
350
33
  3
Shaded
350
3E
  3
Shaded with edges
350
3D
  3
Shades of Gray
350
3A
  3
Sketchy
350
3B
  3
Thicken
350
36
  3
Wireframe
350
30
  3
X-Ray
350
3C
  0
XRECORD
  5
619
102
{ACAD_REACTORS
330
C
102
}
330
C
100
AcDbXrecord
280
     1
 90
        1
330
65
  0
DICTIONARY
  5
610
102
{ACAD_REACTORS
330
C
102
}
330
C
100
AcDbDictionary
281
     1
  3
ANNOALLVISIBLE
350
615
  3
CANNOSCALE
350
616
  3
CMLEADERSTYLE
350
612
  3
CTABLESTYLE
350
611
  3
CVIEWDETAILSTYLE
350
613
  3
CVIEWSECTIONSTYLE
350
614
  0
SORTENTSTABLE
  5
AE
102
{ACAD_REACTORS
330
AD
102
}
330
AD
100
AcDbSortentsTable
330
70
  0
SORTENTSTABLE
  5
470
102
{ACAD_REACTORS
330
1F4
102
}
330
1F4
100
AcDbSortentsTable
330
1F3
  0
ACDBDETAILVIEWSTYLE
  5
6B
102
{ACAD_XDICTIONARY
360
61C
102
}
102
{ACAD_REACTORS
330
6A
102
}
330
6A
100
AcDbModelDocViewStyle
 70
     0
  3
Imperial24
290
     0
100
AcDbDetailViewStyle
 70
     0
 71
     0
 90
        3
 71
     1
340
55
 62
   256
 40
0.24
340
0
 62
   256
 40
0.24
300

 40
0.36
280
     3
 71
     2
340
5D
 90
       25
 62
   256
 71
     3
340
55
 62
   256
 40
0.24
 90
        1
 40
0.75
 90
        1
300
%<\AcVar ViewType \f "%tc1">% %<\AcVar ViewDetailId>%\PSCALE %<\AcVar ViewScale \f "%sn">%
 71
     4
340
5D
 90
       25
 62
   256
340
5D
 90
       25
 62
   256
280
     0
  0
LAYOUT
  5
73
102
{ACAD_REACTORS
330
62
102
}
330
62
100
AcDbPlotSettings
  1

  2
AutoCAD PDF (High Quality Print).pc3
  4
ISO_full_bleed_A3_(420.00_x_297.00_MM)
  6

 40
0.0
 41
0.0
 42
0.0
 43
0.0
 44
420.0
 45
297.0
 46
0.0
 47
0.0
 48
0.0
 49
0.0
140
0.0
141
0.0
142
1.0
143
1.352753
 70
 11952
 72
     1
 73
     0
 74
     0
  7

 75
     0
147
0.739233
 76
     0
 77
     2
 78
   300
148
74.078172
149
13.640008
100
AcDbLayout
  1
Model
 70
     1
 71
     0
 10
0.0
 20
0.0
 11
12.0
 21
9.0
 12
0.0
 22
0.0
 32
0.0
 14
0.0
 24
0.0
 34
0.0
 15
0.0
 25
0.0
 35
0.0
146
0.0
 13
0.0
 23
0.0
 33
0.0
 16
1.0
 26
0.0
 36
0.0
 17
0.0
 27
1.0
 37
0.0
 76
     0
330
70
1001
ACAD_PSEXT
1000
AutoCAD PDF (High Quality Print).pc3
1000
DWG To PDF
1000
File
1000

1070
     0
  0
LAYOUT
  5
6F
102
{ACAD_REACTORS
330
62
102
}
330
62
100
AcDbPlotSettings
  1

  2

  4

  6

 40
0.0
 41
0.0
 42
0.0
 43
0.0
 44
0.0
 45
0.0
 46
0.0
 47
0.0
 48
0.0
 49
0.0
140
0.0
141
0.0
142
1.0
143
1.0
 70
   688
 72
     0
 73
     0
 74
     5
  7

 75
    16
147
1.0
 76
     0
 77
     2
 78
   300
148
0.0
149
0.0
100
AcDbLayout
  1
Sheet1
 70
     1
 71
     1
 10
0.0
 20
0.0
 11
12.0
 21
9.0
 12
0.0
 22
0.0
 32
0.0
 14
0.0
 24
0.0
 34
0.0
 15
0.0
 25
0.0
 35
0.0
146
0.0
 13
0.0
 23
0.0
 33
0.0
 16
1.0
 26
0.0
 36
0.0
 17
0.0
 27
1.0
 37
0.0
 76
     0
330
6C
  0
LAYOUT
  5
77
102
{ACAD_REACTORS
330
62
102
}
330
62
100
AcDbPlotSettings
  1

  2

  4

  6

 40
0.0
 41
0.0
 42
0.0
 43
0.0
 44
0.0
 45
0.0
 46
0.0
 47
0.0
 48
0.0
 49
0.0
140
0.0
141
0.0
142
1.0
143
1.0
 70
   688
 72
     0
 73
     0
 74
     5
  7

 75
    16
147
1.0
 76
     0
 77
     2
 78
   300
148
0.0
149
0.0
100
AcDbLayout
  1
Sheet2
 70
     1
 71
     2
 10
0.0
 20
0.0
 11
12.0
 21
9.0
 12
0.0
 22
0.0
 32
0.0
 14
0.0
 24
0.0
 34
0.0
 15
0.0
 25
0.0
 35
0.0
146
0.0
 13
0.0
 23
0.0
 33
0.0
 16
1.0
 26
0.0
 36
0.0
 17
0.0
 27
1.0
 37
0.0
 76
     0
330
74
  0
MATERIAL
  5
19
102
{ACAD_XDICTIONARY
360
1A
102
}
102
{ACAD_REACTORS
330
10
102
}
330
10
100
AcDbMaterial
  1
ByBlock
 72
     0
 43
0.020833
 43
0.0
 43
0.0
 43
0.0
 43
0.0
 43
0.020833
 43
0.0
 43
0.0
 43
0.0
 43
0.0
 43
1.0
 43
0.0
 43
0.0
 43
0.0
 43
0.0
 43
1.0
 77
     0
 47
0.020833
 47
0.0
 47
0.0
 47
0.0
 47
0.0
 47
0.020833
 47
0.0
 47
0.0
 47
0.0
 47
0.0
 47
1.0
 47
0.0
 47
0.0
 47
0.0
 47
0.0
 47
1.0
171
     0
 49
0.020833
 49
0.0
 49
0.0
 49
0.0
 49
0.0
 49
0.020833
 49
0.0
 49
0.0
 49
0.0
 49
0.0
 49
1.0
 49
0.0
 49
0.0
 49
0.0
 49
0.0
 49
1.0
175
     0
142
0.020833
142
0.0
142
0.0
142
0.0
142
0.0
142
0.020833
142
0.0
142
0.0
142
0.0
142
0.0
142
1.0
142
0.0
142
0.0
142
0.0
142
0.0
142
1.0
179
     0
144
0.020833
144
0.0
144
0.0
144
0.0
144
0.0
144
0.020833
144
0.0
144
0.0
144
0.0
144
0.0
144
1.0
144
0.0
144
0.0
144
0.0
144
0.0
144
1.0
147
0.020833
147
0.0
147
0.0
147
0.0
147
0.0
147
0.020833
147
0.0
147
0.0
147
0.0
147
0.0
147
1.0
147
0.0
147
0.0
147
0.0
147
0.0
147
1.0
  0
MATERIAL
  5
11
102
{ACAD_XDICTIONARY
360
12
102
}
102
{ACAD_REACTORS
330
10
102
}
330
10
100
AcDbMaterial
  1
ByLayer
 72
     0
 43
0.020833
 43
0.0
 43
0.0
 43
0.0
 43
0.0
 43
0.020833
 43
0.0
 43
0.0
 43
0.0
 43
0.0
 43
1.0
 43
0.0
 43
0.0
 43
0.0
 43
0.0
 43
1.0
 77
     0
 47
0.020833
 47
0.0
 47
0.0
 47
0.0
 47
0.0
 47
0.020833
 47
0.0
 47
0.0
 47
0.0
 47
0.0
 47
1.0
 47
0.0
 47
0.0
 47
0.0
 47
0.0
 47
1.0
171
     0
 49
0.020833
 49
0.0
 49
0.0
 49
0.0
 49
0.0
 49
0.020833
 49
0.0
 49
0.0
 49
0.0
 49
0.0
 49
1.0
 49
0.0
 49
0.0
 49
0.0
 49
0.0
 49
1.0
175
     0
142
0.020833
142
0.0
142
0.0
142
0.0
142
0.0
142
0.020833
142
0.0
142
0.0
142
0.0
142
0.0
142
1.0
142
0.0
142
0.0
142
0.0
142
0.0
142
1.0
179
     0
144
0.020833
144
0.0
144
0.0
144
0.0
144
0.0
144
0.020833
144
0.0
144
0.0
144
0.0
144
0.0
144
1.0
144
0.0
144
0.0
144
0.0
144
0.0
144
1.0
147
0.020833
147
0.0
147
0.0
147
0.0
147
0.0
147
0.020833
147
0.0
147
0.0
147
0.0
147
0.0
147
1.0
147
0.0
147
0.0
147
0.0
147
0.0
147
1.0
  0
MATERIAL
  5
21
102
{ACAD_XDICTIONARY
360
22
102
}
102
{ACAD_REACTORS
330
10
102
}
330
10
100
AcDbMaterial
  1
Global
 72
     0
 43
0.020833
 43
0.0
 43
0.0
 43
0.0
 43
0.0
 43
0.020833
 43
0.0
 43
0.0
 43
0.0
 43
0.0
 43
1.0
 43
0.0
 43
0.0
 43
0.0
 43
0.0
 43
1.0
 77
     0
 47
0.020833
 47
0.0
 47
0.0
 47
0.0
 47
0.0
 47
0.020833
 47
0.0
 47
0.0
 47
0.0
 47
0.0
 47
1.0
 47
0.0
 47
0.0
 47
0.0
 47
0.0
 47
1.0
171
     0
 49
0.020833
 49
0.0
 49
0.0
 49
0.0
 49
0.0
 49
0.020833
 49
0.0
 49
0.0
 49
0.0
 49
0.0
 49
1.0
 49
0.0
 49
0.0
 49
0.0
 49
0.0
 49
1.0
175
     0
142
0.020833
142
0.0
142
0.0
142
0.0
142
0.0
142
0.020833
142
0.0
142
0.0
142
0.0
142
0.0
142
1.0
142
0.0
142
0.0
142
0.0
142
0.0
142
1.0
179
     0
144
0.020833
144
0.0
144
0.0
144
0.0
144
0.0
144
0.020833
144
0.0
144
0.0
144
0.0
144
0.0
144
1.0
144
0.0
144
0.0
144
0.0
144
0.0
144
1.0
147
0.020833
147
0.0
147
0.0
147
0.0
147
0.0
147
0.020833
147
0.0
147
0.0
147
0.0
147
0.0
147
1.0
147
0.0
147
0.0
147
0.0
147
0.0
147
1.0
  0
MLEADERSTYLE
  5
67
102
{ACAD_REACTORS
330
66
102
}
330
66
100
AcDbMLeaderStyle
179
     2
170
     2
171
     1
172
     0
 90
        2
 40
0.0
 41
0.0
173
     1
 91
-1056964608
340
5B
 92
       -2
290
     1
 42
0.09
291
     1
 43
0.36
  3
Standard
 44
0.18
300

342
55
174
     1
178
     6
175
     1
176
     0
 93
-1056964608
 45
0.18
292
     0
297
     0
 46
0.18
 94
-1056964608
 47
1.0
 49
1.0
140
1.0
293
     1
141
0.0
294
     1
177
     0
142
1.0
295
     0
296
     0
143
0.125
271
     0
272
     9
273
     9
298
     1
  0
MLINESTYLE
  5
60
102
{ACAD_REACTORS
330
5F
102
}
330
5F
100
AcDbMlineStyle
  2
STANDARD
 70
     0
  3

 62
   256
 51
90.0
 52
90.0
 71
     0
  0
ACDBPLACEHOLDER
  5
F
102
{ACAD_REACTORS
330
E
102
}
330
E
  0
SCALE
  5
43
102
{ACAD_REACTORS
330
42
102
}
330
42
100
AcDbScale
 70
     0
300
1:1
140
1.0
141
1.0
290
     1
  0
SCALE
  5
44
102
{ACAD_REACTORS
330
42
102
}
330
42
100
AcDbScale
 70
     0
300
1:2
140
1.0
141
2.0
290
     0
  0
SCALE
  5
45
102
{ACAD_REACTORS
330
42
102
}
330
42
100
AcDbScale
 70
     0
300
1:4
140
1.0
141
4.0
290
     0
  0
SCALE
  5
46
102
{ACAD_REACTORS
330
42
102
}
330
42
100
AcDbScale
 70
     0
300
1:5
140
1.0
141
5.0
290
     0
  0
SCALE
  5
47
102
{ACAD_REACTORS
330
42
102
}
330
42
100
AcDbScale
 70
     0
300
1:8
140
1.0
141
8.0
290
     0
  0
SCALE
  5
48
102
{ACAD_REACTORS
330
42
102
}
330
42
100
AcDbScale
 70
     0
300
1:10
140
1.0
141
10.0
290
     0
  0
SCALE
  5
49
102
{ACAD_REACTORS
330
42
102
}
330
42
100
AcDbScale
 70
     0
300
1:16
140
1.0
141
16.0
290
     0
  0
SCALE
  5
4A
102
{ACAD_REACTORS
330
42
102
}
330
42
100
AcDbScale
 70
     0
300
1:20
140
1.0
141
20.0
290
     0
  0
SCALE
  5
4B
102
{ACAD_REACTORS
330
42
102
}
330
42
100
AcDbScale
 70
     0
300
1:30
140
1.0
141
30.0
290
     0
  0
SCALE
  5
4C
102
{ACAD_REACTORS
330
42
102
}
330
42
100
AcDbScale
 70
     0
300
1:40
140
1.0
141
40.0
290
     0
  0
SCALE
  5
4D
102
{ACAD_REACTORS
330
42
102
}
330
42
100
AcDbScale
 70
     0
300
1:50
140
1.0
141
50.0
290
     0
  0
SCALE
  5
4E
102
{ACAD_REACTORS
330
42
102
}
330
42
100
AcDbScale
 70
     0
300
1:100
140
1.0
141
100.0
290
     0
  0
SCALE
  5
4F
102
{ACAD_REACTORS
330
42
102
}
330
42
100
AcDbScale
 70
     0
300
2:1
140
2.0
141
1.0
290
     0
  0
SCALE
  5
50
102
{ACAD_REACTORS
330
42
102
}
330
42
100
AcDbScale
 70
     0
300
4:1
140
4.0
141
1.0
290
     0
  0
SCALE
  5
51
102
{ACAD_REACTORS
330
42
102
}
330
42
100
AcDbScale
 70
     0
300
8:1
140
8.0
141
1.0
290
     0
  0
SCALE
  5
52
102
{ACAD_REACTORS
330
42
102
}
330
42
100
AcDbScale
 70
     0
300
10:1
140
10.0
141
1.0
290
     0
  0
SCALE
  5
53
102
{ACAD_REACTORS
330
42
102
}
330
42
100
AcDbScale
 70
     0
300
100:1
140
100.0
141
1.0
290
     0
  0
ACDBSECTIONVIEWSTYLE
  5
69
102
{ACAD_XDICTIONARY
360
61A
102
}
102
{ACAD_REACTORS
330
68
102
}
330
68
100
AcDbModelDocViewStyle
 70
     0
  3
Imperial24
290
     0
100
AcDbSectionViewStyle
 70
     0
 71
     0
 90
       78
 71
     1
340
55
 62
   256
 40
0.24
340
0
340
0
 62
   256
 40
0.24
300
I, O, Q, S, X, Z
 40
0.48
 90
        3
 40
0.18
 90
        1
 71
     2
340
5D
 90
       25
 62
   256
340
5D
 90
       50
 62
   256
 40
0.24
 40
0.0
 40
0.24
 71
     3
340
55
 62
   256
 40
0.24
 90
        1
 40
0.75
 90
        1
300
%<\AcVar ViewType \f "%tc1">% %<\AcVar ViewSectionStartId>%-%<\AcVar ViewSectionEndId>%\PSCALE %<\AcVar ViewScale \f "%sn">%
 71
     4
 62
   256
 62
   257
300
ANSI31
 40
1.0
 90
        0
290
     0
290
     0
 90
        6
 40
0.0
 40
1.570796
 40
0.261799
 40
1.308997
 40
-0.261799
 40
1.832596
  0
TABLESTYLE
  5
65
102
{ACAD_XDICTIONARY
360
617
102
}
102
{ACAD_REACTORS
330
64
102
}
330
64
100
AcDbTableStyle
280
     0
  3
Standard
 70
     0
 71
     0
 40
1.5
 41
1.5
280
     0
281
     0
  7
Standard
140
0.18
170
     2
 62
     0
 63
     7
283
     0
 90
      512
 91
        0
  1

274
    -2
284
     1
 64
     0
275
    -2
285
     1
 65
     0
276
    -2
286
     1
 66
     0
277
    -2
287
     1
 67
     0
278
    -2
288
     1
 68
     0
279
    -2
289
     1
 69
     0
  7
Standard
140
0.25
170
     5
 62
     0
 63
     7
283
     0
 90
      512
 91
        0
  1

274
    -2
284
     1
 64
     0
275
    -2
285
     1
 65
     0
276
    -2
286
     1
 66
     0
277
    -2
287
     1
 67
     0
278
    -2
288
     1
 68
     0
279
    -2
289
     1
 69
     0
  7
Standard
140
0.18
170
     5
 62
     0
 63
     7
283
     0
 90
      512
 91
        0
  1

274
    -2
284
     1
 64
     0
275
    -2
285
     1
 65
     0
276
    -2
286
     1
 66
     0
277
    -2
287
     1
 67
     0
278
    -2
288
     1
 68
     0
279
    -2
289
     1
 69
     0
  0
VISUALSTYLE
  5
2F
102
{ACAD_REACTORS
330
29
102
}
330
29
100
AcDbVisualStyle
  2
2dWireframe
 70
     4
177
     3
291
     0
 70
    58
 90
        0
176
     1
 90
        2
176
     1
 90
        0
176
     1
 90
        0
176
     1
 40
0.6
176
     1
 40
30.0
176
     1
 62
     7
420
 16777215
176
     1
 90
        1
176
     1
 90
        4
176
     1
 62
     7
176
     1
 62
   257
176
     1
 90
        1
176
     1
 90
        1
176
     1
 40
1.0
176
     1
 90
        0
176
     1
 62
   257
176
     1
 40
1.0
176
     1
 90
        1
176
     1
 90
        6
176
     1
 90
        2
176
     1
 62
     7
176
     1
 90
        5
176
     1
 90
        0
176
     1
 90
        0
176
     1
290
     0
176
     1
 90
        1
176
     1
 40
0.0
176
     1
 90
        0
176
     1
290
     1
176
     1
290
     1
176
     1
290
     0
176
     1
290
     0
176
     1
290
     0
176
     1
290
     0
176
     1
290
     0
176
     1
290
     0
176
     1
290
     0
176
     1
 90
       50
176
     1
 40
0.0
176
     1
 40
1.0
176
     1
 90
        0
176
     1
 62
    18
420
        0
176
     1
 90
       50
176
     1
 90
        3
176
     1
 62
     5
420
      255
176
     1
290
     0
176
     1
 90
       50
176
     1
 90
       50
176
     1
 90
       50
176
     1
290
     0
176
     1
 90
       50
176
     1
 62
   256
176
     0
 40
1.0
176
     0
 90
        2
176
     1
  1
strokes_ogs.tif
176
     1
290
     0
176
     1
 40
1.0
176
     1
 40
1.0
176
     1
1001
ACAD
1000
AcDbSavedByObjectVersion
1070
     0
  0
VISUALSTYLE
  5
2E
102
{ACAD_REACTORS
330
29
102
}
330
29
100
AcDbVisualStyle
  2
Basic
 70
     7
177
     3
291
     1
 70
    58
 90
        1
176
     1
 90
        0
176
     1
 90
        1
176
     1
 90
        0
176
     1
 40
0.6
176
     1
 40
30.0
176
     1
 62
     7
420
 16777215
176
     1
 90
        0
176
     1
 90
        4
176
     1
 62
     7
176
     1
 62
   257
176
     1
 90
        1
176
     1
 90
        1
176
     1
 40
1.0
176
     1
 90
        8
176
     1
 62
     7
176
     1
 40
1.0
176
     1
 90
        1
176
     1
 90
        6
176
     1
 90
        2
176
     1
 62
     7
176
     1
 90
        5
176
     1
 90
        0
176
     1
 90
        0
176
     1
290
     0
176
     1
 90
        1
176
     1
 40
0.0
176
     1
 90
        0
176
     1
290
     0
176
     1
290
     1
176
     1
290
     1
176
     1
290
     0
176
     1
290
     0
176
     1
290
     0
176
     1
290
     0
176
     1
290
     0
176
     1
290
     0
176
     1
 90
       50
176
     1
 40
0.0
176
     1
 40
1.0
176
     1
 90
        0
176
     1
 62
    18
420
        0
176
     1
 90
       50
176
     1
 90
        3
176
     1
 62
     5
420
      255
176
     1
290
     0
176
     1
 90
       50
176
     1
 90
       50
176
     1
 90
       50
176
     1
290
     0
176
     1
 90
       50
176
     1
 62
   256
176
     0
 40
1.0
176
     0
 90
        2
176
     1
  1
strokes_ogs.tif
176
     1
290
     0
176
     1
 40
1.0
176
     1
 40
1.0
176
     1
1001
ACAD
1000
AcDbSavedByObjectVersion
1070
     0
  0
VISUALSTYLE
  5
35
102
{ACAD_REACTORS
330
29
102
}
330
29
100
AcDbVisualStyle
  2
Brighten
 70
    12
177
     3
291
     1
 70
    58
 90
        2
176
     1
 90
        2
176
     1
 90
        0
176
     1
 90
        0
176
     1
 40
0.6
176
     1
 40
30.0
176
     1
 62
     7
420
 16777215
176
     1
 90
        1
176
     1
 90
        4
176
     1
 62
     7
176
     1
 62
   257
176
     1
 90
        1
176
     1
 90
        1
176
     1
 40
1.0
176
     1
 90
        8
176
     1
 62
     7
176
     1
 40
1.0
176
     1
 90
        1
176
     1
 90
        6
176
     1
 90
        2
176
     1
 62
     7
176
     1
 90
        5
176
     1
 90
        0
176
     1
 90
        0
176
     1
290
     0
176
     1
 90
        1
176
     1
 40
50.0
176
     1
 90
        0
176
     1
290
     0
176
     1
290
     1
176
     1
290
     1
176
     1
290
     0
176
     1
290
     0
176
     1
290
     0
176
     1
290
     0
176
     1
290
     0
176
     1
290
     0
176
     1
 90
       50
176
     1
 40
0.0
176
     1
 40
1.0
176
     1
 90
        0
176
     1
 62
    18
420
        0
176
     1
 90
       50
176
     1
 90
        3
176
     1
 62
     5
420
      255
176
     1
290
     0
176
     1
 90
       50
176
     1
 90
       50
176
     1
 90
       50
176
     1
290
     0
176
     1
 90
       50
176
     1
 62
   256
176
     0
 40
1.0
176
     0
 90
        2
176
     1
  1
strokes_ogs.tif
176
     1
290
     0
176
     1
 40
1.0
176
     1
 40
1.0
176
     1
1001
ACAD
1000
AcDbSavedByObjectVersion
1070
     0
  0
VISUALSTYLE
  5
39
102
{ACAD_REACTORS
330
29
102
}
330
29
100
AcDbVisualStyle
  2
ColorChange
 70
    16
177
     3
291
     1
 70
    58
 90
        2
176
     1
 90
        2
176
     1
 90
        3
176
     1
 90
        0
176
     1
 40
0.6
176
     1
 40
30.0
176
     1
 62
     8
420
  8421504
176
     1
 90
        1
176
     1
 90
        4
176
     1
 62
     7
176
     1
 62
   257
176
     1
 90
        1
176
     1
 90
        1
176
     1
 40
1.0
176
     1
 90
        8
176
     1
 62
     8
420
  8421504
176
     1
 40
1.0
176
     1
 90
        1
176
     1
 90
        6
176
     1
 90
        2
176
     1
 62
     7
176
     1
 90
        5
176
     1
 90
        0
176
     1
 90
        0
176
     1
290
     0
176
     1
 90
        1
176
     1
 40
0.0
176
     1
 90
        0
176
     1
290
     0
176
     1
290
     1
176
     1
290
     1
176
     1
290
     0
176
     1
290
     0
176
     1
290
     0
176
     1
290
     0
176
     1
290
     0
176
     1
290
     0
176
     1
 90
       50
176
     1
 40
0.0
176
     1
 40
1.0
176
     1
 90
        0
176
     1
 62
    18
420
        0
176
     1
 90
       50
176
     1
 90
        3
176
     1
 62
     5
420
      255
176
     1
290
     0
176
     1
 90
       50
176
     1
 90
       50
176
     1
 90
       50
176
     1
290
     0
176
     1
 90
       50
176
     1
 62
   256
176
     0
 40
1.0
176
     0
 90
        2
176
     1
  1
strokes_ogs.tif
176
     1
290
     0
176
     1
 40
1.0
176
     1
 40
1.0
176
     1
1001
ACAD
1000
AcDbSavedByObjectVersion
1070
     0
  0
VISUALSTYLE
  5
32
102
{ACAD_REACTORS
330
29
102
}
330
29
100
AcDbVisualStyle
  2
Conceptual
 70
     9
177
     3
291
     0
 70
    58
 90
        3
176
     1
 90
        2
176
     1
 90
        0
176
     1
 90
        0
176
     1
 40
0.6
176
     1
 40
30.0
176
     1
 62
     7
420
 16777215
176
     1
 90
        2
176
     1
 90
        2
176
     1
 62
     7
176
     1
 62
   257
176
     1
 90
        1
176
     1
 90
        1
176
     1
 40
179.0
176
     1
 90
        8
176
     1
 62
     7
176
     1
 40
1.0
176
     1
 90
        1
176
     1
 90
        6
176
     1
 90
        2
176
     1
 62
     7
176
     1
 90
        3
176
     1
 90
        0
176
     1
 90
        0
176
     1
290
     0
176
     1
 90
        1
176
     1
 40
0.0
176
     1
 90
        0
176
     1
290
     0
176
     1
290
     1
176
     1
290
     1
176
     1
290
     0
176
     1
290
     0
176
     1
290
     0
176
     1
290
     0
176
     1
290
     0
176
     1
290
     0
176
     1
 90
       50
176
     1
 40
0.0
176
     1
 40
1.0
176
     1
 90
        0
176
     1
 62
    18
420
        0
176
     1
 90
       50
176
     1
 90
        3
176
     1
 62
     5
420
      255
176
     1
290
     0
176
     1
 90
       50
176
     1
 90
       50
176
     1
 90
       50
176
     1
290
     0
176
     1
 90
       50
176
     1
 62
   256
176
     0
 40
1.0
176
     0
 90
        2
176
     1
  1
strokes_ogs.tif
176
     1
290
     0
176
     1
 40
1.0
176
     1
 40
1.0
176
     1
1001
ACAD
1000
AcDbSavedByObjectVersion
1070
     0
  0
VISUALSTYLE
  5
34
102
{ACAD_REACTORS
330
29
102
}
330
29
100
AcDbVisualStyle
  2
Dim
 70
    11
177
     3
291
     1
 70
    58
 90
        2
176
     1
 90
        2
176
     1
 90
        0
176
     1
 90
        0
176
     1
 40
0.6
176
     1
 40
30.0
176
     1
 62
     7
420
 16777215
176
     1
 90
        1
176
     1
 90
        4
176
     1
 62
     7
176
     1
 62
   257
176
     1
 90
        1
176
     1
 90
        1
176
     1
 40
1.0
176
     1
 90
        8
176
     1
 62
     7
176
     1
 40
1.0
176
     1
 90
        1
176
     1
 90
        6
176
     1
 90
        2
176
     1
 62
     7
176
     1
 90
        5
176
     1
 90
        0
176
     1
 90
        0
176
     1
290
     0
176
     1
 90
        1
176
     1
 40
-50.0
176
     1
 90
        0
176
     1
290
     0
176
     1
290
     1
176
     1
290
     1
176
     1
290
     0
176
     1
290
     0
176
     1
290
     0
176
     1
290
     0
176
     1
290
     0
176
     1
290
     0
176
     1
 90
       50
176
     1
 40
0.0
176
     1
 40
1.0
176
     1
 90
        0
176
     1
 62
    18
420
        0
176
     1
 90
       50
176
     1
 90
        3
176
     1
 62
     5
420
      255
176
     1
290
     0
176
     1
 90
       50
176
     1
 90
       50
176
     1
 90
       50
176
     1
290
     0
176
     1
 90
       50
176
     1
 62
   256
176
     0
 40
1.0
176
     0
 90
        2
176
     1
  1
strokes_ogs.tif
176
     1
290
     0
176
     1
 40
1.0
176
     1
 40
1.0
176
     1
1001
ACAD
1000
AcDbSavedByObjectVersion
1070
     0
  0
VISUALSTYLE
  5
41
102
{ACAD_REACTORS
330
29
102
}
330
29
100
AcDbVisualStyle
  2
EdgeColorOff
 70
    22
177
     3
291
     1
 70
    58
 90
        2
176
     0
 90
        2
176
     0
 90
        0
176
     0
 90
        0
176
     0
 40
0.6
176
     0
 40
30.0
176
     0
 62
     7
420
 16777215
176
     0
 90
        1
176
     0
 90
        4
176
     0
 62
     7
176
     0
 62
   257
176
     0
 90
        1
176
     0
 90
        1
176
     0
 40
1.0
176
     0
 90
        8
176
     2
 62
     7
176
     0
 40
1.0
176
     0
 90
        1
176
     0
 90
        6
176
     0
 90
        2
176
     0
 62
     7
176
     0
 90
        5
176
     0
 90
        0
176
     0
 90
        0
176
     0
290
     0
176
     0
 90
        1
176
     0
 40
0.0
176
     0
 90
        0
176
     0
290
     0
176
     0
290
     1
176
     0
290
     1
176
     0
290
     0
176
     0
290
     0
176
     0
290
     0
176
     0
290
     0
176
     0
290
     0
176
     0
290
     0
176
     0
 90
       50
176
     0
 40
0.0
176
     0
 40
1.0
176
     0
 90
        0
176
     0
 62
    18
420
        0
176
     0
 90
       50
176
     0
 90
        3
176
     0
 62
     5
420
      255
176
     0
290
     0
176
     0
 90
       50
176
     0
 90
       50
176
     0
 90
       50
176
     0
290
     0
176
     0
 90
       50
176
     0
 62
   256
176
     0
 40
1.0
176
     0
 90
        2
176
     0
  1
strokes_ogs.tif
176
     0
290
     0
176
     0
 40
1.0
176
     0
 40
1.0
176
     0
1001
ACAD
1000
AcDbSavedByObjectVersion
1070
     0
  0
VISUALSTYLE
  5
38
102
{ACAD_REACTORS
330
29
102
}
330
29
100
AcDbVisualStyle
  2
Facepattern
 70
    15
177
     3
291
     1
 70
    58
 90
        2
176
     1
 90
        2
176
     1
 90
        0
176
     1
 90
        0
176
     1
 40
0.6
176
     1
 40
30.0
176
     1
 62
     7
420
 16777215
176
     1
 90
        1
176
     1
 90
        4
176
     1
 62
     7
176
     1
 62
   257
176
     1
 90
        1
176
     1
 90
        1
176
     1
 40
1.0
176
     1
 90
        8
176
     1
 62
     7
176
     1
 40
1.0
176
     1
 90
        1
176
     1
 90
        6
176
     1
 90
        2
176
     1
 62
     7
176
     1
 90
        5
176
     1
 90
        0
176
     1
 90
        0
176
     1
290
     0
176
     1
 90
        1
176
     1
 40
0.0
176
     1
 90
        0
176
     1
290
     0
176
     1
290
     1
176
     1
290
     1
176
     1
290
     0
176
     1
290
     0
176
     1
290
     0
176
     1
290
     0
176
     1
290
     0
176
     1
290
     0
176
     1
 90
       50
176
     1
 40
0.0
176
     1
 40
1.0
176
     1
 90
        0
176
     1
 62
    18
420
        0
176
     1
 90
       50
176
     1
 90
        3
176
     1
 62
     5
420
      255
176
     1
290
     0
176
     1
 90
       50
176
     1
 90
       50
176
     1
 90
       50
176
     1
290
     0
176
     1
 90
       50
176
     1
 62
   256
176
     0
 40
1.0
176
     0
 90
        2
176
     1
  1
strokes_ogs.tif
176
     1
290
     0
176
     1
 40
1.0
176
     1
 40
1.0
176
     1
1001
ACAD
1000
AcDbSavedByObjectVersion
1070
     0
  0
VISUALSTYLE
  5
2A
102
{ACAD_REACTORS
330
29
102
}
330
29
100
AcDbVisualStyle
  2
Flat
 70
     0
177
     3
291
     1
 70
    58
 90
        2
176
     1
 90
        1
176
     1
 90
        1
176
     1
 90
        2
176
     1
 40
0.6
176
     1
 40
30.0
176
     1
 62
     7
420
 16777215
176
     1
 90
        0
176
     1
 90
        0
176
     1
 62
     7
176
     1
 62
   257
176
     1
 90
        1
176
     1
 90
        1
176
     1
 40
1.0
176
     1
 90
        8
176
     1
 62
     7
176
     1
 40
1.0
176
     1
 90
        1
176
     1
 90
        6
176
     1
 90
        2
176
     1
 62
     7
176
     1
 90
        5
176
     1
 90
        0
176
     1
 90
        0
176
     1
290
     0
176
     1
 90
       13
176
     1
 40
0.0
176
     1
 90
        0
176
     1
290
     0
176
     1
290
     1
176
     1
290
     1
176
     1
290
     0
176
     1
290
     0
176
     1
290
     0
176
     1
290
     0
176
     1
290
     0
176
     1
290
     0
176
     1
 90
       50
176
     1
 40
0.0
176
     1
 40
1.0
176
     1
 90
        0
176
     1
 62
    18
420
        0
176
     1
 90
       50
176
     1
 90
        3
176
     1
 62
     5
420
      255
176
     1
290
     0
176
     1
 90
       50
176
     1
 90
       50
176
     1
 90
       50
176
     1
290
     0
176
     1
 90
       50
176
     1
 62
   256
176
     0
 40
1.0
176
     0
 90
        2
176
     1
  1
strokes_ogs.tif
176
     1
290
     0
176
     1
 40
1.0
176
     1
 40
1.0
176
     1
1001
ACAD
1000
AcDbSavedByObjectVersion
1070
     0
  0
VISUALSTYLE
  5
2B
102
{ACAD_REACTORS
330
29
102
}
330
29
100
AcDbVisualStyle
  2
FlatWithEdges
 70
     1
177
     3
291
     1
 70
    58
 90
        2
176
     1
 90
        1
176
     1
 90
        1
176
     1
 90
        2
176
     1
 40
0.6
176
     1
 40
30.0
176
     1
 62
     7
420
 16777215
176
     1
 90
        1
176
     1
 90
        0
176
     1
 62
     7
176
     1
 62
   257
176
     1
 90
        1
176
     1
 90
        1
176
     1
 40
1.0
176
     1
 90
        0
176
     1
 62
   257
176
     1
 40
1.0
176
     1
 90
        1
176
     1
 90
        6
176
     1
 90
        2
176
     1
 62
     7
176
     1
 90
        5
176
     1
 90
        0
176
     1
 90
        0
176
     1
290
     0
176
     1
 90
       13
176
     1
 40
0.0
176
     1
 90
        0
176
     1
290
     0
176
     1
290
     1
176
     1
290
     1
176
     1
290
     0
176
     1
290
     0
176
     1
290
     0
176
     1
290
     0
176
     1
290
     0
176
     1
290
     0
176
     1
 90
       50
176
     1
 40
0.0
176
     1
 40
1.0
176
     1
 90
        0
176
     1
 62
    18
420
        0
176
     1
 90
       50
176
     1
 90
        3
176
     1
 62
     5
420
      255
176
     1
290
     0
176
     1
 90
       50
176
     1
 90
       50
176
     1
 90
       50
176
     1
290
     0
176
     1
 90
       50
176
     1
 62
   256
176
     0
 40
1.0
176
     0
 90
        2
176
     1
  1
strokes_ogs.tif
176
     1
290
     0
176
     1
 40
1.0
176
     1
 40
1.0
176
     1
1001
ACAD
1000
AcDbSavedByObjectVersion
1070
     0
  0
VISUALSTYLE
  5
2C
102
{ACAD_REACTORS
330
29
102
}
330
29
100
AcDbVisualStyle
  2
Gouraud
 70
     2
177
     3
291
     1
 70
    58
 90
        2
176
     1
 90
        2
176
     1
 90
        1
176
     1
 90
        2
176
     1
 40
0.6
176
     1
 40
30.0
176
     1
 62
     7
420
 16777215
176
     1
 90
        0
176
     1
 90
        0
176
     1
 62
     7
176
     1
 62
   257
176
     1
 90
        1
176
     1
 90
        1
176
     1
 40
1.0
176
     1
 90
        0
176
     1
 62
     7
176
     1
 40
1.0
176
     1
 90
        1
176
     1
 90
        6
176
     1
 90
        2
176
     1
 62
     7
176
     1
 90
        5
176
     1
 90
        0
176
     1
 90
        0
176
     1
290
     0
176
     1
 90
       13
176
     1
 40
0.0
176
     1
 90
        0
176
     1
290
     0
176
     1
290
     1
176
     1
290
     1
176
     1
290
     0
176
     1
290
     0
176
     1
290
     0
176
     1
290
     0
176
     1
290
     0
176
     1
290
     0
176
     1
 90
       50
176
     1
 40
0.0
176
     1
 40
1.0
176
     1
 90
        0
176
     1
 62
    18
420
        0
176
     1
 90
       50
176
     1
 90
        3
176
     1
 62
     5
420
      255
176
     1
290
     0
176
     1
 90
       50
176
     1
 90
       50
176
     1
 90
       50
176
     1
290
     0
176
     1
 90
       50
176
     1
 62
   256
176
     0
 40
1.0
176
     0
 90
        2
176
     1
  1
strokes_ogs.tif
176
     1
290
     0
176
     1
 40
1.0
176
     1
 40
1.0
176
     1
1001
ACAD
1000
AcDbSavedByObjectVersion
1070
     0
  0
VISUALSTYLE
  5
2D
102
{ACAD_REACTORS
330
29
102
}
330
29
100
AcDbVisualStyle
  2
GouraudWithEdges
 70
     3
177
     3
291
     1
 70
    58
 90
        2
176
     1
 90
        2
176
     1
 90
        1
176
     1
 90
        2
176
     1
 40
0.6
176
     1
 40
30.0
176
     1
 62
     7
420
 16777215
176
     1
 90
        1
176
     1
 90
        0
176
     1
 62
     7
176
     1
 62
   257
176
     1
 90
        1
176
     1
 90
        1
176
     1
 40
1.0
176
     1
 90
        0
176
     1
 62
   257
176
     1
 40
1.0
176
     1
 90
        1
176
     1
 90
        6
176
     1
 90
        2
176
     1
 62
     7
176
     1
 90
        5
176
     1
 90
        0
176
     1
 90
        0
176
     1
290
     0
176
     1
 90
       13
176
     1
 40
0.0
176
     1
 90
        0
176
     1
290
     0
176
     1
290
     1
176
     1
290
     1
176
     1
290
     0
176
     1
290
     0
176
     1
290
     0
176
     1
290
     0
176
     1
290
     0
176
     1
290
     0
176
     1
 90
       50
176
     1
 40
0.0
176
     1
 40
1.0
176
     1
 90
        0
176
     1
 62
    18
420
        0
176
     1
 90
       50
176
     1
 90
        3
176
     1
 62
     5
420
      255
176
     1
290
     0
176
     1
 90
       50
176
     1
 90
       50
176
     1
 90
       50
176
     1
290
     0
176
     1
 90
       50
176
     1
 62
   256
176
     0
 40
1.0
176
     0
 90
        2
176
     1
  1
strokes_ogs.tif
176
     1
290
     0
176
     1
 40
1.0
176
     1
 40
1.0
176
     1
1001
ACAD
1000
AcDbSavedByObjectVersion
1070
     0
  0
VISUALSTYLE
  5
31
102
{ACAD_REACTORS
330
29
102
}
330
29
100
AcDbVisualStyle
  2
Hidden
 70
     6
177
     3
291
     0
 70
    58
 90
        1
176
     1
 90
        2
176
     1
 90
        2
176
     1
 90
        0
176
     1
 40
0.6
176
     1
 40
30.0
176
     1
 62
     7
420
 16777215
176
     1
 90
        2
176
     1
 90
        2
176
     1
 62
     7
176
     1
 62
   257
176
     1
 90
        2
176
     1
 90
        1
176
     1
 40
40.0
176
     1
 90
        0
176
     1
 62
   257
176
     1
 40
1.0
176
     1
 90
        1
176
     1
 90
        6
176
     1
 90
        2
176
     1
 62
     7
176
     1
 90
        3
176
     1
 90
        0
176
     1
 90
        0
176
     1
290
     0
176
     1
 90
        1
176
     1
 40
0.0
176
     1
 90
        0
176
     1
290
     0
176
     1
290
     1
176
     1
290
     1
176
     1
290
     0
176
     1
290
     0
176
     1
290
     0
176
     1
290
     0
176
     1
290
     0
176
     1
290
     0
176
     1
 90
       50
176
     1
 40
0.0
176
     1
 40
1.0
176
     1
 90
        0
176
     1
 62
    18
420
        0
176
     1
 90
       50
176
     1
 90
        3
176
     1
 62
     5
420
      255
176
     1
290
     0
176
     1
 90
       50
176
     1
 90
       50
176
     1
 90
       50
176
     1
290
     0
176
     1
 90
       50
176
     1
 62
   256
176
     0
 40
1.0
176
     0
 90
        2
176
     1
  1
strokes_ogs.tif
176
     1
290
     0
176
     1
 40
1.0
176
     1
 40
1.0
176
     1
1001
ACAD
1000
AcDbSavedByObjectVersion
1070
     0
  0
VISUALSTYLE
  5
3F
102
{ACAD_REACTORS
330
29
102
}
330
29
100
AcDbVisualStyle
  2
JitterOff
 70
    20
177
     3
291
     1
 70
    58
 90
        2
176
     0
 90
        2
176
     0
 90
        0
176
     0
 90
        0
176
     0
 40
0.6
176
     0
 40
30.0
176
     0
 62
     7
420
 16777215
176
     0
 90
        1
176
     0
 90
        4
176
     0
 62
     7
176
     0
 62
   257
176
     0
 90
        1
176
     0
 90
        1
176
     0
 40
1.0
176
     0
 90
       10
176
     2
 62
     7
176
     0
 40
1.0
176
     0
 90
        1
176
     0
 90
        6
176
     0
 90
        2
176
     0
 62
     7
176
     0
 90
        5
176
     0
 90
        0
176
     0
 90
        0
176
     0
290
     0
176
     0
 90
        1
176
     0
 40
0.0
176
     0
 90
        0
176
     0
290
     0
176
     0
290
     1
176
     0
290
     1
176
     0
290
     0
176
     0
290
     0
176
     0
290
     0
176
     0
290
     0
176
     0
290
     0
176
     0
290
     0
176
     0
 90
       50
176
     0
 40
0.0
176
     0
 40
1.0
176
     0
 90
        0
176
     0
 62
    18
420
        0
176
     0
 90
       50
176
     0
 90
        3
176
     0
 62
     5
420
      255
176
     0
290
     0
176
     0
 90
       50
176
     0
 90
       50
176
     0
 90
       50
176
     0
290
     0
176
     0
 90
       50
176
     0
 62
   256
176
     0
 40
1.0
176
     0
 90
        2
176
     0
  1
strokes_ogs.tif
176
     0
290
     0
176
     0
 40
1.0
176
     0
 40
1.0
176
     0
1001
ACAD
1000
AcDbSavedByObjectVersion
1070
     0
  0
VISUALSTYLE
  5
37
102
{ACAD_REACTORS
330
29
102
}
330
29
100
AcDbVisualStyle
  2
Linepattern
 70
    14
177
     3
291
     1
 70
    58
 90
        2
176
     1
 90
        2
176
     1
 90
        0
176
     1
 90
        0
176
     1
 40
0.6
176
     1
 40
30.0
176
     1
 62
     7
420
 16777215
176
     1
 90
        1
176
     1
 90
        4
176
     1
 62
     7
176
     1
 62
   257
176
     1
 90
        7
176
     1
 90
        7
176
     1
 40
1.0
176
     1
 90
        8
176
     1
 62
     7
176
     1
 40
1.0
176
     1
 90
        1
176
     1
 90
        6
176
     1
 90
        2
176
     1
 62
     7
176
     1
 90
        5
176
     1
 90
        0
176
     1
 90
        0
176
     1
290
     0
176
     1
 90
        1
176
     1
 40
0.0
176
     1
 90
        0
176
     1
290
     0
176
     1
290
     1
176
     1
290
     1
176
     1
290
     0
176
     1
290
     0
176
     1
290
     0
176
     1
290
     0
176
     1
290
     0
176
     1
290
     0
176
     1
 90
       50
176
     1
 40
0.0
176
     1
 40
1.0
176
     1
 90
        0
176
     1
 62
    18
420
        0
176
     1
 90
       50
176
     1
 90
        3
176
     1
 62
     5
420
      255
176
     1
290
     0
176
     1
 90
       50
176
     1
 90
       50
176
     1
 90
       50
176
     1
290
     0
176
     1
 90
       50
176
     1
 62
   256
176
     0
 40
1.0
176
     0
 90
        2
176
     1
  1
strokes_ogs.tif
176
     1
290
     0
176
     1
 40
1.0
176
     1
 40
1.0
176
     1
1001
ACAD
1000
AcDbSavedByObjectVersion
1070
     0
  0
VISUALSTYLE
  5
40
102
{ACAD_REACTORS
330
29
102
}
330
29
100
AcDbVisualStyle
  2
OverhangOff
 70
    21
177
     3
291
     1
 70
    58
 90
        2
176
     0
 90
        2
176
     0
 90
        0
176
     0
 90
        0
176
     0
 40
0.6
176
     0
 40
30.0
176
     0
 62
     7
420
 16777215
176
     0
 90
        1
176
     0
 90
        4
176
     0
 62
     7
176
     0
 62
   257
176
     0
 90
        1
176
     0
 90
        1
176
     0
 40
1.0
176
     0
 90
        9
176
     2
 62
     7
176
     0
 40
1.0
176
     0
 90
        1
176
     0
 90
        6
176
     0
 90
        2
176
     0
 62
     7
176
     0
 90
        5
176
     0
 90
        0
176
     0
 90
        0
176
     0
290
     0
176
     0
 90
        1
176
     0
 40
0.0
176
     0
 90
        0
176
     0
290
     0
176
     0
290
     1
176
     0
290
     1
176
     0
290
     0
176
     0
290
     0
176
     0
290
     0
176
     0
290
     0
176
     0
290
     0
176
     0
290
     0
176
     0
 90
       50
176
     0
 40
0.0
176
     0
 40
1.0
176
     0
 90
        0
176
     0
 62
    18
420
        0
176
     0
 90
       50
176
     0
 90
        3
176
     0
 62
     5
420
      255
176
     0
290
     0
176
     0
 90
       50
176
     0
 90
       50
176
     0
 90
       50
176
     0
290
     0
176
     0
 90
       50
176
     0
 62
   256
176
     0
 40
1.0
176
     0
 90
        2
176
     0
  1
strokes_ogs.tif
176
     0
290
     0
176
     0
 40
1.0
176
     0
 40
1.0
176
     0
1001
ACAD
1000
AcDbSavedByObjectVersion
1070
     0
  0
VISUALSTYLE
  5
33
102
{ACAD_REACTORS
330
29
102
}
330
29
100
AcDbVisualStyle
  2
Realistic
 70
     8
177
     3
291
     0
 70
    58
 90
        2
176
     1
 90
        3
176
     1
 90
        0
176
     1
 90
        2
176
     1
 40
0.6
176
     1
 40
30.0
176
     1
 62
     7
420
 16777215
176
     1
 90
        0
176
     1
 90
        0
176
     1
 62
     7
176
     1
 62
   257
176
     1
 90
        1
176
     1
 90
        1
176
     1
 40
1.0
176
     1
 90
        8
176
     1
 62
   257
176
     1
 40
1.0
176
     1
 90
        1
176
     1
 90
        6
176
     1
 90
        2
176
     1
 62
     7
176
     1
 90
        3
176
     1
 90
        0
176
     1
 90
        0
176
     1
290
     0
176
     1
 90
       13
176
     1
 40
0.0
176
     1
 90
        0
176
     1
290
     0
176
     1
290
     1
176
     1
290
     1
176
     1
290
     0
176
     1
290
     0
176
     1
290
     0
176
     1
290
     0
176
     1
290
     0
176
     1
290
     0
176
     1
 90
       50
176
     1
 40
0.0
176
     1
 40
1.0
176
     1
 90
        0
176
     1
 62
    18
420
        0
176
     1
 90
       50
176
     1
 90
        3
176
     1
 62
     5
420
      255
176
     1
290
     0
176
     1
 90
       50
176
     1
 90
       50
176
     1
 90
       50
176
     1
290
     0
176
     1
 90
       50
176
     1
 62
   256
176
     0
 40
1.0
176
     0
 90
        2
176
     1
  1
strokes_ogs.tif
176
     1
290
     0
176
     1
 40
1.0
176
     1
 40
1.0
176
     1
1001
ACAD
1000
AcDbSavedByObjectVersion
1070
     0
  0
VISUALSTYLE
  5
3E
102
{ACAD_REACTORS
330
29
102
}
330
29
100
AcDbVisualStyle
  2
Shaded
 70
    27
177
     3
291
     0
 70
    58
 90
        2
176
     1
 90
        2
176
     1
 90
        1
176
     1
 90
        2
176
     1
 40
0.6
176
     1
 40
30.0
176
     1
 62
     7
420
 16777215
176
     1
 90
        0
176
     1
 90
        4
176
     1
 62
     7
176
     1
 62
   257
176
     1
 90
        1
176
     1
 90
        1
176
     1
 40
1.0
176
     1
 90
        8
176
     1
 62
   257
176
     1
 40
1.0
176
     1
 90
        1
176
     1
 90
        6
176
     1
 90
        2
176
     1
 62
     8
420
  7895160
176
     1
 90
        3
176
     1
 90
        0
176
     1
 90
        0
176
     1
290
     0
176
     1
 90
        5
176
     1
 40
0.0
176
     1
 90
        0
176
     1
290
     0
176
     1
290
     1
176
     1
290
     1
176
     1
290
     0
176
     1
290
     0
176
     1
290
     0
176
     1
290
     0
176
     1
290
     0
176
     1
290
     0
176
     1
 90
       50
176
     1
 40
0.0
176
     1
 40
1.0
176
     1
 90
        0
176
     1
 62
    18
420
        0
176
     1
 90
       50
176
     1
 90
        3
176
     1
 62
     5
420
      255
176
     1
290
     0
176
     1
 90
       50
176
     1
 90
       50
176
     1
 90
       50
176
     1
290
     0
176
     1
 90
       50
176
     1
 62
   256
176
     0
 40
1.0
176
     0
 90
        2
176
     1
  1
strokes_ogs.tif
176
     1
290
     0
176
     1
 40
1.0
176
     1
 40
1.0
176
     1
1001
ACAD
1000
AcDbSavedByObjectVersion
1070
     0
  0
VISUALSTYLE
  5
3D
102
{ACAD_REACTORS
330
29
102
}
330
29
100
AcDbVisualStyle
  2
Shaded with edges
 70
    26
177
     3
291
     0
 70
    58
 90
        2
176
     1
 90
        2
176
     1
 90
        1
176
     1
 90
        2
176
     1
 40
0.6
176
     1
 40
30.0
176
     1
 62
     7
420
 16777215
176
     1
 90
        1
176
     1
 90
        2
176
     1
 62
     7
176
     1
 62
   257
176
     1
 90
        2
176
     1
 90
        1
176
     1
 40
1.0
176
     1
 90
        8
176
     1
 62
   257
176
     1
 40
1.0
176
     1
 90
        1
176
     1
 90
        6
176
     1
 90
        2
176
     1
 62
     7
176
     1
 90
        3
176
     1
 90
        0
176
     1
 90
        0
176
     1
290
     0
176
     1
 90
        5
176
     1
 40
0.0
176
     1
 90
        0
176
     1
290
     0
176
     1
290
     1
176
     1
290
     1
176
     1
290
     0
176
     1
290
     0
176
     1
290
     0
176
     1
290
     0
176
     1
290
     0
176
     1
290
     0
176
     1
 90
       50
176
     1
 40
0.0
176
     1
 40
1.0
176
     1
 90
        0
176
     1
 62
    18
420
        0
176
     1
 90
       50
176
     1
 90
        3
176
     1
 62
     5
420
      255
176
     1
290
     0
176
     1
 90
       50
176
     1
 90
       50
176
     1
 90
       50
176
     1
290
     0
176
     1
 90
       50
176
     1
 62
   256
176
     0
 40
1.0
176
     0
 90
        2
176
     1
  1
strokes_ogs.tif
176
     1
290
     0
176
     1
 40
1.0
176
     1
 40
1.0
176
     1
1001
ACAD
1000
AcDbSavedByObjectVersion
1070
     0
  0
VISUALSTYLE
  5
3A
102
{ACAD_REACTORS
330
29
102
}
330
29
100
AcDbVisualStyle
  2
Shades of Gray
 70
    23
177
     3
291
     0
 70
    58
 90
        2
176
     1
 90
        2
176
     1
 90
        3
176
     1
 90
        0
176
     1
 40
0.6
176
     1
 40
30.0
176
     1
 62
     7
420
 16777215
176
     1
 90
        2
176
     1
 90
        2
176
     1
 62
     7
176
     1
 62
     7
176
     1
 90
        1
176
     1
 90
        1
176
     1
 40
40.0
176
     1
 90
        8
176
     1
 62
     7
176
     1
 40
1.0
176
     1
 90
        1
176
     1
 90
        6
176
     1
 90
        2
176
     1
 62
     7
176
     1
 90
        3
176
     1
 90
        0
176
     1
 90
        0
176
     1
290
     0
176
     1
 90
        1
176
     1
 40
0.0
176
     1
 90
        0
176
     1
290
     0
176
     1
290
     1
176
     1
290
     1
176
     1
290
     0
176
     1
290
     0
176
     1
290
     0
176
     1
290
     0
176
     1
290
     0
176
     1
290
     0
176
     1
 90
       50
176
     1
 40
0.0
176
     1
 40
1.0
176
     1
 90
        0
176
     1
 62
    18
420
        0
176
     1
 90
       50
176
     1
 90
        3
176
     1
 62
     5
420
      255
176
     1
290
     0
176
     1
 90
       50
176
     1
 90
       50
176
     1
 90
       50
176
     1
290
     0
176
     1
 90
       50
176
     1
 62
   256
176
     0
 40
1.0
176
     0
 90
        2
176
     1
  1
strokes_ogs.tif
176
     1
290
     0
176
     1
 40
1.0
176
     1
 40
1.0
176
     1
1001
ACAD
1000
AcDbSavedByObjectVersion
1070
     0
  0
VISUALSTYLE
  5
3B
102
{ACAD_REACTORS
330
29
102
}
330
29
100
AcDbVisualStyle
  2
Sketchy
 70
    24
177
     3
291
     0
 70
    58
 90
        1
176
     1
 90
        2
176
     1
 90
        2
176
     1
 90
        0
176
     1
 40
0.6
176
     1
 40
30.0
176
     1
 62
     7
420
 16777215
176
     1
 90
        2
176
     1
 90
        2
176
     1
 62
     7
176
     1
 62
     7
176
     1
 90
        1
176
     1
 90
        1
176
     1
 40
40.0
176
     1
 90
       11
176
     1
 62
     7
176
     1
 40
1.0
176
     1
 90
        1
176
     1
 90
        6
176
     1
 90
        2
176
     1
 62
     7
176
     1
 90
        6
176
     1
 90
        0
176
     1
 90
        0
176
     1
290
     0
176
     1
 90
        1
176
     1
 40
0.0
176
     1
 90
        0
176
     1
290
     0
176
     1
290
     1
176
     1
290
     1
176
     1
290
     0
176
     1
290
     0
176
     1
290
     0
176
     1
290
     0
176
     1
290
     0
176
     1
290
     0
176
     1
 90
       50
176
     1
 40
0.0
176
     1
 40
1.0
176
     1
 90
        0
176
     1
 62
    18
420
        0
176
     1
 90
       50
176
     1
 90
        3
176
     1
 62
     5
420
      255
176
     1
290
     0
176
     1
 90
       50
176
     1
 90
       50
176
     1
 90
       50
176
     1
290
     0
176
     1
 90
       50
176
     1
 62
   256
176
     0
 40
1.0
176
     0
 90
        2
176
     1
  1
strokes_ogs.tif
176
     1
290
     0
176
     1
 40
1.0
176
     1
 40
1.0
176
     1
1001
ACAD
1000
AcDbSavedByObjectVersion
1070
     0
  0
VISUALSTYLE
  5
36
102
{ACAD_REACTORS
330
29
102
}
330
29
100
AcDbVisualStyle
  2
Thicken
 70
    13
177
     3
291
     1
 70
    58
 90
        2
176
     1
 90
        2
176
     1
 90
        0
176
     1
 90
        0
176
     1
 40
0.6
176
     1
 40
30.0
176
     1
 62
     7
420
 16777215
176
     1
 90
        1
176
     1
 90
        4
176
     1
 62
     7
176
     1
 62
   257
176
     1
 90
        1
176
     1
 90
        1
176
     1
 40
1.0
176
     1
 90
       12
176
     1
 62
     7
176
     1
 40
1.0
176
     1
 90
        1
176
     1
 90
        6
176
     1
 90
        2
176
     1
 62
     7
176
     1
 90
        5
176
     1
 90
        0
176
     1
 90
        0
176
     1
290
     0
176
     1
 90
        1
176
     1
 40
0.0
176
     1
 90
        0
176
     1
290
     0
176
     1
290
     1
176
     1
290
     1
176
     1
290
     0
176
     1
290
     0
176
     1
290
     0
176
     1
290
     0
176
     1
290
     0
176
     1
290
     0
176
     1
 90
       50
176
     1
 40
0.0
176
     1
 40
1.0
176
     1
 90
        0
176
     1
 62
    18
420
        0
176
     1
 90
       50
176
     1
 90
        3
176
     1
 62
     5
420
      255
176
     1
290
     0
176
     1
 90
       50
176
     1
 90
       50
176
     1
 90
       50
176
     1
290
     0
176
     1
 90
       50
176
     1
 62
   256
176
     0
 40
1.0
176
     0
 90
        2
176
     1
  1
strokes_ogs.tif
176
     1
290
     0
176
     1
 40
1.0
176
     1
 40
1.0
176
     1
1001
ACAD
1000
AcDbSavedByObjectVersion
1070
     0
  0
VISUALSTYLE
  5
30
102
{ACAD_REACTORS
330
29
102
}
330
29
100
AcDbVisualStyle
  2
Wireframe
 70
     5
177
     3
291
     0
 70
    58
 90
        0
176
     1
 90
        2
176
     1
 90
        0
176
     1
 90
        0
176
     1
 40
0.6
176
     1
 40
30.0
176
     1
 62
     7
420
 16777215
176
     1
 90
        1
176
     1
 90
        4
176
     1
 62
     7
176
     1
 62
   257
176
     1
 90
        1
176
     1
 90
        1
176
     1
 40
1.0
176
     1
 90
        0
176
     1
 62
   257
176
     1
 40
1.0
176
     1
 90
        1
176
     1
 90
        6
176
     1
 90
        2
176
     1
 62
     7
176
     1
 90
        3
176
     1
 90
        0
176
     1
 90
        0
176
     1
290
     0
176
     1
 90
        1
176
     1
 40
0.0
176
     1
 90
        0
176
     1
290
     0
176
     1
290
     1
176
     1
290
     1
176
     1
290
     0
176
     1
290
     0
176
     1
290
     0
176
     1
290
     0
176
     1
290
     0
176
     1
290
     0
176
     1
 90
       50
176
     1
 40
0.0
176
     1
 40
1.0
176
     1
 90
        0
176
     1
 62
    18
420
        0
176
     1
 90
       50
176
     1
 90
        3
176
     1
 62
     5
420
      255
176
     1
290
     0
176
     1
 90
       50
176
     1
 90
       50
176
     1
 90
       50
176
     1
290
     0
176
     1
 90
       50
176
     1
 62
   256
176
     0
 40
1.0
176
     0
 90
        2
176
     1
  1
strokes_ogs.tif
176
     1
290
     0
176
     1
 40
1.0
176
     1
 40
1.0
176
     1
1001
ACAD
1000
AcDbSavedByObjectVersion
1070
     0
  0
VISUALSTYLE
  5
3C
102
{ACAD_REACTORS
330
29
102
}
330
29
100
AcDbVisualStyle
  2
X-Ray
 70
    25
177
     3
291
     0
 70
    58
 90
        2
176
     1
 90
        2
176
     1
 90
        1
176
     1
 90
        1
176
     1
 40
0.5
176
     1
 40
30.0
176
     1
 62
     7
420
 16777215
176
     1
 90
        1
176
     1
 90
        0
176
     1
 62
     7
176
     1
 62
   257
176
     1
 90
        1
176
     1
 90
        1
176
     1
 40
1.0
176
     1
 90
        8
176
     1
 62
     7
176
     1
 40
1.0
176
     1
 90
        1
176
     1
 90
        6
176
     1
 90
        2
176
     1
 62
     7
176
     1
 90
        3
176
     1
 90
        0
176
     1
 90
        0
176
     1
290
     0
176
     1
 90
       13
176
     1
 40
0.0
176
     1
 90
        0
176
     1
290
     0
176
     1
290
     1
176
     1
290
     1
176
     1
290
     0
176
     1
290
     0
176
     1
290
     0
176
     1
290
     0
176
     1
290
     0
176
     1
290
     0
176
     1
 90
       50
176
     1
 40
0.0
176
     1
 40
1.0
176
     1
 90
        0
176
     1
 62
    18
420
        0
176
     1
 90
       50
176
     1
 90
        3
176
     1
 62
     5
420
      255
176
     1
290
     0
176
     1
 90
       50
176
     1
 90
       50
176
     1
 90
       50
176
     1
290
     0
176
     1
 90
       50
176
     1
 62
   256
176
     0
 40
1.0
176
     0
 90
        2
176
     1
  1
strokes_ogs.tif
176
     1
290
     0
176
     1
 40
1.0
176
     1
 40
1.0
176
     1
1001
ACAD
1000
AcDbSavedByObjectVersion
1070
     0
  0
DICTIONARYVAR
  5
615
102
{ACAD_REACTORS
330
610
102
}
330
610
100
DictionaryVariables
280
     0
  1
0
  0
DICTIONARYVAR
  5
616
102
{ACAD_REACTORS
330
610
102
}
330
610
100
DictionaryVariables
280
     0
  1
1:1
  0
DICTIONARYVAR
  5
612
102
{ACAD_REACTORS
330
610
102
}
330
610
100
DictionaryVariables
280
     0
  1
STANDARD
  0
DICTIONARYVAR
  5
611
102
{ACAD_REACTORS
330
610
102
}
330
610
100
DictionaryVariables
280
     0
  1
STANDARD
  0
DICTIONARYVAR
  5
613
102
{ACAD_REACTORS
330
610
102
}
330
610
100
DictionaryVariables
280
     0
  1
Imperial24
  0
DICTIONARYVAR
  5
614
102
{ACAD_REACTORS
330
610
102
}
330
610
100
DictionaryVariables
280
     0
  1
Imperial24
  0
DICTIONARY
  5
61C
330
6B
100
AcDbDictionary
280
     1
281
     1
  3
ACAD_XREC_ROUNDTRIP
360
61D
  0
DICTIONARY
  5
1A
330
19
100
AcDbDictionary
280
     1
281
     1
  3
BUMPTILE
360
1C
  3
DIFFUSETILE
360
1B
  3
OPACITYTILE
360
1F
  3
REFLECTIONTILE
360
1E
  3
REFRACTIONTILE
360
20
  3
SPECULARTILE
360
1D
  0
DICTIONARY
  5
12
330
11
100
AcDbDictionary
280
     1
281
     1
  3
BUMPTILE
360
14
  3
DIFFUSETILE
360
13
  3
OPACITYTILE
360
17
  3
REFLECTIONTILE
360
16
  3
REFRACTIONTILE
360
18
  3
SPECULARTILE
360
15
  0
DICTIONARY
  5
22
330
21
100
AcDbDictionary
280
     1
281
     1
  3
BUMPTILE
360
24
  3
DIFFUSETILE
360
23
  3
OPACITYTILE
360
27
  3
REFLECTIONTILE
360
26
  3
REFRACTIONTILE
360
28
  3
SPECULARTILE
360
25
  0
DICTIONARY
  5
61A
330
69
100
AcDbDictionary
280
     1
281
     1
  3
ACAD_XREC_ROUNDTRIP
360
61B
  0
DICTIONARY
  5
617
330
65
100
AcDbDictionary
280
     1
281
     1
  3
ACAD_ROUNDTRIP_2008_TABLESTYLE_CELLSTYLEMAP
360
618
  0
XRECORD
  5
61D
102
{ACAD_REACTORS
330
61C
102
}
330
61C
100
AcDbXrecord
280
     1
102
DISPLAYNAME
  1
Imperial24
102
FLAGS
 90
        0
  0
XRECORD
  5
1C
102
{ACAD_REACTORS
330
1A
102
}
330
1A
100
AcDbXrecord
280
     1
270
     1
271
     1
  0
XRECORD
  5
1B
102
{ACAD_REACTORS
330
1A
102
}
330
1A
100
AcDbXrecord
280
     1
270
     1
271
     1
  0
XRECORD
  5
1F
102
{ACAD_REACTORS
330
1A
102
}
330
1A
100
AcDbXrecord
280
     1
270
     1
271
     1
  0
XRECORD
  5
1E
102
{ACAD_REACTORS
330
1A
102
}
330
1A
100
AcDbXrecord
280
     1
270
     1
271
     1
  0
XRECORD
  5
20
102
{ACAD_REACTORS
330
1A
102
}
330
1A
100
AcDbXrecord
280
     1
270
     1
271
     1
  0
XRECORD
  5
1D
102
{ACAD_REACTORS
330
1A
102
}
330
1A
100
AcDbXrecord
280
     1
270
     1
271
     1
  0
XRECORD
  5
14
102
{ACAD_REACTORS
330
12
102
}
330
12
100
AcDbXrecord
280
     1
270
     1
271
     1
  0
XRECORD
  5
13
102
{ACAD_REACTORS
330
12
102
}
330
12
100
AcDbXrecord
280
     1
270
     1
271
     1
  0
XRECORD
  5
17
102
{ACAD_REACTORS
330
12
102
}
330
12
100
AcDbXrecord
280
     1
270
     1
271
     1
  0
XRECORD
  5
16
102
{ACAD_REACTORS
330
12
102
}
330
12
100
AcDbXrecord
280
     1
270
     1
271
     1
  0
XRECORD
  5
18
102
{ACAD_REACTORS
330
12
102
}
330
12
100
AcDbXrecord
280
     1
270
     1
271
     1
  0
XRECORD
  5
15
102
{ACAD_REACTORS
330
12
102
}
330
12
100
AcDbXrecord
280
     1
270
     1
271
     1
  0
XRECORD
  5
24
102
{ACAD_REACTORS
330
22
102
}
330
22
100
AcDbXrecord
280
     1
270
     1
271
     1
  0
XRECORD
  5
23
102
{ACAD_REACTORS
330
22
102
}
330
22
100
AcDbXrecord
280
     1
270
     1
271
     1
  0
XRECORD
  5
27
102
{ACAD_REACTORS
330
22
102
}
330
22
100
AcDbXrecord
280
     1
270
     1
271
     1
  0
XRECORD
  5
26
102
{ACAD_REACTORS
330
22
102
}
330
22
100
AcDbXrecord
280
     1
270
     1
271
     1
  0
XRECORD
  5
28
102
{ACAD_REACTORS
330
22
102
}
330
22
100
AcDbXrecord
280
     1
270
     1
271
     1
  0
XRECORD
  5
25
102
{ACAD_REACTORS
330
22
102
}
330
22
100
AcDbXrecord
280
     1
270
     1
271
     1
  0
XRECORD
  5
61B
102
{ACAD_REACTORS
330
61A
102
}
330
61A
100
AcDbXrecord
280
     1
102
DISPLAYNAME
  1
Imperial24
102
FLAGS
 90
        0
  0
CELLSTYLEMAP
  5
618
102
{ACAD_REACTORS
330
617
102
}
330
617
100
AcDbCellStyleMap
 90
        3
300
CELLSTYLE
  1
TABLEFORMAT_BEGIN
 90
        5
170
     1
 91
        0
 92
    32768
 62
   257
 93
        1
300
CONTENTFORMAT
  1
CONTENTFORMAT_BEGIN
 90
        0
 91
        0
 92
      512
 93
        0
300

 40
0.0
140
1.0
 94
        5
 62
     0
340
55
144
0.25
309
CONTENTFORMAT_END
171
     1
301
MARGIN
  1
CELLMARGIN_BEGIN
 40
1.5
 40
1.5
 40
1.5
 40
1.5
 40
0.18
 40
0.18
309
CELLMARGIN_END
 94
        0
309
TABLEFORMAT_END
  1
CELLSTYLE_BEGIN
 90
        1
 91
        1
300
_TITLE
309
CELLSTYLE_END
300
CELLSTYLE
  1
TABLEFORMAT_BEGIN
 90
        5
170
     1
 91
        0
 92
        0
 62
   257
 93
        1
300
CONTENTFORMAT
  1
CONTENTFORMAT_BEGIN
 90
        0
 91
        0
 92
      512
 93
        0
300

 40
0.0
140
1.0
 94
        5
 62
     0
340
55
144
0.18
309
CONTENTFORMAT_END
171
     1
301
MARGIN
  1
CELLMARGIN_BEGIN
 40
1.5
 40
1.5
 40
1.5
 40
1.5
 40
0.18
 40
0.18
309
CELLMARGIN_END
 94
        0
309
TABLEFORMAT_END
  1
CELLSTYLE_BEGIN
 90
        2
 91
        1
300
_HEADER
309
CELLSTYLE_END
300
CELLSTYLE
  1
TABLEFORMAT_BEGIN
 90
        5
170
     1
 91
        0
 92
        0
 62
   257
 93
        1
300
CONTENTFORMAT
  1
CONTENTFORMAT_BEGIN
 90
        0
 91
        0
 92
      512
 93
        0
300

 40
0.0
140
1.0
 94
        2
 62
     0
340
55
144
0.18
309
CONTENTFORMAT_END
171
     1
301
MARGIN
  1
CELLMARGIN_BEGIN
 40
1.5
 40
1.5
 40
1.5
 40
1.5
 40
0.18
 40
0.18
309
CELLMARGIN_END
 94
        0
309
TABLEFORMAT_END
  1
CELLSTYLE_BEGIN
 90
        3
 91
        2
300
_DATA
309
CELLSTYLE_END
  0
ENDSEC
  0
EOF
